{
  "type": "FeatureCollection",
  "features": [
    {
      "type": "Feature",
      "properties": {
        "id": 98982591,
        "kind": "poi",
        "crossing": "uncontrolled",
        "crossing:markings": "lines",
        "highway": "crossing"
      },
      "geometry": {
        "type": "Point",
        "coordinates": [
          -80.2129778,
          25.7497866
        ]
      }
    },
    {
      "type": "Feature",
      "properties": {
        "id": 98982603,
        "kind": "poi",
        "crossing": "uncontrolled",
        "crossing:markings": "zebra",
        "highway": "crossing"
      },
      "geometry": {
        "type": "Point",
        "coordinates": [
          -80.211892,
          25.7502627
        ]
      }
    },
    {
      "type": "Feature",
      "properties": {
        "id": 98992074,
        "kind": "poi",
        "crossing": "uncontrolled",
        "crossing:markings": "ladder",
        "highway": "crossing"
      },
      "geometry": {
        "type": "Point",
        "coordinates": [
          -80.2226554,
          25.7832598
        ]
      }
    },
    {
      "type": "Feature",
      "properties": {
        "id": 99000864,
        "kind": "poi",
        "crossing": "uncontrolled",
        "crossing:markings": "ladder",
        "crossing:signals": "no",
        "highway": "crossing"
      },
      "geometry": {
        "type": "Point",
        "coordinates": [
          -80.1880322,
          25.8107689
        ]
      }
    },
    {
      "type": "Feature",
      "properties": {
        "id": 99023442,
        "kind": "poi",
        "crossing": "uncontrolled",
        "crossing:markings": "zebra",
        "highway": "crossing"
      },
      "geometry": {
        "type": "Point",
        "coordinates": [
          -80.2161534,
          25.7908754
        ]
      }
    },
    {
      "type": "Feature",
      "properties": {
        "id": 99029690,
        "kind": "poi",
        "crossing": "uncontrolled",
        "crossing:markings": "ladder",
        "highway": "crossing"
      },
      "geometry": {
        "type": "Point",
        "coordinates": [
          -80.2227839,
          25.7819293
        ]
      }
    },
    {
      "type": "Feature",
      "properties": {
        "id": 99061391,
        "kind": "poi",
        "crossing": "uncontrolled",
        "crossing:island": "no",
        "crossing:markings": "lines",
        "crossing:signals": "no",
        "highway": "crossing"
      },
      "geometry": {
        "type": "Point",
        "coordinates": [
          -80.2228122,
          25.7839624
        ]
      }
    },
    {
      "type": "Feature",
      "properties": {
        "id": 99080732,
        "kind": "poi",
        "highway": "crossing"
      },
      "geometry": {
        "type": "Point",
        "coordinates": [
          -80.2073884,
          25.808223
        ]
      }
    },
    {
      "type": "Feature",
      "properties": {
        "id": 99092581,
        "kind": "poi",
        "crossing": "uncontrolled",
        "crossing:markings": "ladder",
        "highway": "crossing"
      },
      "geometry": {
        "type": "Point",
        "coordinates": [
          -80.25727,
          25.7520747
        ]
      }
    },
    {
      "type": "Feature",
      "properties": {
        "id": 99098986,
        "kind": "poi",
        "crossing": "uncontrolled",
        "crossing:markings": "zebra",
        "crossing:signals": "no",
        "crossing_ref": "zebra",
        "highway": "crossing"
      },
      "geometry": {
        "type": "Point",
        "coordinates": [
          -80.2686517,
          25.7876401
        ]
      }
    },
    {
      "type": "Feature",
      "properties": {
        "id": 99103438,
        "kind": "poi",
        "button_operated": "yes",
        "crossing": "traffic_signals",
        "crossing:island": "yes",
        "crossing:markings": "lines",
        "crossing:signals": "yes",
        "highway": "crossing",
        "tactile_paving": "yes",
        "traffic_signals:sound": "no",
        "traffic_signals:vibration": "no"
      },
      "geometry": {
        "type": "Point",
        "coordinates": [
          -80.2626302,
          25.7501842
        ]
      }
    },
    {
      "type": "Feature",
      "properties": {
        "id": 99103443,
        "kind": "poi",
        "crossing": "traffic_signals",
        "crossing:markings": "lines",
        "crossing:signals": "yes",
        "highway": "crossing"
      },
      "geometry": {
        "type": "Point",
        "coordinates": [
          -80.2628706,
          25.7503412
        ]
      }
    },
    {
      "type": "Feature",
      "properties": {
        "id": 99108906,
        "kind": "poi",
        "crossing": "uncontrolled",
        "crossing:markings": "zebra",
        "highway": "crossing"
      },
      "geometry": {
        "type": "Point",
        "coordinates": [
          -80.2341885,
          25.7456063
        ]
      }
    },
    {
      "type": "Feature",
      "properties": {
        "id": 99134157,
        "kind": "poi",
        "crossing": "uncontrolled",
        "crossing:island": "no",
        "crossing:markings": "ladder",
        "crossing:signals": "no",
        "highway": "crossing"
      },
      "geometry": {
        "type": "Point",
        "coordinates": [
          -80.2191639,
          25.7874854
        ]
      }
    },
    {
      "type": "Feature",
      "properties": {
        "id": 99141911,
        "kind": "poi",
        "crossing": "traffic_signals",
        "crossing:markings": "zebra",
        "crossing:signals": "yes",
        "highway": "crossing",
        "traffic_signals:countdown": "yes"
      },
      "geometry": {
        "type": "Point",
        "coordinates": [
          -80.2396481,
          25.7831355
        ]
      }
    },
    {
      "type": "Feature",
      "properties": {
        "id": 99145403,
        "kind": "poi",
        "crossing": "uncontrolled",
        "crossing:markings": "ladder",
        "highway": "crossing"
      },
      "geometry": {
        "type": "Point",
        "coordinates": [
          -80.2363063,
          25.7487709
        ]
      }
    },
    {
      "type": "Feature",
      "properties": {
        "id": 99156990,
        "kind": "poi",
        "crossing": "uncontrolled",
        "crossing:markings": "ladder",
        "highway": "crossing"
      },
      "geometry": {
        "type": "Point",
        "coordinates": [
          -80.2452491,
          25.7674813
        ]
      }
    },
    {
      "type": "Feature",
      "properties": {
        "id": 99166309,
        "kind": "poi",
        "crossing": "marked",
        "crossing:markings": "lines",
        "highway": "crossing"
      },
      "geometry": {
        "type": "Point",
        "coordinates": [
          -80.20773,
          25.8167333
        ]
      }
    },
    {
      "type": "Feature",
      "properties": {
        "id": 99192191,
        "kind": "poi",
        "crossing": "uncontrolled",
        "crossing:markings": "ladder",
        "crossing:signals": "no",
        "highway": "crossing"
      },
      "geometry": {
        "type": "Point",
        "coordinates": [
          -80.257056,
          25.7695557
        ]
      }
    },
    {
      "type": "Feature",
      "properties": {
        "id": 99205030,
        "kind": "poi",
        "crossing": "uncontrolled",
        "crossing:markings": "ladder",
        "highway": "crossing"
      },
      "geometry": {
        "type": "Point",
        "coordinates": [
          -80.211067,
          25.7885974
        ]
      }
    },
    {
      "type": "Feature",
      "properties": {
        "id": 99205496,
        "kind": "poi",
        "crossing": "uncontrolled",
        "crossing:markings": "lines",
        "crossing:signals": "no",
        "highway": "crossing"
      },
      "geometry": {
        "type": "Point",
        "coordinates": [
          -80.2403989,
          25.7907625
        ]
      }
    },
    {
      "type": "Feature",
      "properties": {
        "id": 99206172,
        "kind": "poi",
        "crossing": "traffic_signals",
        "crossing:markings": "lines",
        "crossing:signals": "yes",
        "highway": "crossing"
      },
      "geometry": {
        "type": "Point",
        "coordinates": [
          -80.2207052,
          25.7863785
        ]
      }
    },
    {
      "type": "Feature",
      "properties": {
        "id": 99220737,
        "kind": "poi",
        "crossing": "traffic_signals",
        "crossing:markings": "lines",
        "highway": "crossing"
      },
      "geometry": {
        "type": "Point",
        "coordinates": [
          -80.2226805,
          25.7722698
        ]
      }
    },
    {
      "type": "Feature",
      "properties": {
        "id": 99225739,
        "kind": "poi",
        "crossing": "uncontrolled",
        "crossing:markings": "lines",
        "highway": "crossing"
      },
      "geometry": {
        "type": "Point",
        "coordinates": [
          -80.2362016,
          25.7463397
        ]
      }
    },
    {
      "type": "Feature",
      "properties": {
        "id": 99227031,
        "kind": "poi",
        "crossing": "uncontrolled",
        "crossing:markings": "lines",
        "highway": "crossing"
      },
      "geometry": {
        "type": "Point",
        "coordinates": [
          -80.2151302,
          25.7971273
        ]
      }
    },
    {
      "type": "Feature",
      "properties": {
        "id": 99280746,
        "kind": "poi",
        "crossing": "traffic_signals",
        "crossing:markings": "ladder",
        "highway": "crossing"
      },
      "geometry": {
        "type": "Point",
        "coordinates": [
          -80.1921051,
          25.7789291
        ]
      }
    },
    {
      "type": "Feature",
      "properties": {
        "id": 99280769,
        "kind": "poi",
        "crossing": "traffic_signals",
        "crossing:markings": "lines",
        "highway": "crossing"
      },
      "geometry": {
        "type": "Point",
        "coordinates": [
          -80.1923332,
          25.788423
        ]
      }
    },
    {
      "type": "Feature",
      "properties": {
        "id": 99284623,
        "kind": "poi",
        "crossing": "uncontrolled",
        "crossing:markings": "lines",
        "highway": "crossing"
      },
      "geometry": {
        "type": "Point",
        "coordinates": [
          -80.1906799,
          25.7954147
        ]
      }
    },
    {
      "type": "Feature",
      "properties": {
        "id": 99320619,
        "kind": "poi",
        "crossing": "traffic_signals",
        "crossing:markings": "lines",
        "crossing:signals": "yes",
        "highway": "crossing"
      },
      "geometry": {
        "type": "Point",
        "coordinates": [
          -80.1906656,
          25.7947978
        ]
      }
    },
    {
      "type": "Feature",
      "properties": {
        "id": 99384056,
        "kind": "poi",
        "crossing": "uncontrolled",
        "crossing:markings": "ladder",
        "crossing:signals": "no",
        "highway": "crossing"
      },
      "geometry": {
        "type": "Point",
        "coordinates": [
          -80.1871035,
          25.7971254
        ]
      }
    },
    {
      "type": "Feature",
      "properties": {
        "id": 99387896,
        "kind": "poi",
        "crossing": "uncontrolled",
        "crossing:markings": "ladder",
        "crossing:signed": "yes",
        "highway": "crossing"
      },
      "geometry": {
        "type": "Point",
        "coordinates": [
          -80.279284,
          25.7414918
        ]
      }
    },
    {
      "type": "Feature",
      "properties": {
        "id": 99397626,
        "kind": "poi",
        "crossing": "uncontrolled",
        "crossing:markings": "ladder",
        "highway": "crossing"
      },
      "geometry": {
        "type": "Point",
        "coordinates": [
          -80.20353,
          25.7738108
        ]
      }
    },
    {
      "type": "Feature",
      "properties": {
        "id": 99437804,
        "kind": "poi",
        "crossing": "uncontrolled",
        "crossing:markings": "lines",
        "highway": "crossing"
      },
      "geometry": {
        "type": "Point",
        "coordinates": [
          -80.2337227,
          25.7440299
        ]
      }
    },
    {
      "type": "Feature",
      "properties": {
        "id": 99437807,
        "kind": "poi",
        "crossing": "uncontrolled",
        "crossing:markings": "ladder",
        "highway": "crossing"
      },
      "geometry": {
        "type": "Point",
        "coordinates": [
          -80.2341659,
          25.7439142
        ]
      }
    },
    {
      "type": "Feature",
      "properties": {
        "id": 153880789,
        "kind": "poi",
        "ele": "3",
        "gnis:feature_id": "277753",
        "name": "Allapattah",
        "place": "hamlet"
      },
      "geometry": {
        "type": "Point",
        "coordinates": [
          -80.2239376,
          25.8145422
        ]
      }
    },
    {
      "type": "Feature",
      "properties": {
        "id": 153905522,
        "kind": "poi",
        "ele": "4",
        "gnis:feature_id": "279375",
        "name": "Brickell Hammock",
        "place": "hamlet"
      },
      "geometry": {
        "type": "Point",
        "coordinates": [
          -80.2044926,
          25.7501
        ]
      }
    },
    {
      "type": "Feature",
      "properties": {
        "id": 153919516,
        "kind": "poi",
        "ele": "4",
        "gnis:feature_id": "2078352",
        "name": "Little Gables",
        "place": "hamlet"
      },
      "geometry": {
        "type": "Point",
        "coordinates": [
          -80.2672222,
          25.7627778
        ]
      }
    },
    {
      "type": "Feature",
      "properties": {
        "id": 153950048,
        "kind": "poi",
        "ele": "3",
        "gnis:feature_id": "294341",
        "name": "The Pines",
        "place": "hamlet"
      },
      "geometry": {
        "type": "Point",
        "coordinates": [
          -80.2408828,
          25.7459336
        ]
      }
    },
    {
      "type": "Feature",
      "properties": {
        "id": 153957985,
        "kind": "poi",
        "ele": "4",
        "gnis:feature_id": "2077206",
        "name": "Silver Court Trailer Park",
        "place": "hamlet"
      },
      "geometry": {
        "type": "Point",
        "coordinates": [
          -80.2463889,
          25.7630556
        ]
      }
    },
    {
      "type": "Feature",
      "properties": {
        "id": 154012028,
        "kind": "poi",
        "ele": "4",
        "gnis:feature_id": "2076959",
        "name": "The Roads",
        "place": "hamlet"
      },
      "geometry": {
        "type": "Point",
        "coordinates": [
          -80.205,
          25.7555556
        ]
      }
    },
    {
      "type": "Feature",
      "properties": {
        "id": 154017511,
        "kind": "poi",
        "ele": "1",
        "gnis:feature_id": "2078346",
        "name": "Fronton Trailer Park",
        "place": "hamlet"
      },
      "geometry": {
        "type": "Point",
        "coordinates": [
          -80.255,
          25.8088889
        ]
      }
    },
    {
      "type": "Feature",
      "properties": {
        "id": 154017520,
        "kind": "poi",
        "ele": "3",
        "gnis:feature_id": "2078919",
        "name": "All Star 36 Street Mobile Home Park",
        "place": "hamlet"
      },
      "geometry": {
        "type": "Point",
        "coordinates": [
          -80.2455556,
          25.8080556
        ]
      }
    },
    {
      "type": "Feature",
      "properties": {
        "id": 154076774,
        "kind": "poi",
        "ele": "3",
        "gnis:feature_id": "2077253",
        "name": "Royal Duke Trailer Court",
        "place": "hamlet"
      },
      "geometry": {
        "type": "Point",
        "coordinates": [
          -80.2461111,
          25.8097222
        ]
      }
    },
    {
      "type": "Feature",
      "properties": {
        "id": 154088142,
        "kind": "poi",
        "ele": "3",
        "gnis:feature_id": "290999",
        "name": "Shenandoah",
        "place": "hamlet"
      },
      "geometry": {
        "type": "Point",
        "coordinates": [
          -80.222271,
          25.7595441
        ]
      }
    },
    {
      "type": "Feature",
      "properties": {
        "id": 154158458,
        "kind": "poi",
        "capital": "6",
        "contact:website": "https://www.miamigov.com",
        "ele": "2",
        "gnis:feature_id": "295004",
        "incorporation_type": "city",
        "name": "Miami",
        "name:af": "Miami",
        "name:am": "ማያሚ",
        "name:an": "Miami",
        "name:ang": "Miami",
        "name:ar": "ميامي",
        "name:arz": "مايامى",
        "name:ast": "Miami",
        "name:ay": "Miami",
        "name:az": "Mayami",
        "name:azb": "میامی، فلوریدا",
        "name:bar": "Miami",
        "name:be": "Маямі",
        "name:be-tarask": "Маямі",
        "name:bg": "Маями",
        "name:bm": "Miami",
        "name:bn": "মায়ামি",
        "name:br": "Miami",
        "name:bs": "Miami",
        "name:ca": "Miami",
        "name:cbk-zam": "Miami",
        "name:cdo": "Miami",
        "name:ce": "Майами",
        "name:ceb": "Miami",
        "name:ckb": "میامی",
        "name:co": "Miami",
        "name:cs": "Miami",
        "name:cv": "Майами",
        "name:cy": "Miami",
        "name:da": "Miami",
        "name:de": "Miami",
        "name:el": "Μαϊάμι",
        "name:eml": "Miami",
        "name:en": "Miami",
        "name:eo": "Miamo",
        "name:es": "Miami",
        "name:et": "Miami",
        "name:eu": "Miami",
        "name:fa": "میامی",
        "name:fi": "Miami",
        "name:fo": "Miami",
        "name:fr": "Miami",
        "name:fy": "Miami",
        "name:ga": "Miami",
        "name:gan": "邁阿密",
        "name:gd": "Miami",
        "name:gl": "Miami",
        "name:gu": "માયામિ",
        "name:gv": "Miami",
        "name:ha": "Miami",
        "name:he": "מיאמי",
        "name:hi": "मियामी",
        "name:hr": "Miami",
        "name:ht": "Miyami",
        "name:hu": "Miami",
        "name:hy": "Մայամի",
        "name:ia": "Miami",
        "name:id": "Miami",
        "name:ie": "Miami",
        "name:io": "Miami",
        "name:is": "Miami",
        "name:it": "Miami",
        "name:ja": "マイアミ",
        "name:ka": "მაიამი",
        "name:kaa": "Mayami",
        "name:ki": "Miami",
        "name:kk": "Майами",
        "name:kn": "ಮಿಯಾಮಿ",
        "name:ko": "마이애미",
        "name:ku": "Miami",
        "name:kw": "Miami",
        "name:ky": "Майами",
        "name:la": "Miamia",
        "name:lad": "Miami",
        "name:li": "Miami",
        "name:lmo": "Miami",
        "name:ln": "Miami",
        "name:lo": "ໄມອາມີ",
        "name:lt": "Majamis",
        "name:lv": "Maiami",
        "name:mg": "Miami",
        "name:mi": "Miami",
        "name:mk": "Мајами",
        "name:ml": "മയാമി",
        "name:mn": "Майами",
        "name:mr": "मायामी",
        "name:mrj": "Майами",
        "name:ms": "Miami",
        "name:my": "မိုင်ယာမီမြို့",
        "name:na": "Miami",
        "name:nah": "Miami",
        "name:nan": "Miami",
        "name:new": "मायामी, फ्लोरिडा",
        "name:nl": "Miami",
        "name:nn": "Miami",
        "name:no": "Miami",
        "name:oc": "Miami",
        "name:os": "Майами",
        "name:pam": "Miami",
        "name:pap": "Miami",
        "name:pdc": "Miami",
        "name:pl": "Miami",
        "name:pms": "Miami",
        "name:pnb": "میامی",
        "name:ps": "ميامي",
        "name:pt": "Miami",
        "name:qu": "Miami",
        "name:rmy": "Miami",
        "name:ro": "Miami",
        "name:ru": "Майами",
        "name:sah": "Майами",
        "name:sc": "Miami",
        "name:scn": "Miami",
        "name:sco": "Miami",
        "name:sd": "ميامي",
        "name:sh": "Miami",
        "name:sk": "Miami",
        "name:sl": "Miami",
        "name:so": "Miami",
        "name:sq": "Miami",
        "name:sr": "Мајами",
        "name:srn": "Miami",
        "name:sv": "Miami",
        "name:sw": "Miami",
        "name:szl": "Miami",
        "name:ta": "மயாமி",
        "name:te": "మయామి",
        "name:tet": "Miami",
        "name:tg": "Майами",
        "name:th": "ไมแอมี",
        "name:tl": "Miami",
        "name:tr": "Miami",
        "name:tt": "Маями",
        "name:tw": "Miami",
        "name:ty": "Miami",
        "name:ug": "Miami",
        "name:uk": "Маямі",
        "name:ur": "میامی",
        "name:uz": "Mayami",
        "name:vec": "Miami",
        "name:vep": "Majami",
        "name:vi": "Miami",
        "name:vo": "Miami",
        "name:war": "Miami",
        "name:wuu": "迈阿密",
        "name:xmf": "მაიამი",
        "name:yi": "מיאמי",
        "name:yo": "Miami",
        "name:yue": "邁亞美",
        "name:zh": "迈阿密;邁阿密",
        "name:zh-Hans": "迈阿密",
        "name:zh-Hant": "邁阿密",
        "name:zu": "Miami",
        "official_name": "City of Miami",
        "place": "city",
        "population": "442241",
        "population:date": "2020",
        "source:name:oc": "Lo Congrès",
        "source:population": "US Census",
        "wikidata": "Q8652",
        "wikipedia": "en:Miami"
      },
      "geometry": {
        "type": "Point",
        "coordinates": [
          -80.1935973,
          25.7741566
        ]
      }
    },
    {
      "type": "Feature",
      "properties": {
        "id": 154334511,
        "kind": "poi",
        "ele": "2",
        "gnis:feature_id": "2078801",
        "name": "Carley's Mobile Home Park",
        "place": "hamlet"
      },
      "geometry": {
        "type": "Point",
        "coordinates": [
          -80.2558333,
          25.8127778
        ]
      }
    },
    {
      "type": "Feature",
      "properties": {
        "id": 154337065,
        "kind": "poi",
        "ele": "4",
        "gnis:feature_id": "278204",
        "name": "Bay Heights",
        "place": "hamlet"
      },
      "geometry": {
        "type": "Point",
        "coordinates": [
          -80.2217154,
          25.7459335
        ]
      }
    },
    {
      "type": "Feature",
      "properties": {
        "id": 154345907,
        "kind": "poi",
        "ele": "3",
        "gnis:feature_id": "2078745",
        "name": "Blue Belle Trailer Park",
        "place": "hamlet"
      },
      "geometry": {
        "type": "Point",
        "coordinates": [
          -80.2541667,
          25.8113889
        ]
      }
    },
    {
      "type": "Feature",
      "properties": {
        "id": 154353713,
        "kind": "poi",
        "ele": "3",
        "gnis:feature_id": "291110",
        "name": "Silver Bluff Estates",
        "place": "hamlet"
      },
      "geometry": {
        "type": "Point",
        "coordinates": [
          -80.2361604,
          25.7489889
        ]
      }
    },
    {
      "type": "Feature",
      "properties": {
        "id": 154369610,
        "kind": "poi",
        "ele": "3",
        "gnis:feature_id": "2077983",
        "name": "Latin Quarter",
        "place": "hamlet"
      },
      "geometry": {
        "type": "Point",
        "coordinates": [
          -80.2197222,
          25.7686111
        ]
      }
    },
    {
      "type": "Feature",
      "properties": {
        "id": 367819459,
        "kind": "poi",
        "addr:state": "FL",
        "amenity": "doctors",
        "ele": "1",
        "gnis:feature_id": "2078477",
        "healthcare": "doctor",
        "name": "Downtown Family Health Center",
        "source": "USGS Geonames"
      },
      "geometry": {
        "type": "Point",
        "coordinates": [
          -80.2175,
          25.7869444
        ]
      }
    },
    {
      "type": "Feature",
      "properties": {
        "id": 367819820,
        "kind": "poi",
        "addr:state": "FL",
        "amenity": "fire_station",
        "ele": "4",
        "gnis:feature_id": "2131155",
        "name": "Coral Gables Fire Department Station 1",
        "source": "USGS Geonames"
      },
      "geometry": {
        "type": "Point",
        "coordinates": [
          -80.2603962,
          25.7458691
        ]
      }
    },
    {
      "type": "Feature",
      "properties": {
        "id": 367819986,
        "kind": "poi",
        "addr:state": "FL",
        "amenity": "fire_station",
        "ele": "4",
        "gnis:feature_id": "2131181",
        "name": "Miami Fire / Rescue Station 4",
        "source": "USGS Geonames"
      },
      "geometry": {
        "type": "Point",
        "coordinates": [
          -80.1969782,
          25.763063
        ]
      }
    },
    {
      "type": "Feature",
      "properties": {
        "id": 367819990,
        "kind": "poi",
        "addr:state": "FL",
        "amenity": "fire_station",
        "ele": "3",
        "gnis:feature_id": "2131167",
        "name": "Miami Fire / Rescue Department Support Service Division",
        "source": "USGS Geonames"
      },
      "geometry": {
        "type": "Point",
        "coordinates": [
          -80.2142474,
          25.780652
        ]
      }
    },
    {
      "type": "Feature",
      "properties": {
        "id": 367820007,
        "kind": "poi",
        "addr:state": "FL",
        "amenity": "fire_station",
        "ele": "8",
        "gnis:feature_id": "2131197",
        "name": "Miami Fire / Rescue Station 6",
        "source": "USGS Geonames"
      },
      "geometry": {
        "type": "Point",
        "coordinates": [
          -80.2078653,
          25.8103083
        ]
      }
    },
    {
      "type": "Feature",
      "properties": {
        "id": 367820008,
        "kind": "poi",
        "addr:state": "FL",
        "amenity": "fire_station",
        "ele": "3",
        "gnis:feature_id": "2131198",
        "name": "Miami Fire / Rescue Station 7",
        "source": "USGS Geonames"
      },
      "geometry": {
        "type": "Point",
        "coordinates": [
          -80.235005,
          25.7688408
        ]
      }
    },
    {
      "type": "Feature",
      "properties": {
        "id": 367820196,
        "kind": "poi",
        "addr:state": "FL",
        "amenity": "fire_station",
        "ele": "4",
        "gnis:feature_id": "2131353",
        "name": "Miami Fire / Rescue Station 12",
        "source": "USGS Geonames"
      },
      "geometry": {
        "type": "Point",
        "coordinates": [
          -80.2206114,
          25.8174323
        ]
      }
    },
    {
      "type": "Feature",
      "properties": {
        "id": 367820275,
        "kind": "poi",
        "addr:state": "FL",
        "amenity": "fire_station",
        "ele": "4",
        "gnis:feature_id": "2131317",
        "name": "Miami Fire / Rescue Station 2",
        "source": "USGS Geonames"
      },
      "geometry": {
        "type": "Point",
        "coordinates": [
          -80.1944929,
          25.7941252
        ]
      }
    },
    {
      "type": "Feature",
      "properties": {
        "id": 367824494,
        "kind": "poi",
        "addr:state": "FL",
        "amenity": "police",
        "ele": "4",
        "gnis:feature_id": "2078620",
        "name": "Coral Gables Police Station",
        "source": "USGS Geonames"
      },
      "geometry": {
        "type": "Point",
        "coordinates": [
          -80.2604054,
          25.746042
        ]
      }
    },
    {
      "type": "Feature",
      "properties": {
        "id": 367824529,
        "kind": "poi",
        "addr:state": "FL",
        "amenity": "police",
        "ele": "1",
        "gnis:feature_id": "2077761",
        "name": "Miami Omni Police Station",
        "source": "USGS Geonames"
      },
      "geometry": {
        "type": "Point",
        "coordinates": [
          -80.1883333,
          25.7894444
        ]
      }
    },
    {
      "type": "Feature",
      "properties": {
        "id": 367824535,
        "kind": "poi",
        "addr:state": "FL",
        "amenity": "police",
        "ele": "7",
        "gnis:feature_id": "2077762",
        "name": "Miami Overtown Police Station",
        "source": "USGS Geonames"
      },
      "geometry": {
        "type": "Point",
        "coordinates": [
          -80.2001859,
          25.7890267
        ]
      }
    },
    {
      "type": "Feature",
      "properties": {
        "id": 367824821,
        "kind": "poi",
        "addr:state": "FL",
        "amenity": "police",
        "ele": "2",
        "gnis:feature_id": "2077701",
        "name": "Miami Alapattah Police Station",
        "source": "USGS Geonames"
      },
      "geometry": {
        "type": "Point",
        "coordinates": [
          -80.2266667,
          25.795
        ]
      }
    },
    {
      "type": "Feature",
      "properties": {
        "id": 367824833,
        "kind": "poi",
        "addr:state": "FL",
        "amenity": "police",
        "ele": "2",
        "gnis:feature_id": "2077732",
        "name": "Miami East Havana Network Police Station",
        "source": "USGS Geonames"
      },
      "geometry": {
        "type": "Point",
        "coordinates": [
          -80.2027778,
          25.7722222
        ]
      }
    },
    {
      "type": "Feature",
      "properties": {
        "id": 367824839,
        "kind": "poi",
        "addr:state": "FL",
        "amenity": "police",
        "ele": "4",
        "gnis:feature_id": "2077731",
        "name": "Miami Downtown Police Station",
        "source": "USGS Geonames"
      },
      "geometry": {
        "type": "Point",
        "coordinates": [
          -80.1952979,
          25.7824952
        ]
      }
    },
    {
      "type": "Feature",
      "properties": {
        "id": 367824852,
        "kind": "poi",
        "addr:state": "FL",
        "amenity": "police",
        "ele": "1",
        "gnis:feature_id": "2077734",
        "name": "Miami Flagami Network Police Station",
        "source": "USGS Geonames"
      },
      "geometry": {
        "type": "Point",
        "coordinates": [
          -80.2594444,
          25.7825
        ]
      }
    },
    {
      "type": "Feature",
      "properties": {
        "id": 367824854,
        "kind": "poi",
        "addr:state": "FL",
        "amenity": "police",
        "ele": "3",
        "gnis:feature_id": "2077733",
        "name": "Miami Edgewater Police Mini Station",
        "source": "USGS Geonames"
      },
      "geometry": {
        "type": "Point",
        "coordinates": [
          -80.1897222,
          25.8002778
        ]
      }
    },
    {
      "type": "Feature",
      "properties": {
        "id": 367825020,
        "kind": "poi",
        "addr:state": "FL",
        "amenity": "police",
        "ele": "3",
        "gnis:feature_id": "2333086",
        "name": "Miami Police Department - Canine Unit",
        "source": "USGS Geonames"
      },
      "geometry": {
        "type": "Point",
        "coordinates": [
          -80.1943926,
          25.7820214
        ]
      }
    },
    {
      "type": "Feature",
      "properties": {
        "id": 367825046,
        "kind": "poi",
        "addr:state": "FL",
        "amenity": "police",
        "ele": "3",
        "gnis:feature_id": "2333103",
        "name": "Miami Police Department West Flagler NET",
        "source": "USGS Geonames"
      },
      "geometry": {
        "type": "Point",
        "coordinates": [
          -80.266593,
          25.7713593
        ]
      }
    },
    {
      "type": "Feature",
      "properties": {
        "id": 367825051,
        "kind": "poi",
        "addr:state": "FL",
        "amenity": "police",
        "ele": "1",
        "gnis:feature_id": "2333102",
        "name": "Miami Police Department Little Havana NET",
        "source": "USGS Geonames"
      },
      "geometry": {
        "type": "Point",
        "coordinates": [
          -80.2159402,
          25.7746214
        ]
      }
    },
    {
      "type": "Feature",
      "properties": {
        "id": 367825193,
        "kind": "poi",
        "addr:state": "FL",
        "amenity": "police",
        "ele": "3",
        "gnis:feature_id": "2332962",
        "name": "Miami Police Department - NET",
        "source": "USGS Geonames"
      },
      "geometry": {
        "type": "Point",
        "coordinates": [
          -80.1875073,
          25.7788741
        ]
      }
    },
    {
      "type": "Feature",
      "properties": {
        "id": 367825275,
        "kind": "poi",
        "addr:state": "FL",
        "amenity": "police",
        "ele": "3",
        "gnis:feature_id": "2332945",
        "name": "Miami - Dade County Police - Court Liaison",
        "source": "USGS Geonames"
      },
      "geometry": {
        "type": "Point",
        "coordinates": [
          -80.2169223,
          25.7858081
        ]
      }
    },
    {
      "type": "Feature",
      "properties": {
        "id": 367825291,
        "kind": "poi",
        "addr:state": "FL",
        "amenity": "police",
        "ele": "2",
        "gnis:feature_id": "2332951",
        "name": "Miami - Dade County Police Department",
        "source": "USGS Geonames"
      },
      "geometry": {
        "type": "Point",
        "coordinates": [
          -80.1965253,
          25.7735287
        ]
      }
    },
    {
      "type": "Feature",
      "properties": {
        "id": 367825334,
        "kind": "poi",
        "addr:state": "FL",
        "amenity": "police",
        "ele": "2",
        "gnis:feature_id": "2333044",
        "name": "Miami Police Department - Internal Affairs",
        "source": "USGS Geonames"
      },
      "geometry": {
        "type": "Point",
        "coordinates": [
          -80.1982989,
          25.7783469
        ]
      }
    },
    {
      "type": "Feature",
      "properties": {
        "id": 367825335,
        "kind": "poi",
        "addr:state": "FL",
        "amenity": "police",
        "ele": "2",
        "gnis:feature_id": "2333045",
        "name": "Miami Police Department - Administration",
        "source": "USGS Geonames"
      },
      "geometry": {
        "type": "Point",
        "coordinates": [
          -80.1983065,
          25.7780973
        ]
      }
    },
    {
      "type": "Feature",
      "properties": {
        "id": 367825413,
        "kind": "poi",
        "addr:state": "FL",
        "amenity": "police",
        "ele": "2",
        "gnis:feature_id": "2333014",
        "name": "Miami - Dade County Police Department",
        "source": "USGS Geonames"
      },
      "geometry": {
        "type": "Point",
        "coordinates": [
          -80.1950077,
          25.7746004
        ]
      }
    },
    {
      "type": "Feature",
      "properties": {
        "id": 367825436,
        "kind": "poi",
        "addr:state": "FL",
        "amenity": "police",
        "ele": "2",
        "gnis:feature_id": "2333037",
        "name": "Miami Police Department - Investigations",
        "source": "USGS Geonames"
      },
      "geometry": {
        "type": "Point",
        "coordinates": [
          -80.1983027,
          25.7782221
        ]
      }
    },
    {
      "type": "Feature",
      "properties": {
        "id": 459818121,
        "kind": "poi",
        "crossing": "unmarked",
        "crossing:island": "no",
        "crossing:markings": "no",
        "crossing:signals": "no",
        "highway": "crossing"
      },
      "geometry": {
        "type": "Point",
        "coordinates": [
          -80.2211106,
          25.7835108
        ]
      }
    },
    {
      "type": "Feature",
      "properties": {
        "id": 463243521,
        "kind": "poi",
        "highway": "crossing"
      },
      "geometry": {
        "type": "Point",
        "coordinates": [
          -80.186278,
          25.7799581
        ]
      }
    },
    {
      "type": "Feature",
      "properties": {
        "id": 464256845,
        "kind": "poi",
        "crossing": "uncontrolled",
        "highway": "crossing"
      },
      "geometry": {
        "type": "Point",
        "coordinates": [
          -80.1847449,
          25.7658484
        ]
      }
    },
    {
      "type": "Feature",
      "properties": {
        "id": 464294852,
        "kind": "poi",
        "crossing": "uncontrolled",
        "crossing:markings": "zebra",
        "highway": "crossing"
      },
      "geometry": {
        "type": "Point",
        "coordinates": [
          -80.1850035,
          25.7678494
        ]
      }
    },
    {
      "type": "Feature",
      "properties": {
        "id": 465468317,
        "kind": "poi",
        "crossing": "uncontrolled",
        "crossing:markings": "zebra",
        "highway": "crossing"
      },
      "geometry": {
        "type": "Point",
        "coordinates": [
          -80.1849745,
          25.7767149
        ]
      }
    },
    {
      "type": "Feature",
      "properties": {
        "id": 467103171,
        "kind": "poi",
        "crossing": "uncontrolled",
        "crossing:markings": "lines",
        "crossing:signals": "no",
        "highway": "crossing"
      },
      "geometry": {
        "type": "Point",
        "coordinates": [
          -80.2323408,
          25.812529
        ]
      }
    },
    {
      "type": "Feature",
      "properties": {
        "id": 532239584,
        "kind": "poi",
        "crossing": "traffic_signals",
        "crossing:markings": "ladder",
        "crossing:signals": "yes",
        "highway": "crossing"
      },
      "geometry": {
        "type": "Point",
        "coordinates": [
          -80.1900075,
          25.7709856
        ]
      }
    },
    {
      "type": "Feature",
      "properties": {
        "id": 533681749,
        "kind": "poi",
        "crossing": "uncontrolled",
        "crossing:markings": "ladder",
        "highway": "crossing"
      },
      "geometry": {
        "type": "Point",
        "coordinates": [
          -80.1896775,
          25.7461551
        ]
      }
    },
    {
      "type": "Feature",
      "properties": {
        "id": 566820119,
        "kind": "poi",
        "crossing": "marked",
        "crossing:markings": "lines",
        "highway": "crossing"
      },
      "geometry": {
        "type": "Point",
        "coordinates": [
          -80.1946551,
          25.8074795
        ]
      }
    },
    {
      "type": "Feature",
      "properties": {
        "id": 604132933,
        "kind": "poi",
        "crossing": "uncontrolled",
        "crossing:markings": "ladder",
        "highway": "crossing"
      },
      "geometry": {
        "type": "Point",
        "coordinates": [
          -80.2625668,
          25.8082902
        ]
      }
    },
    {
      "type": "Feature",
      "properties": {
        "id": 604132971,
        "kind": "poi",
        "crossing": "uncontrolled",
        "crossing:markings": "ladder",
        "crossing:signals": "no",
        "highway": "crossing"
      },
      "geometry": {
        "type": "Point",
        "coordinates": [
          -80.2642231,
          25.8103843
        ]
      }
    },
    {
      "type": "Feature",
      "properties": {
        "id": 614997350,
        "kind": "poi",
        "crossing": "uncontrolled",
        "crossing:markings": "ladder",
        "highway": "crossing"
      },
      "geometry": {
        "type": "Point",
        "coordinates": [
          -80.200212,
          25.7744149
        ]
      }
    },
    {
      "type": "Feature",
      "properties": {
        "id": 624951353,
        "kind": "poi",
        "crossing": "traffic_signals",
        "crossing:markings": "lines",
        "highway": "crossing"
      },
      "geometry": {
        "type": "Point",
        "coordinates": [
          -80.1932465,
          25.7712855
        ]
      }
    },
    {
      "type": "Feature",
      "properties": {
        "id": 831973309,
        "kind": "poi",
        "crossing": "uncontrolled",
        "crossing:markings": "lines",
        "crossing:signals": "no",
        "highway": "crossing"
      },
      "geometry": {
        "type": "Point",
        "coordinates": [
          -80.2714768,
          25.7933249
        ]
      }
    },
    {
      "type": "Feature",
      "properties": {
        "id": 831973349,
        "kind": "poi",
        "crossing": "uncontrolled",
        "crossing:markings": "ladder",
        "highway": "crossing",
        "tactile_paving": "no"
      },
      "geometry": {
        "type": "Point",
        "coordinates": [
          -80.2779009,
          25.7942702
        ]
      }
    },
    {
      "type": "Feature",
      "properties": {
        "id": 831973372,
        "kind": "poi",
        "crossing": "uncontrolled",
        "crossing:markings": "ladder",
        "highway": "crossing",
        "tactile_paving": "no"
      },
      "geometry": {
        "type": "Point",
        "coordinates": [
          -80.2755683,
          25.7965917
        ]
      }
    },
    {
      "type": "Feature",
      "properties": {
        "id": 831973389,
        "kind": "poi",
        "crossing": "uncontrolled",
        "crossing:markings": "ladder",
        "highway": "crossing"
      },
      "geometry": {
        "type": "Point",
        "coordinates": [
          -80.2723466,
          25.7960244
        ]
      }
    },
    {
      "type": "Feature",
      "properties": {
        "id": 831973407,
        "kind": "poi",
        "crossing": "uncontrolled",
        "crossing:markings": "ladder",
        "highway": "crossing",
        "tactile_paving": "no"
      },
      "geometry": {
        "type": "Point",
        "coordinates": [
          -80.2771846,
          25.7965234
        ]
      }
    },
    {
      "type": "Feature",
      "properties": {
        "id": 831973807,
        "kind": "poi",
        "crossing": "uncontrolled",
        "crossing:markings": "lines",
        "highway": "crossing"
      },
      "geometry": {
        "type": "Point",
        "coordinates": [
          -80.2714172,
          25.7934055
        ]
      }
    },
    {
      "type": "Feature",
      "properties": {
        "id": 831973932,
        "kind": "poi",
        "crossing": "uncontrolled",
        "crossing:markings": "lines",
        "crossing:signals": "no",
        "highway": "crossing"
      },
      "geometry": {
        "type": "Point",
        "coordinates": [
          -80.2715115,
          25.7932315
        ]
      }
    },
    {
      "type": "Feature",
      "properties": {
        "id": 960609420,
        "kind": "poi",
        "crossing": "uncontrolled",
        "crossing:markings": "lines",
        "crossing:signals": "no",
        "highway": "crossing"
      },
      "geometry": {
        "type": "Point",
        "coordinates": [
          -80.2393811,
          25.7917721
        ]
      }
    },
    {
      "type": "Feature",
      "properties": {
        "id": 960610242,
        "kind": "poi",
        "crossing": "uncontrolled",
        "crossing:markings": "lines",
        "highway": "crossing"
      },
      "geometry": {
        "type": "Point",
        "coordinates": [
          -80.2230228,
          25.7862633
        ]
      }
    },
    {
      "type": "Feature",
      "properties": {
        "id": 967675464,
        "kind": "poi",
        "crossing": "uncontrolled",
        "crossing:markings": "lines",
        "highway": "crossing"
      },
      "geometry": {
        "type": "Point",
        "coordinates": [
          -80.2641522,
          25.8091367
        ]
      }
    },
    {
      "type": "Feature",
      "properties": {
        "id": 967675470,
        "kind": "poi",
        "crossing": "uncontrolled",
        "crossing:markings": "lines",
        "highway": "crossing"
      },
      "geometry": {
        "type": "Point",
        "coordinates": [
          -80.2636469,
          25.8085492
        ]
      }
    },
    {
      "type": "Feature",
      "properties": {
        "id": 967675494,
        "kind": "poi",
        "crossing": "uncontrolled",
        "crossing:markings": "ladder",
        "crossing:signals": "no",
        "highway": "crossing"
      },
      "geometry": {
        "type": "Point",
        "coordinates": [
          -80.2727284,
          25.8173974
        ]
      }
    },
    {
      "type": "Feature",
      "properties": {
        "id": 1025635627,
        "kind": "poi",
        "amenity": "pharmacy",
        "brand": "Walgreens",
        "brand:wikidata": "Q1591889",
        "healthcare": "pharmacy",
        "name": "Walgreens"
      },
      "geometry": {
        "type": "Point",
        "coordinates": [
          -80.1888305,
          25.7741593
        ]
      }
    },
    {
      "type": "Feature",
      "properties": {
        "id": 1025636215,
        "kind": "poi",
        "amenity": "pharmacy",
        "brand": "CVS Pharmacy",
        "brand:website": "https://www.cvs.com/",
        "brand:wikidata": "Q2078880",
        "healthcare": "pharmacy",
        "name": "CVS Pharmacy",
        "short_name": "CVS",
        "website": "https://www.cvs.com/store-locator/miami-fl-pharmacies/170-se-3rd-ave-miami-fl-33131/storeid=402"
      },
      "geometry": {
        "type": "Point",
        "coordinates": [
          -80.1890987,
          25.7727726
        ]
      }
    },
    {
      "type": "Feature",
      "properties": {
        "id": 1039622419,
        "kind": "poi",
        "bench": "no",
        "bin": "no",
        "bus": "yes",
        "emergency": "assembly_point",
        "highway": "bus_stop",
        "name": "Northwest 7th Avenue & Northwest 11th Street",
        "network": "MDT;Miami Trolley",
        "network:wikidata": "Q6317384",
        "network:wikipedia": "en:Miami-Dade Transit",
        "operator": "Miami-Dade Transit;City of Miami",
        "passenger_information_display": "no",
        "public_transport": "platform",
        "ref": "513",
        "route_ref": "77;MIAOVT",
        "shelter": "no"
      },
      "geometry": {
        "type": "Point",
        "coordinates": [
          -80.2069162,
          25.7845075
        ]
      }
    },
    {
      "type": "Feature",
      "properties": {
        "id": 1116411065,
        "kind": "poi",
        "crossing": "uncontrolled",
        "crossing:markings": "ladder",
        "highway": "crossing"
      },
      "geometry": {
        "type": "Point",
        "coordinates": [
          -80.1869512,
          25.7772204
        ]
      }
    },
    {
      "type": "Feature",
      "properties": {
        "id": 1209759014,
        "kind": "poi",
        "crossing": "traffic_signals",
        "crossing:markings": "ladder",
        "crossing:signals": "yes",
        "highway": "crossing"
      },
      "geometry": {
        "type": "Point",
        "coordinates": [
          -80.2397498,
          25.7941143
        ]
      }
    },
    {
      "type": "Feature",
      "properties": {
        "id": 1209775979,
        "kind": "poi",
        "crossing": "traffic_signals",
        "crossing:island": "no",
        "crossing:markings": "ladder",
        "crossing:signals": "yes",
        "highway": "crossing",
        "tactile_paving": "yes"
      },
      "geometry": {
        "type": "Point",
        "coordinates": [
          -80.2395804,
          25.7844253
        ]
      }
    },
    {
      "type": "Feature",
      "properties": {
        "id": 1209776080,
        "kind": "poi",
        "crossing": "traffic_signals",
        "crossing:markings": "ladder",
        "crossing:signals": "yes",
        "highway": "crossing"
      },
      "geometry": {
        "type": "Point",
        "coordinates": [
          -80.2399002,
          25.7941083
        ]
      }
    },
    {
      "type": "Feature",
      "properties": {
        "id": 1324830229,
        "kind": "poi",
        "crossing": "uncontrolled",
        "highway": "crossing",
        "kerb": "lowered"
      },
      "geometry": {
        "type": "Point",
        "coordinates": [
          -80.183267,
          25.7691068
        ]
      }
    },
    {
      "type": "Feature",
      "properties": {
        "id": 1324830231,
        "kind": "poi",
        "crossing": "unmarked",
        "crossing:markings": "no",
        "highway": "crossing"
      },
      "geometry": {
        "type": "Point",
        "coordinates": [
          -80.1849031,
          25.7666326
        ]
      }
    },
    {
      "type": "Feature",
      "properties": {
        "id": 1324830440,
        "kind": "poi",
        "crossing": "uncontrolled",
        "crossing:markings": "zebra",
        "highway": "crossing"
      },
      "geometry": {
        "type": "Point",
        "coordinates": [
          -80.1849059,
          25.7677633
        ]
      }
    },
    {
      "type": "Feature",
      "properties": {
        "id": 1326280676,
        "kind": "poi",
        "crossing": "traffic_signals",
        "crossing:markings": "ladder",
        "highway": "crossing"
      },
      "geometry": {
        "type": "Point",
        "coordinates": [
          -80.1877126,
          25.7772046
        ]
      }
    },
    {
      "type": "Feature",
      "properties": {
        "id": 1343084062,
        "kind": "poi",
        "crossing": "uncontrolled",
        "crossing:markings": "zebra",
        "highway": "crossing"
      },
      "geometry": {
        "type": "Point",
        "coordinates": [
          -80.2167594,
          25.7908955
        ]
      }
    },
    {
      "type": "Feature",
      "properties": {
        "id": 1389116257,
        "kind": "poi",
        "crossing": "uncontrolled",
        "crossing:island": "no",
        "crossing:markings": "lines",
        "crossing:signals": "no",
        "highway": "crossing"
      },
      "geometry": {
        "type": "Point",
        "coordinates": [
          -80.2109702,
          25.7854044
        ]
      }
    },
    {
      "type": "Feature",
      "properties": {
        "id": 1389116268,
        "kind": "poi",
        "crossing": "traffic_signals",
        "crossing:markings": "ladder",
        "highway": "crossing"
      },
      "geometry": {
        "type": "Point",
        "coordinates": [
          -80.2398705,
          25.7905764
        ]
      }
    },
    {
      "type": "Feature",
      "properties": {
        "id": 1389116274,
        "kind": "poi",
        "crossing": "uncontrolled",
        "crossing:island": "no",
        "crossing:markings": "zebra",
        "crossing:signals": "no",
        "highway": "crossing"
      },
      "geometry": {
        "type": "Point",
        "coordinates": [
          -80.2059486,
          25.7781496
        ]
      }
    },
    {
      "type": "Feature",
      "properties": {
        "id": 1425902541,
        "kind": "poi",
        "crossing": "traffic_signals",
        "crossing:markings": "lines",
        "highway": "crossing",
        "traffic_signals:countdown": "yes"
      },
      "geometry": {
        "type": "Point",
        "coordinates": [
          -80.2519733,
          25.7500178
        ]
      }
    },
    {
      "type": "Feature",
      "properties": {
        "id": 1459432230,
        "kind": "poi",
        "bicycle": "yes",
        "crossing": "uncontrolled",
        "crossing:markings": "zebra",
        "highway": "crossing"
      },
      "geometry": {
        "type": "Point",
        "coordinates": [
          -80.1955733,
          25.7638445
        ]
      }
    },
    {
      "type": "Feature",
      "properties": {
        "id": 1477892344,
        "kind": "poi",
        "crossing": "uncontrolled",
        "crossing:markings": "zebra",
        "crossing:signals": "no",
        "crossing:signed": "yes",
        "highway": "crossing"
      },
      "geometry": {
        "type": "Point",
        "coordinates": [
          -80.2047122,
          25.7516247
        ]
      }
    },
    {
      "type": "Feature",
      "properties": {
        "id": 1477892352,
        "kind": "poi",
        "crossing": "uncontrolled",
        "crossing:markings": "lines",
        "crossing:signed": "yes",
        "highway": "crossing",
        "lit": "yes"
      },
      "geometry": {
        "type": "Point",
        "coordinates": [
          -80.2053854,
          25.7523906
        ]
      }
    },
    {
      "type": "Feature",
      "properties": {
        "id": 1477892370,
        "kind": "poi",
        "button_operated": "yes",
        "crossing": "traffic_signals",
        "crossing:markings": "lines",
        "crossing:signals": "yes",
        "highway": "crossing"
      },
      "geometry": {
        "type": "Point",
        "coordinates": [
          -80.1913217,
          25.810683
        ]
      }
    },
    {
      "type": "Feature",
      "properties": {
        "id": 1485036386,
        "kind": "poi",
        "crossing": "unmarked",
        "crossing:markings": "no",
        "highway": "crossing"
      },
      "geometry": {
        "type": "Point",
        "coordinates": [
          -80.2210093,
          25.7401121
        ]
      }
    },
    {
      "type": "Feature",
      "properties": {
        "id": 1485036388,
        "kind": "poi",
        "crossing": "unmarked",
        "crossing:markings": "no",
        "highway": "crossing"
      },
      "geometry": {
        "type": "Point",
        "coordinates": [
          -80.2202655,
          25.7405696
        ]
      }
    },
    {
      "type": "Feature",
      "properties": {
        "id": 1485036390,
        "kind": "poi",
        "crossing": "unmarked",
        "crossing:markings": "no",
        "highway": "crossing"
      },
      "geometry": {
        "type": "Point",
        "coordinates": [
          -80.2198357,
          25.7408376
        ]
      }
    },
    {
      "type": "Feature",
      "properties": {
        "id": 1485036399,
        "kind": "poi",
        "crossing": "unmarked",
        "crossing:markings": "no",
        "highway": "crossing"
      },
      "geometry": {
        "type": "Point",
        "coordinates": [
          -80.2189832,
          25.7414039
        ]
      }
    },
    {
      "type": "Feature",
      "properties": {
        "id": 1485036408,
        "kind": "poi",
        "crossing": "unmarked",
        "crossing:markings": "no",
        "highway": "crossing"
      },
      "geometry": {
        "type": "Point",
        "coordinates": [
          -80.2183246,
          25.7418338
        ]
      }
    },
    {
      "type": "Feature",
      "properties": {
        "id": 1485036427,
        "kind": "poi",
        "crossing": "traffic_signals",
        "crossing:markings": "ladder",
        "highway": "crossing"
      },
      "geometry": {
        "type": "Point",
        "coordinates": [
          -80.2167315,
          25.7429177
        ]
      }
    },
    {
      "type": "Feature",
      "properties": {
        "id": 1485036429,
        "kind": "poi",
        "crossing": "uncontrolled",
        "crossing:markings": "ladder",
        "highway": "crossing"
      },
      "geometry": {
        "type": "Point",
        "coordinates": [
          -80.2156468,
          25.7436622
        ]
      }
    },
    {
      "type": "Feature",
      "properties": {
        "id": 1485036433,
        "kind": "poi",
        "crossing": "traffic_signals",
        "crossing:markings": "ladder",
        "highway": "crossing"
      },
      "geometry": {
        "type": "Point",
        "coordinates": [
          -80.2106081,
          25.7471438
        ]
      }
    },
    {
      "type": "Feature",
      "properties": {
        "id": 1485036437,
        "kind": "poi",
        "crossing": "uncontrolled",
        "crossing:markings": "lines",
        "highway": "crossing"
      },
      "geometry": {
        "type": "Point",
        "coordinates": [
          -80.2099956,
          25.747564
        ]
      }
    },
    {
      "type": "Feature",
      "properties": {
        "id": 1485353487,
        "kind": "poi",
        "crossing": "uncontrolled",
        "crossing:continuous": "yes",
        "crossing:markings": "surface",
        "highway": "crossing"
      },
      "geometry": {
        "type": "Point",
        "coordinates": [
          -80.1927637,
          25.7458403
        ]
      }
    },
    {
      "type": "Feature",
      "properties": {
        "id": 1485353521,
        "kind": "poi",
        "crossing": "uncontrolled",
        "crossing:markings": "lines",
        "highway": "crossing"
      },
      "geometry": {
        "type": "Point",
        "coordinates": [
          -80.191231,
          25.7459731
        ]
      }
    },
    {
      "type": "Feature",
      "properties": {
        "id": 1485353531,
        "kind": "poi",
        "crossing": "uncontrolled",
        "crossing:markings": "ladder",
        "highway": "crossing"
      },
      "geometry": {
        "type": "Point",
        "coordinates": [
          -80.1912214,
          25.7461185
        ]
      }
    },
    {
      "type": "Feature",
      "properties": {
        "id": 1485353751,
        "kind": "poi",
        "crossing": "uncontrolled",
        "crossing:markings": "ladder",
        "crossing:signals": "no",
        "highway": "crossing"
      },
      "geometry": {
        "type": "Point",
        "coordinates": [
          -80.2028858,
          25.7509088
        ]
      }
    },
    {
      "type": "Feature",
      "properties": {
        "id": 1577582105,
        "kind": "poi",
        "amenity": "pharmacy",
        "brand": "Walgreens",
        "brand:wikidata": "Q1591889",
        "healthcare": "pharmacy",
        "name": "Walgreens"
      },
      "geometry": {
        "type": "Point",
        "coordinates": [
          -80.2638961,
          25.7639803
        ]
      }
    },
    {
      "type": "Feature",
      "properties": {
        "id": 1738845624,
        "kind": "poi",
        "crossing": "uncontrolled",
        "crossing:markings": "lines",
        "highway": "crossing"
      },
      "geometry": {
        "type": "Point",
        "coordinates": [
          -80.1876211,
          25.780351
        ]
      }
    },
    {
      "type": "Feature",
      "properties": {
        "id": 1996503917,
        "kind": "poi",
        "bicycle": "yes",
        "crossing": "uncontrolled",
        "crossing:markings": "ladder",
        "crossing:signals": "no",
        "flashing_lights": "button",
        "highway": "crossing"
      },
      "geometry": {
        "type": "Point",
        "coordinates": [
          -80.2061291,
          25.7529232
        ]
      }
    },
    {
      "type": "Feature",
      "properties": {
        "id": 1996503920,
        "kind": "poi",
        "bicycle": "yes",
        "crossing": "uncontrolled",
        "crossing:markings": "ladder",
        "crossing:signals": "no",
        "flashing_lights": "button",
        "highway": "crossing"
      },
      "geometry": {
        "type": "Point",
        "coordinates": [
          -80.2060772,
          25.7529586
        ]
      }
    },
    {
      "type": "Feature",
      "properties": {
        "id": 2004969339,
        "kind": "poi",
        "crossing": "traffic_signals",
        "crossing:island": "no",
        "crossing:markings": "ladder",
        "crossing:signals": "yes",
        "highway": "crossing"
      },
      "geometry": {
        "type": "Point",
        "coordinates": [
          -80.2341921,
          25.7412021
        ]
      }
    },
    {
      "type": "Feature",
      "properties": {
        "id": 2004969340,
        "kind": "poi",
        "crossing": "traffic_signals",
        "crossing:island": "no",
        "crossing:markings": "ladder",
        "crossing:signals": "yes",
        "highway": "crossing"
      },
      "geometry": {
        "type": "Point",
        "coordinates": [
          -80.2342436,
          25.7413132
        ]
      }
    },
    {
      "type": "Feature",
      "properties": {
        "id": 2004969341,
        "kind": "poi",
        "crossing": "traffic_signals",
        "crossing:markings": "ladder",
        "crossing:signed": "yes",
        "highway": "crossing",
        "traffic_signals:countdown": "yes"
      },
      "geometry": {
        "type": "Point",
        "coordinates": [
          -80.2379421,
          25.7438446
        ]
      }
    },
    {
      "type": "Feature",
      "properties": {
        "id": 2004969344,
        "kind": "poi",
        "crossing": "traffic_signals",
        "crossing:markings": "ladder",
        "crossing:signals": "yes",
        "highway": "crossing"
      },
      "geometry": {
        "type": "Point",
        "coordinates": [
          -80.2166247,
          25.7509595
        ]
      }
    },
    {
      "type": "Feature",
      "properties": {
        "id": 2004969356,
        "kind": "poi",
        "crossing": "traffic_signals",
        "crossing:markings": "ladder",
        "crossing:signed": "yes",
        "highway": "crossing",
        "traffic_signals:countdown": "yes"
      },
      "geometry": {
        "type": "Point",
        "coordinates": [
          -80.2778938,
          25.7639316
        ]
      }
    },
    {
      "type": "Feature",
      "properties": {
        "id": 2004969365,
        "kind": "poi",
        "crossing": "traffic_signals",
        "crossing:markings": "ladder",
        "highway": "crossing",
        "tactile_paving": "yes"
      },
      "geometry": {
        "type": "Point",
        "coordinates": [
          -80.2164504,
          25.7658039
        ]
      }
    },
    {
      "type": "Feature",
      "properties": {
        "id": 2004969369,
        "kind": "poi",
        "crossing": "traffic_signals",
        "crossing:markings": "ladder",
        "highway": "crossing"
      },
      "geometry": {
        "type": "Point",
        "coordinates": [
          -80.20759,
          25.7700962
        ]
      }
    },
    {
      "type": "Feature",
      "properties": {
        "id": 2004969373,
        "kind": "poi",
        "crossing": "traffic_signals",
        "crossing:markings": "ladder",
        "highway": "crossing"
      },
      "geometry": {
        "type": "Point",
        "coordinates": [
          -80.2145877,
          25.7711405
        ]
      }
    },
    {
      "type": "Feature",
      "properties": {
        "id": 2004969374,
        "kind": "poi",
        "crossing": "traffic_signals",
        "crossing:markings": "ladder",
        "crossing:signals": "yes",
        "highway": "crossing",
        "traffic_signals:countdown": "yes"
      },
      "geometry": {
        "type": "Point",
        "coordinates": [
          -80.261812,
          25.7716771
        ]
      }
    },
    {
      "type": "Feature",
      "properties": {
        "id": 2004969375,
        "kind": "poi",
        "crossing": "traffic_signals",
        "crossing:markings": "ladder",
        "highway": "crossing",
        "traffic_signals:countdown": "yes"
      },
      "geometry": {
        "type": "Point",
        "coordinates": [
          -80.2580909,
          25.771757
        ]
      }
    },
    {
      "type": "Feature",
      "properties": {
        "id": 2004969391,
        "kind": "poi",
        "crossing": "traffic_signals",
        "crossing:markings": "ladder",
        "crossing:signed": "yes",
        "highway": "crossing",
        "traffic_signals:countdown": "yes"
      },
      "geometry": {
        "type": "Point",
        "coordinates": [
          -80.242416,
          25.7721866
        ]
      }
    },
    {
      "type": "Feature",
      "properties": {
        "id": 2004969396,
        "kind": "poi",
        "crossing": "traffic_signals",
        "crossing:markings": "zebra",
        "crossing:signals": "yes",
        "highway": "crossing"
      },
      "geometry": {
        "type": "Point",
        "coordinates": [
          -80.263805,
          25.7729924
        ]
      }
    },
    {
      "type": "Feature",
      "properties": {
        "id": 2013173151,
        "kind": "poi",
        "crossing": "uncontrolled",
        "crossing:markings": "lines",
        "crossing:signals": "no",
        "highway": "crossing"
      },
      "geometry": {
        "type": "Point",
        "coordinates": [
          -80.2323491,
          25.812679
        ]
      }
    },
    {
      "type": "Feature",
      "properties": {
        "id": 2013351440,
        "kind": "poi",
        "crossing": "traffic_signals",
        "crossing:markings": "ladder",
        "crossing:signed": "yes",
        "highway": "crossing",
        "traffic_signals:countdown": "yes"
      },
      "geometry": {
        "type": "Point",
        "coordinates": [
          -80.2380574,
          25.7438419
        ]
      }
    },
    {
      "type": "Feature",
      "properties": {
        "id": 2013351555,
        "kind": "poi",
        "crossing": "traffic_signals",
        "crossing:markings": "zebra",
        "crossing:signals": "yes",
        "highway": "crossing",
        "traffic_signals:countdown": "yes"
      },
      "geometry": {
        "type": "Point",
        "coordinates": [
          -80.2392955,
          25.7830241
        ]
      }
    },
    {
      "type": "Feature",
      "properties": {
        "id": 2013351562,
        "kind": "poi",
        "crossing": "traffic_signals",
        "crossing:markings": "zebra",
        "crossing:signals": "yes",
        "highway": "crossing",
        "traffic_signals:countdown": "yes"
      },
      "geometry": {
        "type": "Point",
        "coordinates": [
          -80.2396484,
          25.7831928
        ]
      }
    },
    {
      "type": "Feature",
      "properties": {
        "id": 2014294731,
        "kind": "poi",
        "crossing": "traffic_signals",
        "crossing:markings": "zebra",
        "crossing:signals": "yes",
        "highway": "crossing"
      },
      "geometry": {
        "type": "Point",
        "coordinates": [
          -80.2636571,
          25.7729989
        ]
      }
    },
    {
      "type": "Feature",
      "properties": {
        "id": 2014294736,
        "kind": "poi",
        "crossing": "traffic_signals",
        "crossing:island": "no",
        "crossing:markings": "ladder",
        "highway": "crossing",
        "tactile_paving": "yes",
        "traffic_signals:countdown": "yes"
      },
      "geometry": {
        "type": "Point",
        "coordinates": [
          -80.2636729,
          25.7751398
        ]
      }
    },
    {
      "type": "Feature",
      "properties": {
        "id": 2014294738,
        "kind": "poi",
        "crossing": "traffic_signals",
        "crossing:markings": "ladder",
        "highway": "crossing",
        "traffic_signals:countdown": "yes"
      },
      "geometry": {
        "type": "Point",
        "coordinates": [
          -80.2639902,
          25.7751931
        ]
      }
    },
    {
      "type": "Feature",
      "properties": {
        "id": 2014614048,
        "kind": "poi",
        "crossing": "traffic_signals",
        "crossing:island": "no",
        "crossing:markings": "ladder",
        "crossing:signals": "yes",
        "highway": "crossing",
        "traffic_signals:countdown": "yes"
      },
      "geometry": {
        "type": "Point",
        "coordinates": [
          -80.2379363,
          25.7400608
        ]
      }
    },
    {
      "type": "Feature",
      "properties": {
        "id": 2014614049,
        "kind": "poi",
        "crossing": "traffic_signals",
        "crossing:island": "no",
        "crossing:markings": "ladder",
        "crossing:signals": "yes",
        "highway": "crossing",
        "traffic_signals:countdown": "yes"
      },
      "geometry": {
        "type": "Point",
        "coordinates": [
          -80.2377914,
          25.7401141
        ]
      }
    },
    {
      "type": "Feature",
      "properties": {
        "id": 2014614051,
        "kind": "poi",
        "crossing": "uncontrolled",
        "crossing:island": "no",
        "crossing:markings": "ladder",
        "crossing:signals": "no",
        "highway": "crossing"
      },
      "geometry": {
        "type": "Point",
        "coordinates": [
          -80.2376559,
          25.7401882
        ]
      }
    },
    {
      "type": "Feature",
      "properties": {
        "id": 2014614079,
        "kind": "poi",
        "crossing": "traffic_signals",
        "crossing:island": "no",
        "crossing:markings": "ladder",
        "crossing:signals": "yes",
        "highway": "crossing"
      },
      "geometry": {
        "type": "Point",
        "coordinates": [
          -80.2300441,
          25.7428491
        ]
      }
    },
    {
      "type": "Feature",
      "properties": {
        "id": 2014614082,
        "kind": "poi",
        "crossing": "traffic_signals",
        "crossing:markings": "ladder",
        "crossing:signals": "yes",
        "highway": "crossing"
      },
      "geometry": {
        "type": "Point",
        "coordinates": [
          -80.2300128,
          25.7429418
        ]
      }
    },
    {
      "type": "Feature",
      "properties": {
        "id": 2014614086,
        "kind": "poi",
        "crossing": "traffic_signals",
        "crossing:markings": "ladder",
        "crossing:signals": "yes",
        "highway": "crossing"
      },
      "geometry": {
        "type": "Point",
        "coordinates": [
          -80.2298927,
          25.7429864
        ]
      }
    },
    {
      "type": "Feature",
      "properties": {
        "id": 2014614088,
        "kind": "poi",
        "crossing": "traffic_signals",
        "crossing:markings": "ladder",
        "crossing:signals": "yes",
        "highway": "crossing"
      },
      "geometry": {
        "type": "Point",
        "coordinates": [
          -80.2297829,
          25.7430272
        ]
      }
    },
    {
      "type": "Feature",
      "properties": {
        "id": 2014614111,
        "kind": "poi",
        "crossing": "traffic_signals",
        "crossing:markings": "ladder",
        "crossing:signals": "yes",
        "highway": "crossing"
      },
      "geometry": {
        "type": "Point",
        "coordinates": [
          -80.2299295,
          25.74433
        ]
      }
    },
    {
      "type": "Feature",
      "properties": {
        "id": 2014614112,
        "kind": "poi",
        "crossing": "traffic_signals",
        "crossing:markings": "ladder",
        "crossing:signals": "yes",
        "highway": "crossing"
      },
      "geometry": {
        "type": "Point",
        "coordinates": [
          -80.2298197,
          25.7443647
        ]
      }
    },
    {
      "type": "Feature",
      "properties": {
        "id": 2014614114,
        "kind": "poi",
        "crossing": "uncontrolled",
        "crossing:markings": "ladder",
        "highway": "crossing"
      },
      "geometry": {
        "type": "Point",
        "coordinates": [
          -80.2258108,
          25.7446215
        ]
      }
    },
    {
      "type": "Feature",
      "properties": {
        "id": 2014614136,
        "kind": "poi",
        "crossing": "traffic_signals",
        "crossing:island": "no",
        "crossing:markings": "ladder",
        "crossing:signals": "yes",
        "highway": "crossing"
      },
      "geometry": {
        "type": "Point",
        "coordinates": [
          -80.2217708,
          25.7459646
        ]
      }
    },
    {
      "type": "Feature",
      "properties": {
        "id": 2014614149,
        "kind": "poi",
        "crossing": "traffic_signals",
        "crossing:markings": "ladder",
        "crossing:signals": "yes",
        "highway": "crossing"
      },
      "geometry": {
        "type": "Point",
        "coordinates": [
          -80.2198689,
          25.7466588
        ]
      }
    },
    {
      "type": "Feature",
      "properties": {
        "id": 2014614153,
        "kind": "poi",
        "crossing": "traffic_signals",
        "crossing:markings": "ladder",
        "crossing:signals": "yes",
        "highway": "crossing"
      },
      "geometry": {
        "type": "Point",
        "coordinates": [
          -80.2196731,
          25.7467312
        ]
      }
    },
    {
      "type": "Feature",
      "properties": {
        "id": 2014614219,
        "kind": "poi",
        "crossing": "uncontrolled",
        "crossing:markings": "ladder",
        "highway": "crossing"
      },
      "geometry": {
        "type": "Point",
        "coordinates": [
          -80.2112015,
          25.7498119
        ]
      }
    },
    {
      "type": "Feature",
      "properties": {
        "id": 2014614269,
        "kind": "poi",
        "bicycle": "yes",
        "crossing": "uncontrolled",
        "crossing:markings": "ladder",
        "flashing_lights": "button",
        "highway": "crossing"
      },
      "geometry": {
        "type": "Point",
        "coordinates": [
          -80.2052092,
          25.7535585
        ]
      }
    },
    {
      "type": "Feature",
      "properties": {
        "id": 2014614313,
        "kind": "poi",
        "crossing": "uncontrolled",
        "crossing:markings": "zebra",
        "highway": "crossing"
      },
      "geometry": {
        "type": "Point",
        "coordinates": [
          -80.1962321,
          25.7598148
        ]
      }
    },
    {
      "type": "Feature",
      "properties": {
        "id": 2014614325,
        "kind": "poi",
        "bicycle": "yes",
        "crossing": "traffic_signals",
        "highway": "crossing"
      },
      "geometry": {
        "type": "Point",
        "coordinates": [
          -80.1955003,
          25.7615433
        ]
      }
    },
    {
      "type": "Feature",
      "properties": {
        "id": 2014614331,
        "kind": "poi",
        "crossing": "uncontrolled",
        "crossing:markings": "ladder",
        "highway": "crossing"
      },
      "geometry": {
        "type": "Point",
        "coordinates": [
          -80.1954604,
          25.7625473
        ]
      }
    },
    {
      "type": "Feature",
      "properties": {
        "id": 2014614334,
        "kind": "poi",
        "crossing": "uncontrolled",
        "crossing:markings": "ladder",
        "highway": "crossing"
      },
      "geometry": {
        "type": "Point",
        "coordinates": [
          -80.1955771,
          25.7630065
        ]
      }
    },
    {
      "type": "Feature",
      "properties": {
        "id": 2014614356,
        "kind": "poi",
        "crossing": "traffic_signals",
        "crossing:island": "no",
        "crossing:markings": "lines",
        "crossing:signals": "yes",
        "highway": "crossing"
      },
      "geometry": {
        "type": "Point",
        "coordinates": [
          -80.1952696,
          25.767253
        ]
      }
    },
    {
      "type": "Feature",
      "properties": {
        "id": 2014773069,
        "kind": "poi",
        "crossing": "traffic_signals",
        "crossing:markings": "lines",
        "highway": "crossing"
      },
      "geometry": {
        "type": "Point",
        "coordinates": [
          -80.1879329,
          25.7881961
        ]
      }
    },
    {
      "type": "Feature",
      "properties": {
        "id": 2014773081,
        "kind": "poi",
        "crossing": "uncontrolled",
        "crossing:markings": "lines",
        "highway": "crossing"
      },
      "geometry": {
        "type": "Point",
        "coordinates": [
          -80.1869274,
          25.7897006
        ]
      }
    },
    {
      "type": "Feature",
      "properties": {
        "id": 2024811799,
        "kind": "poi",
        "crossing": "uncontrolled",
        "crossing:markings": "ladder",
        "highway": "crossing"
      },
      "geometry": {
        "type": "Point",
        "coordinates": [
          -80.198826,
          25.7750038
        ]
      }
    },
    {
      "type": "Feature",
      "properties": {
        "id": 2031343241,
        "kind": "poi",
        "crossing": "traffic_signals",
        "crossing:markings": "ladder",
        "crossing:signals": "yes",
        "crossing:signed": "yes",
        "highway": "crossing",
        "tactile_paving": "yes",
        "traffic_signals:countdown": "yes"
      },
      "geometry": {
        "type": "Point",
        "coordinates": [
          -80.259682,
          25.7495581
        ]
      }
    },
    {
      "type": "Feature",
      "properties": {
        "id": 2031343242,
        "kind": "poi",
        "button_operated": "yes",
        "crossing": "traffic_signals",
        "crossing:markings": "ladder",
        "crossing:signed": "yes",
        "highway": "crossing",
        "tactile_paving": "yes",
        "traffic_signals:countdown": "yes",
        "traffic_signals:sound": "no",
        "traffic_signals:vibration": "no"
      },
      "geometry": {
        "type": "Point",
        "coordinates": [
          -80.2576555,
          25.7496724
        ]
      }
    },
    {
      "type": "Feature",
      "properties": {
        "id": 2031343243,
        "kind": "poi",
        "crossing": "traffic_signals",
        "crossing:markings": "ladder",
        "crossing:signed": "yes",
        "highway": "crossing",
        "traffic_signals:countdown": "yes"
      },
      "geometry": {
        "type": "Point",
        "coordinates": [
          -80.2558807,
          25.749777
        ]
      }
    },
    {
      "type": "Feature",
      "properties": {
        "id": 2031469818,
        "kind": "poi",
        "crossing": "traffic_signals",
        "crossing:markings": "ladder",
        "highway": "crossing",
        "traffic_signals:countdown": "yes"
      },
      "geometry": {
        "type": "Point",
        "coordinates": [
          -80.2731543,
          25.7786513
        ]
      }
    },
    {
      "type": "Feature",
      "properties": {
        "id": 2031469851,
        "kind": "poi",
        "crossing": "traffic_signals",
        "crossing:markings": "lines",
        "highway": "crossing"
      },
      "geometry": {
        "type": "Point",
        "coordinates": [
          -80.1911764,
          25.8040825
        ]
      }
    },
    {
      "type": "Feature",
      "properties": {
        "id": 2031469853,
        "kind": "poi",
        "crossing": "traffic_signals",
        "crossing:markings": "lines",
        "highway": "crossing"
      },
      "geometry": {
        "type": "Point",
        "coordinates": [
          -80.1909661,
          25.8042265
        ]
      }
    },
    {
      "type": "Feature",
      "properties": {
        "id": 2031469860,
        "kind": "poi",
        "crossing": "traffic_signals",
        "crossing:markings": "ladder",
        "highway": "crossing"
      },
      "geometry": {
        "type": "Point",
        "coordinates": [
          -80.2430789,
          25.8164333
        ]
      }
    },
    {
      "type": "Feature",
      "properties": {
        "id": 2032839173,
        "kind": "poi",
        "crossing": "traffic_signals",
        "crossing:markings": "ladder",
        "crossing:signals": "yes",
        "highway": "crossing"
      },
      "geometry": {
        "type": "Point",
        "coordinates": [
          -80.232357,
          25.8179455
        ]
      }
    },
    {
      "type": "Feature",
      "properties": {
        "id": 2059268823,
        "kind": "poi",
        "crossing": "uncontrolled",
        "crossing:markings": "ladder",
        "crossing:signals": "no",
        "highway": "crossing"
      },
      "geometry": {
        "type": "Point",
        "coordinates": [
          -80.2647131,
          25.8081995
        ]
      }
    },
    {
      "type": "Feature",
      "properties": {
        "id": 2059268847,
        "kind": "poi",
        "crossing": "traffic_signals",
        "crossing:markings": "ladder",
        "crossing:signals": "yes",
        "highway": "crossing"
      },
      "geometry": {
        "type": "Point",
        "coordinates": [
          -80.2599309,
          25.8083799
        ]
      }
    },
    {
      "type": "Feature",
      "properties": {
        "id": 2059268951,
        "kind": "poi",
        "crossing": "uncontrolled",
        "crossing:markings": "lines",
        "crossing:signals": "no",
        "highway": "crossing"
      },
      "geometry": {
        "type": "Point",
        "coordinates": [
          -80.2615446,
          25.8094851
        ]
      }
    },
    {
      "type": "Feature",
      "properties": {
        "id": 2059269096,
        "kind": "poi",
        "crossing": "traffic_signals",
        "crossing:markings": "ladder",
        "crossing:signals": "yes",
        "highway": "crossing"
      },
      "geometry": {
        "type": "Point",
        "coordinates": [
          -80.2073994,
          25.810028
        ]
      }
    },
    {
      "type": "Feature",
      "properties": {
        "id": 2059269158,
        "kind": "poi",
        "crossing": "traffic_signals",
        "crossing:markings": "ladder",
        "crossing:signals": "yes",
        "highway": "crossing"
      },
      "geometry": {
        "type": "Point",
        "coordinates": [
          -80.1932011,
          25.810378
        ]
      }
    },
    {
      "type": "Feature",
      "properties": {
        "id": 2059269202,
        "kind": "poi",
        "crossing": "uncontrolled",
        "crossing:markings": "ladder:skewed",
        "crossing:signals": "no",
        "highway": "crossing"
      },
      "geometry": {
        "type": "Point",
        "coordinates": [
          -80.2648461,
          25.8112736
        ]
      }
    },
    {
      "type": "Feature",
      "properties": {
        "id": 2067659814,
        "kind": "poi",
        "crossing": "uncontrolled",
        "crossing:markings": "ladder",
        "crossing:signed": "yes",
        "highway": "crossing"
      },
      "geometry": {
        "type": "Point",
        "coordinates": [
          -80.2587914,
          25.7646694
        ]
      }
    },
    {
      "type": "Feature",
      "properties": {
        "id": 2067659902,
        "kind": "poi",
        "crossing": "uncontrolled",
        "crossing:markings": "lines",
        "highway": "crossing"
      },
      "geometry": {
        "type": "Point",
        "coordinates": [
          -80.2305517,
          25.7652005
        ]
      }
    },
    {
      "type": "Feature",
      "properties": {
        "id": 2067659913,
        "kind": "poi",
        "crossing": "uncontrolled",
        "crossing:markings": "ladder",
        "highway": "crossing"
      },
      "geometry": {
        "type": "Point",
        "coordinates": [
          -80.2304388,
          25.765326
        ]
      }
    },
    {
      "type": "Feature",
      "properties": {
        "id": 2067659932,
        "kind": "poi",
        "crossing": "traffic_signals",
        "crossing:island": "no",
        "crossing:markings": "ladder",
        "crossing:signals": "yes",
        "highway": "crossing"
      },
      "geometry": {
        "type": "Point",
        "coordinates": [
          -80.1990499,
          25.7661754
        ]
      }
    },
    {
      "type": "Feature",
      "properties": {
        "id": 2067659936,
        "kind": "poi",
        "crossing": "traffic_signals",
        "crossing:island": "no",
        "crossing:markings": "ladder",
        "crossing:signals": "yes",
        "highway": "crossing"
      },
      "geometry": {
        "type": "Point",
        "coordinates": [
          -80.1991277,
          25.7661802
        ]
      }
    },
    {
      "type": "Feature",
      "properties": {
        "id": 2081273491,
        "kind": "poi",
        "crossing": "traffic_signals",
        "crossing:island": "no",
        "crossing:markings": "zebra",
        "crossing:signals": "yes",
        "highway": "crossing",
        "kerb": "lowered"
      },
      "geometry": {
        "type": "Point",
        "coordinates": [
          -80.2078177,
          25.777521
        ]
      }
    },
    {
      "type": "Feature",
      "properties": {
        "id": 2081273514,
        "kind": "poi",
        "crossing": "marked",
        "crossing:markings": "yes",
        "highway": "crossing"
      },
      "geometry": {
        "type": "Point",
        "coordinates": [
          -80.2074939,
          25.8058794
        ]
      }
    },
    {
      "type": "Feature",
      "properties": {
        "id": 2081273515,
        "kind": "poi",
        "crossing": "marked",
        "crossing:markings": "yes",
        "highway": "crossing"
      },
      "geometry": {
        "type": "Point",
        "coordinates": [
          -80.2073008,
          25.8059131
        ]
      }
    },
    {
      "type": "Feature",
      "properties": {
        "id": 2093978432,
        "kind": "poi",
        "crossing": "uncontrolled",
        "crossing:markings": "zebra",
        "crossing:signals": "no",
        "highway": "crossing"
      },
      "geometry": {
        "type": "Point",
        "coordinates": [
          -80.2366817,
          25.7400101
        ]
      }
    },
    {
      "type": "Feature",
      "properties": {
        "id": 2095388082,
        "kind": "poi",
        "crossing": "traffic_signals",
        "crossing:markings": "ladder",
        "crossing:signals": "yes",
        "highway": "crossing"
      },
      "geometry": {
        "type": "Point",
        "coordinates": [
          -80.1899754,
          25.770824
        ]
      }
    },
    {
      "type": "Feature",
      "properties": {
        "id": 2095388139,
        "kind": "poi",
        "crossing": "traffic_signals",
        "crossing:markings": "ladder",
        "crossing:signals": "yes",
        "highway": "crossing"
      },
      "geometry": {
        "type": "Point",
        "coordinates": [
          -80.1869817,
          25.7727395
        ]
      }
    },
    {
      "type": "Feature",
      "properties": {
        "id": 2095388158,
        "kind": "poi",
        "crossing": "traffic_signals",
        "crossing:markings": "ladder",
        "crossing:signals": "yes",
        "highway": "crossing"
      },
      "geometry": {
        "type": "Point",
        "coordinates": [
          -80.1869359,
          25.7728276
        ]
      }
    },
    {
      "type": "Feature",
      "properties": {
        "id": 2095388169,
        "kind": "poi",
        "crossing": "traffic_signals",
        "crossing:markings": "ladder",
        "highway": "crossing"
      },
      "geometry": {
        "type": "Point",
        "coordinates": [
          -80.1875092,
          25.7734042
        ]
      }
    },
    {
      "type": "Feature",
      "properties": {
        "id": 2095388193,
        "kind": "poi",
        "crossing": "traffic_signals",
        "crossing:markings": "ladder",
        "highway": "crossing"
      },
      "geometry": {
        "type": "Point",
        "coordinates": [
          -80.187486,
          25.776192
        ]
      }
    },
    {
      "type": "Feature",
      "properties": {
        "id": 2095388199,
        "kind": "poi",
        "crossing": "traffic_signals",
        "crossing:markings": "ladder",
        "highway": "crossing"
      },
      "geometry": {
        "type": "Point",
        "coordinates": [
          -80.1878602,
          25.7773186
        ]
      }
    },
    {
      "type": "Feature",
      "properties": {
        "id": 2095388203,
        "kind": "poi",
        "crossing": "traffic_signals",
        "crossing:markings": "ladder",
        "highway": "crossing"
      },
      "geometry": {
        "type": "Point",
        "coordinates": [
          -80.1880885,
          25.7783304
        ]
      }
    },
    {
      "type": "Feature",
      "properties": {
        "id": 2095388211,
        "kind": "poi",
        "crossing": "traffic_signals",
        "crossing:markings": "ladder",
        "highway": "crossing"
      },
      "geometry": {
        "type": "Point",
        "coordinates": [
          -80.1885186,
          25.7793741
        ]
      }
    },
    {
      "type": "Feature",
      "properties": {
        "id": 2095388240,
        "kind": "poi",
        "crossing": "traffic_signals",
        "crossing:markings": "ladder",
        "highway": "crossing"
      },
      "geometry": {
        "type": "Point",
        "coordinates": [
          -80.1894111,
          25.7854611
        ]
      }
    },
    {
      "type": "Feature",
      "properties": {
        "id": 2095388276,
        "kind": "poi",
        "crossing": "traffic_signals",
        "crossing:markings": "ladder",
        "crossing:signals": "yes",
        "highway": "crossing"
      },
      "geometry": {
        "type": "Point",
        "coordinates": [
          -80.1891923,
          25.8125651
        ]
      }
    },
    {
      "type": "Feature",
      "properties": {
        "id": 2095388277,
        "kind": "poi",
        "crossing": "traffic_signals",
        "crossing:markings": "ladder",
        "crossing:signals": "yes",
        "highway": "crossing"
      },
      "geometry": {
        "type": "Point",
        "coordinates": [
          -80.1893294,
          25.8125793
        ]
      }
    },
    {
      "type": "Feature",
      "properties": {
        "id": 2095388281,
        "kind": "poi",
        "crossing": "uncontrolled",
        "crossing:markings": "lines",
        "highway": "crossing"
      },
      "geometry": {
        "type": "Point",
        "coordinates": [
          -80.1901555,
          25.8128297
        ]
      }
    },
    {
      "type": "Feature",
      "properties": {
        "id": 2095388282,
        "kind": "poi",
        "crossing": "traffic_signals",
        "crossing:markings": "lines",
        "highway": "crossing"
      },
      "geometry": {
        "type": "Point",
        "coordinates": [
          -80.1902089,
          25.812891
        ]
      }
    },
    {
      "type": "Feature",
      "properties": {
        "id": 2294769838,
        "kind": "poi",
        "addr:city": "Miami",
        "addr:housenumber": "200",
        "addr:postcode": "33132",
        "addr:street": "North Biscayne Boulevard",
        "amenity": "pharmacy",
        "brand": "CVS Pharmacy",
        "brand:website": "https://www.cvs.com/",
        "brand:wikidata": "Q2078880",
        "healthcare": "pharmacy",
        "name": "CVS Pharmacy",
        "opening_hours": "24/7",
        "short_name": "CVS",
        "website": "https://www.cvs.com/store-locator/miami-fl-pharmacies/200-biscayne-blvd-miami-fl-33132/storeid=4613"
      },
      "geometry": {
        "type": "Point",
        "coordinates": [
          -80.1882724,
          25.7763999
        ]
      }
    },
    {
      "type": "Feature",
      "properties": {
        "id": 2378358821,
        "kind": "poi",
        "crossing": "uncontrolled",
        "crossing:markings": "ladder",
        "crossing:signals": "no",
        "highway": "crossing"
      },
      "geometry": {
        "type": "Point",
        "coordinates": [
          -80.1864158,
          25.7935508
        ]
      }
    },
    {
      "type": "Feature",
      "properties": {
        "id": 2378358839,
        "kind": "poi",
        "crossing": "uncontrolled",
        "crossing:markings": "ladder",
        "crossing:signals": "no",
        "highway": "crossing"
      },
      "geometry": {
        "type": "Point",
        "coordinates": [
          -80.1864237,
          25.793759
        ]
      }
    },
    {
      "type": "Feature",
      "properties": {
        "id": 2378358847,
        "kind": "poi",
        "crossing": "unmarked",
        "crossing:markings": "no",
        "highway": "crossing"
      },
      "geometry": {
        "type": "Point",
        "coordinates": [
          -80.1869676,
          25.7909118
        ]
      }
    },
    {
      "type": "Feature",
      "properties": {
        "id": 2378358863,
        "kind": "poi",
        "crossing": "uncontrolled",
        "crossing:markings": "lines",
        "crossing:signals": "no",
        "highway": "crossing"
      },
      "geometry": {
        "type": "Point",
        "coordinates": [
          -80.186932,
          25.7906103
        ]
      }
    },
    {
      "type": "Feature",
      "properties": {
        "id": 2390123160,
        "kind": "poi",
        "crossing": "uncontrolled",
        "crossing:markings": "zebra",
        "crossing:signals": "no",
        "highway": "crossing",
        "tactile_paving": "yes"
      },
      "geometry": {
        "type": "Point",
        "coordinates": [
          -80.1939558,
          25.758528
        ]
      }
    },
    {
      "type": "Feature",
      "properties": {
        "id": 2390221680,
        "kind": "poi",
        "crossing": "uncontrolled",
        "crossing:markings": "ladder",
        "highway": "crossing"
      },
      "geometry": {
        "type": "Point",
        "coordinates": [
          -80.1952807,
          25.7654963
        ]
      }
    },
    {
      "type": "Feature",
      "properties": {
        "id": 2390221681,
        "kind": "poi",
        "crossing": "uncontrolled",
        "crossing:markings": "ladder",
        "highway": "crossing"
      },
      "geometry": {
        "type": "Point",
        "coordinates": [
          -80.195519,
          25.7655018
        ]
      }
    },
    {
      "type": "Feature",
      "properties": {
        "id": 2390221682,
        "kind": "poi",
        "crossing": "uncontrolled",
        "crossing:markings": "ladder",
        "highway": "crossing"
      },
      "geometry": {
        "type": "Point",
        "coordinates": [
          -80.1956843,
          25.7655045
        ]
      }
    },
    {
      "type": "Feature",
      "properties": {
        "id": 2390229038,
        "kind": "poi",
        "crossing": "uncontrolled",
        "crossing:markings": "ladder",
        "highway": "crossing"
      },
      "geometry": {
        "type": "Point",
        "coordinates": [
          -80.2026889,
          25.7553703
        ]
      }
    },
    {
      "type": "Feature",
      "properties": {
        "id": 2390229039,
        "kind": "poi",
        "crossing": "unmarked",
        "crossing:markings": "no",
        "highway": "crossing"
      },
      "geometry": {
        "type": "Point",
        "coordinates": [
          -80.2019079,
          25.7559811
        ]
      }
    },
    {
      "type": "Feature",
      "properties": {
        "id": 2390229045,
        "kind": "poi",
        "crossing": "unmarked",
        "crossing:markings": "no",
        "highway": "crossing"
      },
      "geometry": {
        "type": "Point",
        "coordinates": [
          -80.2027259,
          25.7554154
        ]
      }
    },
    {
      "type": "Feature",
      "properties": {
        "id": 2390229046,
        "kind": "poi",
        "crossing": "unmarked",
        "crossing:markings": "no",
        "highway": "crossing"
      },
      "geometry": {
        "type": "Point",
        "coordinates": [
          -80.2035492,
          25.7548464
        ]
      }
    },
    {
      "type": "Feature",
      "properties": {
        "id": 2390229047,
        "kind": "poi",
        "crossing": "uncontrolled",
        "crossing:markings": "ladder",
        "highway": "crossing"
      },
      "geometry": {
        "type": "Point",
        "coordinates": [
          -80.2035086,
          25.7547988
        ]
      }
    },
    {
      "type": "Feature",
      "properties": {
        "id": 2452417339,
        "kind": "poi",
        "crossing": "uncontrolled",
        "crossing:markings": "ladder",
        "highway": "crossing"
      },
      "geometry": {
        "type": "Point",
        "coordinates": [
          -80.2282086,
          25.7581508
        ]
      }
    },
    {
      "type": "Feature",
      "properties": {
        "id": 2452430053,
        "kind": "poi",
        "crossing": "traffic_signals",
        "crossing:markings": "ladder",
        "highway": "crossing"
      },
      "geometry": {
        "type": "Point",
        "coordinates": [
          -80.2306516,
          25.7631186
        ]
      }
    },
    {
      "type": "Feature",
      "properties": {
        "id": 2452430074,
        "kind": "poi",
        "crossing": "traffic_signals",
        "crossing:markings": "lines",
        "crossing:signals": "yes",
        "highway": "crossing"
      },
      "geometry": {
        "type": "Point",
        "coordinates": [
          -80.2310304,
          25.7723954
        ]
      }
    },
    {
      "type": "Feature",
      "properties": {
        "id": 2452430077,
        "kind": "poi",
        "crossing": "traffic_signals",
        "crossing:markings": "lines",
        "crossing:signals": "yes",
        "highway": "crossing",
        "traffic_signals:sound": "no"
      },
      "geometry": {
        "type": "Point",
        "coordinates": [
          -80.2310233,
          25.7727074
        ]
      }
    },
    {
      "type": "Feature",
      "properties": {
        "id": 2452433894,
        "kind": "poi",
        "crossing": "traffic_signals",
        "crossing:markings": "lines",
        "crossing:signals": "yes",
        "highway": "crossing"
      },
      "geometry": {
        "type": "Point",
        "coordinates": [
          -80.221857,
          25.7509354
        ]
      }
    },
    {
      "type": "Feature",
      "properties": {
        "id": 2452433899,
        "kind": "poi",
        "crossing": "traffic_signals",
        "crossing:markings": "ladder",
        "crossing:signals": "yes",
        "highway": "crossing"
      },
      "geometry": {
        "type": "Point",
        "coordinates": [
          -80.2166272,
          25.7510755
        ]
      }
    },
    {
      "type": "Feature",
      "properties": {
        "id": 2456409047,
        "kind": "poi",
        "crossing": "uncontrolled",
        "crossing:markings": "zebra",
        "crossing:signals": "no",
        "highway": "crossing",
        "tactile_paving": "yes"
      },
      "geometry": {
        "type": "Point",
        "coordinates": [
          -80.194031,
          25.7589147
        ]
      }
    },
    {
      "type": "Feature",
      "properties": {
        "id": 2456409059,
        "kind": "poi",
        "crossing": "uncontrolled",
        "crossing:markings": "zebra",
        "highway": "crossing"
      },
      "geometry": {
        "type": "Point",
        "coordinates": [
          -80.1961315,
          25.7599514
        ]
      }
    },
    {
      "type": "Feature",
      "properties": {
        "id": 2456409063,
        "kind": "poi",
        "crossing": "uncontrolled",
        "crossing:markings": "lines",
        "crossing:signals": "no",
        "highway": "crossing"
      },
      "geometry": {
        "type": "Point",
        "coordinates": [
          -80.1972927,
          25.7603715
        ]
      }
    },
    {
      "type": "Feature",
      "properties": {
        "id": 2456409085,
        "kind": "poi",
        "crossing": "unmarked",
        "crossing:markings": "no",
        "highway": "crossing"
      },
      "geometry": {
        "type": "Point",
        "coordinates": [
          -80.2053086,
          25.7630525
        ]
      }
    },
    {
      "type": "Feature",
      "properties": {
        "id": 2456947357,
        "kind": "poi",
        "crossing": "uncontrolled",
        "crossing:markings": "lines",
        "highway": "crossing"
      },
      "geometry": {
        "type": "Point",
        "coordinates": [
          -80.2141061,
          25.7542788
        ]
      }
    },
    {
      "type": "Feature",
      "properties": {
        "id": 2456947387,
        "kind": "poi",
        "crossing": "traffic_signals",
        "crossing:markings": "ladder",
        "crossing:signals": "yes",
        "highway": "crossing"
      },
      "geometry": {
        "type": "Point",
        "coordinates": [
          -80.1994519,
          25.7613032
        ]
      }
    },
    {
      "type": "Feature",
      "properties": {
        "id": 2909554659,
        "kind": "poi",
        "crossing": "traffic_signals",
        "crossing:markings": "ladder",
        "crossing:signals": "yes",
        "crossing:signed": "yes",
        "highway": "crossing",
        "tactile_paving": "yes",
        "traffic_signals:countdown": "yes"
      },
      "geometry": {
        "type": "Point",
        "coordinates": [
          -80.2596765,
          25.7494679
        ]
      }
    },
    {
      "type": "Feature",
      "properties": {
        "id": 2909554661,
        "kind": "poi",
        "button_operated": "yes",
        "crossing": "traffic_signals",
        "crossing:markings": "ladder",
        "crossing:signed": "yes",
        "highway": "crossing",
        "tactile_paving": "yes",
        "traffic_signals:countdown": "yes",
        "traffic_signals:sound": "no",
        "traffic_signals:vibration": "no"
      },
      "geometry": {
        "type": "Point",
        "coordinates": [
          -80.2576498,
          25.7495825
        ]
      }
    },
    {
      "type": "Feature",
      "properties": {
        "id": 2909554663,
        "kind": "poi",
        "crossing": "traffic_signals",
        "crossing:markings": "ladder",
        "crossing:signed": "yes",
        "highway": "crossing",
        "traffic_signals:countdown": "yes"
      },
      "geometry": {
        "type": "Point",
        "coordinates": [
          -80.255877,
          25.7496873
        ]
      }
    },
    {
      "type": "Feature",
      "properties": {
        "id": 2909554667,
        "kind": "poi",
        "crossing": "traffic_signals",
        "crossing:markings": "lines",
        "highway": "crossing",
        "traffic_signals:countdown": "yes"
      },
      "geometry": {
        "type": "Point",
        "coordinates": [
          -80.2519702,
          25.7498867
        ]
      }
    },
    {
      "type": "Feature",
      "properties": {
        "id": 2967493828,
        "kind": "poi",
        "crossing": "unmarked",
        "crossing:markings": "no",
        "highway": "crossing",
        "tactile_paving": "yes"
      },
      "geometry": {
        "type": "Point",
        "coordinates": [
          -80.2591048,
          25.7947551
        ]
      }
    },
    {
      "type": "Feature",
      "properties": {
        "id": 3043048378,
        "kind": "poi",
        "crossing": "uncontrolled",
        "crossing:markings": "ladder",
        "highway": "crossing"
      },
      "geometry": {
        "type": "Point",
        "coordinates": [
          -80.1896188,
          25.7654215
        ]
      }
    },
    {
      "type": "Feature",
      "properties": {
        "id": 3088219408,
        "kind": "poi",
        "crossing": "marked",
        "crossing:markings": "ladder",
        "highway": "crossing"
      },
      "geometry": {
        "type": "Point",
        "coordinates": [
          -80.1941639,
          25.7881649
        ]
      }
    },
    {
      "type": "Feature",
      "properties": {
        "id": 3104912221,
        "kind": "poi",
        "crossing": "traffic_signals",
        "crossing:markings": "lines",
        "highway": "crossing"
      },
      "geometry": {
        "type": "Point",
        "coordinates": [
          -80.1906461,
          25.7660169
        ]
      }
    },
    {
      "type": "Feature",
      "properties": {
        "id": 3104912222,
        "kind": "poi",
        "crossing": "traffic_signals",
        "crossing:markings": "lines",
        "highway": "crossing"
      },
      "geometry": {
        "type": "Point",
        "coordinates": [
          -80.1908099,
          25.7660687
        ]
      }
    },
    {
      "type": "Feature",
      "properties": {
        "id": 3104912224,
        "kind": "poi",
        "crossing": "traffic_signals",
        "crossing:markings": "lines",
        "highway": "crossing"
      },
      "geometry": {
        "type": "Point",
        "coordinates": [
          -80.1908701,
          25.7662098
        ]
      }
    },
    {
      "type": "Feature",
      "properties": {
        "id": 3108176679,
        "kind": "poi",
        "crossing": "uncontrolled",
        "crossing:markings": "ladder",
        "highway": "crossing"
      },
      "geometry": {
        "type": "Point",
        "coordinates": [
          -80.258786,
          25.7462527
        ]
      }
    },
    {
      "type": "Feature",
      "properties": {
        "id": 3108176680,
        "kind": "poi",
        "crossing": "uncontrolled",
        "crossing:markings": "ladder",
        "highway": "crossing",
        "tactile_paving": "yes"
      },
      "geometry": {
        "type": "Point",
        "coordinates": [
          -80.2582239,
          25.7462836
        ]
      }
    },
    {
      "type": "Feature",
      "properties": {
        "id": 3108176728,
        "kind": "poi",
        "crossing": "uncontrolled",
        "crossing:markings": "zebra",
        "highway": "crossing"
      },
      "geometry": {
        "type": "Point",
        "coordinates": [
          -80.2587615,
          25.7456403
        ]
      }
    },
    {
      "type": "Feature",
      "properties": {
        "id": 3181937340,
        "kind": "poi",
        "crossing": "uncontrolled",
        "crossing:markings": "ladder",
        "highway": "crossing"
      },
      "geometry": {
        "type": "Point",
        "coordinates": [
          -80.1885817,
          25.7657597
        ]
      }
    },
    {
      "type": "Feature",
      "properties": {
        "id": 3258630778,
        "kind": "poi",
        "crossing": "unmarked",
        "crossing:markings": "no",
        "highway": "crossing"
      },
      "geometry": {
        "type": "Point",
        "coordinates": [
          -80.1867201,
          25.8108271
        ]
      }
    },
    {
      "type": "Feature",
      "properties": {
        "id": 3497862006,
        "kind": "poi",
        "crossing": "unmarked",
        "crossing:markings": "no",
        "highway": "crossing"
      },
      "geometry": {
        "type": "Point",
        "coordinates": [
          -80.1889151,
          25.7708437
        ]
      }
    },
    {
      "type": "Feature",
      "properties": {
        "id": 3525888778,
        "kind": "poi",
        "crossing": "uncontrolled",
        "crossing:markings": "lines",
        "highway": "crossing",
        "kerb": "lowered"
      },
      "geometry": {
        "type": "Point",
        "coordinates": [
          -80.2709555,
          25.7946039
        ]
      }
    },
    {
      "type": "Feature",
      "properties": {
        "id": 3525888789,
        "kind": "poi",
        "crossing": "uncontrolled",
        "crossing:markings": "lines",
        "highway": "crossing",
        "kerb": "lowered"
      },
      "geometry": {
        "type": "Point",
        "coordinates": [
          -80.2710295,
          25.7947017
        ]
      }
    },
    {
      "type": "Feature",
      "properties": {
        "id": 3525888818,
        "kind": "poi",
        "crossing": "traffic_signals",
        "crossing:markings": "lines",
        "highway": "crossing",
        "kerb": "lowered"
      },
      "geometry": {
        "type": "Point",
        "coordinates": [
          -80.2711445,
          25.795044
        ]
      }
    },
    {
      "type": "Feature",
      "properties": {
        "id": 3525888832,
        "kind": "poi",
        "crossing": "uncontrolled",
        "crossing:markings": "lines",
        "highway": "crossing"
      },
      "geometry": {
        "type": "Point",
        "coordinates": [
          -80.271176,
          25.7951571
        ]
      }
    },
    {
      "type": "Feature",
      "properties": {
        "id": 3526028208,
        "kind": "poi",
        "crossing": "unmarked",
        "crossing:markings": "no",
        "highway": "crossing"
      },
      "geometry": {
        "type": "Point",
        "coordinates": [
          -80.2583914,
          25.7956122
        ]
      }
    },
    {
      "type": "Feature",
      "properties": {
        "id": 3526028264,
        "kind": "poi",
        "crossing": "uncontrolled",
        "crossing:markings": "lines",
        "highway": "crossing"
      },
      "geometry": {
        "type": "Point",
        "coordinates": [
          -80.2577455,
          25.7966214
        ]
      }
    },
    {
      "type": "Feature",
      "properties": {
        "id": 3526028609,
        "kind": "poi",
        "crossing": "traffic_signals",
        "crossing:markings": "lines",
        "highway": "crossing"
      },
      "geometry": {
        "type": "Point",
        "coordinates": [
          -80.258882,
          25.798791
        ]
      }
    },
    {
      "type": "Feature",
      "properties": {
        "id": 3526028611,
        "kind": "poi",
        "crossing": "traffic_signals",
        "crossing:markings": "lines",
        "highway": "crossing"
      },
      "geometry": {
        "type": "Point",
        "coordinates": [
          -80.258893,
          25.7988548
        ]
      }
    },
    {
      "type": "Feature",
      "properties": {
        "id": 3526028624,
        "kind": "poi",
        "crossing": "uncontrolled",
        "crossing:markings": "lines",
        "crossing:signals": "no",
        "highway": "crossing",
        "tactile_paving": "yes"
      },
      "geometry": {
        "type": "Point",
        "coordinates": [
          -80.2586577,
          25.7989319
        ]
      }
    },
    {
      "type": "Feature",
      "properties": {
        "id": 3528256726,
        "kind": "poi",
        "crossing": "uncontrolled",
        "crossing:markings": "ladder",
        "highway": "crossing",
        "tactile_paving": "yes"
      },
      "geometry": {
        "type": "Point",
        "coordinates": [
          -80.2783094,
          25.7946768
        ]
      }
    },
    {
      "type": "Feature",
      "properties": {
        "id": 3528256728,
        "kind": "poi",
        "crossing": "uncontrolled",
        "crossing:markings": "ladder",
        "highway": "crossing",
        "tactile_paving": "yes"
      },
      "geometry": {
        "type": "Point",
        "coordinates": [
          -80.2784489,
          25.7946774
        ]
      }
    },
    {
      "type": "Feature",
      "properties": {
        "id": 3528256736,
        "kind": "poi",
        "crossing": "uncontrolled",
        "crossing:markings": "ladder",
        "highway": "crossing"
      },
      "geometry": {
        "type": "Point",
        "coordinates": [
          -80.27827,
          25.7947997
        ]
      }
    },
    {
      "type": "Feature",
      "properties": {
        "id": 3528256810,
        "kind": "poi",
        "crossing": "zebra",
        "highway": "crossing",
        "tactile_paving": "yes"
      },
      "geometry": {
        "type": "Point",
        "coordinates": [
          -80.278332,
          25.7950753
        ]
      }
    },
    {
      "type": "Feature",
      "properties": {
        "id": 3528256811,
        "kind": "poi",
        "crossing": "zebra",
        "highway": "crossing",
        "tactile_paving": "no"
      },
      "geometry": {
        "type": "Point",
        "coordinates": [
          -80.2784621,
          25.7950707
        ]
      }
    },
    {
      "type": "Feature",
      "properties": {
        "id": 3528256848,
        "kind": "poi",
        "crossing": "uncontrolled",
        "crossing:markings": "ladder",
        "highway": "crossing"
      },
      "geometry": {
        "type": "Point",
        "coordinates": [
          -80.2782949,
          25.7953515
        ]
      }
    },
    {
      "type": "Feature",
      "properties": {
        "id": 3528256860,
        "kind": "poi",
        "crossing": "uncontrolled",
        "crossing:markings": "ladder",
        "highway": "crossing",
        "tactile_paving": "yes"
      },
      "geometry": {
        "type": "Point",
        "coordinates": [
          -80.2783495,
          25.7954766
        ]
      }
    },
    {
      "type": "Feature",
      "properties": {
        "id": 3528256861,
        "kind": "poi",
        "crossing": "uncontrolled",
        "crossing:markings": "ladder",
        "highway": "crossing",
        "tactile_paving": "yes"
      },
      "geometry": {
        "type": "Point",
        "coordinates": [
          -80.2784768,
          25.7954672
        ]
      }
    },
    {
      "type": "Feature",
      "properties": {
        "id": 3528256905,
        "kind": "poi",
        "crossing": "uncontrolled",
        "crossing:markings": "ladder",
        "highway": "crossing",
        "tactile_paving": "no"
      },
      "geometry": {
        "type": "Point",
        "coordinates": [
          -80.2780663,
          25.7960547
        ]
      }
    },
    {
      "type": "Feature",
      "properties": {
        "id": 3528256908,
        "kind": "poi",
        "crossing": "uncontrolled",
        "crossing:markings": "ladder",
        "highway": "crossing",
        "tactile_paving": "no"
      },
      "geometry": {
        "type": "Point",
        "coordinates": [
          -80.2781393,
          25.7961312
        ]
      }
    },
    {
      "type": "Feature",
      "properties": {
        "id": 3533811824,
        "kind": "poi",
        "crossing": "uncontrolled",
        "crossing:markings": "zebra",
        "highway": "crossing"
      },
      "geometry": {
        "type": "Point",
        "coordinates": [
          -80.2658798,
          25.7899393
        ]
      }
    },
    {
      "type": "Feature",
      "properties": {
        "id": 3533811835,
        "kind": "poi",
        "crossing": "uncontrolled",
        "crossing:markings": "zebra",
        "highway": "crossing"
      },
      "geometry": {
        "type": "Point",
        "coordinates": [
          -80.266348,
          25.7874216
        ]
      }
    },
    {
      "type": "Feature",
      "properties": {
        "id": 3564036400,
        "kind": "poi",
        "crossing": "traffic_signals",
        "crossing:markings": "lines",
        "crossing:signals": "yes",
        "highway": "crossing"
      },
      "geometry": {
        "type": "Point",
        "coordinates": [
          -80.232293,
          25.8167084
        ]
      }
    },
    {
      "type": "Feature",
      "properties": {
        "id": 3564220141,
        "kind": "poi",
        "crossing": "uncontrolled",
        "crossing:markings": "lines",
        "crossing:signals": "no",
        "highway": "crossing"
      },
      "geometry": {
        "type": "Point",
        "coordinates": [
          -80.2321368,
          25.8131827
        ]
      }
    },
    {
      "type": "Feature",
      "properties": {
        "id": 3564220142,
        "kind": "poi",
        "crossing": "uncontrolled",
        "crossing:markings": "lines",
        "crossing:signals": "no",
        "highway": "crossing"
      },
      "geometry": {
        "type": "Point",
        "coordinates": [
          -80.2323026,
          25.8131647
        ]
      }
    },
    {
      "type": "Feature",
      "properties": {
        "id": 3583898480,
        "kind": "poi",
        "crossing": "traffic_signals",
        "crossing:markings": "lines",
        "crossing:signals": "yes",
        "highway": "crossing"
      },
      "geometry": {
        "type": "Point",
        "coordinates": [
          -80.2040218,
          25.7520576
        ]
      }
    },
    {
      "type": "Feature",
      "properties": {
        "id": 3583898481,
        "kind": "poi",
        "crossing": "traffic_signals",
        "crossing:markings": "lines",
        "crossing:signals": "yes",
        "highway": "crossing"
      },
      "geometry": {
        "type": "Point",
        "coordinates": [
          -80.2039216,
          25.7521264
        ]
      }
    },
    {
      "type": "Feature",
      "properties": {
        "id": 3584513316,
        "kind": "poi",
        "crossing": "traffic_signals",
        "crossing:markings": "ladder",
        "crossing:signals": "yes",
        "highway": "crossing"
      },
      "geometry": {
        "type": "Point",
        "coordinates": [
          -80.2325153,
          25.8179364
        ]
      }
    },
    {
      "type": "Feature",
      "properties": {
        "id": 3633128976,
        "kind": "poi",
        "highway": "crossing"
      },
      "geometry": {
        "type": "Point",
        "coordinates": [
          -80.1999406,
          25.7867642
        ]
      }
    },
    {
      "type": "Feature",
      "properties": {
        "id": 3676868097,
        "kind": "poi",
        "addr:city": "Miami",
        "addr:housenumber": "1611",
        "addr:postcode": "33136",
        "addr:state": "FL",
        "addr:street": "Northwest 12th Avenue",
        "amenity": "pharmacy",
        "drive_through": "no",
        "healthcare": "pharmacy",
        "name": "Ambulatory Care Center (ACC) Pharmacy",
        "opening_hours": "Mo-Fr 08:00-20:00; Sa-Su 08:00-16:00",
        "operator": "Jackson Health System"
      },
      "geometry": {
        "type": "Point",
        "coordinates": [
          -80.2121009,
          25.7911634
        ]
      }
    },
    {
      "type": "Feature",
      "properties": {
        "id": 3703480273,
        "kind": "poi",
        "crossing": "zebra",
        "highway": "crossing"
      },
      "geometry": {
        "type": "Point",
        "coordinates": [
          -80.2257973,
          25.80985
        ]
      }
    },
    {
      "type": "Feature",
      "properties": {
        "id": 3703480305,
        "kind": "poi",
        "crossing": "zebra",
        "highway": "crossing"
      },
      "geometry": {
        "type": "Point",
        "coordinates": [
          -80.2246878,
          25.8104454
        ]
      }
    },
    {
      "type": "Feature",
      "properties": {
        "id": 3902293034,
        "kind": "poi",
        "crossing": "traffic_signals",
        "crossing:island": "no",
        "crossing:markings": "ladder",
        "crossing:signals": "yes",
        "highway": "crossing"
      },
      "geometry": {
        "type": "Point",
        "coordinates": [
          -80.2299965,
          25.7427335
        ]
      }
    },
    {
      "type": "Feature",
      "properties": {
        "id": 3902293036,
        "kind": "poi",
        "crossing": "traffic_signals",
        "crossing:island": "no",
        "crossing:markings": "ladder",
        "crossing:signals": "yes",
        "highway": "crossing",
        "tactile_paving": "yes"
      },
      "geometry": {
        "type": "Point",
        "coordinates": [
          -80.229825,
          25.7427317
        ]
      }
    },
    {
      "type": "Feature",
      "properties": {
        "id": 3902293038,
        "kind": "poi",
        "crossing": "traffic_signals",
        "crossing:island": "no",
        "crossing:markings": "ladder",
        "crossing:signals": "yes",
        "highway": "crossing"
      },
      "geometry": {
        "type": "Point",
        "coordinates": [
          -80.2217576,
          25.7456691
        ]
      }
    },
    {
      "type": "Feature",
      "properties": {
        "id": 3902293040,
        "kind": "poi",
        "crossing": "traffic_signals",
        "crossing:island": "no",
        "crossing:markings": "ladder",
        "crossing:signals": "yes",
        "highway": "crossing"
      },
      "geometry": {
        "type": "Point",
        "coordinates": [
          -80.2215895,
          25.7458045
        ]
      }
    },
    {
      "type": "Feature",
      "properties": {
        "id": 3902293041,
        "kind": "poi",
        "crossing": "traffic_signals",
        "crossing:island": "no",
        "crossing:markings": "ladder",
        "crossing:signals": "yes",
        "highway": "crossing"
      },
      "geometry": {
        "type": "Point",
        "coordinates": [
          -80.2215958,
          25.7459374
        ]
      }
    },
    {
      "type": "Feature",
      "properties": {
        "id": 3902293051,
        "kind": "poi",
        "crossing": "traffic_signals",
        "crossing:island": "no",
        "crossing:markings": "ladder",
        "crossing:signals": "yes",
        "highway": "crossing"
      },
      "geometry": {
        "type": "Point",
        "coordinates": [
          -80.2015081,
          25.7518499
        ]
      }
    },
    {
      "type": "Feature",
      "properties": {
        "id": 3902293052,
        "kind": "poi",
        "crossing": "traffic_signals",
        "crossing:island": "no",
        "crossing:markings": "ladder",
        "crossing:signals": "yes",
        "highway": "crossing"
      },
      "geometry": {
        "type": "Point",
        "coordinates": [
          -80.2014762,
          25.7518717
        ]
      }
    },
    {
      "type": "Feature",
      "properties": {
        "id": 3902293053,
        "kind": "poi",
        "crossing": "unmarked",
        "crossing:markings": "no",
        "highway": "crossing"
      },
      "geometry": {
        "type": "Point",
        "coordinates": [
          -80.1997294,
          25.75308
        ]
      }
    },
    {
      "type": "Feature",
      "properties": {
        "id": 3902293054,
        "kind": "poi",
        "crossing": "uncontrolled",
        "crossing:markings": "ladder",
        "highway": "crossing"
      },
      "geometry": {
        "type": "Point",
        "coordinates": [
          -80.1987697,
          25.7537342
        ]
      }
    },
    {
      "type": "Feature",
      "properties": {
        "id": 3902293055,
        "kind": "poi",
        "crossing": "uncontrolled",
        "crossing:markings": "ladder",
        "highway": "crossing"
      },
      "geometry": {
        "type": "Point",
        "coordinates": [
          -80.1964709,
          25.7553179
        ]
      }
    },
    {
      "type": "Feature",
      "properties": {
        "id": 3902293056,
        "kind": "poi",
        "highway": "crossing"
      },
      "geometry": {
        "type": "Point",
        "coordinates": [
          -80.1958447,
          25.755745
        ]
      }
    },
    {
      "type": "Feature",
      "properties": {
        "id": 3902293157,
        "kind": "poi",
        "highway": "crossing"
      },
      "geometry": {
        "type": "Point",
        "coordinates": [
          -80.1939132,
          25.7570664
        ]
      }
    },
    {
      "type": "Feature",
      "properties": {
        "id": 3902293158,
        "kind": "poi",
        "highway": "crossing"
      },
      "geometry": {
        "type": "Point",
        "coordinates": [
          -80.1938498,
          25.7571055
        ]
      }
    },
    {
      "type": "Feature",
      "properties": {
        "id": 3902293159,
        "kind": "poi",
        "crossing": "traffic_signals",
        "crossing:island": "no",
        "crossing:markings": "lines",
        "crossing:signals": "yes",
        "highway": "crossing"
      },
      "geometry": {
        "type": "Point",
        "coordinates": [
          -80.1928033,
          25.7578475
        ]
      }
    },
    {
      "type": "Feature",
      "properties": {
        "id": 3902293161,
        "kind": "poi",
        "crossing": "traffic_signals",
        "crossing:island": "no",
        "crossing:markings": "lines",
        "crossing:signals": "yes",
        "highway": "crossing"
      },
      "geometry": {
        "type": "Point",
        "coordinates": [
          -80.1927285,
          25.7579597
        ]
      }
    },
    {
      "type": "Feature",
      "properties": {
        "id": 3902293163,
        "kind": "poi",
        "crossing": "uncontrolled",
        "crossing:markings": "ladder",
        "highway": "crossing"
      },
      "geometry": {
        "type": "Point",
        "coordinates": [
          -80.1976221,
          25.7545264
        ]
      }
    },
    {
      "type": "Feature",
      "properties": {
        "id": 3902293166,
        "kind": "poi",
        "crossing": "uncontrolled",
        "crossing:markings": "ladder",
        "crossing:signals": "no",
        "highway": "crossing"
      },
      "geometry": {
        "type": "Point",
        "coordinates": [
          -80.2031511,
          25.7510355
        ]
      }
    },
    {
      "type": "Feature",
      "properties": {
        "id": 3902293168,
        "kind": "poi",
        "crossing": "marked",
        "crossing:markings": "yes",
        "highway": "crossing"
      },
      "geometry": {
        "type": "Point",
        "coordinates": [
          -80.2035315,
          25.7507887
        ]
      }
    },
    {
      "type": "Feature",
      "properties": {
        "id": 3902293181,
        "kind": "poi",
        "crossing": "traffic_signals",
        "crossing:markings": "lines",
        "crossing:signals": "yes",
        "highway": "crossing"
      },
      "geometry": {
        "type": "Point",
        "coordinates": [
          -80.2038106,
          25.7518084
        ]
      }
    },
    {
      "type": "Feature",
      "properties": {
        "id": 3902293184,
        "kind": "poi",
        "crossing": "uncontrolled",
        "crossing:markings": "zebra",
        "crossing:signals": "no",
        "highway": "crossing"
      },
      "geometry": {
        "type": "Point",
        "coordinates": [
          -80.2045454,
          25.7513098
        ]
      }
    },
    {
      "type": "Feature",
      "properties": {
        "id": 3902293186,
        "kind": "poi",
        "crossing": "traffic_signals",
        "crossing:markings": "zebra",
        "crossing:signals": "yes",
        "highway": "crossing"
      },
      "geometry": {
        "type": "Point",
        "coordinates": [
          -80.2047061,
          25.7514632
        ]
      }
    },
    {
      "type": "Feature",
      "properties": {
        "id": 3902293190,
        "kind": "poi",
        "crossing": "traffic_signals",
        "crossing:markings": "ladder",
        "crossing:signals": "yes",
        "highway": "crossing"
      },
      "geometry": {
        "type": "Point",
        "coordinates": [
          -80.2046299,
          25.7512628
        ]
      }
    },
    {
      "type": "Feature",
      "properties": {
        "id": 3902293191,
        "kind": "poi",
        "crossing": "traffic_signals",
        "crossing:markings": "ladder",
        "crossing:signals": "yes",
        "highway": "crossing"
      },
      "geometry": {
        "type": "Point",
        "coordinates": [
          -80.2047502,
          25.7511808
        ]
      }
    },
    {
      "type": "Feature",
      "properties": {
        "id": 3902293193,
        "kind": "poi",
        "crossing": "uncontrolled",
        "crossing:markings": "zebra",
        "crossing:signals": "no",
        "highway": "crossing"
      },
      "geometry": {
        "type": "Point",
        "coordinates": [
          -80.2048534,
          25.7510828
        ]
      }
    },
    {
      "type": "Feature",
      "properties": {
        "id": 3902293195,
        "kind": "poi",
        "crossing": "traffic_signals",
        "crossing:markings": "zebra",
        "crossing:signals": "yes",
        "highway": "crossing"
      },
      "geometry": {
        "type": "Point",
        "coordinates": [
          -80.2048823,
          25.751196
        ]
      }
    },
    {
      "type": "Feature",
      "properties": {
        "id": 3902293196,
        "kind": "poi",
        "crossing": "traffic_signals",
        "crossing:markings": "zebra",
        "crossing:signals": "yes",
        "highway": "crossing"
      },
      "geometry": {
        "type": "Point",
        "coordinates": [
          -80.2049516,
          25.7512954
        ]
      }
    },
    {
      "type": "Feature",
      "properties": {
        "id": 3902293198,
        "kind": "poi",
        "crossing": "uncontrolled",
        "crossing:markings": "zebra",
        "crossing:signals": "no",
        "crossing:signed": "yes",
        "highway": "crossing"
      },
      "geometry": {
        "type": "Point",
        "coordinates": [
          -80.2050449,
          25.7513511
        ]
      }
    },
    {
      "type": "Feature",
      "properties": {
        "id": 3902293204,
        "kind": "poi",
        "crossing": "unmarked",
        "crossing:markings": "no",
        "highway": "crossing"
      },
      "geometry": {
        "type": "Point",
        "coordinates": [
          -80.2056395,
          25.752179
        ]
      }
    },
    {
      "type": "Feature",
      "properties": {
        "id": 3902293207,
        "kind": "poi",
        "crossing": "uncontrolled",
        "crossing:markings": "lines",
        "crossing:signals": "no",
        "highway": "crossing"
      },
      "geometry": {
        "type": "Point",
        "coordinates": [
          -80.2062712,
          25.752969
        ]
      }
    },
    {
      "type": "Feature",
      "properties": {
        "id": 3905551867,
        "kind": "poi",
        "button_operated": "yes",
        "crossing": "traffic_signals",
        "crossing:island": "no",
        "crossing:markings": "lines",
        "highway": "crossing",
        "tactile_paving": "yes",
        "traffic_signals:sound": "no",
        "traffic_signals:vibration": "no"
      },
      "geometry": {
        "type": "Point",
        "coordinates": [
          -80.2561703,
          25.7989643
        ]
      }
    },
    {
      "type": "Feature",
      "properties": {
        "id": 3905551868,
        "kind": "poi",
        "button_operated": "yes",
        "crossing": "traffic_signals",
        "crossing:island": "no",
        "crossing:markings": "lines",
        "highway": "crossing",
        "tactile_paving": "yes",
        "traffic_signals:sound": "no",
        "traffic_signals:vibration": "no"
      },
      "geometry": {
        "type": "Point",
        "coordinates": [
          -80.2563497,
          25.7990983
        ]
      }
    },
    {
      "type": "Feature",
      "properties": {
        "id": 3905551883,
        "kind": "poi",
        "crossing": "traffic_signals",
        "crossing:island": "no",
        "crossing:markings": "lines",
        "highway": "crossing"
      },
      "geometry": {
        "type": "Point",
        "coordinates": [
          -80.2590083,
          25.7989007
        ]
      }
    },
    {
      "type": "Feature",
      "properties": {
        "id": 3905551897,
        "kind": "poi",
        "crossing": "uncontrolled",
        "crossing:markings": "lines",
        "highway": "crossing"
      },
      "geometry": {
        "type": "Point",
        "coordinates": [
          -80.2641941,
          25.7995027
        ]
      }
    },
    {
      "type": "Feature",
      "properties": {
        "id": 3905551900,
        "kind": "poi",
        "highway": "crossing"
      },
      "geometry": {
        "type": "Point",
        "coordinates": [
          -80.2579271,
          25.8028702
        ]
      }
    },
    {
      "type": "Feature",
      "properties": {
        "id": 3905551909,
        "kind": "poi",
        "crossing": "uncontrolled",
        "crossing:markings": "ladder",
        "highway": "crossing",
        "tactile_paving": "yes"
      },
      "geometry": {
        "type": "Point",
        "coordinates": [
          -80.2586365,
          25.7950549
        ]
      }
    },
    {
      "type": "Feature",
      "properties": {
        "id": 3905551912,
        "kind": "poi",
        "crossing": "uncontrolled",
        "crossing:markings": "lines",
        "highway": "crossing"
      },
      "geometry": {
        "type": "Point",
        "coordinates": [
          -80.2577191,
          25.7950711
        ]
      }
    },
    {
      "type": "Feature",
      "properties": {
        "id": 3905551921,
        "kind": "poi",
        "crossing": "uncontrolled",
        "crossing:markings": "lines",
        "highway": "crossing"
      },
      "geometry": {
        "type": "Point",
        "coordinates": [
          -80.2577645,
          25.7956476
        ]
      }
    },
    {
      "type": "Feature",
      "properties": {
        "id": 3905551924,
        "kind": "poi",
        "crossing": "uncontrolled",
        "crossing:markings": "ladder",
        "highway": "crossing"
      },
      "geometry": {
        "type": "Point",
        "coordinates": [
          -80.2577145,
          25.7957234
        ]
      }
    },
    {
      "type": "Feature",
      "properties": {
        "id": 3905551930,
        "kind": "poi",
        "button_operated": "yes",
        "crossing": "traffic_signals",
        "crossing:island": "no",
        "crossing:markings": "lines",
        "highway": "crossing",
        "tactile_paving": "yes",
        "traffic_signals:sound": "no",
        "traffic_signals:vibration": "no"
      },
      "geometry": {
        "type": "Point",
        "coordinates": [
          -80.2564537,
          25.7989536
        ]
      }
    },
    {
      "type": "Feature",
      "properties": {
        "id": 3905551933,
        "kind": "poi",
        "button_operated": "yes",
        "crossing": "traffic_signals",
        "crossing:island": "no",
        "crossing:markings": "lines",
        "highway": "crossing",
        "tactile_paving": "yes",
        "traffic_signals:sound": "no",
        "traffic_signals:vibration": "no"
      },
      "geometry": {
        "type": "Point",
        "coordinates": [
          -80.2562533,
          25.7988063
        ]
      }
    },
    {
      "type": "Feature",
      "properties": {
        "id": 3905551953,
        "kind": "poi",
        "crossing": "traffic_signals",
        "crossing:markings": "lines",
        "crossing:signals": "yes",
        "highway": "crossing",
        "tactile_paving": "yes",
        "traffic_signals:sound": "no"
      },
      "geometry": {
        "type": "Point",
        "coordinates": [
          -80.2578141,
          25.7988418
        ]
      }
    },
    {
      "type": "Feature",
      "properties": {
        "id": 3905551968,
        "kind": "poi",
        "crossing": "uncontrolled",
        "crossing:markings": "lines",
        "highway": "crossing",
        "tactile_paving": "yes"
      },
      "geometry": {
        "type": "Point",
        "coordinates": [
          -80.25779,
          25.7965342
        ]
      }
    },
    {
      "type": "Feature",
      "properties": {
        "id": 3905551971,
        "kind": "poi",
        "button_operated": "yes",
        "crossing": "traffic_signals",
        "crossing:markings": "ladder",
        "highway": "crossing",
        "tactile_paving": "yes",
        "traffic_signals:sound": "no",
        "traffic_signals:vibration": "no"
      },
      "geometry": {
        "type": "Point",
        "coordinates": [
          -80.2587872,
          25.7950049
        ]
      }
    },
    {
      "type": "Feature",
      "properties": {
        "id": 3905551972,
        "kind": "poi",
        "button_operated": "yes",
        "crossing": "traffic_signals",
        "crossing:markings": "ladder",
        "highway": "crossing",
        "tactile_paving": "yes",
        "traffic_signals:sound": "no",
        "traffic_signals:vibration": "no"
      },
      "geometry": {
        "type": "Point",
        "coordinates": [
          -80.2587903,
          25.7948836
        ]
      }
    },
    {
      "type": "Feature",
      "properties": {
        "id": 3905551975,
        "kind": "poi",
        "crossing": "uncontrolled",
        "crossing:markings": "lines",
        "highway": "crossing"
      },
      "geometry": {
        "type": "Point",
        "coordinates": [
          -80.2642095,
          25.8002191
        ]
      }
    },
    {
      "type": "Feature",
      "properties": {
        "id": 3905551979,
        "kind": "poi",
        "crossing": "uncontrolled",
        "crossing:island": "no",
        "crossing:markings": "lines",
        "crossing:signals": "yes",
        "highway": "crossing"
      },
      "geometry": {
        "type": "Point",
        "coordinates": [
          -80.2642043,
          25.8009982
        ]
      }
    },
    {
      "type": "Feature",
      "properties": {
        "id": 3905551985,
        "kind": "poi",
        "crossing": "unmarked",
        "crossing:markings": "no",
        "highway": "crossing"
      },
      "geometry": {
        "type": "Point",
        "coordinates": [
          -80.2642462,
          25.8019837
        ]
      }
    },
    {
      "type": "Feature",
      "properties": {
        "id": 3905551993,
        "kind": "poi",
        "crossing": "uncontrolled",
        "crossing:island": "no",
        "crossing:markings": "lines",
        "crossing:signals": "yes",
        "highway": "crossing"
      },
      "geometry": {
        "type": "Point",
        "coordinates": [
          -80.2642557,
          25.8034652
        ]
      }
    },
    {
      "type": "Feature",
      "properties": {
        "id": 3906576061,
        "kind": "poi",
        "crossing": "marked",
        "crossing:markings": "ladder",
        "highway": "crossing"
      },
      "geometry": {
        "type": "Point",
        "coordinates": [
          -80.2258307,
          25.8094941
        ]
      }
    },
    {
      "type": "Feature",
      "properties": {
        "id": 3906696638,
        "kind": "poi",
        "crossing": "uncontrolled",
        "crossing:markings": "ladder",
        "highway": "crossing"
      },
      "geometry": {
        "type": "Point",
        "coordinates": [
          -80.1886066,
          25.7656719
        ]
      }
    },
    {
      "type": "Feature",
      "properties": {
        "id": 3906696647,
        "kind": "poi",
        "crossing": "uncontrolled",
        "crossing:markings": "ladder",
        "highway": "crossing"
      },
      "geometry": {
        "type": "Point",
        "coordinates": [
          -80.1894119,
          25.7597876
        ]
      }
    },
    {
      "type": "Feature",
      "properties": {
        "id": 3906696650,
        "kind": "poi",
        "crossing": "uncontrolled",
        "crossing:markings": "ladder",
        "highway": "crossing"
      },
      "geometry": {
        "type": "Point",
        "coordinates": [
          -80.1905949,
          25.7567909
        ]
      }
    },
    {
      "type": "Feature",
      "properties": {
        "id": 3906698560,
        "kind": "poi",
        "crossing": "traffic_signals",
        "crossing:markings": "lines",
        "highway": "crossing"
      },
      "geometry": {
        "type": "Point",
        "coordinates": [
          -80.1905432,
          25.7661027
        ]
      }
    },
    {
      "type": "Feature",
      "properties": {
        "id": 3906698561,
        "kind": "poi",
        "crossing": "traffic_signals",
        "crossing:markings": "lines",
        "highway": "crossing"
      },
      "geometry": {
        "type": "Point",
        "coordinates": [
          -80.1905282,
          25.7661626
        ]
      }
    },
    {
      "type": "Feature",
      "properties": {
        "id": 3906698602,
        "kind": "poi",
        "crossing": "traffic_signals",
        "crossing:markings": "lines",
        "highway": "crossing"
      },
      "geometry": {
        "type": "Point",
        "coordinates": [
          -80.1874175,
          25.7709642
        ]
      }
    },
    {
      "type": "Feature",
      "properties": {
        "id": 3906698619,
        "kind": "poi",
        "crossing": "traffic_signals",
        "crossing:markings": "ladder",
        "highway": "crossing"
      },
      "geometry": {
        "type": "Point",
        "coordinates": [
          -80.1877909,
          25.7771012
        ]
      }
    },
    {
      "type": "Feature",
      "properties": {
        "id": 3906698623,
        "kind": "poi",
        "crossing": "traffic_signals",
        "crossing:markings": "ladder",
        "highway": "crossing"
      },
      "geometry": {
        "type": "Point",
        "coordinates": [
          -80.1879521,
          25.7781951
        ]
      }
    },
    {
      "type": "Feature",
      "properties": {
        "id": 3906698630,
        "kind": "poi",
        "crossing": "traffic_signals",
        "crossing:markings": "ladder",
        "highway": "crossing",
        "tactile_paving": "no"
      },
      "geometry": {
        "type": "Point",
        "coordinates": [
          -80.1884913,
          25.77957
        ]
      }
    },
    {
      "type": "Feature",
      "properties": {
        "id": 3906698633,
        "kind": "poi",
        "crossing": "traffic_signals",
        "crossing:markings": "ladder",
        "highway": "crossing",
        "tactile_paving": "no"
      },
      "geometry": {
        "type": "Point",
        "coordinates": [
          -80.1887445,
          25.7800913
        ]
      }
    },
    {
      "type": "Feature",
      "properties": {
        "id": 3906698640,
        "kind": "poi",
        "crossing": "traffic_signals",
        "crossing:island": "no",
        "crossing:markings": "ladder",
        "highway": "crossing"
      },
      "geometry": {
        "type": "Point",
        "coordinates": [
          -80.1892019,
          25.7819898
        ]
      }
    },
    {
      "type": "Feature",
      "properties": {
        "id": 3906698645,
        "kind": "poi",
        "crossing": "traffic_signals",
        "crossing:markings": "ladder",
        "highway": "crossing"
      },
      "geometry": {
        "type": "Point",
        "coordinates": [
          -80.1892073,
          25.7840059
        ]
      }
    },
    {
      "type": "Feature",
      "properties": {
        "id": 3906698648,
        "kind": "poi",
        "crossing": "traffic_signals",
        "crossing:markings": "ladder",
        "highway": "crossing"
      },
      "geometry": {
        "type": "Point",
        "coordinates": [
          -80.1892924,
          25.7821707
        ]
      }
    },
    {
      "type": "Feature",
      "properties": {
        "id": 3906698649,
        "kind": "poi",
        "crossing": "traffic_signals",
        "crossing:markings": "ladder",
        "highway": "crossing"
      },
      "geometry": {
        "type": "Point",
        "coordinates": [
          -80.189552,
          25.7821625
        ]
      }
    },
    {
      "type": "Feature",
      "properties": {
        "id": 3906698651,
        "kind": "poi",
        "crossing": "traffic_signals",
        "crossing:markings": "ladder",
        "highway": "crossing"
      },
      "geometry": {
        "type": "Point",
        "coordinates": [
          -80.1890856,
          25.7848965
        ]
      }
    },
    {
      "type": "Feature",
      "properties": {
        "id": 3906698663,
        "kind": "poi",
        "crossing": "traffic_signals",
        "crossing:markings": "lines",
        "highway": "crossing"
      },
      "geometry": {
        "type": "Point",
        "coordinates": [
          -80.1889581,
          25.787039
        ]
      }
    },
    {
      "type": "Feature",
      "properties": {
        "id": 3906698666,
        "kind": "poi",
        "crossing": "traffic_signals",
        "crossing:markings": "ladder",
        "highway": "crossing",
        "traffic_signals:countdown": "yes"
      },
      "geometry": {
        "type": "Point",
        "coordinates": [
          -80.1890152,
          25.7882636
        ]
      }
    },
    {
      "type": "Feature",
      "properties": {
        "id": 3906790457,
        "kind": "poi",
        "crossing": "traffic_signals",
        "highway": "crossing"
      },
      "geometry": {
        "type": "Point",
        "coordinates": [
          -80.1880426,
          25.7871597
        ]
      }
    },
    {
      "type": "Feature",
      "properties": {
        "id": 3906790458,
        "kind": "poi",
        "crossing": "traffic_signals",
        "highway": "crossing"
      },
      "geometry": {
        "type": "Point",
        "coordinates": [
          -80.1879194,
          25.7871539
        ]
      }
    },
    {
      "type": "Feature",
      "properties": {
        "id": 3906790460,
        "kind": "poi",
        "crossing": "traffic_signals",
        "crossing:markings": "lines",
        "highway": "crossing"
      },
      "geometry": {
        "type": "Point",
        "coordinates": [
          -80.1891008,
          25.7869355
        ]
      }
    },
    {
      "type": "Feature",
      "properties": {
        "id": 3906812266,
        "kind": "poi",
        "highway": "crossing"
      },
      "geometry": {
        "type": "Point",
        "coordinates": [
          -80.1869794,
          25.7973769
        ]
      }
    },
    {
      "type": "Feature",
      "properties": {
        "id": 3906812270,
        "kind": "poi",
        "crossing": "uncontrolled",
        "crossing:markings": "ladder",
        "crossing:signals": "no",
        "highway": "crossing"
      },
      "geometry": {
        "type": "Point",
        "coordinates": [
          -80.1865097,
          25.7936062
        ]
      }
    },
    {
      "type": "Feature",
      "properties": {
        "id": 3906812271,
        "kind": "poi",
        "crossing": "uncontrolled",
        "crossing:markings": "ladder",
        "crossing:signals": "no",
        "highway": "crossing"
      },
      "geometry": {
        "type": "Point",
        "coordinates": [
          -80.1865142,
          25.7936999
        ]
      }
    },
    {
      "type": "Feature",
      "properties": {
        "id": 3906812273,
        "kind": "poi",
        "crossing": "uncontrolled",
        "crossing:markings": "ladder",
        "crossing:signals": "no",
        "highway": "crossing"
      },
      "geometry": {
        "type": "Point",
        "coordinates": [
          -80.1870535,
          25.7919411
        ]
      }
    },
    {
      "type": "Feature",
      "properties": {
        "id": 3906812274,
        "kind": "poi",
        "crossing": "uncontrolled",
        "crossing:markings": "ladder",
        "crossing:signals": "no",
        "highway": "crossing"
      },
      "geometry": {
        "type": "Point",
        "coordinates": [
          -80.1871889,
          25.79193
        ]
      }
    },
    {
      "type": "Feature",
      "properties": {
        "id": 3906812283,
        "kind": "poi",
        "crossing": "traffic_signals",
        "crossing:markings": "lines",
        "highway": "crossing"
      },
      "geometry": {
        "type": "Point",
        "coordinates": [
          -80.1891126,
          25.7871495
        ]
      }
    },
    {
      "type": "Feature",
      "properties": {
        "id": 3992304935,
        "kind": "poi",
        "crossing": "traffic_signals",
        "crossing:markings": "ladder",
        "crossing:signals": "yes",
        "highway": "crossing",
        "tactile_paving": "yes",
        "traffic_signals:countdown": "yes"
      },
      "geometry": {
        "type": "Point",
        "coordinates": [
          -80.2553611,
          25.7718703
        ]
      }
    },
    {
      "type": "Feature",
      "properties": {
        "id": 3992304982,
        "kind": "poi",
        "crossing": "unmarked",
        "crossing:markings": "no",
        "highway": "crossing"
      },
      "geometry": {
        "type": "Point",
        "coordinates": [
          -80.2310835,
          25.7722515
        ]
      }
    },
    {
      "type": "Feature",
      "properties": {
        "id": 3992305377,
        "kind": "poi",
        "crossing": "uncontrolled",
        "crossing:markings": "lines",
        "highway": "crossing"
      },
      "geometry": {
        "type": "Point",
        "coordinates": [
          -80.2578002,
          25.7952237
        ]
      }
    },
    {
      "type": "Feature",
      "properties": {
        "id": 3997820583,
        "kind": "poi",
        "crossing": "uncontrolled",
        "crossing:markings": "lines",
        "highway": "crossing"
      },
      "geometry": {
        "type": "Point",
        "coordinates": [
          -80.2585643,
          25.7405175
        ]
      }
    },
    {
      "type": "Feature",
      "properties": {
        "id": 4009818097,
        "kind": "poi",
        "crossing": "uncontrolled",
        "crossing:markings": "ladder",
        "highway": "crossing"
      },
      "geometry": {
        "type": "Point",
        "coordinates": [
          -80.2769022,
          25.7937248
        ]
      }
    },
    {
      "type": "Feature",
      "properties": {
        "id": 4009818102,
        "kind": "poi",
        "crossing": "uncontrolled",
        "crossing:markings": "ladder",
        "highway": "crossing",
        "tactile_paving": "yes"
      },
      "geometry": {
        "type": "Point",
        "coordinates": [
          -80.276131,
          25.793757
        ]
      }
    },
    {
      "type": "Feature",
      "properties": {
        "id": 4009818106,
        "kind": "poi",
        "crossing": "uncontrolled",
        "crossing:markings": "ladder",
        "highway": "crossing",
        "tactile_paving": "yes"
      },
      "geometry": {
        "type": "Point",
        "coordinates": [
          -80.27547,
          25.7937871
        ]
      }
    },
    {
      "type": "Feature",
      "properties": {
        "id": 4009818107,
        "kind": "poi",
        "crossing": "uncontrolled",
        "crossing:markings": "ladder",
        "highway": "crossing"
      },
      "geometry": {
        "type": "Point",
        "coordinates": [
          -80.2775072,
          25.793794
        ]
      }
    },
    {
      "type": "Feature",
      "properties": {
        "id": 4009818110,
        "kind": "poi",
        "crossing": "uncontrolled",
        "crossing:markings": "ladder",
        "highway": "crossing"
      },
      "geometry": {
        "type": "Point",
        "coordinates": [
          -80.2769135,
          25.7938481
        ]
      }
    },
    {
      "type": "Feature",
      "properties": {
        "id": 4009818116,
        "kind": "poi",
        "crossing": "uncontrolled",
        "crossing:markings": "ladder",
        "highway": "crossing",
        "tactile_paving": "yes"
      },
      "geometry": {
        "type": "Point",
        "coordinates": [
          -80.2761133,
          25.7938815
        ]
      }
    },
    {
      "type": "Feature",
      "properties": {
        "id": 4009818117,
        "kind": "poi",
        "crossing": "uncontrolled",
        "crossing:markings": "ladder",
        "highway": "crossing"
      },
      "geometry": {
        "type": "Point",
        "coordinates": [
          -80.2774636,
          25.7938881
        ]
      }
    },
    {
      "type": "Feature",
      "properties": {
        "id": 4009818128,
        "kind": "poi",
        "crossing": "uncontrolled",
        "crossing:markings": "ladder",
        "highway": "crossing"
      },
      "geometry": {
        "type": "Point",
        "coordinates": [
          -80.2780046,
          25.7940246
        ]
      }
    },
    {
      "type": "Feature",
      "properties": {
        "id": 4009818129,
        "kind": "poi",
        "crossing": "uncontrolled",
        "crossing:markings": "ladder",
        "highway": "crossing",
        "tactile_paving": "no"
      },
      "geometry": {
        "type": "Point",
        "coordinates": [
          -80.2754539,
          25.7940707
        ]
      }
    },
    {
      "type": "Feature",
      "properties": {
        "id": 4009818131,
        "kind": "poi",
        "crossing": "uncontrolled",
        "crossing:markings": "ladder",
        "highway": "crossing"
      },
      "geometry": {
        "type": "Point",
        "coordinates": [
          -80.2750117,
          25.7940888
        ]
      }
    },
    {
      "type": "Feature",
      "properties": {
        "id": 4009818132,
        "kind": "poi",
        "crossing": "uncontrolled",
        "crossing:markings": "ladder",
        "highway": "crossing"
      },
      "geometry": {
        "type": "Point",
        "coordinates": [
          -80.2779578,
          25.7941178
        ]
      }
    },
    {
      "type": "Feature",
      "properties": {
        "id": 4009818155,
        "kind": "poi",
        "crossing": "uncontrolled",
        "crossing:markings": "lines",
        "highway": "crossing",
        "tactile_paving": "no"
      },
      "geometry": {
        "type": "Point",
        "coordinates": [
          -80.2563269,
          25.7949186
        ]
      }
    },
    {
      "type": "Feature",
      "properties": {
        "id": 4009818334,
        "kind": "poi",
        "crossing": "uncontrolled",
        "crossing:markings": "ladder",
        "highway": "crossing"
      },
      "geometry": {
        "type": "Point",
        "coordinates": [
          -80.2778181,
          25.7959942
        ]
      }
    },
    {
      "type": "Feature",
      "properties": {
        "id": 4009818336,
        "kind": "poi",
        "crossing": "uncontrolled",
        "crossing:markings": "ladder",
        "highway": "crossing"
      },
      "geometry": {
        "type": "Point",
        "coordinates": [
          -80.2778154,
          25.7960173
        ]
      }
    },
    {
      "type": "Feature",
      "properties": {
        "id": 4009818337,
        "kind": "poi",
        "crossing": "uncontrolled",
        "crossing:markings": "ladder",
        "highway": "crossing"
      },
      "geometry": {
        "type": "Point",
        "coordinates": [
          -80.2778832,
          25.7960592
        ]
      }
    },
    {
      "type": "Feature",
      "properties": {
        "id": 4009818354,
        "kind": "poi",
        "crossing": "uncontrolled",
        "crossing:markings": "ladder",
        "highway": "crossing",
        "tactile_paving": "no"
      },
      "geometry": {
        "type": "Point",
        "coordinates": [
          -80.2771792,
          25.7964106
        ]
      }
    },
    {
      "type": "Feature",
      "properties": {
        "id": 4009818359,
        "kind": "poi",
        "crossing": "uncontrolled",
        "crossing:markings": "ladder",
        "highway": "crossing",
        "tactile_paving": "yes"
      },
      "geometry": {
        "type": "Point",
        "coordinates": [
          -80.2763748,
          25.7964345
        ]
      }
    },
    {
      "type": "Feature",
      "properties": {
        "id": 4009818360,
        "kind": "poi",
        "crossing": "uncontrolled",
        "crossing:markings": "ladder",
        "highway": "crossing",
        "tactile_paving": "no"
      },
      "geometry": {
        "type": "Point",
        "coordinates": [
          -80.2755608,
          25.7964689
        ]
      }
    },
    {
      "type": "Feature",
      "properties": {
        "id": 4009818364,
        "kind": "poi",
        "crossing": "uncontrolled",
        "crossing:markings": "ladder",
        "highway": "crossing",
        "tactile_paving": "yes"
      },
      "geometry": {
        "type": "Point",
        "coordinates": [
          -80.2763743,
          25.7965545
        ]
      }
    },
    {
      "type": "Feature",
      "properties": {
        "id": 4009891089,
        "kind": "poi",
        "crossing": "traffic_signals",
        "crossing:markings": "ladder",
        "crossing:signals": "yes",
        "highway": "crossing"
      },
      "geometry": {
        "type": "Point",
        "coordinates": [
          -80.2729977,
          25.8155362
        ]
      }
    },
    {
      "type": "Feature",
      "properties": {
        "id": 4009891107,
        "kind": "poi",
        "crossing": "traffic_signals",
        "crossing:markings": "ladder",
        "crossing:signals": "yes",
        "highway": "crossing"
      },
      "geometry": {
        "type": "Point",
        "coordinates": [
          -80.2728815,
          25.8169378
        ]
      }
    },
    {
      "type": "Feature",
      "properties": {
        "id": 4010149032,
        "kind": "poi",
        "crossing": "unmarked",
        "crossing:markings": "no",
        "highway": "crossing"
      },
      "geometry": {
        "type": "Point",
        "coordinates": [
          -80.1881197,
          25.7771287
        ]
      }
    },
    {
      "type": "Feature",
      "properties": {
        "id": 4010149054,
        "kind": "poi",
        "crossing": "unmarked",
        "crossing:markings": "no",
        "highway": "crossing"
      },
      "geometry": {
        "type": "Point",
        "coordinates": [
          -80.1883374,
          25.778093
        ]
      }
    },
    {
      "type": "Feature",
      "properties": {
        "id": 4010168701,
        "kind": "poi",
        "crossing": "uncontrolled",
        "crossing:island": "no",
        "crossing:markings": "lines",
        "crossing:signals": "no",
        "highway": "crossing"
      },
      "geometry": {
        "type": "Point",
        "coordinates": [
          -80.218607,
          25.7853194
        ]
      }
    },
    {
      "type": "Feature",
      "properties": {
        "id": 4010832416,
        "kind": "poi",
        "crossing": "uncontrolled",
        "crossing:island": "yes",
        "crossing:markings": "ladder",
        "crossing:signals": "no",
        "highway": "crossing"
      },
      "geometry": {
        "type": "Point",
        "coordinates": [
          -80.2380622,
          25.7653012
        ]
      }
    },
    {
      "type": "Feature",
      "properties": {
        "id": 4010952195,
        "kind": "poi",
        "crossing": "traffic_signals",
        "crossing:markings": "lines",
        "highway": "crossing"
      },
      "geometry": {
        "type": "Point",
        "coordinates": [
          -80.222848,
          25.7761183
        ]
      }
    },
    {
      "type": "Feature",
      "properties": {
        "id": 4010952227,
        "kind": "poi",
        "crossing": "traffic_signals",
        "crossing:markings": "lines",
        "crossing:signals": "yes",
        "highway": "crossing"
      },
      "geometry": {
        "type": "Point",
        "coordinates": [
          -80.2224415,
          25.7798467
        ]
      }
    },
    {
      "type": "Feature",
      "properties": {
        "id": 4010952365,
        "kind": "poi",
        "crossing": "uncontrolled",
        "crossing:island": "no",
        "crossing:markings": "lines",
        "crossing:signals": "no",
        "highway": "crossing"
      },
      "geometry": {
        "type": "Point",
        "coordinates": [
          -80.2231235,
          25.787328
        ]
      }
    },
    {
      "type": "Feature",
      "properties": {
        "id": 4010963699,
        "kind": "poi",
        "crossing": "uncontrolled",
        "crossing:markings": "lines",
        "crossing:signals": "no",
        "highway": "crossing"
      },
      "geometry": {
        "type": "Point",
        "coordinates": [
          -80.2147924,
          25.7838655
        ]
      }
    },
    {
      "type": "Feature",
      "properties": {
        "id": 4010963704,
        "kind": "poi",
        "crossing": "uncontrolled",
        "crossing:markings": "lines",
        "crossing:signals": "no",
        "highway": "crossing"
      },
      "geometry": {
        "type": "Point",
        "coordinates": [
          -80.2147922,
          25.7841551
        ]
      }
    },
    {
      "type": "Feature",
      "properties": {
        "id": 4010985606,
        "kind": "poi",
        "crossing": "uncontrolled",
        "crossing:island": "no",
        "crossing:markings": "ladder",
        "crossing:signals": "no",
        "highway": "crossing"
      },
      "geometry": {
        "type": "Point",
        "coordinates": [
          -80.215164,
          25.7734037
        ]
      }
    },
    {
      "type": "Feature",
      "properties": {
        "id": 4010999251,
        "kind": "poi",
        "highway": "crossing"
      },
      "geometry": {
        "type": "Point",
        "coordinates": [
          -80.2320146,
          25.8115382
        ]
      }
    },
    {
      "type": "Feature",
      "properties": {
        "id": 4010999257,
        "kind": "poi",
        "highway": "crossing"
      },
      "geometry": {
        "type": "Point",
        "coordinates": [
          -80.232011,
          25.8117072
        ]
      }
    },
    {
      "type": "Feature",
      "properties": {
        "id": 4011420622,
        "kind": "poi",
        "amenity": "drinking_water"
      },
      "geometry": {
        "type": "Point",
        "coordinates": [
          -80.257906,
          25.787648
        ]
      }
    },
    {
      "type": "Feature",
      "properties": {
        "id": 4063632454,
        "kind": "poi",
        "crossing": "uncontrolled",
        "crossing:island": "no",
        "crossing:markings": "lines",
        "crossing:signals": "no",
        "highway": "crossing"
      },
      "geometry": {
        "type": "Point",
        "coordinates": [
          -80.2234907,
          25.7727567
        ]
      }
    },
    {
      "type": "Feature",
      "properties": {
        "id": 4063632473,
        "kind": "poi",
        "crossing": "traffic_signals",
        "crossing:markings": "lines",
        "highway": "crossing"
      },
      "geometry": {
        "type": "Point",
        "coordinates": [
          -80.2230015,
          25.7761459
        ]
      }
    },
    {
      "type": "Feature",
      "properties": {
        "id": 4063632476,
        "kind": "poi",
        "crossing": "traffic_signals",
        "crossing:island": "no",
        "crossing:markings": "lines",
        "crossing:signals": "yes",
        "highway": "crossing"
      },
      "geometry": {
        "type": "Point",
        "coordinates": [
          -80.222723,
          25.7762168
        ]
      }
    },
    {
      "type": "Feature",
      "properties": {
        "id": 4063632594,
        "kind": "poi",
        "crossing": "unmarked",
        "crossing:island": "no",
        "crossing:markings": "no",
        "crossing:signals": "no",
        "highway": "crossing"
      },
      "geometry": {
        "type": "Point",
        "coordinates": [
          -80.2265321,
          25.7763686
        ]
      }
    },
    {
      "type": "Feature",
      "properties": {
        "id": 4063632602,
        "kind": "poi",
        "crossing": "uncontrolled",
        "crossing:island": "no",
        "crossing:markings": "lines",
        "crossing:signals": "no",
        "highway": "crossing"
      },
      "geometry": {
        "type": "Point",
        "coordinates": [
          -80.2227579,
          25.7790612
        ]
      }
    },
    {
      "type": "Feature",
      "properties": {
        "id": 4063667618,
        "kind": "poi",
        "crossing": "traffic_signals",
        "crossing:markings": "lines",
        "crossing:signals": "yes",
        "highway": "crossing"
      },
      "geometry": {
        "type": "Point",
        "coordinates": [
          -80.2312017,
          25.7723862
        ]
      }
    },
    {
      "type": "Feature",
      "properties": {
        "id": 4063667619,
        "kind": "poi",
        "crossing": "traffic_signals",
        "crossing:markings": "lines",
        "crossing:signals": "yes",
        "highway": "crossing"
      },
      "geometry": {
        "type": "Point",
        "coordinates": [
          -80.2308895,
          25.7724179
        ]
      }
    },
    {
      "type": "Feature",
      "properties": {
        "id": 4063667622,
        "kind": "poi",
        "crossing": "traffic_signals",
        "crossing:markings": "lines",
        "crossing:signals": "yes",
        "highway": "crossing"
      },
      "geometry": {
        "type": "Point",
        "coordinates": [
          -80.2308972,
          25.772709
        ]
      }
    },
    {
      "type": "Feature",
      "properties": {
        "id": 4063667624,
        "kind": "poi",
        "button_operated": "no",
        "crossing": "traffic_signals",
        "crossing:markings": "lines",
        "crossing:signals": "yes",
        "highway": "crossing",
        "traffic_signals:sound": "no",
        "traffic_signals:vibration": "no"
      },
      "geometry": {
        "type": "Point",
        "coordinates": [
          -80.231193,
          25.7727072
        ]
      }
    },
    {
      "type": "Feature",
      "properties": {
        "id": 4063667640,
        "kind": "poi",
        "crossing": "uncontrolled",
        "crossing:markings": "lines",
        "highway": "crossing"
      },
      "geometry": {
        "type": "Point",
        "coordinates": [
          -80.2310777,
          25.7728851
        ]
      }
    },
    {
      "type": "Feature",
      "properties": {
        "id": 4063667670,
        "kind": "poi",
        "highway": "crossing"
      },
      "geometry": {
        "type": "Point",
        "coordinates": [
          -80.2311406,
          25.7754476
        ]
      }
    },
    {
      "type": "Feature",
      "properties": {
        "id": 4063682810,
        "kind": "poi",
        "crossing": "unmarked",
        "crossing:markings": "no",
        "highway": "crossing"
      },
      "geometry": {
        "type": "Point",
        "coordinates": [
          -80.2310103,
          25.777406
        ]
      }
    },
    {
      "type": "Feature",
      "properties": {
        "id": 4063682820,
        "kind": "poi",
        "crossing": "unmarked",
        "crossing:markings": "no",
        "highway": "crossing"
      },
      "geometry": {
        "type": "Point",
        "coordinates": [
          -80.2308677,
          25.778386
        ]
      }
    },
    {
      "type": "Feature",
      "properties": {
        "id": 4070888825,
        "kind": "poi",
        "crossing": "uncontrolled",
        "crossing:markings": "ladder",
        "crossing_ref": "zebra",
        "highway": "crossing"
      },
      "geometry": {
        "type": "Point",
        "coordinates": [
          -80.1863686,
          25.780533
        ]
      }
    },
    {
      "type": "Feature",
      "properties": {
        "id": 4070888826,
        "kind": "poi",
        "crossing": "uncontrolled",
        "crossing:markings": "ladder",
        "crossing_ref": "zebra",
        "highway": "crossing"
      },
      "geometry": {
        "type": "Point",
        "coordinates": [
          -80.1862754,
          25.7806195
        ]
      }
    },
    {
      "type": "Feature",
      "properties": {
        "id": 4070888829,
        "kind": "poi",
        "crossing": "uncontrolled",
        "crossing:markings": "ladder",
        "crossing_ref": "zebra",
        "highway": "crossing"
      },
      "geometry": {
        "type": "Point",
        "coordinates": [
          -80.1866765,
          25.7805086
        ]
      }
    },
    {
      "type": "Feature",
      "properties": {
        "id": 4078188950,
        "kind": "poi",
        "crossing": "uncontrolled",
        "crossing:markings": "ladder",
        "highway": "crossing"
      },
      "geometry": {
        "type": "Point",
        "coordinates": [
          -80.2754503,
          25.7939379
        ]
      }
    },
    {
      "type": "Feature",
      "properties": {
        "id": 4078188954,
        "kind": "poi",
        "crossing": "uncontrolled",
        "crossing:markings": "ladder",
        "highway": "crossing"
      },
      "geometry": {
        "type": "Point",
        "coordinates": [
          -80.2750062,
          25.7939553
        ]
      }
    },
    {
      "type": "Feature",
      "properties": {
        "id": 4078395787,
        "kind": "poi",
        "crossing": "uncontrolled",
        "crossing:markings": "ladder",
        "highway": "crossing"
      },
      "geometry": {
        "type": "Point",
        "coordinates": [
          -80.2780118,
          25.7959835
        ]
      }
    },
    {
      "type": "Feature",
      "properties": {
        "id": 4125450131,
        "kind": "poi",
        "crossing": "uncontrolled",
        "crossing:markings": "lines",
        "highway": "crossing"
      },
      "geometry": {
        "type": "Point",
        "coordinates": [
          -80.1921731,
          25.7457383
        ]
      }
    },
    {
      "type": "Feature",
      "properties": {
        "id": 4125450171,
        "kind": "poi",
        "crossing": "uncontrolled",
        "crossing:markings": "lines",
        "highway": "crossing"
      },
      "geometry": {
        "type": "Point",
        "coordinates": [
          -80.1978641,
          25.745782
        ]
      }
    },
    {
      "type": "Feature",
      "properties": {
        "id": 4125450364,
        "kind": "poi",
        "crossing": "uncontrolled",
        "crossing:markings": "lines",
        "highway": "crossing"
      },
      "geometry": {
        "type": "Point",
        "coordinates": [
          -80.1959353,
          25.7456205
        ]
      }
    },
    {
      "type": "Feature",
      "properties": {
        "id": 4125450568,
        "kind": "poi",
        "crossing": "uncontrolled",
        "crossing:markings": "lines",
        "crossing:signals": "no",
        "highway": "crossing"
      },
      "geometry": {
        "type": "Point",
        "coordinates": [
          -80.1912795,
          25.7457117
        ]
      }
    },
    {
      "type": "Feature",
      "properties": {
        "id": 4125450583,
        "kind": "poi",
        "crossing": "uncontrolled",
        "crossing:markings": "lines",
        "highway": "crossing"
      },
      "geometry": {
        "type": "Point",
        "coordinates": [
          -80.1932931,
          25.7456836
        ]
      }
    },
    {
      "type": "Feature",
      "properties": {
        "id": 4125450792,
        "kind": "poi",
        "crossing": "uncontrolled",
        "crossing:markings": "lines",
        "highway": "crossing"
      },
      "geometry": {
        "type": "Point",
        "coordinates": [
          -80.194386,
          25.745696
        ]
      }
    },
    {
      "type": "Feature",
      "properties": {
        "id": 4125451292,
        "kind": "poi",
        "crossing": "unmarked",
        "crossing:continuous": "yes",
        "crossing:markings": "no",
        "highway": "crossing"
      },
      "geometry": {
        "type": "Point",
        "coordinates": [
          -80.1938129,
          25.7458032
        ]
      }
    },
    {
      "type": "Feature",
      "properties": {
        "id": 4125451361,
        "kind": "poi",
        "crossing": "uncontrolled",
        "crossing:continuous": "yes",
        "crossing:markings": "surface",
        "highway": "crossing"
      },
      "geometry": {
        "type": "Point",
        "coordinates": [
          -80.1986517,
          25.7459692
        ]
      }
    },
    {
      "type": "Feature",
      "properties": {
        "id": 4125451363,
        "kind": "poi",
        "crossing": "uncontrolled",
        "crossing:markings": "lines",
        "highway": "crossing"
      },
      "geometry": {
        "type": "Point",
        "coordinates": [
          -80.1990362,
          25.7459702
        ]
      }
    },
    {
      "type": "Feature",
      "properties": {
        "id": 4125451370,
        "kind": "poi",
        "crossing": "uncontrolled",
        "crossing:continuous": "yes",
        "crossing:markings": "surface",
        "highway": "crossing"
      },
      "geometry": {
        "type": "Point",
        "coordinates": [
          -80.1987628,
          25.7459974
        ]
      }
    },
    {
      "type": "Feature",
      "properties": {
        "id": 4125451386,
        "kind": "poi",
        "crossing": "uncontrolled",
        "crossing:markings": "dashes",
        "highway": "crossing"
      },
      "geometry": {
        "type": "Point",
        "coordinates": [
          -80.1915668,
          25.7460884
        ]
      }
    },
    {
      "type": "Feature",
      "properties": {
        "id": 4125451640,
        "kind": "poi",
        "crossing": "uncontrolled",
        "crossing:markings": "ladder",
        "highway": "crossing"
      },
      "geometry": {
        "type": "Point",
        "coordinates": [
          -80.1956685,
          25.7463115
        ]
      }
    },
    {
      "type": "Feature",
      "properties": {
        "id": 4125451647,
        "kind": "poi",
        "crossing": "uncontrolled",
        "crossing:markings": "ladder",
        "highway": "crossing"
      },
      "geometry": {
        "type": "Point",
        "coordinates": [
          -80.1951068,
          25.746301
        ]
      }
    },
    {
      "type": "Feature",
      "properties": {
        "id": 4125451665,
        "kind": "poi",
        "crossing": "uncontrolled",
        "crossing:markings": "ladder",
        "highway": "crossing"
      },
      "geometry": {
        "type": "Point",
        "coordinates": [
          -80.1897097,
          25.7465747
        ]
      }
    },
    {
      "type": "Feature",
      "properties": {
        "id": 4142826589,
        "kind": "poi",
        "amenity": "pharmacy",
        "brand": "CVS Pharmacy",
        "brand:website": "https://www.cvs.com/",
        "brand:wikidata": "Q2078880",
        "healthcare": "pharmacy",
        "name": "CVS Pharmacy",
        "short_name": "CVS",
        "website": "https://www.cvs.com/store-locator/miami-fl-pharmacies/2713-sw-8th-st-miami-fl-33135/storeid=1126"
      },
      "geometry": {
        "type": "Point",
        "coordinates": [
          -80.2392628,
          25.7654381
        ]
      }
    },
    {
      "type": "Feature",
      "properties": {
        "id": 4176793753,
        "kind": "poi",
        "crossing": "traffic_signals",
        "crossing:island": "no",
        "crossing:markings": "lines",
        "crossing:signals": "yes",
        "highway": "crossing"
      },
      "geometry": {
        "type": "Point",
        "coordinates": [
          -80.2312058,
          25.787105
        ]
      }
    },
    {
      "type": "Feature",
      "properties": {
        "id": 4176903252,
        "kind": "poi",
        "button_operated": "yes",
        "crossing": "traffic_signals",
        "crossing:markings": "lines",
        "highway": "crossing",
        "tactile_paving": "yes",
        "traffic_signals:sound": "no",
        "traffic_signals:vibration": "no"
      },
      "geometry": {
        "type": "Point",
        "coordinates": [
          -80.2590174,
          25.7589038
        ]
      }
    },
    {
      "type": "Feature",
      "properties": {
        "id": 4176903263,
        "kind": "poi",
        "crossing": "traffic_signals",
        "crossing:markings": "lines",
        "highway": "crossing"
      },
      "geometry": {
        "type": "Point",
        "coordinates": [
          -80.2589073,
          25.7589064
        ]
      }
    },
    {
      "type": "Feature",
      "properties": {
        "id": 4178884858,
        "kind": "poi",
        "crossing": "traffic_signals",
        "crossing:markings": "zebra",
        "crossing:signals": "yes",
        "highway": "crossing"
      },
      "geometry": {
        "type": "Point",
        "coordinates": [
          -80.2046342,
          25.7513703
        ]
      }
    },
    {
      "type": "Feature",
      "properties": {
        "id": 4196850504,
        "kind": "poi",
        "crossing": "uncontrolled",
        "crossing:markings": "lines",
        "crossing:signals": "no",
        "highway": "crossing"
      },
      "geometry": {
        "type": "Point",
        "coordinates": [
          -80.239811,
          25.7917264
        ]
      }
    },
    {
      "type": "Feature",
      "properties": {
        "id": 4196850506,
        "kind": "poi",
        "crossing": "uncontrolled",
        "crossing:markings": "lines",
        "crossing:signals": "no",
        "highway": "crossing"
      },
      "geometry": {
        "type": "Point",
        "coordinates": [
          -80.2393815,
          25.7917401
        ]
      }
    },
    {
      "type": "Feature",
      "properties": {
        "id": 4196850508,
        "kind": "poi",
        "crossing": "uncontrolled",
        "crossing:markings": "lines",
        "crossing:signals": "no",
        "highway": "crossing"
      },
      "geometry": {
        "type": "Point",
        "coordinates": [
          -80.2397865,
          25.7919137
        ]
      }
    },
    {
      "type": "Feature",
      "properties": {
        "id": 4215516695,
        "kind": "poi",
        "name": "Miami Design District",
        "place": "city_block",
        "website": "https://www.miamidesigndistrict.net/",
        "wikidata": "Q6827304"
      },
      "geometry": {
        "type": "Point",
        "coordinates": [
          -80.1912991,
          25.8126438
        ]
      }
    },
    {
      "type": "Feature",
      "properties": {
        "id": 4235831895,
        "kind": "poi",
        "amenity": "pharmacy",
        "brand": "CVS Pharmacy",
        "brand:website": "https://www.cvs.com/",
        "brand:wikidata": "Q2078880",
        "dispensing": "yes",
        "drive_through": "no",
        "healthcare": "pharmacy",
        "name": "CVS Pharmacy",
        "opening_hours": "24/7",
        "opening_hours:dispensing": "Mo-Fr 08:00-20:00; Sa 10:00-18:00; Su 12:00-17:00",
        "payment:snap_ebt": "yes",
        "ref": "10132",
        "short_name": "CVS",
        "website": "https://www.cvs.com/store-locator/miami-fl-pharmacies/1201-brickell-ave-miami-fl-33131/storeid=10132"
      },
      "geometry": {
        "type": "Point",
        "coordinates": [
          -80.1914768,
          25.7619442
        ]
      }
    },
    {
      "type": "Feature",
      "properties": {
        "id": 4236999760,
        "kind": "poi",
        "crossing": "traffic_signals",
        "crossing:markings": "ladder",
        "highway": "crossing"
      },
      "geometry": {
        "type": "Point",
        "coordinates": [
          -80.1896384,
          25.7839279
        ]
      }
    },
    {
      "type": "Feature",
      "properties": {
        "id": 4237000105,
        "kind": "poi",
        "crossing": "unmarked",
        "crossing:markings": "no",
        "highway": "crossing"
      },
      "geometry": {
        "type": "Point",
        "coordinates": [
          -80.1870079,
          25.7951436
        ]
      }
    },
    {
      "type": "Feature",
      "properties": {
        "id": 4241446293,
        "kind": "poi",
        "crossing": "traffic_signals",
        "crossing:markings": "ladder",
        "highway": "crossing"
      },
      "geometry": {
        "type": "Point",
        "coordinates": [
          -80.2125582,
          25.7877856
        ]
      }
    },
    {
      "type": "Feature",
      "properties": {
        "id": 4241446303,
        "kind": "poi",
        "crossing": "traffic_signals",
        "crossing:markings": "ladder",
        "highway": "crossing"
      },
      "geometry": {
        "type": "Point",
        "coordinates": [
          -80.2152505,
          25.7948768
        ]
      }
    },
    {
      "type": "Feature",
      "properties": {
        "id": 4241446396,
        "kind": "poi",
        "crossing": "uncontrolled",
        "highway": "crossing"
      },
      "geometry": {
        "type": "Point",
        "coordinates": [
          -80.2110124,
          25.7893655
        ]
      }
    },
    {
      "type": "Feature",
      "properties": {
        "id": 4241446419,
        "kind": "poi",
        "crossing": "traffic_signals",
        "crossing:markings": "ladder",
        "highway": "crossing"
      },
      "geometry": {
        "type": "Point",
        "coordinates": [
          -80.215046,
          25.7948789
        ]
      }
    },
    {
      "type": "Feature",
      "properties": {
        "id": 4241471898,
        "kind": "poi",
        "crossing": "uncontrolled",
        "crossing:markings": "lines",
        "highway": "crossing",
        "kerb": "lowered",
        "tactile_paving": "yes"
      },
      "geometry": {
        "type": "Point",
        "coordinates": [
          -80.2115058,
          25.7915427
        ]
      }
    },
    {
      "type": "Feature",
      "properties": {
        "id": 4241471902,
        "kind": "poi",
        "crossing": "uncontrolled",
        "highway": "crossing",
        "kerb": "lowered"
      },
      "geometry": {
        "type": "Point",
        "coordinates": [
          -80.2110674,
          25.7914581
        ]
      }
    },
    {
      "type": "Feature",
      "properties": {
        "id": 4241471936,
        "kind": "poi",
        "crossing": "traffic_signals",
        "crossing:markings": "ladder",
        "highway": "crossing"
      },
      "geometry": {
        "type": "Point",
        "coordinates": [
          -80.2101879,
          25.7906706
        ]
      }
    },
    {
      "type": "Feature",
      "properties": {
        "id": 4260935892,
        "kind": "poi",
        "crossing": "traffic_signals",
        "crossing:markings": "lines",
        "crossing:signals": "yes",
        "highway": "crossing"
      },
      "geometry": {
        "type": "Point",
        "coordinates": [
          -80.2205863,
          25.7863173
        ]
      }
    },
    {
      "type": "Feature",
      "properties": {
        "id": 4260935937,
        "kind": "poi",
        "crossing": "uncontrolled",
        "crossing:markings": "lines",
        "highway": "crossing"
      },
      "geometry": {
        "type": "Point",
        "coordinates": [
          -80.2189827,
          25.7908371
        ]
      }
    },
    {
      "type": "Feature",
      "properties": {
        "id": 4260935944,
        "kind": "poi",
        "crossing": "traffic_signals",
        "crossing:markings": "lines",
        "highway": "crossing"
      },
      "geometry": {
        "type": "Point",
        "coordinates": [
          -80.2192421,
          25.794744
        ]
      }
    },
    {
      "type": "Feature",
      "properties": {
        "id": 4260935945,
        "kind": "poi",
        "crossing": "traffic_signals",
        "crossing:markings": "lines",
        "highway": "crossing"
      },
      "geometry": {
        "type": "Point",
        "coordinates": [
          -80.2191316,
          25.7947396
        ]
      }
    },
    {
      "type": "Feature",
      "properties": {
        "id": 4260935950,
        "kind": "poi",
        "crossing": "traffic_signals",
        "crossing:markings": "ladder",
        "highway": "crossing"
      },
      "geometry": {
        "type": "Point",
        "coordinates": [
          -80.2150834,
          25.7951057
        ]
      }
    },
    {
      "type": "Feature",
      "properties": {
        "id": 4260935951,
        "kind": "poi",
        "crossing": "traffic_signals",
        "crossing:markings": "ladder",
        "highway": "crossing"
      },
      "geometry": {
        "type": "Point",
        "coordinates": [
          -80.2152836,
          25.7950982
        ]
      }
    },
    {
      "type": "Feature",
      "properties": {
        "id": 4260935952,
        "kind": "poi",
        "crossing": "traffic_signals",
        "crossing:markings": "ladder",
        "highway": "crossing"
      },
      "geometry": {
        "type": "Point",
        "coordinates": [
          -80.2093816,
          25.7951696
        ]
      }
    },
    {
      "type": "Feature",
      "properties": {
        "id": 4336032144,
        "kind": "poi",
        "crossing": "uncontrolled",
        "crossing:markings": "surface",
        "crossing:signals": "no",
        "highway": "crossing",
        "lit": "yes"
      },
      "geometry": {
        "type": "Point",
        "coordinates": [
          -80.2566424,
          25.7630507
        ]
      }
    },
    {
      "type": "Feature",
      "properties": {
        "id": 4366398262,
        "kind": "poi",
        "crossing": "uncontrolled",
        "crossing:markings": "zebra",
        "highway": "crossing"
      },
      "geometry": {
        "type": "Point",
        "coordinates": [
          -80.2731567,
          25.7932122
        ]
      }
    },
    {
      "type": "Feature",
      "properties": {
        "id": 4366493982,
        "kind": "poi",
        "crossing": "uncontrolled",
        "crossing:markings": "lines",
        "crossing:signals": "no",
        "highway": "crossing"
      },
      "geometry": {
        "type": "Point",
        "coordinates": [
          -80.1955341,
          25.8119341
        ]
      }
    },
    {
      "type": "Feature",
      "properties": {
        "id": 4427556641,
        "kind": "poi",
        "crossing": "uncontrolled",
        "crossing:markings": "ladder",
        "crossing:signals": "no",
        "crossing:signed": "yes",
        "highway": "crossing"
      },
      "geometry": {
        "type": "Point",
        "coordinates": [
          -80.2557771,
          25.7855387
        ]
      }
    },
    {
      "type": "Feature",
      "properties": {
        "id": 4427556665,
        "kind": "poi",
        "crossing": "uncontrolled",
        "crossing:markings": "ladder",
        "highway": "crossing"
      },
      "geometry": {
        "type": "Point",
        "coordinates": [
          -80.2693495,
          25.7858584
        ]
      }
    },
    {
      "type": "Feature",
      "properties": {
        "id": 4427556718,
        "kind": "poi",
        "crossing": "uncontrolled",
        "crossing:markings": "lines",
        "crossing:signals": "no",
        "highway": "crossing"
      },
      "geometry": {
        "type": "Point",
        "coordinates": [
          -80.2580076,
          25.7866643
        ]
      }
    },
    {
      "type": "Feature",
      "properties": {
        "id": 4427556767,
        "kind": "poi",
        "crossing": "uncontrolled",
        "crossing:markings": "zebra",
        "crossing:signals": "no",
        "highway": "crossing"
      },
      "geometry": {
        "type": "Point",
        "coordinates": [
          -80.268455,
          25.7870384
        ]
      }
    },
    {
      "type": "Feature",
      "properties": {
        "id": 4427556768,
        "kind": "poi",
        "crossing": "uncontrolled",
        "crossing:markings": "zebra",
        "crossing:signals": "no",
        "highway": "crossing"
      },
      "geometry": {
        "type": "Point",
        "coordinates": [
          -80.2686962,
          25.7870243
        ]
      }
    },
    {
      "type": "Feature",
      "properties": {
        "id": 4427556770,
        "kind": "poi",
        "crossing": "uncontrolled",
        "crossing:markings": "ladder",
        "crossing:signals": "no",
        "highway": "crossing"
      },
      "geometry": {
        "type": "Point",
        "coordinates": [
          -80.2680004,
          25.7870649
        ]
      }
    },
    {
      "type": "Feature",
      "properties": {
        "id": 4427556774,
        "kind": "poi",
        "crossing": "uncontrolled",
        "crossing:markings": "zebra",
        "crossing:signals": "no",
        "highway": "crossing"
      },
      "geometry": {
        "type": "Point",
        "coordinates": [
          -80.2684863,
          25.7871132
        ]
      }
    },
    {
      "type": "Feature",
      "properties": {
        "id": 4427556778,
        "kind": "poi",
        "crossing": "uncontrolled",
        "crossing:markings": "ladder",
        "crossing:signals": "no",
        "highway": "crossing"
      },
      "geometry": {
        "type": "Point",
        "coordinates": [
          -80.2680007,
          25.7871263
        ]
      }
    },
    {
      "type": "Feature",
      "properties": {
        "id": 4427556779,
        "kind": "poi",
        "crossing": "uncontrolled",
        "crossing:markings": "zebra",
        "crossing:signals": "no",
        "highway": "crossing"
      },
      "geometry": {
        "type": "Point",
        "coordinates": [
          -80.2687112,
          25.7871421
        ]
      }
    },
    {
      "type": "Feature",
      "properties": {
        "id": 4427556832,
        "kind": "poi",
        "crossing": "uncontrolled",
        "crossing:markings": "lines",
        "crossing:signals": "no",
        "highway": "crossing"
      },
      "geometry": {
        "type": "Point",
        "coordinates": [
          -80.2568179,
          25.7879307
        ]
      }
    },
    {
      "type": "Feature",
      "properties": {
        "id": 4427556836,
        "kind": "poi",
        "crossing": "uncontrolled",
        "crossing:markings": "lines",
        "crossing:signals": "no",
        "highway": "crossing"
      },
      "geometry": {
        "type": "Point",
        "coordinates": [
          -80.2574446,
          25.7879732
        ]
      }
    },
    {
      "type": "Feature",
      "properties": {
        "id": 4427556837,
        "kind": "poi",
        "crossing": "uncontrolled",
        "crossing:markings": "lines",
        "crossing:signals": "no",
        "highway": "crossing"
      },
      "geometry": {
        "type": "Point",
        "coordinates": [
          -80.2568841,
          25.7880358
        ]
      }
    },
    {
      "type": "Feature",
      "properties": {
        "id": 4427556851,
        "kind": "poi",
        "crossing": "uncontrolled",
        "crossing:markings": "surface",
        "crossing:signals": "no",
        "highway": "crossing"
      },
      "geometry": {
        "type": "Point",
        "coordinates": [
          -80.2566504,
          25.788082
        ]
      }
    },
    {
      "type": "Feature",
      "properties": {
        "id": 4427556859,
        "kind": "poi",
        "crossing": "uncontrolled",
        "crossing:markings": "surface",
        "crossing:signals": "no",
        "highway": "crossing"
      },
      "geometry": {
        "type": "Point",
        "coordinates": [
          -80.2562974,
          25.7881375
        ]
      }
    },
    {
      "type": "Feature",
      "properties": {
        "id": 4427556869,
        "kind": "poi",
        "crossing": "uncontrolled",
        "crossing:markings": "surface",
        "crossing:signals": "no",
        "highway": "crossing"
      },
      "geometry": {
        "type": "Point",
        "coordinates": [
          -80.2563004,
          25.7882107
        ]
      }
    },
    {
      "type": "Feature",
      "properties": {
        "id": 4427556874,
        "kind": "poi",
        "crossing": "uncontrolled",
        "crossing:markings": "lines",
        "crossing:signals": "no",
        "highway": "crossing"
      },
      "geometry": {
        "type": "Point",
        "coordinates": [
          -80.2560591,
          25.7882207
        ]
      }
    },
    {
      "type": "Feature",
      "properties": {
        "id": 4427556989,
        "kind": "poi",
        "crossing": "uncontrolled",
        "crossing:markings": "surface",
        "crossing:signals": "no",
        "highway": "crossing"
      },
      "geometry": {
        "type": "Point",
        "coordinates": [
          -80.2564279,
          25.7883325
        ]
      }
    },
    {
      "type": "Feature",
      "properties": {
        "id": 4427557221,
        "kind": "poi",
        "crossing": "uncontrolled",
        "crossing:markings": "zebra",
        "highway": "crossing"
      },
      "geometry": {
        "type": "Point",
        "coordinates": [
          -80.2562014,
          25.7969723
        ]
      }
    },
    {
      "type": "Feature",
      "properties": {
        "id": 4427778119,
        "kind": "poi",
        "crossing": "uncontrolled",
        "crossing:markings": "lines",
        "crossing:signals": "no",
        "highway": "crossing"
      },
      "geometry": {
        "type": "Point",
        "coordinates": [
          -80.2543883,
          25.7717616
        ]
      }
    },
    {
      "type": "Feature",
      "properties": {
        "id": 4427778120,
        "kind": "poi",
        "crossing": "uncontrolled",
        "crossing:markings": "lines",
        "crossing:signals": "no",
        "highway": "crossing"
      },
      "geometry": {
        "type": "Point",
        "coordinates": [
          -80.2545256,
          25.7717594
        ]
      }
    },
    {
      "type": "Feature",
      "properties": {
        "id": 4427778128,
        "kind": "poi",
        "crossing": "traffic_signals",
        "crossing:markings": "ladder",
        "crossing:signals": "yes",
        "highway": "crossing",
        "traffic_signals:countdown": "yes"
      },
      "geometry": {
        "type": "Point",
        "coordinates": [
          -80.2618156,
          25.7717661
        ]
      }
    },
    {
      "type": "Feature",
      "properties": {
        "id": 4427778137,
        "kind": "poi",
        "crossing": "traffic_signals",
        "crossing:markings": "ladder",
        "highway": "crossing",
        "traffic_signals:countdown": "yes"
      },
      "geometry": {
        "type": "Point",
        "coordinates": [
          -80.258099,
          25.7718477
        ]
      }
    },
    {
      "type": "Feature",
      "properties": {
        "id": 4427778142,
        "kind": "poi",
        "crossing": "uncontrolled",
        "crossing:markings": "ladder",
        "crossing:signals": "no",
        "crossing:signed": "yes",
        "crossing_ref": "rrfb",
        "flashing_lights": "button",
        "highway": "crossing"
      },
      "geometry": {
        "type": "Point",
        "coordinates": [
          -80.2517247,
          25.7718943
        ]
      }
    },
    {
      "type": "Feature",
      "properties": {
        "id": 4427778144,
        "kind": "poi",
        "crossing": "uncontrolled",
        "crossing:markings": "lines",
        "highway": "crossing"
      },
      "geometry": {
        "type": "Point",
        "coordinates": [
          -80.2481375,
          25.771909
        ]
      }
    },
    {
      "type": "Feature",
      "properties": {
        "id": 4427778147,
        "kind": "poi",
        "crossing": "traffic_signals",
        "crossing:markings": "ladder",
        "crossing:signals": "yes",
        "highway": "crossing",
        "traffic_signals:countdown": "yes"
      },
      "geometry": {
        "type": "Point",
        "coordinates": [
          -80.2476817,
          25.7719332
        ]
      }
    },
    {
      "type": "Feature",
      "properties": {
        "id": 4427778148,
        "kind": "poi",
        "crossing": "uncontrolled",
        "crossing:markings": "lines",
        "highway": "crossing"
      },
      "geometry": {
        "type": "Point",
        "coordinates": [
          -80.2483108,
          25.7719359
        ]
      }
    },
    {
      "type": "Feature",
      "properties": {
        "id": 4427778153,
        "kind": "poi",
        "crossing": "uncontrolled",
        "crossing:markings": "ladder",
        "crossing:signals": "no",
        "crossing:signed": "yes",
        "crossing_ref": "rrfb",
        "flashing_lights": "button",
        "highway": "crossing"
      },
      "geometry": {
        "type": "Point",
        "coordinates": [
          -80.251729,
          25.771984
        ]
      }
    },
    {
      "type": "Feature",
      "properties": {
        "id": 4427778155,
        "kind": "poi",
        "crossing": "traffic_signals",
        "crossing:markings": "ladder",
        "crossing:signals": "yes",
        "highway": "crossing",
        "traffic_signals:countdown": "yes"
      },
      "geometry": {
        "type": "Point",
        "coordinates": [
          -80.2477631,
          25.7720186
        ]
      }
    },
    {
      "type": "Feature",
      "properties": {
        "id": 4427778156,
        "kind": "poi",
        "crossing": "traffic_signals",
        "crossing:markings": "ladder",
        "crossing:signals": "yes",
        "highway": "crossing",
        "traffic_signals:countdown": "yes"
      },
      "geometry": {
        "type": "Point",
        "coordinates": [
          -80.2477619,
          25.7720876
        ]
      }
    },
    {
      "type": "Feature",
      "properties": {
        "id": 4427778157,
        "kind": "poi",
        "crossing": "traffic_signals",
        "crossing:markings": "ladder",
        "crossing:signals": "yes",
        "highway": "crossing",
        "traffic_signals:countdown": "yes"
      },
      "geometry": {
        "type": "Point",
        "coordinates": [
          -80.2477616,
          25.772107
        ]
      }
    },
    {
      "type": "Feature",
      "properties": {
        "id": 4427778161,
        "kind": "poi",
        "crossing": "traffic_signals",
        "crossing:markings": "ladder",
        "crossing:signed": "yes",
        "highway": "crossing",
        "traffic_signals:countdown": "yes"
      },
      "geometry": {
        "type": "Point",
        "coordinates": [
          -80.24242,
          25.7722726
        ]
      }
    },
    {
      "type": "Feature",
      "properties": {
        "id": 4427778166,
        "kind": "poi",
        "crossing": "uncontrolled",
        "crossing:markings": "lines",
        "crossing:signals": "no",
        "highway": "crossing"
      },
      "geometry": {
        "type": "Point",
        "coordinates": [
          -80.255384,
          25.7725336
        ]
      }
    },
    {
      "type": "Feature",
      "properties": {
        "id": 4427778170,
        "kind": "poi",
        "crossing": "uncontrolled",
        "crossing:island": "no",
        "crossing:markings": "lines",
        "crossing:signals": "no",
        "highway": "crossing"
      },
      "geometry": {
        "type": "Point",
        "coordinates": [
          -80.2556407,
          25.7725697
        ]
      }
    },
    {
      "type": "Feature",
      "properties": {
        "id": 4427778641,
        "kind": "poi",
        "crossing": "uncontrolled",
        "crossing:markings": "zebra",
        "crossing:signals": "no",
        "highway": "crossing"
      },
      "geometry": {
        "type": "Point",
        "coordinates": [
          -80.2577589,
          25.7692601
        ]
      }
    },
    {
      "type": "Feature",
      "properties": {
        "id": 4427778683,
        "kind": "poi",
        "crossing": "uncontrolled",
        "crossing:markings": "lines",
        "crossing:signals": "no",
        "highway": "crossing"
      },
      "geometry": {
        "type": "Point",
        "coordinates": [
          -80.2552877,
          25.770011
        ]
      }
    },
    {
      "type": "Feature",
      "properties": {
        "id": 4427778793,
        "kind": "poi",
        "crossing": "uncontrolled",
        "crossing:markings": "ladder",
        "highway": "crossing"
      },
      "geometry": {
        "type": "Point",
        "coordinates": [
          -80.2577311,
          25.7656932
        ]
      }
    },
    {
      "type": "Feature",
      "properties": {
        "id": 4427778818,
        "kind": "poi",
        "crossing": "uncontrolled",
        "crossing:markings": "ladder",
        "highway": "crossing"
      },
      "geometry": {
        "type": "Point",
        "coordinates": [
          -80.2494908,
          25.7675401
        ]
      }
    },
    {
      "type": "Feature",
      "properties": {
        "id": 4427778824,
        "kind": "poi",
        "crossing": "uncontrolled",
        "crossing:markings": "ladder",
        "highway": "crossing"
      },
      "geometry": {
        "type": "Point",
        "coordinates": [
          -80.2495767,
          25.7676208
        ]
      }
    },
    {
      "type": "Feature",
      "properties": {
        "id": 4427778825,
        "kind": "poi",
        "crossing": "uncontrolled",
        "crossing:markings": "ladder",
        "highway": "crossing"
      },
      "geometry": {
        "type": "Point",
        "coordinates": [
          -80.2496655,
          25.7676192
        ]
      }
    },
    {
      "type": "Feature",
      "properties": {
        "id": 4427778855,
        "kind": "poi",
        "crossing": "uncontrolled",
        "crossing:markings": "lines",
        "crossing:signals": "no",
        "highway": "crossing"
      },
      "geometry": {
        "type": "Point",
        "coordinates": [
          -80.2552291,
          25.7702469
        ]
      }
    },
    {
      "type": "Feature",
      "properties": {
        "id": 4427778865,
        "kind": "poi",
        "crossing": "traffic_signals",
        "crossing:markings": "lines",
        "crossing:signals": "yes",
        "highway": "crossing",
        "tactile_paving": "yes",
        "traffic_signals:countdown": "yes"
      },
      "geometry": {
        "type": "Point",
        "coordinates": [
          -80.2552893,
          25.7703586
        ]
      }
    },
    {
      "type": "Feature",
      "properties": {
        "id": 4427778866,
        "kind": "poi",
        "crossing": "traffic_signals",
        "crossing:markings": "lines",
        "crossing:signals": "yes",
        "highway": "crossing",
        "tactile_paving": "yes",
        "traffic_signals:countdown": "yes"
      },
      "geometry": {
        "type": "Point",
        "coordinates": [
          -80.2555125,
          25.7703329
        ]
      }
    },
    {
      "type": "Feature",
      "properties": {
        "id": 4427778871,
        "kind": "poi",
        "crossing": "traffic_signals",
        "crossing:island": "no",
        "crossing:markings": "lines",
        "crossing:signals": "yes",
        "highway": "crossing",
        "tactile_paving": "yes",
        "traffic_signals:countdown": "yes",
        "traffic_signals:vibration": "no"
      },
      "geometry": {
        "type": "Point",
        "coordinates": [
          -80.2554194,
          25.7704466
        ]
      }
    },
    {
      "type": "Feature",
      "properties": {
        "id": 4427778889,
        "kind": "poi",
        "crossing": "uncontrolled",
        "crossing:markings": "lines",
        "crossing:signals": "no",
        "highway": "crossing",
        "tactile_paving": "yes"
      },
      "geometry": {
        "type": "Point",
        "coordinates": [
          -80.2554953,
          25.770037
        ]
      }
    },
    {
      "type": "Feature",
      "properties": {
        "id": 4427778911,
        "kind": "poi",
        "crossing": "traffic_signals",
        "crossing:markings": "lines",
        "crossing:signals": "yes",
        "highway": "crossing",
        "tactile_paving": "yes",
        "traffic_signals:countdown": "yes",
        "traffic_signals:vibration": "no"
      },
      "geometry": {
        "type": "Point",
        "coordinates": [
          -80.2554487,
          25.7701977
        ]
      }
    },
    {
      "type": "Feature",
      "properties": {
        "id": 4427778916,
        "kind": "poi",
        "crossing": "traffic_signals",
        "crossing:markings": "lines",
        "crossing:signals": "yes",
        "highway": "crossing",
        "tactile_paving": "yes",
        "traffic_signals:countdown": "yes",
        "traffic_signals:vibration": "no"
      },
      "geometry": {
        "type": "Point",
        "coordinates": [
          -80.255356,
          25.7702228
        ]
      }
    },
    {
      "type": "Feature",
      "properties": {
        "id": 4427778917,
        "kind": "poi",
        "crossing": "traffic_signals",
        "crossing:markings": "lines",
        "crossing:signals": "yes",
        "highway": "crossing",
        "tactile_paving": "yes",
        "traffic_signals:countdown": "yes"
      },
      "geometry": {
        "type": "Point",
        "coordinates": [
          -80.255505,
          25.7702279
        ]
      }
    },
    {
      "type": "Feature",
      "properties": {
        "id": 4427778926,
        "kind": "poi",
        "crossing": "uncontrolled",
        "crossing:markings": "lines",
        "crossing:signals": "no",
        "highway": "crossing"
      },
      "geometry": {
        "type": "Point",
        "coordinates": [
          -80.2594847,
          25.7702234
        ]
      }
    },
    {
      "type": "Feature",
      "properties": {
        "id": 4427779027,
        "kind": "poi",
        "crossing": "uncontrolled",
        "crossing:markings": "ladder",
        "crossing:signed": "yes",
        "crossing_ref": "rrfb",
        "flashing_lights": "button",
        "highway": "crossing"
      },
      "geometry": {
        "type": "Point",
        "coordinates": [
          -80.2777829,
          25.7711669
        ]
      }
    },
    {
      "type": "Feature",
      "properties": {
        "id": 4427779033,
        "kind": "poi",
        "crossing": "uncontrolled",
        "crossing:markings": "ladder",
        "crossing:signed": "yes",
        "crossing_ref": "rrfb",
        "flashing_lights": "button",
        "highway": "crossing"
      },
      "geometry": {
        "type": "Point",
        "coordinates": [
          -80.2777924,
          25.7712534
        ]
      }
    },
    {
      "type": "Feature",
      "properties": {
        "id": 4427779049,
        "kind": "poi",
        "crossing": "uncontrolled",
        "crossing:markings": "lines",
        "crossing:signals": "no",
        "highway": "crossing"
      },
      "geometry": {
        "type": "Point",
        "coordinates": [
          -80.2546009,
          25.7717561
        ]
      }
    },
    {
      "type": "Feature",
      "properties": {
        "id": 4427779050,
        "kind": "poi",
        "crossing": "uncontrolled",
        "crossing:markings": "lines",
        "crossing:signals": "no",
        "highway": "crossing"
      },
      "geometry": {
        "type": "Point",
        "coordinates": [
          -80.2546996,
          25.7717509
        ]
      }
    },
    {
      "type": "Feature",
      "properties": {
        "id": 4427784219,
        "kind": "poi",
        "crossing": "traffic_signals",
        "crossing:island": "yes",
        "crossing:markings": "lines",
        "highway": "crossing",
        "tactile_paving": "yes"
      },
      "geometry": {
        "type": "Point",
        "coordinates": [
          -80.2588075,
          25.7589982
        ]
      }
    },
    {
      "type": "Feature",
      "properties": {
        "id": 4427784231,
        "kind": "poi",
        "crossing": "unmarked",
        "crossing:markings": "no",
        "highway": "crossing"
      },
      "geometry": {
        "type": "Point",
        "coordinates": [
          -80.2587725,
          25.7596976
        ]
      }
    },
    {
      "type": "Feature",
      "properties": {
        "id": 4427784232,
        "kind": "poi",
        "crossing": "uncontrolled",
        "crossing:island": "yes",
        "crossing:markings": "lines",
        "highway": "crossing",
        "tactile_paving": "yes"
      },
      "geometry": {
        "type": "Point",
        "coordinates": [
          -80.2586489,
          25.7597732
        ]
      }
    },
    {
      "type": "Feature",
      "properties": {
        "id": 4477491710,
        "kind": "poi",
        "crossing": "uncontrolled",
        "crossing:markings": "zebra",
        "highway": "crossing"
      },
      "geometry": {
        "type": "Point",
        "coordinates": [
          -80.2617441,
          25.7453846
        ]
      }
    },
    {
      "type": "Feature",
      "properties": {
        "id": 4477491719,
        "kind": "poi",
        "crossing": "uncontrolled",
        "crossing:markings": "yes",
        "highway": "crossing"
      },
      "geometry": {
        "type": "Point",
        "coordinates": [
          -80.2689692,
          25.7472023
        ]
      }
    },
    {
      "type": "Feature",
      "properties": {
        "id": 4477491737,
        "kind": "poi",
        "crossing": "traffic_signals",
        "crossing:markings": "lines",
        "highway": "crossing"
      },
      "geometry": {
        "type": "Point",
        "coordinates": [
          -80.2627056,
          25.7477333
        ]
      }
    },
    {
      "type": "Feature",
      "properties": {
        "id": 4477491738,
        "kind": "poi",
        "crossing": "traffic_signals",
        "crossing:markings": "lines",
        "highway": "crossing"
      },
      "geometry": {
        "type": "Point",
        "coordinates": [
          -80.2626009,
          25.7477406
        ]
      }
    },
    {
      "type": "Feature",
      "properties": {
        "id": 4477491747,
        "kind": "poi",
        "crossing": "uncontrolled",
        "crossing:markings": "zebra",
        "highway": "crossing"
      },
      "geometry": {
        "type": "Point",
        "coordinates": [
          -80.266669,
          25.7478863
        ]
      }
    },
    {
      "type": "Feature",
      "properties": {
        "id": 4477491760,
        "kind": "poi",
        "crossing": "uncontrolled",
        "crossing:markings": "zebra",
        "highway": "crossing"
      },
      "geometry": {
        "type": "Point",
        "coordinates": [
          -80.2664495,
          25.7481293
        ]
      }
    },
    {
      "type": "Feature",
      "properties": {
        "id": 4477491764,
        "kind": "poi",
        "crossing": "uncontrolled",
        "crossing:markings": "zebra",
        "highway": "crossing"
      },
      "geometry": {
        "type": "Point",
        "coordinates": [
          -80.2664553,
          25.7482209
        ]
      }
    },
    {
      "type": "Feature",
      "properties": {
        "id": 4477491771,
        "kind": "poi",
        "crossing": "traffic_signals",
        "crossing:markings": "lines",
        "crossing:signals": "yes",
        "highway": "crossing"
      },
      "geometry": {
        "type": "Point",
        "coordinates": [
          -80.2626273,
          25.7483133
        ]
      }
    },
    {
      "type": "Feature",
      "properties": {
        "id": 4477491778,
        "kind": "poi",
        "crossing": "uncontrolled",
        "crossing:markings": "zebra",
        "highway": "crossing"
      },
      "geometry": {
        "type": "Point",
        "coordinates": [
          -80.2667087,
          25.7483928
        ]
      }
    },
    {
      "type": "Feature",
      "properties": {
        "id": 4477492099,
        "kind": "poi",
        "crossing": "uncontrolled",
        "crossing:markings": "lines",
        "highway": "crossing"
      },
      "geometry": {
        "type": "Point",
        "coordinates": [
          -80.2628781,
          25.7498006
        ]
      }
    },
    {
      "type": "Feature",
      "properties": {
        "id": 4477492116,
        "kind": "poi",
        "crossing": "traffic_signals",
        "crossing:markings": "lines",
        "crossing:signals": "yes",
        "highway": "crossing"
      },
      "geometry": {
        "type": "Point",
        "coordinates": [
          -80.2627483,
          25.7502694
        ]
      }
    },
    {
      "type": "Feature",
      "properties": {
        "id": 4576255077,
        "kind": "poi",
        "crossing": "uncontrolled",
        "crossing:markings": "lines",
        "highway": "crossing"
      },
      "geometry": {
        "type": "Point",
        "coordinates": [
          -80.1913322,
          25.7771161
        ]
      }
    },
    {
      "type": "Feature",
      "properties": {
        "id": 4587253922,
        "kind": "poi",
        "crossing": "uncontrolled",
        "crossing:markings": "ladder",
        "highway": "crossing"
      },
      "geometry": {
        "type": "Point",
        "coordinates": [
          -80.1971033,
          25.7769754
        ]
      }
    },
    {
      "type": "Feature",
      "properties": {
        "id": 4587253938,
        "kind": "poi",
        "crossing": "traffic_signals",
        "crossing:markings": "ladder",
        "highway": "crossing"
      },
      "geometry": {
        "type": "Point",
        "coordinates": [
          -80.1937828,
          25.7788849
        ]
      }
    },
    {
      "type": "Feature",
      "properties": {
        "id": 4587253967,
        "kind": "poi",
        "crossing": "uncontrolled",
        "crossing:markings": "zebra",
        "highway": "crossing"
      },
      "geometry": {
        "type": "Point",
        "coordinates": [
          -80.196799,
          25.7779202
        ]
      }
    },
    {
      "type": "Feature",
      "properties": {
        "id": 4587253996,
        "kind": "poi",
        "button_operated": "no",
        "crossing": "traffic_signals",
        "crossing:island": "no",
        "crossing:markings": "surface",
        "crossing:signals": "yes",
        "highway": "crossing",
        "tactile_paving": "yes",
        "traffic_signals:sound": "no",
        "traffic_signals:vibration": "no"
      },
      "geometry": {
        "type": "Point",
        "coordinates": [
          -80.1977614,
          25.775083
        ]
      }
    },
    {
      "type": "Feature",
      "properties": {
        "id": 4587378219,
        "kind": "poi",
        "crossing": "traffic_signals",
        "crossing:markings": "ladder",
        "highway": "crossing"
      },
      "geometry": {
        "type": "Point",
        "coordinates": [
          -80.1891543,
          25.7850307
        ]
      }
    },
    {
      "type": "Feature",
      "properties": {
        "id": 4587378232,
        "kind": "poi",
        "crossing": "traffic_signals",
        "crossing:markings": "ladder",
        "highway": "crossing"
      },
      "geometry": {
        "type": "Point",
        "coordinates": [
          -80.1875997,
          25.776274
        ]
      }
    },
    {
      "type": "Feature",
      "properties": {
        "id": 4587378239,
        "kind": "poi",
        "crossing": "traffic_signals",
        "crossing:markings": "ladder",
        "highway": "crossing"
      },
      "geometry": {
        "type": "Point",
        "coordinates": [
          -80.1884271,
          25.7781652
        ]
      }
    },
    {
      "type": "Feature",
      "properties": {
        "id": 4587378240,
        "kind": "poi",
        "crossing": "traffic_signals",
        "crossing:markings": "ladder",
        "highway": "crossing"
      },
      "geometry": {
        "type": "Point",
        "coordinates": [
          -80.1880612,
          25.7762603
        ]
      }
    },
    {
      "type": "Feature",
      "properties": {
        "id": 4587378242,
        "kind": "poi",
        "crossing": "traffic_signals",
        "crossing:markings": "ladder",
        "highway": "crossing"
      },
      "geometry": {
        "type": "Point",
        "coordinates": [
          -80.1892829,
          25.7837576
        ]
      }
    },
    {
      "type": "Feature",
      "properties": {
        "id": 4587378245,
        "kind": "poi",
        "crossing": "traffic_signals",
        "crossing:markings": "ladder",
        "highway": "crossing"
      },
      "geometry": {
        "type": "Point",
        "coordinates": [
          -80.1895651,
          25.7828063
        ]
      }
    },
    {
      "type": "Feature",
      "properties": {
        "id": 4587378250,
        "kind": "poi",
        "crossing": "traffic_signals",
        "crossing:markings": "ladder",
        "highway": "crossing"
      },
      "geometry": {
        "type": "Point",
        "coordinates": [
          -80.1895681,
          25.7831163
        ]
      }
    },
    {
      "type": "Feature",
      "properties": {
        "id": 4587378260,
        "kind": "poi",
        "crossing": "traffic_signals",
        "crossing:markings": "ladder",
        "highway": "crossing"
      },
      "geometry": {
        "type": "Point",
        "coordinates": [
          -80.1892913,
          25.7818656
        ]
      }
    },
    {
      "type": "Feature",
      "properties": {
        "id": 4587378269,
        "kind": "poi",
        "crossing": "traffic_signals",
        "crossing:markings": "ladder",
        "highway": "crossing"
      },
      "geometry": {
        "type": "Point",
        "coordinates": [
          -80.1893999,
          25.7850226
        ]
      }
    },
    {
      "type": "Feature",
      "properties": {
        "id": 4587381503,
        "kind": "poi",
        "crossing": "traffic_signals",
        "crossing:markings": "ladder",
        "highway": "crossing"
      },
      "geometry": {
        "type": "Point",
        "coordinates": [
          -80.1888455,
          25.7790899
        ]
      }
    },
    {
      "type": "Feature",
      "properties": {
        "id": 4587381514,
        "kind": "poi",
        "crossing": "traffic_signals",
        "crossing:markings": "ladder",
        "highway": "crossing"
      },
      "geometry": {
        "type": "Point",
        "coordinates": [
          -80.1892123,
          25.7847024
        ]
      }
    },
    {
      "type": "Feature",
      "properties": {
        "id": 4587381535,
        "kind": "poi",
        "crossing": "unmarked",
        "crossing:markings": "no",
        "highway": "crossing"
      },
      "geometry": {
        "type": "Point",
        "coordinates": [
          -80.1878014,
          25.776188
        ]
      }
    },
    {
      "type": "Feature",
      "properties": {
        "id": 4587381546,
        "kind": "poi",
        "crossing": "traffic_signals",
        "crossing:markings": "ladder",
        "highway": "crossing"
      },
      "geometry": {
        "type": "Point",
        "coordinates": [
          -80.1889629,
          25.7802423
        ]
      }
    },
    {
      "type": "Feature",
      "properties": {
        "id": 4587381554,
        "kind": "poi",
        "crossing": "traffic_signals",
        "crossing:markings": "ladder",
        "crossing:signals": "yes",
        "highway": "crossing"
      },
      "geometry": {
        "type": "Point",
        "coordinates": [
          -80.1871306,
          25.7726647
        ]
      }
    },
    {
      "type": "Feature",
      "properties": {
        "id": 4587381691,
        "kind": "poi",
        "crossing": "uncontrolled",
        "crossing:markings": "zebra",
        "highway": "crossing"
      },
      "geometry": {
        "type": "Point",
        "coordinates": [
          -80.1877933,
          25.778262
        ]
      }
    },
    {
      "type": "Feature",
      "properties": {
        "id": 4587381698,
        "kind": "poi",
        "crossing": "traffic_signals",
        "crossing:markings": "ladder",
        "highway": "crossing"
      },
      "geometry": {
        "type": "Point",
        "coordinates": [
          -80.1892864,
          25.7831294
        ]
      }
    },
    {
      "type": "Feature",
      "properties": {
        "id": 4587381703,
        "kind": "poi",
        "crossing": "traffic_signals",
        "crossing:markings": "ladder",
        "highway": "crossing"
      },
      "geometry": {
        "type": "Point",
        "coordinates": [
          -80.1894684,
          25.7847509
        ]
      }
    },
    {
      "type": "Feature",
      "properties": {
        "id": 4587381704,
        "kind": "poi",
        "crossing": "traffic_signals",
        "crossing:markings": "ladder",
        "highway": "crossing"
      },
      "geometry": {
        "type": "Point",
        "coordinates": [
          -80.1892816,
          25.7841077
        ]
      }
    },
    {
      "type": "Feature",
      "properties": {
        "id": 4587381708,
        "kind": "poi",
        "crossing": "traffic_signals",
        "crossing:markings": "ladder",
        "highway": "crossing"
      },
      "geometry": {
        "type": "Point",
        "coordinates": [
          -80.1892857,
          25.7828088
        ]
      }
    },
    {
      "type": "Feature",
      "properties": {
        "id": 4587381710,
        "kind": "poi",
        "crossing": "uncontrolled",
        "crossing:markings": "ladder",
        "crossing:signals": "no",
        "highway": "crossing"
      },
      "geometry": {
        "type": "Point",
        "coordinates": [
          -80.1871706,
          25.7820532
        ]
      }
    },
    {
      "type": "Feature",
      "properties": {
        "id": 4587381715,
        "kind": "poi",
        "crossing": "traffic_signals",
        "crossing:markings": "ladder",
        "highway": "crossing"
      },
      "geometry": {
        "type": "Point",
        "coordinates": [
          -80.1891897,
          25.7801802
        ]
      }
    },
    {
      "type": "Feature",
      "properties": {
        "id": 4587381734,
        "kind": "poi",
        "crossing": "traffic_signals",
        "crossing:markings": "ladder",
        "highway": "crossing"
      },
      "geometry": {
        "type": "Point",
        "coordinates": [
          -80.1895654,
          25.7837522
        ]
      }
    },
    {
      "type": "Feature",
      "properties": {
        "id": 4587381749,
        "kind": "poi",
        "crossing": "traffic_signals",
        "crossing:markings": "ladder",
        "highway": "crossing"
      },
      "geometry": {
        "type": "Point",
        "coordinates": [
          -80.1879972,
          25.7763231
        ]
      }
    },
    {
      "type": "Feature",
      "properties": {
        "id": 4587381761,
        "kind": "poi",
        "crossing": "traffic_signals",
        "crossing:markings": "ladder",
        "highway": "crossing"
      },
      "geometry": {
        "type": "Point",
        "coordinates": [
          -80.1879513,
          25.776154
        ]
      }
    },
    {
      "type": "Feature",
      "properties": {
        "id": 4587381769,
        "kind": "poi",
        "crossing": "traffic_signals",
        "crossing:markings": "ladder",
        "highway": "crossing"
      },
      "geometry": {
        "type": "Point",
        "coordinates": [
          -80.1880303,
          25.7780931
        ]
      }
    },
    {
      "type": "Feature",
      "properties": {
        "id": 4587381786,
        "kind": "poi",
        "crossing": "traffic_signals",
        "crossing:markings": "ladder",
        "highway": "crossing"
      },
      "geometry": {
        "type": "Point",
        "coordinates": [
          -80.1895382,
          25.7818602
        ]
      }
    },
    {
      "type": "Feature",
      "properties": {
        "id": 4587381892,
        "kind": "poi",
        "crossing": "traffic_signals",
        "crossing:markings": "ladder",
        "highway": "crossing"
      },
      "geometry": {
        "type": "Point",
        "coordinates": [
          -80.1883248,
          25.7772757
        ]
      }
    },
    {
      "type": "Feature",
      "properties": {
        "id": 4587381893,
        "kind": "poi",
        "crossing": "unmarked",
        "crossing:markings": "no",
        "highway": "crossing"
      },
      "geometry": {
        "type": "Point",
        "coordinates": [
          -80.1876295,
          25.7761932
        ]
      }
    },
    {
      "type": "Feature",
      "properties": {
        "id": 4587381899,
        "kind": "poi",
        "crossing": "uncontrolled",
        "crossing:markings": "ladder",
        "highway": "crossing"
      },
      "geometry": {
        "type": "Point",
        "coordinates": [
          -80.1863425,
          25.7819871
        ]
      }
    },
    {
      "type": "Feature",
      "properties": {
        "id": 4587381904,
        "kind": "poi",
        "crossing": "traffic_signals",
        "crossing:markings": "ladder",
        "highway": "crossing"
      },
      "geometry": {
        "type": "Point",
        "coordinates": [
          -80.1895595,
          25.7840869
        ]
      }
    },
    {
      "type": "Feature",
      "properties": {
        "id": 4587381905,
        "kind": "poi",
        "crossing": "uncontrolled",
        "crossing:markings": "zebra",
        "highway": "crossing"
      },
      "geometry": {
        "type": "Point",
        "coordinates": [
          -80.1876471,
          25.7782081
        ]
      }
    },
    {
      "type": "Feature",
      "properties": {
        "id": 4604778228,
        "kind": "poi",
        "crossing": "traffic_signals",
        "crossing:markings": "lines",
        "crossing:signals": "yes",
        "highway": "crossing"
      },
      "geometry": {
        "type": "Point",
        "coordinates": [
          -80.1936063,
          25.7707802
        ]
      }
    },
    {
      "type": "Feature",
      "properties": {
        "id": 4604778257,
        "kind": "poi",
        "crossing": "traffic_signals",
        "crossing:markings": "lines",
        "crossing:signals": "yes",
        "highway": "crossing"
      },
      "geometry": {
        "type": "Point",
        "coordinates": [
          -80.1934774,
          25.7707818
        ]
      }
    },
    {
      "type": "Feature",
      "properties": {
        "id": 4604795178,
        "kind": "poi",
        "crossing": "traffic_signals",
        "crossing:markings": "ladder",
        "highway": "crossing"
      },
      "geometry": {
        "type": "Point",
        "coordinates": [
          -80.1887883,
          25.7709206
        ]
      }
    },
    {
      "type": "Feature",
      "properties": {
        "id": 4611274067,
        "kind": "poi",
        "crossing": "uncontrolled",
        "crossing:markings": "lines",
        "crossing:signals": "no",
        "highway": "crossing"
      },
      "geometry": {
        "type": "Point",
        "coordinates": [
          -80.24615,
          25.7407117
        ]
      }
    },
    {
      "type": "Feature",
      "properties": {
        "id": 4611274068,
        "kind": "poi",
        "crossing": "uncontrolled",
        "crossing:markings": "lines",
        "crossing:signals": "no",
        "highway": "crossing"
      },
      "geometry": {
        "type": "Point",
        "coordinates": [
          -80.2459694,
          25.7407974
        ]
      }
    },
    {
      "type": "Feature",
      "properties": {
        "id": 4611274075,
        "kind": "poi",
        "crossing": "uncontrolled",
        "crossing:markings": "lines",
        "highway": "crossing"
      },
      "geometry": {
        "type": "Point",
        "coordinates": [
          -80.2518482,
          25.7514325
        ]
      }
    },
    {
      "type": "Feature",
      "properties": {
        "id": 4625752751,
        "kind": "poi",
        "crossing": "marked",
        "crossing:markings": "yes",
        "highway": "crossing"
      },
      "geometry": {
        "type": "Point",
        "coordinates": [
          -80.1870752,
          25.7953152
        ]
      }
    },
    {
      "type": "Feature",
      "properties": {
        "id": 4629300915,
        "kind": "poi",
        "crossing": "uncontrolled",
        "crossing:markings": "lines",
        "crossing:signals": "no",
        "highway": "crossing"
      },
      "geometry": {
        "type": "Point",
        "coordinates": [
          -80.1871643,
          25.7971865
        ]
      }
    },
    {
      "type": "Feature",
      "properties": {
        "id": 4629300922,
        "kind": "poi",
        "crossing": "marked",
        "crossing:markings": "yes",
        "highway": "crossing"
      },
      "geometry": {
        "type": "Point",
        "coordinates": [
          -80.199173,
          25.8007369
        ]
      }
    },
    {
      "type": "Feature",
      "properties": {
        "id": 4629300935,
        "kind": "poi",
        "crossing": "uncontrolled",
        "crossing:markings": "yes",
        "highway": "crossing"
      },
      "geometry": {
        "type": "Point",
        "coordinates": [
          -80.1991534,
          25.8047937
        ]
      }
    },
    {
      "type": "Feature",
      "properties": {
        "id": 4629300970,
        "kind": "poi",
        "crossing": "marked",
        "crossing:markings": "lines",
        "highway": "crossing"
      },
      "geometry": {
        "type": "Point",
        "coordinates": [
          -80.1934351,
          25.8118316
        ]
      }
    },
    {
      "type": "Feature",
      "properties": {
        "id": 4630534639,
        "kind": "poi",
        "crossing": "traffic_signals",
        "crossing:markings": "ladder",
        "highway": "crossing"
      },
      "geometry": {
        "type": "Point",
        "coordinates": [
          -80.1937794,
          25.7770358
        ]
      }
    },
    {
      "type": "Feature",
      "properties": {
        "id": 4630650482,
        "kind": "poi",
        "crossing": "traffic_signals",
        "crossing:markings": "lines",
        "highway": "crossing"
      },
      "geometry": {
        "type": "Point",
        "coordinates": [
          -80.1936255,
          25.7728061
        ]
      }
    },
    {
      "type": "Feature",
      "properties": {
        "id": 4630651194,
        "kind": "poi",
        "crossing": "unmarked",
        "crossing:markings": "no",
        "highway": "crossing"
      },
      "geometry": {
        "type": "Point",
        "coordinates": [
          -80.2034494,
          25.7777397
        ]
      }
    },
    {
      "type": "Feature",
      "properties": {
        "id": 4630651196,
        "kind": "poi",
        "crossing": "uncontrolled",
        "crossing:markings": "lines",
        "crossing:signals": "no",
        "highway": "crossing"
      },
      "geometry": {
        "type": "Point",
        "coordinates": [
          -80.2045454,
          25.7778965
        ]
      }
    },
    {
      "type": "Feature",
      "properties": {
        "id": 4633858962,
        "kind": "poi",
        "crossing": "uncontrolled",
        "crossing:markings": "surface",
        "highway": "crossing"
      },
      "geometry": {
        "type": "Point",
        "coordinates": [
          -80.2791631,
          25.7412765
        ]
      }
    },
    {
      "type": "Feature",
      "properties": {
        "id": 4633858992,
        "kind": "poi",
        "crossing": "unmarked",
        "crossing:markings": "no",
        "highway": "crossing"
      },
      "geometry": {
        "type": "Point",
        "coordinates": [
          -80.2784042,
          25.7413382
        ]
      }
    },
    {
      "type": "Feature",
      "properties": {
        "id": 4633919726,
        "kind": "poi",
        "crossing": "uncontrolled",
        "crossing:markings": "lines",
        "crossing:signed": "yes",
        "highway": "crossing"
      },
      "geometry": {
        "type": "Point",
        "coordinates": [
          -80.2751511,
          25.7522169
        ]
      }
    },
    {
      "type": "Feature",
      "properties": {
        "id": 4682619696,
        "kind": "poi",
        "crossing": "uncontrolled",
        "crossing:markings": "lines",
        "highway": "crossing"
      },
      "geometry": {
        "type": "Point",
        "coordinates": [
          -80.2180965,
          25.7444096
        ]
      }
    },
    {
      "type": "Feature",
      "properties": {
        "id": 4693467168,
        "kind": "poi",
        "crossing": "uncontrolled",
        "crossing:markings": "ladder",
        "crossing:signals": "no",
        "highway": "crossing"
      },
      "geometry": {
        "type": "Point",
        "coordinates": [
          -80.1803123,
          25.7789772
        ]
      }
    },
    {
      "type": "Feature",
      "properties": {
        "id": 4693973624,
        "kind": "poi",
        "crossing": "uncontrolled",
        "crossing:markings": "zebra",
        "crossing:signals": "no",
        "highway": "crossing"
      },
      "geometry": {
        "type": "Point",
        "coordinates": [
          -80.2064007,
          25.7546125
        ]
      }
    },
    {
      "type": "Feature",
      "properties": {
        "id": 4693973625,
        "kind": "poi",
        "crossing": "uncontrolled",
        "crossing:markings": "ladder",
        "crossing:signals": "no",
        "highway": "crossing"
      },
      "geometry": {
        "type": "Point",
        "coordinates": [
          -80.2069494,
          25.7542306
        ]
      }
    },
    {
      "type": "Feature",
      "properties": {
        "id": 4693973629,
        "kind": "poi",
        "crossing": "uncontrolled",
        "crossing:markings": "ladder",
        "crossing:signals": "no",
        "highway": "crossing"
      },
      "geometry": {
        "type": "Point",
        "coordinates": [
          -80.2070039,
          25.7542881
        ]
      }
    },
    {
      "type": "Feature",
      "properties": {
        "id": 4693973630,
        "kind": "poi",
        "crossing": "uncontrolled",
        "crossing:markings": "zebra",
        "crossing:signals": "no",
        "highway": "crossing"
      },
      "geometry": {
        "type": "Point",
        "coordinates": [
          -80.2064715,
          25.7546532
        ]
      }
    },
    {
      "type": "Feature",
      "properties": {
        "id": 4693973634,
        "kind": "poi",
        "crossing": "uncontrolled",
        "crossing:markings": "ladder",
        "crossing:signals": "no",
        "highway": "crossing"
      },
      "geometry": {
        "type": "Point",
        "coordinates": [
          -80.2072421,
          25.7540304
        ]
      }
    },
    {
      "type": "Feature",
      "properties": {
        "id": 4693973640,
        "kind": "poi",
        "crossing": "uncontrolled",
        "crossing:markings": "ladder",
        "crossing:signals": "no",
        "highway": "crossing"
      },
      "geometry": {
        "type": "Point",
        "coordinates": [
          -80.2072885,
          25.754085
        ]
      }
    },
    {
      "type": "Feature",
      "properties": {
        "id": 4693973804,
        "kind": "poi",
        "crossing": "uncontrolled",
        "crossing:markings": "lines",
        "highway": "crossing"
      },
      "geometry": {
        "type": "Point",
        "coordinates": [
          -80.2091192,
          25.7581393
        ]
      }
    },
    {
      "type": "Feature",
      "properties": {
        "id": 4693973805,
        "kind": "poi",
        "crossing": "uncontrolled",
        "crossing:markings": "lines",
        "highway": "crossing"
      },
      "geometry": {
        "type": "Point",
        "coordinates": [
          -80.2085671,
          25.7574824
        ]
      }
    },
    {
      "type": "Feature",
      "properties": {
        "id": 4693973810,
        "kind": "poi",
        "crossing": "uncontrolled",
        "crossing:markings": "lines",
        "highway": "crossing"
      },
      "geometry": {
        "type": "Point",
        "coordinates": [
          -80.2084788,
          25.7575435
        ]
      }
    },
    {
      "type": "Feature",
      "properties": {
        "id": 4693973811,
        "kind": "poi",
        "crossing": "uncontrolled",
        "crossing:markings": "lines",
        "highway": "crossing"
      },
      "geometry": {
        "type": "Point",
        "coordinates": [
          -80.2090319,
          25.7582032
        ]
      }
    },
    {
      "type": "Feature",
      "properties": {
        "id": 4693973838,
        "kind": "poi",
        "crossing": "uncontrolled",
        "crossing:markings": "lines",
        "highway": "crossing"
      },
      "geometry": {
        "type": "Point",
        "coordinates": [
          -80.2092001,
          25.7567603
        ]
      }
    },
    {
      "type": "Feature",
      "properties": {
        "id": 4693973897,
        "kind": "poi",
        "crossing": "uncontrolled",
        "crossing:markings": "lines",
        "highway": "crossing"
      },
      "geometry": {
        "type": "Point",
        "coordinates": [
          -80.2099086,
          25.756263
        ]
      }
    },
    {
      "type": "Feature",
      "properties": {
        "id": 4693973899,
        "kind": "poi",
        "crossing": "uncontrolled",
        "crossing:markings": "lines",
        "highway": "crossing"
      },
      "geometry": {
        "type": "Point",
        "coordinates": [
          -80.2098598,
          25.7562033
        ]
      }
    },
    {
      "type": "Feature",
      "properties": {
        "id": 4693973900,
        "kind": "poi",
        "crossing": "uncontrolled",
        "crossing:markings": "lines",
        "highway": "crossing"
      },
      "geometry": {
        "type": "Point",
        "coordinates": [
          -80.2092942,
          25.7565828
        ]
      }
    },
    {
      "type": "Feature",
      "properties": {
        "id": 4693973901,
        "kind": "poi",
        "crossing": "uncontrolled",
        "crossing:markings": "lines",
        "highway": "crossing"
      },
      "geometry": {
        "type": "Point",
        "coordinates": [
          -80.209355,
          25.7566541
        ]
      }
    },
    {
      "type": "Feature",
      "properties": {
        "id": 4693973958,
        "kind": "poi",
        "crossing": "traffic_signals",
        "crossing:markings": "lines",
        "crossing:signals": "yes",
        "highway": "crossing"
      },
      "geometry": {
        "type": "Point",
        "coordinates": [
          -80.2220786,
          25.7509292
        ]
      }
    },
    {
      "type": "Feature",
      "properties": {
        "id": 4693973992,
        "kind": "poi",
        "crossing": "traffic_signals",
        "crossing:markings": "ladder",
        "crossing:signals": "yes",
        "highway": "crossing"
      },
      "geometry": {
        "type": "Point",
        "coordinates": [
          -80.2197913,
          25.7466875
        ]
      }
    },
    {
      "type": "Feature",
      "properties": {
        "id": 4693974019,
        "kind": "poi",
        "crossing": "uncontrolled",
        "crossing:markings": "lines",
        "highway": "crossing"
      },
      "geometry": {
        "type": "Point",
        "coordinates": [
          -80.2122976,
          25.7501142
        ]
      }
    },
    {
      "type": "Feature",
      "properties": {
        "id": 4693974023,
        "kind": "poi",
        "crossing": "uncontrolled",
        "crossing:markings": "lines",
        "highway": "crossing"
      },
      "geometry": {
        "type": "Point",
        "coordinates": [
          -80.2123265,
          25.750155
        ]
      }
    },
    {
      "type": "Feature",
      "properties": {
        "id": 4693974026,
        "kind": "poi",
        "crossing": "uncontrolled",
        "crossing:markings": "zebra",
        "highway": "crossing"
      },
      "geometry": {
        "type": "Point",
        "coordinates": [
          -80.2120762,
          25.7501225
        ]
      }
    },
    {
      "type": "Feature",
      "properties": {
        "id": 4693974036,
        "kind": "poi",
        "crossing": "traffic_signals",
        "crossing:island": "no",
        "crossing:markings": "ladder",
        "crossing:signals": "yes",
        "highway": "crossing"
      },
      "geometry": {
        "type": "Point",
        "coordinates": [
          -80.2146247,
          25.7509066
        ]
      }
    },
    {
      "type": "Feature",
      "properties": {
        "id": 4693974088,
        "kind": "poi",
        "crossing": "uncontrolled",
        "crossing:markings": "lines",
        "crossing:signals": "no",
        "highway": "crossing"
      },
      "geometry": {
        "type": "Point",
        "coordinates": [
          -80.2172527,
          25.7493655
        ]
      }
    },
    {
      "type": "Feature",
      "properties": {
        "id": 4695678851,
        "kind": "poi",
        "crossing": "uncontrolled",
        "crossing:markings": "lines",
        "highway": "crossing"
      },
      "geometry": {
        "type": "Point",
        "coordinates": [
          -80.2181156,
          25.7578961
        ]
      }
    },
    {
      "type": "Feature",
      "properties": {
        "id": 4695678852,
        "kind": "poi",
        "crossing": "uncontrolled",
        "crossing:markings": "lines",
        "highway": "crossing"
      },
      "geometry": {
        "type": "Point",
        "coordinates": [
          -80.2182423,
          25.7579973
        ]
      }
    },
    {
      "type": "Feature",
      "properties": {
        "id": 4695678853,
        "kind": "poi",
        "crossing": "uncontrolled",
        "crossing:markings": "lines",
        "highway": "crossing"
      },
      "geometry": {
        "type": "Point",
        "coordinates": [
          -80.2141585,
          25.7608756
        ]
      }
    },
    {
      "type": "Feature",
      "properties": {
        "id": 4695678854,
        "kind": "poi",
        "crossing": "uncontrolled",
        "crossing:markings": "lines",
        "highway": "crossing"
      },
      "geometry": {
        "type": "Point",
        "coordinates": [
          -80.214369,
          25.7608632
        ]
      }
    },
    {
      "type": "Feature",
      "properties": {
        "id": 4695678855,
        "kind": "poi",
        "crossing": "uncontrolled",
        "crossing:markings": "lines",
        "highway": "crossing"
      },
      "geometry": {
        "type": "Point",
        "coordinates": [
          -80.213918,
          25.758927
        ]
      }
    },
    {
      "type": "Feature",
      "properties": {
        "id": 4695678875,
        "kind": "poi",
        "crossing": "uncontrolled",
        "crossing:markings": "lines",
        "highway": "crossing"
      },
      "geometry": {
        "type": "Point",
        "coordinates": [
          -80.2161421,
          25.760818
        ]
      }
    },
    {
      "type": "Feature",
      "properties": {
        "id": 4695678877,
        "kind": "poi",
        "crossing": "uncontrolled",
        "crossing:markings": "lines",
        "highway": "crossing"
      },
      "geometry": {
        "type": "Point",
        "coordinates": [
          -80.2143974,
          25.7620304
        ]
      }
    },
    {
      "type": "Feature",
      "properties": {
        "id": 4695678878,
        "kind": "poi",
        "crossing": "uncontrolled",
        "crossing:markings": "lines",
        "highway": "crossing"
      },
      "geometry": {
        "type": "Point",
        "coordinates": [
          -80.2142101,
          25.7619977
        ]
      }
    },
    {
      "type": "Feature",
      "properties": {
        "id": 4695678879,
        "kind": "poi",
        "crossing": "uncontrolled",
        "crossing:markings": "lines",
        "highway": "crossing"
      },
      "geometry": {
        "type": "Point",
        "coordinates": [
          -80.2161802,
          25.7619854
        ]
      }
    },
    {
      "type": "Feature",
      "properties": {
        "id": 4695680402,
        "kind": "poi",
        "crossing": "uncontrolled",
        "crossing:markings": "lines",
        "crossing:signals": "no",
        "crossing:signed": "yes",
        "highway": "crossing",
        "lit": "yes"
      },
      "geometry": {
        "type": "Point",
        "coordinates": [
          -80.2053002,
          25.7523427
        ]
      }
    },
    {
      "type": "Feature",
      "properties": {
        "id": 4695680403,
        "kind": "poi",
        "crossing": "unmarked",
        "crossing:markings": "no",
        "highway": "crossing"
      },
      "geometry": {
        "type": "Point",
        "coordinates": [
          -80.2044982,
          25.752922
        ]
      }
    },
    {
      "type": "Feature",
      "properties": {
        "id": 4695680406,
        "kind": "poi",
        "crossing": "uncontrolled",
        "crossing:markings": "ladder",
        "crossing:signals": "no",
        "highway": "crossing"
      },
      "geometry": {
        "type": "Point",
        "coordinates": [
          -80.2030589,
          25.7510955
        ]
      }
    },
    {
      "type": "Feature",
      "properties": {
        "id": 4695680407,
        "kind": "poi",
        "crossing": "traffic_signals",
        "crossing:markings": "lines",
        "crossing:signals": "yes",
        "highway": "crossing"
      },
      "geometry": {
        "type": "Point",
        "coordinates": [
          -80.2037123,
          25.7518782
        ]
      }
    },
    {
      "type": "Feature",
      "properties": {
        "id": 4695680409,
        "kind": "poi",
        "crossing": "traffic_signals",
        "crossing:markings": "lines",
        "crossing:signals": "yes",
        "highway": "crossing"
      },
      "geometry": {
        "type": "Point",
        "coordinates": [
          -80.2037921,
          25.7520781
        ]
      }
    },
    {
      "type": "Feature",
      "properties": {
        "id": 4695680410,
        "kind": "poi",
        "crossing": "traffic_signals",
        "crossing:markings": "lines",
        "crossing:signals": "yes",
        "highway": "crossing"
      },
      "geometry": {
        "type": "Point",
        "coordinates": [
          -80.2040135,
          25.7519411
        ]
      }
    },
    {
      "type": "Feature",
      "properties": {
        "id": 4695680411,
        "kind": "poi",
        "crossing": "traffic_signals",
        "crossing:markings": "lines",
        "crossing:signals": "yes",
        "highway": "crossing"
      },
      "geometry": {
        "type": "Point",
        "coordinates": [
          -80.2039317,
          25.7518523
        ]
      }
    },
    {
      "type": "Feature",
      "properties": {
        "id": 4695680412,
        "kind": "poi",
        "crossing": "traffic_signals",
        "crossing:markings": "lines",
        "crossing:signals": "yes",
        "highway": "crossing"
      },
      "geometry": {
        "type": "Point",
        "coordinates": [
          -80.2037246,
          25.7519961
        ]
      }
    },
    {
      "type": "Feature",
      "properties": {
        "id": 4695680414,
        "kind": "poi",
        "crossing": "traffic_signals",
        "crossing:island": "no",
        "crossing:markings": "lines",
        "crossing:signals": "yes",
        "highway": "crossing"
      },
      "geometry": {
        "type": "Point",
        "coordinates": [
          -80.2047385,
          25.7528175
        ]
      }
    },
    {
      "type": "Feature",
      "properties": {
        "id": 4695680417,
        "kind": "poi",
        "crossing": "uncontrolled",
        "crossing:markings": "lines",
        "crossing:signals": "no",
        "highway": "crossing"
      },
      "geometry": {
        "type": "Point",
        "coordinates": [
          -80.2057477,
          25.7528471
        ]
      }
    },
    {
      "type": "Feature",
      "properties": {
        "id": 4695680418,
        "kind": "poi",
        "crossing": "uncontrolled",
        "crossing:markings": "lines",
        "crossing:signals": "no",
        "highway": "crossing"
      },
      "geometry": {
        "type": "Point",
        "coordinates": [
          -80.2057266,
          25.7528306
        ]
      }
    },
    {
      "type": "Feature",
      "properties": {
        "id": 4695680429,
        "kind": "poi",
        "crossing": "unmarked",
        "crossing:markings": "no",
        "highway": "crossing"
      },
      "geometry": {
        "type": "Point",
        "coordinates": [
          -80.2082304,
          25.7630304
        ]
      }
    },
    {
      "type": "Feature",
      "properties": {
        "id": 4695680431,
        "kind": "poi",
        "crossing": "unmarked",
        "crossing:markings": "no",
        "highway": "crossing"
      },
      "geometry": {
        "type": "Point",
        "coordinates": [
          -80.2126312,
          25.7608058
        ]
      }
    },
    {
      "type": "Feature",
      "properties": {
        "id": 4695680432,
        "kind": "poi",
        "crossing": "unmarked",
        "crossing:markings": "no",
        "highway": "crossing"
      },
      "geometry": {
        "type": "Point",
        "coordinates": [
          -80.212585,
          25.7609664
        ]
      }
    },
    {
      "type": "Feature",
      "properties": {
        "id": 4695680459,
        "kind": "poi",
        "crossing": "traffic_signals",
        "crossing:markings": "lines",
        "crossing:signals": "yes",
        "highway": "crossing"
      },
      "geometry": {
        "type": "Point",
        "coordinates": [
          -80.2081181,
          25.7552547
        ]
      }
    },
    {
      "type": "Feature",
      "properties": {
        "id": 4695680460,
        "kind": "poi",
        "crossing": "uncontrolled",
        "crossing:markings": "ladder",
        "crossing:signals": "no",
        "highway": "crossing"
      },
      "geometry": {
        "type": "Point",
        "coordinates": [
          -80.2072697,
          25.7542509
        ]
      }
    },
    {
      "type": "Feature",
      "properties": {
        "id": 4695680464,
        "kind": "poi",
        "crossing": "uncontrolled",
        "crossing:markings": "ladder",
        "crossing:signals": "no",
        "highway": "crossing"
      },
      "geometry": {
        "type": "Point",
        "coordinates": [
          -80.2072075,
          25.7542941
        ]
      }
    },
    {
      "type": "Feature",
      "properties": {
        "id": 4695680465,
        "kind": "poi",
        "crossing": "uncontrolled",
        "highway": "crossing"
      },
      "geometry": {
        "type": "Point",
        "coordinates": [
          -80.2091552,
          25.7566277
        ]
      }
    },
    {
      "type": "Feature",
      "properties": {
        "id": 4695680466,
        "kind": "poi",
        "crossing": "uncontrolled",
        "crossing:markings": "lines",
        "highway": "crossing"
      },
      "geometry": {
        "type": "Point",
        "coordinates": [
          -80.2092315,
          25.7565725
        ]
      }
    },
    {
      "type": "Feature",
      "properties": {
        "id": 4695680467,
        "kind": "poi",
        "crossing": "uncontrolled",
        "crossing:markings": "lines",
        "highway": "crossing"
      },
      "geometry": {
        "type": "Point",
        "coordinates": [
          -80.2092735,
          25.7567649
        ]
      }
    },
    {
      "type": "Feature",
      "properties": {
        "id": 4695680468,
        "kind": "poi",
        "crossing": "uncontrolled",
        "crossing:markings": "lines",
        "highway": "crossing"
      },
      "geometry": {
        "type": "Point",
        "coordinates": [
          -80.2091416,
          25.75669
        ]
      }
    },
    {
      "type": "Feature",
      "properties": {
        "id": 4695680471,
        "kind": "poi",
        "crossing": "uncontrolled",
        "crossing:markings": "lines",
        "highway": "crossing"
      },
      "geometry": {
        "type": "Point",
        "coordinates": [
          -80.2093493,
          25.756713
        ]
      }
    },
    {
      "type": "Feature",
      "properties": {
        "id": 4695680472,
        "kind": "poi",
        "crossing": "traffic_signals",
        "crossing:markings": "lines",
        "crossing:signals": "yes",
        "highway": "crossing"
      },
      "geometry": {
        "type": "Point",
        "coordinates": [
          -80.2080512,
          25.7553042
        ]
      }
    },
    {
      "type": "Feature",
      "properties": {
        "id": 4695680474,
        "kind": "poi",
        "crossing": "traffic_signals",
        "crossing:markings": "lines",
        "crossing:signals": "yes",
        "highway": "crossing"
      },
      "geometry": {
        "type": "Point",
        "coordinates": [
          -80.208326,
          25.7555087
        ]
      }
    },
    {
      "type": "Feature",
      "properties": {
        "id": 4695680475,
        "kind": "poi",
        "crossing": "uncontrolled",
        "crossing:markings": "lines",
        "highway": "crossing"
      },
      "geometry": {
        "type": "Point",
        "coordinates": [
          -80.2101936,
          25.7577244
        ]
      }
    },
    {
      "type": "Feature",
      "properties": {
        "id": 4695680476,
        "kind": "poi",
        "crossing": "uncontrolled",
        "crossing:markings": "lines",
        "highway": "crossing"
      },
      "geometry": {
        "type": "Point",
        "coordinates": [
          -80.2101138,
          25.7577763
        ]
      }
    },
    {
      "type": "Feature",
      "properties": {
        "id": 4695680479,
        "kind": "poi",
        "crossing": "uncontrolled",
        "crossing:markings": "ladder",
        "crossing:signals": "no",
        "highway": "crossing"
      },
      "geometry": {
        "type": "Point",
        "coordinates": [
          -80.2069961,
          25.7540486
        ]
      }
    },
    {
      "type": "Feature",
      "properties": {
        "id": 4695680483,
        "kind": "poi",
        "crossing": "uncontrolled",
        "crossing:markings": "ladder",
        "crossing:signals": "no",
        "highway": "crossing"
      },
      "geometry": {
        "type": "Point",
        "coordinates": [
          -80.2070604,
          25.7540035
        ]
      }
    },
    {
      "type": "Feature",
      "properties": {
        "id": 4695680592,
        "kind": "poi",
        "crossing": "traffic_signals",
        "crossing:markings": "lines",
        "highway": "crossing"
      },
      "geometry": {
        "type": "Point",
        "coordinates": [
          -80.2074306,
          25.7561235
        ]
      }
    },
    {
      "type": "Feature",
      "properties": {
        "id": 4695680593,
        "kind": "poi",
        "crossing": "traffic_signals",
        "crossing:markings": "lines",
        "highway": "crossing"
      },
      "geometry": {
        "type": "Point",
        "coordinates": [
          -80.2072161,
          25.7558754
        ]
      }
    },
    {
      "type": "Feature",
      "properties": {
        "id": 4695680594,
        "kind": "poi",
        "crossing": "traffic_signals",
        "crossing:markings": "lines",
        "highway": "crossing"
      },
      "geometry": {
        "type": "Point",
        "coordinates": [
          -80.2071285,
          25.755937
        ]
      }
    },
    {
      "type": "Feature",
      "properties": {
        "id": 4695680595,
        "kind": "poi",
        "crossing": "traffic_signals",
        "crossing:markings": "lines",
        "highway": "crossing"
      },
      "geometry": {
        "type": "Point",
        "coordinates": [
          -80.2073372,
          25.7561867
        ]
      }
    },
    {
      "type": "Feature",
      "properties": {
        "id": 4695783721,
        "kind": "poi",
        "crossing": "traffic_signals",
        "crossing:markings": "lines",
        "highway": "crossing"
      },
      "geometry": {
        "type": "Point",
        "coordinates": [
          -80.2097857,
          25.7478108
        ]
      }
    },
    {
      "type": "Feature",
      "properties": {
        "id": 4695783738,
        "kind": "poi",
        "crossing": "uncontrolled",
        "crossing:markings": "lines",
        "highway": "crossing"
      },
      "geometry": {
        "type": "Point",
        "coordinates": [
          -80.2098757,
          25.7476477
        ]
      }
    },
    {
      "type": "Feature",
      "properties": {
        "id": 4695783745,
        "kind": "poi",
        "crossing": "uncontrolled",
        "crossing:markings": "lines",
        "highway": "crossing"
      },
      "geometry": {
        "type": "Point",
        "coordinates": [
          -80.2112154,
          25.7493322
        ]
      }
    },
    {
      "type": "Feature",
      "properties": {
        "id": 4695783752,
        "kind": "poi",
        "crossing": "uncontrolled",
        "crossing:markings": "lines",
        "highway": "crossing"
      },
      "geometry": {
        "type": "Point",
        "coordinates": [
          -80.2114553,
          25.7492749
        ]
      }
    },
    {
      "type": "Feature",
      "properties": {
        "id": 4738571914,
        "kind": "poi",
        "crossing": "unmarked",
        "crossing:markings": "no",
        "highway": "crossing"
      },
      "geometry": {
        "type": "Point",
        "coordinates": [
          -80.200395,
          25.7526232
        ]
      }
    },
    {
      "type": "Feature",
      "properties": {
        "id": 4763297353,
        "kind": "poi",
        "crossing": "traffic_signals",
        "highway": "crossing"
      },
      "geometry": {
        "type": "Point",
        "coordinates": [
          -80.190779,
          25.7869791
        ]
      }
    },
    {
      "type": "Feature",
      "properties": {
        "id": 4773127697,
        "kind": "poi",
        "crossing": "uncontrolled",
        "crossing:markings": "zebra",
        "highway": "crossing"
      },
      "geometry": {
        "type": "Point",
        "coordinates": [
          -80.1846224,
          25.776758
        ]
      }
    },
    {
      "type": "Feature",
      "properties": {
        "id": 4773221390,
        "kind": "poi",
        "highway": "crossing"
      },
      "geometry": {
        "type": "Point",
        "coordinates": [
          -80.1866383,
          25.772726
        ]
      }
    },
    {
      "type": "Feature",
      "properties": {
        "id": 4773376564,
        "kind": "poi",
        "crossing": "traffic_signals",
        "crossing:markings": "ladder",
        "highway": "crossing"
      },
      "geometry": {
        "type": "Point",
        "coordinates": [
          -80.1896522,
          25.7829636
        ]
      }
    },
    {
      "type": "Feature",
      "properties": {
        "id": 4773376591,
        "kind": "poi",
        "crossing": "traffic_signals",
        "crossing:markings": "ladder",
        "highway": "crossing"
      },
      "geometry": {
        "type": "Point",
        "coordinates": [
          -80.18956,
          25.7848784
        ]
      }
    },
    {
      "type": "Feature",
      "properties": {
        "id": 4773377988,
        "kind": "poi",
        "crossing": "uncontrolled",
        "crossing:markings": "lines",
        "highway": "crossing"
      },
      "geometry": {
        "type": "Point",
        "coordinates": [
          -80.1874595,
          25.7860058
        ]
      }
    },
    {
      "type": "Feature",
      "properties": {
        "id": 4773378007,
        "kind": "poi",
        "crossing": "uncontrolled",
        "crossing:markings": "lines",
        "highway": "crossing"
      },
      "geometry": {
        "type": "Point",
        "coordinates": [
          -80.1880064,
          25.7869454
        ]
      }
    },
    {
      "type": "Feature",
      "properties": {
        "id": 4773378009,
        "kind": "poi",
        "crossing": "traffic_signals",
        "crossing:markings": "lines",
        "highway": "crossing"
      },
      "geometry": {
        "type": "Point",
        "coordinates": [
          -80.1892484,
          25.7870171
        ]
      }
    },
    {
      "type": "Feature",
      "properties": {
        "id": 4773378018,
        "kind": "poi",
        "crossing": "traffic_signals",
        "crossing:markings": "lines",
        "highway": "crossing"
      },
      "geometry": {
        "type": "Point",
        "coordinates": [
          -80.1880585,
          25.7881886
        ]
      }
    },
    {
      "type": "Feature",
      "properties": {
        "id": 4774470842,
        "kind": "poi",
        "crossing": "uncontrolled",
        "crossing:markings": "lines",
        "crossing:signals": "no",
        "highway": "crossing"
      },
      "geometry": {
        "type": "Point",
        "coordinates": [
          -80.2648392,
          25.8120889
        ]
      }
    },
    {
      "type": "Feature",
      "properties": {
        "id": 4775029415,
        "kind": "poi",
        "crossing": "uncontrolled",
        "crossing:island": "yes",
        "crossing:markings": "lines",
        "crossing:signals": "no",
        "highway": "crossing"
      },
      "geometry": {
        "type": "Point",
        "coordinates": [
          -80.1870195,
          25.7905122
        ]
      }
    },
    {
      "type": "Feature",
      "properties": {
        "id": 4775029417,
        "kind": "poi",
        "crossing": "marked",
        "crossing:markings": "lines",
        "highway": "crossing"
      },
      "geometry": {
        "type": "Point",
        "coordinates": [
          -80.1871458,
          25.7905171
        ]
      }
    },
    {
      "type": "Feature",
      "properties": {
        "id": 4775029445,
        "kind": "poi",
        "crossing": "unmarked",
        "crossing:markings": "no",
        "highway": "crossing"
      },
      "geometry": {
        "type": "Point",
        "coordinates": [
          -80.1869832,
          25.7917909
        ]
      }
    },
    {
      "type": "Feature",
      "properties": {
        "id": 4775029483,
        "kind": "poi",
        "crossing": "uncontrolled",
        "crossing:markings": "lines",
        "crossing:signals": "no",
        "highway": "crossing",
        "tactile_paving": "yes"
      },
      "geometry": {
        "type": "Point",
        "coordinates": [
          -80.1891147,
          25.7935389
        ]
      }
    },
    {
      "type": "Feature",
      "properties": {
        "id": 4775029485,
        "kind": "poi",
        "crossing": "uncontrolled",
        "crossing:markings": "lines",
        "crossing:signals": "no",
        "highway": "crossing"
      },
      "geometry": {
        "type": "Point",
        "coordinates": [
          -80.1888708,
          25.7935451
        ]
      }
    },
    {
      "type": "Feature",
      "properties": {
        "id": 4775029487,
        "kind": "poi",
        "crossing": "uncontrolled",
        "crossing:markings": "lines",
        "crossing:signals": "no",
        "highway": "crossing"
      },
      "geometry": {
        "type": "Point",
        "coordinates": [
          -80.1882789,
          25.7935605
        ]
      }
    },
    {
      "type": "Feature",
      "properties": {
        "id": 4775029489,
        "kind": "poi",
        "crossing": "uncontrolled",
        "crossing:markings": "lines",
        "crossing:signals": "no",
        "highway": "crossing"
      },
      "geometry": {
        "type": "Point",
        "coordinates": [
          -80.1877429,
          25.7935743
        ]
      }
    },
    {
      "type": "Feature",
      "properties": {
        "id": 4775029494,
        "kind": "poi",
        "crossing": "uncontrolled",
        "crossing:markings": "lines",
        "crossing:signals": "no",
        "highway": "crossing",
        "tactile_paving": "yes"
      },
      "geometry": {
        "type": "Point",
        "coordinates": [
          -80.1891132,
          25.7936337
        ]
      }
    },
    {
      "type": "Feature",
      "properties": {
        "id": 4775029495,
        "kind": "poi",
        "crossing": "uncontrolled",
        "crossing:markings": "lines",
        "crossing:signals": "no",
        "highway": "crossing"
      },
      "geometry": {
        "type": "Point",
        "coordinates": [
          -80.1888733,
          25.7936398
        ]
      }
    },
    {
      "type": "Feature",
      "properties": {
        "id": 4775029497,
        "kind": "poi",
        "crossing": "uncontrolled",
        "crossing:markings": "lines",
        "crossing:signals": "no",
        "highway": "crossing"
      },
      "geometry": {
        "type": "Point",
        "coordinates": [
          -80.188279,
          25.7936549
        ]
      }
    },
    {
      "type": "Feature",
      "properties": {
        "id": 4775029499,
        "kind": "poi",
        "crossing": "uncontrolled",
        "crossing:markings": "lines",
        "crossing:signals": "no",
        "highway": "crossing"
      },
      "geometry": {
        "type": "Point",
        "coordinates": [
          -80.1877352,
          25.7936688
        ]
      }
    },
    {
      "type": "Feature",
      "properties": {
        "id": 4787220418,
        "kind": "poi",
        "crossing": "traffic_signals",
        "crossing:markings": "lines",
        "highway": "crossing",
        "traffic_signals:countdown": "yes"
      },
      "geometry": {
        "type": "Point",
        "coordinates": [
          -80.2797076,
          25.8079978
        ]
      }
    },
    {
      "type": "Feature",
      "properties": {
        "id": 4787220422,
        "kind": "poi",
        "crossing": "traffic_signals",
        "crossing:markings": "lines",
        "highway": "crossing",
        "traffic_signals:countdown": "yes"
      },
      "geometry": {
        "type": "Point",
        "coordinates": [
          -80.2797077,
          25.8078674
        ]
      }
    },
    {
      "type": "Feature",
      "properties": {
        "id": 4787220423,
        "kind": "poi",
        "crossing": "traffic_signals",
        "crossing:markings": "lines",
        "highway": "crossing",
        "traffic_signals:countdown": "yes"
      },
      "geometry": {
        "type": "Point",
        "coordinates": [
          -80.2798651,
          25.8078621
        ]
      }
    },
    {
      "type": "Feature",
      "properties": {
        "id": 4839327811,
        "kind": "poi",
        "crossing": "traffic_signals",
        "crossing:markings": "lines",
        "highway": "crossing"
      },
      "geometry": {
        "type": "Point",
        "coordinates": [
          -80.1899778,
          25.7684475
        ]
      }
    },
    {
      "type": "Feature",
      "properties": {
        "id": 4839327813,
        "kind": "poi",
        "crossing": "uncontrolled",
        "crossing:markings": "zebra",
        "highway": "crossing"
      },
      "geometry": {
        "type": "Point",
        "coordinates": [
          -80.1898132,
          25.7685431
        ]
      }
    },
    {
      "type": "Feature",
      "properties": {
        "id": 4839350034,
        "kind": "poi",
        "crossing": "traffic_signals",
        "crossing:markings": "ladder",
        "highway": "crossing"
      },
      "geometry": {
        "type": "Point",
        "coordinates": [
          -80.2008085,
          25.7672392
        ]
      }
    },
    {
      "type": "Feature",
      "properties": {
        "id": 4839350058,
        "kind": "poi",
        "crossing": "uncontrolled",
        "crossing:markings": "ladder",
        "highway": "crossing"
      },
      "geometry": {
        "type": "Point",
        "coordinates": [
          -80.2048536,
          25.7768635
        ]
      }
    },
    {
      "type": "Feature",
      "properties": {
        "id": 4839350061,
        "kind": "poi",
        "crossing": "uncontrolled",
        "crossing:island": "no",
        "crossing:markings": "lines",
        "crossing:signals": "no",
        "highway": "crossing"
      },
      "geometry": {
        "type": "Point",
        "coordinates": [
          -80.2061815,
          25.7773507
        ]
      }
    },
    {
      "type": "Feature",
      "properties": {
        "id": 4840017536,
        "kind": "poi",
        "crossing": "uncontrolled",
        "highway": "crossing"
      },
      "geometry": {
        "type": "Point",
        "coordinates": [
          -80.1996794,
          25.7825894
        ]
      }
    },
    {
      "type": "Feature",
      "properties": {
        "id": 4883464793,
        "kind": "poi",
        "highway": "crossing"
      },
      "geometry": {
        "type": "Point",
        "coordinates": [
          -80.2107977,
          25.7465812
        ]
      }
    },
    {
      "type": "Feature",
      "properties": {
        "id": 4939435919,
        "kind": "poi",
        "crossing": "uncontrolled",
        "crossing:markings": "ladder",
        "highway": "crossing"
      },
      "geometry": {
        "type": "Point",
        "coordinates": [
          -80.213399,
          25.7931489
        ]
      }
    },
    {
      "type": "Feature",
      "properties": {
        "id": 4939435920,
        "kind": "poi",
        "crossing": "uncontrolled",
        "crossing:markings": "ladder",
        "highway": "crossing"
      },
      "geometry": {
        "type": "Point",
        "coordinates": [
          -80.2139107,
          25.7927586
        ]
      }
    },
    {
      "type": "Feature",
      "properties": {
        "id": 4939435926,
        "kind": "poi",
        "crossing": "uncontrolled",
        "crossing:markings": "ladder",
        "highway": "crossing"
      },
      "geometry": {
        "type": "Point",
        "coordinates": [
          -80.2143819,
          25.7931073
        ]
      }
    },
    {
      "type": "Feature",
      "properties": {
        "id": 4953853230,
        "kind": "poi",
        "addr:city": "Miami",
        "addr:housenumber": "4801",
        "addr:postcode": "33134",
        "addr:state": "FL",
        "addr:street": "Southwest 8th Street",
        "amenity": "pharmacy",
        "brand": "CVS Pharmacy",
        "brand:website": "https://www.cvs.com/",
        "brand:wikidata": "Q2078880",
        "drive_through": "no",
        "healthcare": "pharmacy",
        "name": "CVS Pharmacy",
        "opening_hours": "Mo-Fr 08:00-20:00; Sa 09:00-18:00; Su 10:00-18:00",
        "phone": "+1-305-446-4641",
        "short_name": "CVS",
        "website": "https://www.cvs.com/store-locator/cvs-pharmacy-address/4801+Southwest+8th+Street-Miami-FL-33134/storeid=588"
      },
      "geometry": {
        "type": "Point",
        "coordinates": [
          -80.2739997,
          25.7642802
        ]
      }
    },
    {
      "type": "Feature",
      "properties": {
        "id": 5015949990,
        "kind": "poi",
        "crossing": "uncontrolled",
        "crossing:markings": "zebra",
        "crossing:signed": "yes",
        "highway": "crossing"
      },
      "geometry": {
        "type": "Point",
        "coordinates": [
          -80.26232,
          25.7774949
        ]
      }
    },
    {
      "type": "Feature",
      "properties": {
        "id": 5025203513,
        "kind": "poi",
        "highway": "crossing"
      },
      "geometry": {
        "type": "Point",
        "coordinates": [
          -80.2755358,
          25.7643765
        ]
      }
    },
    {
      "type": "Feature",
      "properties": {
        "id": 5086510083,
        "kind": "poi",
        "crossing": "uncontrolled",
        "crossing:island": "no",
        "crossing:markings": "lines",
        "crossing:signals": "no",
        "highway": "crossing"
      },
      "geometry": {
        "type": "Point",
        "coordinates": [
          -80.2377834,
          25.7831798
        ]
      }
    },
    {
      "type": "Feature",
      "properties": {
        "id": 5086510089,
        "kind": "poi",
        "button_operated": "yes",
        "crossing": "traffic_signals",
        "crossing:island": "no",
        "crossing:markings": "lines",
        "crossing:signals": "yes",
        "highway": "crossing",
        "tactile_paving": "yes",
        "traffic_signals:sound": "no"
      },
      "geometry": {
        "type": "Point",
        "coordinates": [
          -80.2313619,
          25.7832256
        ]
      }
    },
    {
      "type": "Feature",
      "properties": {
        "id": 5086510094,
        "kind": "poi",
        "button_operated": "yes",
        "crossing": "traffic_signals",
        "crossing:island": "no",
        "crossing:markings": "lines",
        "crossing:signals": "yes",
        "highway": "crossing",
        "tactile_paving": "yes",
        "traffic_signals:sound": "no",
        "traffic_signals:vibration": "no"
      },
      "geometry": {
        "type": "Point",
        "coordinates": [
          -80.2311374,
          25.7832553
        ]
      }
    },
    {
      "type": "Feature",
      "properties": {
        "id": 5086510106,
        "kind": "poi",
        "button_operated": "yes",
        "crossing": "traffic_signals",
        "crossing:island": "no",
        "crossing:markings": "lines",
        "crossing:signals": "yes",
        "highway": "crossing",
        "tactile_paving": "yes",
        "traffic_signals:sound": "no"
      },
      "geometry": {
        "type": "Point",
        "coordinates": [
          -80.2313628,
          25.7833369
        ]
      }
    },
    {
      "type": "Feature",
      "properties": {
        "id": 5086572352,
        "kind": "poi",
        "crossing": "uncontrolled",
        "crossing:markings": "lines",
        "highway": "crossing"
      },
      "geometry": {
        "type": "Point",
        "coordinates": [
          -80.1923258,
          25.7594069
        ]
      }
    },
    {
      "type": "Feature",
      "properties": {
        "id": 5086572353,
        "kind": "poi",
        "crossing": "uncontrolled",
        "crossing:markings": "yes",
        "highway": "crossing"
      },
      "geometry": {
        "type": "Point",
        "coordinates": [
          -80.1925672,
          25.7584833
        ]
      }
    },
    {
      "type": "Feature",
      "properties": {
        "id": 5088135051,
        "kind": "poi",
        "crossing": "traffic_signals",
        "crossing:markings": "ladder",
        "crossing:signals": "yes",
        "highway": "crossing"
      },
      "geometry": {
        "type": "Point",
        "coordinates": [
          -80.239621,
          25.7942888
        ]
      }
    },
    {
      "type": "Feature",
      "properties": {
        "id": 5088135054,
        "kind": "poi",
        "crossing": "traffic_signals",
        "crossing:markings": "ladder",
        "crossing:signals": "yes",
        "highway": "crossing"
      },
      "geometry": {
        "type": "Point",
        "coordinates": [
          -80.2397578,
          25.794433
        ]
      }
    },
    {
      "type": "Feature",
      "properties": {
        "id": 5088135057,
        "kind": "poi",
        "crossing": "traffic_signals",
        "crossing:markings": "ladder",
        "crossing:signals": "yes",
        "highway": "crossing"
      },
      "geometry": {
        "type": "Point",
        "coordinates": [
          -80.2399115,
          25.7944292
        ]
      }
    },
    {
      "type": "Feature",
      "properties": {
        "id": 5088135058,
        "kind": "poi",
        "crossing": "traffic_signals",
        "crossing:markings": "ladder",
        "highway": "crossing"
      },
      "geometry": {
        "type": "Point",
        "coordinates": [
          -80.2397841,
          25.7905214
        ]
      }
    },
    {
      "type": "Feature",
      "properties": {
        "id": 5088135087,
        "kind": "poi",
        "crossing": "traffic_signals",
        "crossing:markings": "ladder",
        "highway": "crossing"
      },
      "geometry": {
        "type": "Point",
        "coordinates": [
          -80.2396315,
          25.7905279
        ]
      }
    },
    {
      "type": "Feature",
      "properties": {
        "id": 5088135090,
        "kind": "poi",
        "crossing": "uncontrolled",
        "crossing:markings": "lines",
        "crossing:signals": "no",
        "highway": "crossing"
      },
      "geometry": {
        "type": "Point",
        "coordinates": [
          -80.2395524,
          25.7902844
        ]
      }
    },
    {
      "type": "Feature",
      "properties": {
        "id": 5088269280,
        "kind": "poi",
        "crossing": "uncontrolled",
        "crossing:markings": "ladder",
        "highway": "crossing"
      },
      "geometry": {
        "type": "Point",
        "coordinates": [
          -80.27893,
          25.748775
        ]
      }
    },
    {
      "type": "Feature",
      "properties": {
        "id": 5088269282,
        "kind": "poi",
        "crossing": "uncontrolled",
        "crossing:markings": "ladder",
        "highway": "crossing"
      },
      "geometry": {
        "type": "Point",
        "coordinates": [
          -80.2789301,
          25.7486123
        ]
      }
    },
    {
      "type": "Feature",
      "properties": {
        "id": 5088269312,
        "kind": "poi",
        "crossing": "uncontrolled",
        "crossing:markings": "ladder",
        "highway": "crossing"
      },
      "geometry": {
        "type": "Point",
        "coordinates": [
          -80.2792551,
          25.7486023
        ]
      }
    },
    {
      "type": "Feature",
      "properties": {
        "id": 5088295462,
        "kind": "poi",
        "crossing": "traffic_signals",
        "crossing:markings": "ladder",
        "highway": "crossing"
      },
      "geometry": {
        "type": "Point",
        "coordinates": [
          -80.2753563,
          25.7540543
        ]
      }
    },
    {
      "type": "Feature",
      "properties": {
        "id": 5089636087,
        "kind": "poi",
        "highway": "crossing"
      },
      "geometry": {
        "type": "Point",
        "coordinates": [
          -80.2635802,
          25.7773538
        ]
      }
    },
    {
      "type": "Feature",
      "properties": {
        "id": 5089636097,
        "kind": "poi",
        "highway": "crossing"
      },
      "geometry": {
        "type": "Point",
        "coordinates": [
          -80.2636028,
          25.7779266
        ]
      }
    },
    {
      "type": "Feature",
      "properties": {
        "id": 5091024846,
        "kind": "poi",
        "highway": "crossing"
      },
      "geometry": {
        "type": "Point",
        "coordinates": [
          -80.1900504,
          25.7641539
        ]
      }
    },
    {
      "type": "Feature",
      "properties": {
        "id": 5163595931,
        "kind": "poi",
        "addr:city": "Miami",
        "addr:housenumber": "1200",
        "addr:state": "FL",
        "addr:street": "Northwest 20th Street",
        "amenity": "fire_station",
        "name": "Miami Fire-Rescue Station 5"
      },
      "geometry": {
        "type": "Point",
        "coordinates": [
          -80.2154557,
          25.7947958
        ]
      }
    },
    {
      "type": "Feature",
      "properties": {
        "id": 5184102670,
        "kind": "poi",
        "crossing": "uncontrolled",
        "crossing:markings": "lines",
        "highway": "crossing"
      },
      "geometry": {
        "type": "Point",
        "coordinates": [
          -80.2100322,
          25.7559141
        ]
      }
    },
    {
      "type": "Feature",
      "properties": {
        "id": 5184102673,
        "kind": "poi",
        "crossing": "uncontrolled",
        "crossing:markings": "lines",
        "highway": "crossing"
      },
      "geometry": {
        "type": "Point",
        "coordinates": [
          -80.2099622,
          25.7559602
        ]
      }
    },
    {
      "type": "Feature",
      "properties": {
        "id": 5184172658,
        "kind": "poi",
        "crossing": "uncontrolled",
        "crossing:markings": "lines",
        "highway": "crossing"
      },
      "geometry": {
        "type": "Point",
        "coordinates": [
          -80.233337,
          25.7717441
        ]
      }
    },
    {
      "type": "Feature",
      "properties": {
        "id": 5270170933,
        "kind": "poi",
        "crossing": "uncontrolled",
        "crossing:markings": "zebra",
        "crossing:signals": "no",
        "highway": "crossing"
      },
      "geometry": {
        "type": "Point",
        "coordinates": [
          -80.2661324,
          25.7886377
        ]
      }
    },
    {
      "type": "Feature",
      "properties": {
        "id": 5270170952,
        "kind": "poi",
        "crossing": "uncontrolled",
        "crossing:markings": "zebra",
        "crossing:signals": "no",
        "highway": "crossing"
      },
      "geometry": {
        "type": "Point",
        "coordinates": [
          -80.2681683,
          25.7887943
        ]
      }
    },
    {
      "type": "Feature",
      "properties": {
        "id": 5270170955,
        "kind": "poi",
        "crossing": "uncontrolled",
        "crossing:markings": "zebra",
        "crossing:signals": "no",
        "highway": "crossing"
      },
      "geometry": {
        "type": "Point",
        "coordinates": [
          -80.2680721,
          25.7886324
        ]
      }
    },
    {
      "type": "Feature",
      "properties": {
        "id": 5270171055,
        "kind": "poi",
        "crossing": "uncontrolled",
        "crossing:markings": "zebra",
        "crossing:signals": "no",
        "highway": "crossing"
      },
      "geometry": {
        "type": "Point",
        "coordinates": [
          -80.2685731,
          25.7869777
        ]
      }
    },
    {
      "type": "Feature",
      "properties": {
        "id": 5271428295,
        "kind": "poi",
        "crossing": "zebra",
        "highway": "crossing"
      },
      "geometry": {
        "type": "Point",
        "coordinates": [
          -80.2714441,
          25.7964453
        ]
      }
    },
    {
      "type": "Feature",
      "properties": {
        "id": 5272078601,
        "kind": "poi",
        "crossing": "uncontrolled",
        "crossing:markings": "ladder",
        "highway": "crossing",
        "tactile_paving": "yes"
      },
      "geometry": {
        "type": "Point",
        "coordinates": [
          -80.277983,
          25.7950866
        ]
      }
    },
    {
      "type": "Feature",
      "properties": {
        "id": 5272078609,
        "kind": "poi",
        "crossing": "uncontrolled",
        "crossing:markings": "lines",
        "highway": "crossing"
      },
      "geometry": {
        "type": "Point",
        "coordinates": [
          -80.2766511,
          25.7952582
        ]
      }
    },
    {
      "type": "Feature",
      "properties": {
        "id": 5272078610,
        "kind": "poi",
        "crossing": "uncontrolled",
        "crossing:markings": "ladder",
        "highway": "crossing"
      },
      "geometry": {
        "type": "Point",
        "coordinates": [
          -80.2766409,
          25.7949865
        ]
      }
    },
    {
      "type": "Feature",
      "properties": {
        "id": 5358706042,
        "kind": "poi",
        "crossing": "uncontrolled",
        "crossing:markings": "ladder",
        "crossing:signals": "no",
        "highway": "crossing"
      },
      "geometry": {
        "type": "Point",
        "coordinates": [
          -80.254955,
          25.7569057
        ]
      }
    },
    {
      "type": "Feature",
      "properties": {
        "id": 5358706069,
        "kind": "poi",
        "button_operated": "yes",
        "crossing": "traffic_signals",
        "crossing:markings": "ladder",
        "crossing:signals": "yes",
        "highway": "crossing",
        "tactile_paving": "yes",
        "traffic_signals:sound": "no",
        "traffic_signals:vibration": "no"
      },
      "geometry": {
        "type": "Point",
        "coordinates": [
          -80.2587412,
          25.7541821
        ]
      }
    },
    {
      "type": "Feature",
      "properties": {
        "id": 5358706070,
        "kind": "poi",
        "button_operated": "yes",
        "crossing": "traffic_signals",
        "crossing:markings": "ladder",
        "crossing:signals": "yes",
        "highway": "crossing",
        "tactile_paving": "yes",
        "traffic_signals:sound": "no",
        "traffic_signals:vibration": "no"
      },
      "geometry": {
        "type": "Point",
        "coordinates": [
          -80.2588539,
          25.7541806
        ]
      }
    },
    {
      "type": "Feature",
      "properties": {
        "id": 5358706071,
        "kind": "poi",
        "crossing": "uncontrolled",
        "crossing:markings": "ladder",
        "highway": "crossing"
      },
      "geometry": {
        "type": "Point",
        "coordinates": [
          -80.2568113,
          25.7553123
        ]
      }
    },
    {
      "type": "Feature",
      "properties": {
        "id": 5358706072,
        "kind": "poi",
        "crossing": "uncontrolled",
        "crossing:markings": "ladder",
        "highway": "crossing"
      },
      "geometry": {
        "type": "Point",
        "coordinates": [
          -80.2569741,
          25.7553073
        ]
      }
    },
    {
      "type": "Feature",
      "properties": {
        "id": 5358706080,
        "kind": "poi",
        "crossing": "uncontrolled",
        "crossing:markings": "ladder",
        "crossing:signals": "no",
        "highway": "crossing"
      },
      "geometry": {
        "type": "Point",
        "coordinates": [
          -80.256611,
          25.7536938
        ]
      }
    },
    {
      "type": "Feature",
      "properties": {
        "id": 5358706085,
        "kind": "poi",
        "crossing": "uncontrolled",
        "crossing:markings": "lines",
        "crossing:signals": "no",
        "highway": "crossing"
      },
      "geometry": {
        "type": "Point",
        "coordinates": [
          -80.2563987,
          25.7535097
        ]
      }
    },
    {
      "type": "Feature",
      "properties": {
        "id": 5358706089,
        "kind": "poi",
        "crossing": "uncontrolled",
        "crossing:markings": "lines",
        "crossing:signals": "no",
        "highway": "crossing"
      },
      "geometry": {
        "type": "Point",
        "coordinates": [
          -80.2548787,
          25.7554317
        ]
      }
    },
    {
      "type": "Feature",
      "properties": {
        "id": 5358706094,
        "kind": "poi",
        "crossing": "uncontrolled",
        "crossing:markings": "lines",
        "crossing:signals": "no",
        "highway": "crossing"
      },
      "geometry": {
        "type": "Point",
        "coordinates": [
          -80.2548851,
          25.7556154
        ]
      }
    },
    {
      "type": "Feature",
      "properties": {
        "id": 5358707227,
        "kind": "poi",
        "crossing": "uncontrolled",
        "crossing:markings": "lines",
        "crossing:signals": "no",
        "highway": "crossing"
      },
      "geometry": {
        "type": "Point",
        "coordinates": [
          -80.2575592,
          25.7529323
        ]
      }
    },
    {
      "type": "Feature",
      "properties": {
        "id": 5358707237,
        "kind": "poi",
        "button_operated": "no",
        "crossing": "traffic_signals",
        "crossing:markings": "ladder",
        "highway": "crossing",
        "kerb": "lowered",
        "tactile_paving": "yes",
        "traffic_signals:countdown": "yes",
        "traffic_signals:sound": "no",
        "traffic_signals:vibration": "no"
      },
      "geometry": {
        "type": "Point",
        "coordinates": [
          -80.2585999,
          25.7522433
        ]
      }
    },
    {
      "type": "Feature",
      "properties": {
        "id": 5358707238,
        "kind": "poi",
        "button_operated": "no",
        "crossing": "traffic_signals",
        "crossing:markings": "ladder",
        "highway": "crossing",
        "kerb": "lowered",
        "tactile_paving": "yes",
        "traffic_signals:countdown": "yes",
        "traffic_signals:sound": "no",
        "traffic_signals:vibration": "no"
      },
      "geometry": {
        "type": "Point",
        "coordinates": [
          -80.258589,
          25.7520758
        ]
      }
    },
    {
      "type": "Feature",
      "properties": {
        "id": 5358707241,
        "kind": "poi",
        "crossing": "traffic_signals",
        "crossing:markings": "lines",
        "highway": "crossing"
      },
      "geometry": {
        "type": "Point",
        "coordinates": [
          -80.256875,
          25.7523725
        ]
      }
    },
    {
      "type": "Feature",
      "properties": {
        "id": 5358707255,
        "kind": "poi",
        "crossing": "traffic_signals",
        "crossing:markings": "lines",
        "highway": "crossing"
      },
      "geometry": {
        "type": "Point",
        "coordinates": [
          -80.2547845,
          25.7525416
        ]
      }
    },
    {
      "type": "Feature",
      "properties": {
        "id": 5358707258,
        "kind": "poi",
        "crossing": "traffic_signals",
        "crossing:markings": "lines",
        "highway": "crossing"
      },
      "geometry": {
        "type": "Point",
        "coordinates": [
          -80.2547883,
          25.7523677
        ]
      }
    },
    {
      "type": "Feature",
      "properties": {
        "id": 5358707259,
        "kind": "poi",
        "crossing": "uncontrolled",
        "crossing:markings": "lines",
        "highway": "crossing"
      },
      "geometry": {
        "type": "Point",
        "coordinates": [
          -80.2560728,
          25.752435
        ]
      }
    },
    {
      "type": "Feature",
      "properties": {
        "id": 5358707260,
        "kind": "poi",
        "crossing": "uncontrolled",
        "crossing:markings": "lines",
        "highway": "crossing"
      },
      "geometry": {
        "type": "Point",
        "coordinates": [
          -80.2560561,
          25.7522798
        ]
      }
    },
    {
      "type": "Feature",
      "properties": {
        "id": 5358707267,
        "kind": "poi",
        "crossing": "traffic_signals",
        "crossing:markings": "lines",
        "highway": "crossing"
      },
      "geometry": {
        "type": "Point",
        "coordinates": [
          -80.2567012,
          25.7522292
        ]
      }
    },
    {
      "type": "Feature",
      "properties": {
        "id": 5358707284,
        "kind": "poi",
        "crossing": "uncontrolled",
        "crossing:markings": "lines",
        "highway": "crossing"
      },
      "geometry": {
        "type": "Point",
        "coordinates": [
          -80.2562572,
          25.7513242
        ]
      }
    },
    {
      "type": "Feature",
      "properties": {
        "id": 5358707287,
        "kind": "poi",
        "crossing": "traffic_signals",
        "crossing:markings": "lines",
        "highway": "crossing"
      },
      "geometry": {
        "type": "Point",
        "coordinates": [
          -80.2568691,
          25.7522034
        ]
      }
    },
    {
      "type": "Feature",
      "properties": {
        "id": 5358707288,
        "kind": "poi",
        "crossing": "uncontrolled",
        "crossing:markings": "ladder",
        "highway": "crossing"
      },
      "geometry": {
        "type": "Point",
        "coordinates": [
          -80.2572613,
          25.7522319
        ]
      }
    },
    {
      "type": "Feature",
      "properties": {
        "id": 5358707296,
        "kind": "poi",
        "crossing": "uncontrolled",
        "crossing:markings": "ladder",
        "highway": "crossing"
      },
      "geometry": {
        "type": "Point",
        "coordinates": [
          -80.2573629,
          25.7521711
        ]
      }
    },
    {
      "type": "Feature",
      "properties": {
        "id": 5358707299,
        "kind": "poi",
        "crossing": "uncontrolled",
        "crossing:markings": "ladder",
        "highway": "crossing"
      },
      "geometry": {
        "type": "Point",
        "coordinates": [
          -80.2573853,
          25.7523335
        ]
      }
    },
    {
      "type": "Feature",
      "properties": {
        "id": 5358707302,
        "kind": "poi",
        "crossing": "uncontrolled",
        "crossing:markings": "ladder",
        "highway": "crossing"
      },
      "geometry": {
        "type": "Point",
        "coordinates": [
          -80.2579926,
          25.7522902
        ]
      }
    },
    {
      "type": "Feature",
      "properties": {
        "id": 5358707306,
        "kind": "poi",
        "crossing": "uncontrolled",
        "crossing:markings": "ladder",
        "highway": "crossing"
      },
      "geometry": {
        "type": "Point",
        "coordinates": [
          -80.2580145,
          25.7521219
        ]
      }
    },
    {
      "type": "Feature",
      "properties": {
        "id": 5358707307,
        "kind": "poi",
        "crossing": "traffic_signals",
        "crossing:markings": "ladder",
        "crossing:signed": "yes",
        "highway": "crossing"
      },
      "geometry": {
        "type": "Point",
        "coordinates": [
          -80.2597999,
          25.7521442
        ]
      }
    },
    {
      "type": "Feature",
      "properties": {
        "id": 5358707308,
        "kind": "poi",
        "crossing": "traffic_signals",
        "crossing:markings": "ladder",
        "crossing:signed": "yes",
        "highway": "crossing"
      },
      "geometry": {
        "type": "Point",
        "coordinates": [
          -80.2597798,
          25.7519728
        ]
      }
    },
    {
      "type": "Feature",
      "properties": {
        "id": 5358707309,
        "kind": "poi",
        "crossing": "uncontrolled",
        "crossing:markings": "ladder",
        "crossing:signals": "no",
        "highway": "crossing"
      },
      "geometry": {
        "type": "Point",
        "coordinates": [
          -80.2618016,
          25.7519784
        ]
      }
    },
    {
      "type": "Feature",
      "properties": {
        "id": 5358707310,
        "kind": "poi",
        "crossing": "uncontrolled",
        "crossing:markings": "ladder",
        "crossing:signals": "no",
        "highway": "crossing"
      },
      "geometry": {
        "type": "Point",
        "coordinates": [
          -80.2617864,
          25.751824
        ]
      }
    },
    {
      "type": "Feature",
      "properties": {
        "id": 5435562884,
        "kind": "poi",
        "crossing": "unmarked",
        "crossing:markings": "no",
        "highway": "crossing"
      },
      "geometry": {
        "type": "Point",
        "coordinates": [
          -80.2070061,
          25.8092326
        ]
      }
    },
    {
      "type": "Feature",
      "properties": {
        "id": 5435607198,
        "kind": "poi",
        "crossing": "unmarked",
        "crossing:markings": "no",
        "highway": "crossing"
      },
      "geometry": {
        "type": "Point",
        "coordinates": [
          -80.2030182,
          25.811017
        ]
      }
    },
    {
      "type": "Feature",
      "properties": {
        "id": 5435642727,
        "kind": "poi",
        "highway": "crossing"
      },
      "geometry": {
        "type": "Point",
        "coordinates": [
          -80.1991207,
          25.8096484
        ]
      }
    },
    {
      "type": "Feature",
      "properties": {
        "id": 5435642729,
        "kind": "poi",
        "highway": "crossing"
      },
      "geometry": {
        "type": "Point",
        "coordinates": [
          -80.1993149,
          25.8099643
        ]
      }
    },
    {
      "type": "Feature",
      "properties": {
        "id": 5435732801,
        "kind": "poi",
        "highway": "crossing"
      },
      "geometry": {
        "type": "Point",
        "coordinates": [
          -80.1888824,
          25.8102456
        ]
      }
    },
    {
      "type": "Feature",
      "properties": {
        "id": 5435733236,
        "kind": "poi",
        "crossing": "uncontrolled",
        "crossing:markings": "lines",
        "highway": "crossing"
      },
      "geometry": {
        "type": "Point",
        "coordinates": [
          -80.189286,
          25.8098377
        ]
      }
    },
    {
      "type": "Feature",
      "properties": {
        "id": 5435985827,
        "kind": "poi",
        "highway": "crossing"
      },
      "geometry": {
        "type": "Point",
        "coordinates": [
          -80.1958317,
          25.8142126
        ]
      }
    },
    {
      "type": "Feature",
      "properties": {
        "id": 5437017902,
        "kind": "poi",
        "crossing": "marked",
        "crossing:markings": "lines",
        "highway": "crossing"
      },
      "geometry": {
        "type": "Point",
        "coordinates": [
          -80.2080468,
          25.8190054
        ]
      }
    },
    {
      "type": "Feature",
      "properties": {
        "id": 5437017904,
        "kind": "poi",
        "highway": "crossing"
      },
      "geometry": {
        "type": "Point",
        "coordinates": [
          -80.2073038,
          25.8189567
        ]
      }
    },
    {
      "type": "Feature",
      "properties": {
        "id": 5437017908,
        "kind": "poi",
        "highway": "crossing"
      },
      "geometry": {
        "type": "Point",
        "coordinates": [
          -80.2074118,
          25.8189482
        ]
      }
    },
    {
      "type": "Feature",
      "properties": {
        "id": 5437017931,
        "kind": "poi",
        "highway": "crossing"
      },
      "geometry": {
        "type": "Point",
        "coordinates": [
          -80.210367,
          25.8193786
        ]
      }
    },
    {
      "type": "Feature",
      "properties": {
        "id": 5440093019,
        "kind": "poi",
        "highway": "crossing"
      },
      "geometry": {
        "type": "Point",
        "coordinates": [
          -80.2432678,
          25.794106
        ]
      }
    },
    {
      "type": "Feature",
      "properties": {
        "id": 5440222908,
        "kind": "poi",
        "crossing": "unmarked",
        "crossing:markings": "no",
        "highway": "crossing"
      },
      "geometry": {
        "type": "Point",
        "coordinates": [
          -80.2035052,
          25.8069592
        ]
      }
    },
    {
      "type": "Feature",
      "properties": {
        "id": 5440264221,
        "kind": "poi",
        "highway": "crossing"
      },
      "geometry": {
        "type": "Point",
        "coordinates": [
          -80.2455544,
          25.7796654
        ]
      }
    },
    {
      "type": "Feature",
      "properties": {
        "id": 5440264228,
        "kind": "poi",
        "highway": "crossing"
      },
      "geometry": {
        "type": "Point",
        "coordinates": [
          -80.2462566,
          25.7796224
        ]
      }
    },
    {
      "type": "Feature",
      "properties": {
        "id": 5440264235,
        "kind": "poi",
        "highway": "crossing"
      },
      "geometry": {
        "type": "Point",
        "coordinates": [
          -80.2447331,
          25.7794686
        ]
      }
    },
    {
      "type": "Feature",
      "properties": {
        "id": 5440264679,
        "kind": "poi",
        "highway": "crossing"
      },
      "geometry": {
        "type": "Point",
        "coordinates": [
          -80.2445949,
          25.7706345
        ]
      }
    },
    {
      "type": "Feature",
      "properties": {
        "id": 5440277899,
        "kind": "poi",
        "highway": "crossing"
      },
      "geometry": {
        "type": "Point",
        "coordinates": [
          -80.250177,
          25.779818
        ]
      }
    },
    {
      "type": "Feature",
      "properties": {
        "id": 5440277919,
        "kind": "poi",
        "highway": "crossing"
      },
      "geometry": {
        "type": "Point",
        "coordinates": [
          -80.2521761,
          25.7793279
        ]
      }
    },
    {
      "type": "Feature",
      "properties": {
        "id": 5440382061,
        "kind": "poi",
        "highway": "crossing"
      },
      "geometry": {
        "type": "Point",
        "coordinates": [
          -80.1874787,
          25.807858
        ]
      }
    },
    {
      "type": "Feature",
      "properties": {
        "id": 5440452593,
        "kind": "poi",
        "crossing": "traffic_signals",
        "crossing:markings": "ladder",
        "crossing:signals": "yes",
        "highway": "crossing"
      },
      "geometry": {
        "type": "Point",
        "coordinates": [
          -80.2728552,
          25.8169702
        ]
      }
    },
    {
      "type": "Feature",
      "properties": {
        "id": 5440452594,
        "kind": "poi",
        "crossing": "traffic_signals",
        "crossing:markings": "ladder",
        "crossing:signals": "yes",
        "highway": "crossing"
      },
      "geometry": {
        "type": "Point",
        "coordinates": [
          -80.2727689,
          25.8170768
        ]
      }
    },
    {
      "type": "Feature",
      "properties": {
        "id": 5440452596,
        "kind": "poi",
        "crossing": "traffic_signals",
        "crossing:markings": "ladder",
        "crossing:signals": "yes",
        "highway": "crossing"
      },
      "geometry": {
        "type": "Point",
        "coordinates": [
          -80.2731534,
          25.817546
        ]
      }
    },
    {
      "type": "Feature",
      "properties": {
        "id": 5440557929,
        "kind": "poi",
        "highway": "crossing"
      },
      "geometry": {
        "type": "Point",
        "coordinates": [
          -80.2532537,
          25.7794247
        ]
      }
    },
    {
      "type": "Feature",
      "properties": {
        "id": 5440592778,
        "kind": "poi",
        "highway": "crossing"
      },
      "geometry": {
        "type": "Point",
        "coordinates": [
          -80.2552012,
          25.7732813
        ]
      }
    },
    {
      "type": "Feature",
      "properties": {
        "id": 5440606682,
        "kind": "poi",
        "highway": "crossing"
      },
      "geometry": {
        "type": "Point",
        "coordinates": [
          -80.2533477,
          25.7714684
        ]
      }
    },
    {
      "type": "Feature",
      "properties": {
        "id": 5440642987,
        "kind": "poi",
        "crossing:continuous": "yes",
        "highway": "crossing"
      },
      "geometry": {
        "type": "Point",
        "coordinates": [
          -80.2560392,
          25.7710643
        ]
      }
    },
    {
      "type": "Feature",
      "properties": {
        "id": 5442562011,
        "kind": "poi",
        "highway": "crossing"
      },
      "geometry": {
        "type": "Point",
        "coordinates": [
          -80.2642295,
          25.782154
        ]
      }
    },
    {
      "type": "Feature",
      "properties": {
        "id": 5442563345,
        "kind": "poi",
        "highway": "crossing"
      },
      "geometry": {
        "type": "Point",
        "coordinates": [
          -80.2615082,
          25.7825715
        ]
      }
    },
    {
      "type": "Feature",
      "properties": {
        "id": 5442563348,
        "kind": "poi",
        "highway": "crossing"
      },
      "geometry": {
        "type": "Point",
        "coordinates": [
          -80.2613268,
          25.7825764
        ]
      }
    },
    {
      "type": "Feature",
      "properties": {
        "id": 5442563351,
        "kind": "poi",
        "highway": "crossing"
      },
      "geometry": {
        "type": "Point",
        "coordinates": [
          -80.2610437,
          25.783267
        ]
      }
    },
    {
      "type": "Feature",
      "properties": {
        "id": 5442633333,
        "kind": "poi",
        "highway": "crossing"
      },
      "geometry": {
        "type": "Point",
        "coordinates": [
          -80.2661041,
          25.7812106
        ]
      }
    },
    {
      "type": "Feature",
      "properties": {
        "id": 5442633339,
        "kind": "poi",
        "highway": "crossing"
      },
      "geometry": {
        "type": "Point",
        "coordinates": [
          -80.2653635,
          25.7824888
        ]
      }
    },
    {
      "type": "Feature",
      "properties": {
        "id": 5442633342,
        "kind": "poi",
        "highway": "crossing"
      },
      "geometry": {
        "type": "Point",
        "coordinates": [
          -80.2655736,
          25.7824853
        ]
      }
    },
    {
      "type": "Feature",
      "properties": {
        "id": 5442633461,
        "kind": "poi",
        "crossing:markings": "no",
        "highway": "crossing",
        "tactile_paving": "no"
      },
      "geometry": {
        "type": "Point",
        "coordinates": [
          -80.2645461,
          25.7825166
        ]
      }
    },
    {
      "type": "Feature",
      "properties": {
        "id": 5442719739,
        "kind": "poi",
        "highway": "crossing"
      },
      "geometry": {
        "type": "Point",
        "coordinates": [
          -80.2618766,
          25.7791404
        ]
      }
    },
    {
      "type": "Feature",
      "properties": {
        "id": 5484326610,
        "kind": "poi",
        "crossing": "marked",
        "crossing:markings": "ladder:skewed",
        "highway": "crossing"
      },
      "geometry": {
        "type": "Point",
        "coordinates": [
          -80.2260656,
          25.7794924
        ]
      }
    },
    {
      "type": "Feature",
      "properties": {
        "id": 5484438496,
        "kind": "poi",
        "crossing": "marked",
        "crossing:markings": "zebra",
        "highway": "crossing"
      },
      "geometry": {
        "type": "Point",
        "coordinates": [
          -80.2259318,
          25.809587
        ]
      }
    },
    {
      "type": "Feature",
      "properties": {
        "id": 5484438497,
        "kind": "poi",
        "crossing": "marked",
        "crossing:markings": "zebra",
        "highway": "crossing"
      },
      "geometry": {
        "type": "Point",
        "coordinates": [
          -80.225925,
          25.8093932
        ]
      }
    },
    {
      "type": "Feature",
      "properties": {
        "id": 5484438500,
        "kind": "poi",
        "crossing": "zebra",
        "highway": "crossing"
      },
      "geometry": {
        "type": "Point",
        "coordinates": [
          -80.2263697,
          25.8098361
        ]
      }
    },
    {
      "type": "Feature",
      "properties": {
        "id": 5484438501,
        "kind": "poi",
        "crossing": "zebra",
        "highway": "crossing"
      },
      "geometry": {
        "type": "Point",
        "coordinates": [
          -80.226941,
          25.8098244
        ]
      }
    },
    {
      "type": "Feature",
      "properties": {
        "id": 5484438505,
        "kind": "poi",
        "crossing": "zebra",
        "highway": "crossing"
      },
      "geometry": {
        "type": "Point",
        "coordinates": [
          -80.2247722,
          25.8104423
        ]
      }
    },
    {
      "type": "Feature",
      "properties": {
        "id": 5493460074,
        "kind": "poi",
        "crossing": "uncontrolled",
        "crossing:markings": "lines",
        "highway": "crossing"
      },
      "geometry": {
        "type": "Point",
        "coordinates": [
          -80.2786175,
          25.8078377
        ]
      }
    },
    {
      "type": "Feature",
      "properties": {
        "id": 5493585887,
        "kind": "poi",
        "crossing": "uncontrolled",
        "crossing:island": "no",
        "crossing:markings": "lines",
        "crossing:signals": "yes",
        "highway": "crossing"
      },
      "geometry": {
        "type": "Point",
        "coordinates": [
          -80.2642553,
          25.8033756
        ]
      }
    },
    {
      "type": "Feature",
      "properties": {
        "id": 5494777518,
        "kind": "poi",
        "crossing": "traffic_signals",
        "crossing:markings": "lines",
        "crossing:signals": "yes",
        "highway": "crossing",
        "tactile_paving": "yes"
      },
      "geometry": {
        "type": "Point",
        "coordinates": [
          -80.2578074,
          25.7990019
        ]
      }
    },
    {
      "type": "Feature",
      "properties": {
        "id": 5502196023,
        "kind": "poi",
        "highway": "crossing"
      },
      "geometry": {
        "type": "Point",
        "coordinates": [
          -80.2654597,
          25.8063733
        ]
      }
    },
    {
      "type": "Feature",
      "properties": {
        "id": 5577792114,
        "kind": "poi",
        "crossing": "uncontrolled",
        "crossing:markings": "ladder",
        "crossing:signals": "no",
        "highway": "crossing"
      },
      "geometry": {
        "type": "Point",
        "coordinates": [
          -80.2367508,
          25.7402023
        ]
      }
    },
    {
      "type": "Feature",
      "properties": {
        "id": 5601198219,
        "kind": "poi",
        "crossing": "uncontrolled",
        "crossing:markings": "lines",
        "highway": "crossing"
      },
      "geometry": {
        "type": "Point",
        "coordinates": [
          -80.2330719,
          25.7715702
        ]
      }
    },
    {
      "type": "Feature",
      "properties": {
        "id": 5610237612,
        "kind": "poi",
        "crossing": "uncontrolled",
        "crossing:markings": "lines",
        "highway": "crossing"
      },
      "geometry": {
        "type": "Point",
        "coordinates": [
          -80.1946584,
          25.7677462
        ]
      }
    },
    {
      "type": "Feature",
      "properties": {
        "id": 5610237613,
        "kind": "poi",
        "crossing": "uncontrolled",
        "crossing:markings": "ladder",
        "highway": "crossing"
      },
      "geometry": {
        "type": "Point",
        "coordinates": [
          -80.1921722,
          25.7687714
        ]
      }
    },
    {
      "type": "Feature",
      "properties": {
        "id": 5610237614,
        "kind": "poi",
        "crossing": "uncontrolled",
        "crossing:markings": "ladder",
        "highway": "crossing"
      },
      "geometry": {
        "type": "Point",
        "coordinates": [
          -80.1922843,
          25.7688444
        ]
      }
    },
    {
      "type": "Feature",
      "properties": {
        "id": 5610237616,
        "kind": "poi",
        "crossing": "uncontrolled",
        "crossing:markings": "lines",
        "highway": "crossing"
      },
      "geometry": {
        "type": "Point",
        "coordinates": [
          -80.1920811,
          25.7689162
        ]
      }
    },
    {
      "type": "Feature",
      "properties": {
        "id": 5610237825,
        "kind": "poi",
        "crossing": "uncontrolled",
        "crossing:markings": "ladder",
        "highway": "crossing"
      },
      "geometry": {
        "type": "Point",
        "coordinates": [
          -80.1950396,
          25.7679169
        ]
      }
    },
    {
      "type": "Feature",
      "properties": {
        "id": 5610237829,
        "kind": "poi",
        "crossing": "uncontrolled",
        "crossing:markings": "ladder",
        "highway": "crossing"
      },
      "geometry": {
        "type": "Point",
        "coordinates": [
          -80.1941795,
          25.7683048
        ]
      }
    },
    {
      "type": "Feature",
      "properties": {
        "id": 5610237830,
        "kind": "poi",
        "crossing": "uncontrolled",
        "crossing:markings": "ladder",
        "highway": "crossing"
      },
      "geometry": {
        "type": "Point",
        "coordinates": [
          -80.1941886,
          25.7684736
        ]
      }
    },
    {
      "type": "Feature",
      "properties": {
        "id": 5610237834,
        "kind": "poi",
        "crossing": "traffic_signals",
        "crossing:markings": "lines",
        "highway": "crossing"
      },
      "geometry": {
        "type": "Point",
        "coordinates": [
          -80.1932605,
          25.7713949
        ]
      }
    },
    {
      "type": "Feature",
      "properties": {
        "id": 5610237836,
        "kind": "poi",
        "crossing": "traffic_signals",
        "crossing:markings": "lines",
        "highway": "crossing"
      },
      "geometry": {
        "type": "Point",
        "coordinates": [
          -80.1936506,
          25.7715017
        ]
      }
    },
    {
      "type": "Feature",
      "properties": {
        "id": 5610237844,
        "kind": "poi",
        "crossing": "uncontrolled",
        "crossing:markings": "zebra",
        "highway": "crossing"
      },
      "geometry": {
        "type": "Point",
        "coordinates": [
          -80.1917005,
          25.7714659
        ]
      }
    },
    {
      "type": "Feature",
      "properties": {
        "id": 5610237847,
        "kind": "poi",
        "crossing": "uncontrolled",
        "crossing:markings": "zebra",
        "highway": "crossing"
      },
      "geometry": {
        "type": "Point",
        "coordinates": [
          -80.1917229,
          25.771373
        ]
      }
    },
    {
      "type": "Feature",
      "properties": {
        "id": 5610237852,
        "kind": "poi",
        "crossing": "traffic_signals",
        "crossing:markings": "ladder",
        "highway": "crossing"
      },
      "geometry": {
        "type": "Point",
        "coordinates": [
          -80.1901306,
          25.7709011
        ]
      }
    },
    {
      "type": "Feature",
      "properties": {
        "id": 5612452654,
        "kind": "poi",
        "crossing": "uncontrolled",
        "crossing:markings": "ladder",
        "highway": "crossing"
      },
      "geometry": {
        "type": "Point",
        "coordinates": [
          -80.186394,
          25.7816076
        ]
      }
    },
    {
      "type": "Feature",
      "properties": {
        "id": 5612452678,
        "kind": "poi",
        "crossing": "traffic_signals",
        "crossing:markings": "lines",
        "highway": "crossing"
      },
      "geometry": {
        "type": "Point",
        "coordinates": [
          -80.1905459,
          25.7790852
        ]
      }
    },
    {
      "type": "Feature",
      "properties": {
        "id": 5612452683,
        "kind": "poi",
        "crossing": "uncontrolled",
        "crossing:markings": "lines",
        "highway": "crossing"
      },
      "geometry": {
        "type": "Point",
        "coordinates": [
          -80.1881218,
          25.7802458
        ]
      }
    },
    {
      "type": "Feature",
      "properties": {
        "id": 5612452693,
        "kind": "poi",
        "crossing": "traffic_signals",
        "crossing:island": "yes",
        "crossing:markings": "ladder",
        "crossing:signals": "yes",
        "highway": "crossing"
      },
      "geometry": {
        "type": "Point",
        "coordinates": [
          -80.1890278,
          25.7902376
        ]
      }
    },
    {
      "type": "Feature",
      "properties": {
        "id": 5612452712,
        "kind": "poi",
        "crossing": "traffic_signals",
        "crossing:markings": "ladder",
        "highway": "crossing",
        "traffic_signals:countdown": "yes"
      },
      "geometry": {
        "type": "Point",
        "coordinates": [
          -80.1908135,
          25.7883515
        ]
      }
    },
    {
      "type": "Feature",
      "properties": {
        "id": 5612452713,
        "kind": "poi",
        "crossing": "traffic_signals",
        "crossing:markings": "ladder",
        "highway": "crossing",
        "traffic_signals:countdown": "yes"
      },
      "geometry": {
        "type": "Point",
        "coordinates": [
          -80.1905139,
          25.7882627
        ]
      }
    },
    {
      "type": "Feature",
      "properties": {
        "id": 5612452714,
        "kind": "poi",
        "crossing": "marked",
        "crossing:markings": "zebra",
        "highway": "crossing"
      },
      "geometry": {
        "type": "Point",
        "coordinates": [
          -80.1906576,
          25.7890166
        ]
      }
    },
    {
      "type": "Feature",
      "properties": {
        "id": 5612452841,
        "kind": "poi",
        "crossing": "traffic_signals",
        "crossing:markings": "ladder",
        "highway": "crossing"
      },
      "geometry": {
        "type": "Point",
        "coordinates": [
          -80.1892679,
          25.7800752
        ]
      }
    },
    {
      "type": "Feature",
      "properties": {
        "id": 5613221822,
        "kind": "poi",
        "highway": "crossing"
      },
      "geometry": {
        "type": "Point",
        "coordinates": [
          -80.1859181,
          25.7727306
        ]
      }
    },
    {
      "type": "Feature",
      "properties": {
        "id": 5613221823,
        "kind": "poi",
        "highway": "crossing"
      },
      "geometry": {
        "type": "Point",
        "coordinates": [
          -80.185897,
          25.7728477
        ]
      }
    },
    {
      "type": "Feature",
      "properties": {
        "id": 5613221828,
        "kind": "poi",
        "crossing": "uncontrolled",
        "crossing:markings": "ladder",
        "highway": "crossing"
      },
      "geometry": {
        "type": "Point",
        "coordinates": [
          -80.1872192,
          25.7734465
        ]
      }
    },
    {
      "type": "Feature",
      "properties": {
        "id": 5613221830,
        "kind": "poi",
        "crossing": "traffic_signals",
        "crossing:markings": "ladder",
        "highway": "crossing"
      },
      "geometry": {
        "type": "Point",
        "coordinates": [
          -80.1870537,
          25.77345
        ]
      }
    },
    {
      "type": "Feature",
      "properties": {
        "id": 5613530549,
        "kind": "poi",
        "crossing": "traffic_signals",
        "crossing:markings": "ladder",
        "highway": "crossing"
      },
      "geometry": {
        "type": "Point",
        "coordinates": [
          -80.1871576,
          25.7735437
        ]
      }
    },
    {
      "type": "Feature",
      "properties": {
        "id": 5613530550,
        "kind": "poi",
        "crossing": "traffic_signals",
        "crossing:markings": "ladder",
        "highway": "crossing"
      },
      "geometry": {
        "type": "Point",
        "coordinates": [
          -80.1875379,
          25.7736237
        ]
      }
    },
    {
      "type": "Feature",
      "properties": {
        "id": 5613530604,
        "kind": "poi",
        "crossing": "traffic_signals",
        "crossing:markings": "ladder",
        "highway": "crossing",
        "traffic_signals:countdown": "yes"
      },
      "geometry": {
        "type": "Point",
        "coordinates": [
          -80.1877213,
          25.7744086
        ]
      }
    },
    {
      "type": "Feature",
      "properties": {
        "id": 5613530620,
        "kind": "poi",
        "crossing": "traffic_signals",
        "crossing:markings": "ladder",
        "highway": "crossing"
      },
      "geometry": {
        "type": "Point",
        "coordinates": [
          -80.1878443,
          25.7753755
        ]
      }
    },
    {
      "type": "Feature",
      "properties": {
        "id": 5619223926,
        "kind": "poi",
        "highway": "crossing"
      },
      "geometry": {
        "type": "Point",
        "coordinates": [
          -80.2014733,
          25.7895242
        ]
      }
    },
    {
      "type": "Feature",
      "properties": {
        "id": 5619299887,
        "kind": "poi",
        "crossing": "uncontrolled",
        "crossing:markings": "zebra",
        "highway": "crossing"
      },
      "geometry": {
        "type": "Point",
        "coordinates": [
          -80.2143072,
          25.7408454
        ]
      }
    },
    {
      "type": "Feature",
      "properties": {
        "id": 5619299919,
        "kind": "poi",
        "crossing": "traffic_signals",
        "crossing:markings": "ladder",
        "highway": "crossing"
      },
      "geometry": {
        "type": "Point",
        "coordinates": [
          -80.2166908,
          25.7429437
        ]
      }
    },
    {
      "type": "Feature",
      "properties": {
        "id": 5649674225,
        "kind": "poi",
        "crossing": "zebra",
        "highway": "crossing"
      },
      "geometry": {
        "type": "Point",
        "coordinates": [
          -80.2428205,
          25.8144919
        ]
      }
    },
    {
      "type": "Feature",
      "properties": {
        "id": 5649674230,
        "kind": "poi",
        "crossing": "zebra",
        "highway": "crossing"
      },
      "geometry": {
        "type": "Point",
        "coordinates": [
          -80.2425863,
          25.8142952
        ]
      }
    },
    {
      "type": "Feature",
      "properties": {
        "id": 5669192248,
        "kind": "poi",
        "crossing:continuous": "yes",
        "highway": "crossing"
      },
      "geometry": {
        "type": "Point",
        "coordinates": [
          -80.2564351,
          25.744799
        ]
      }
    },
    {
      "type": "Feature",
      "properties": {
        "id": 5669192311,
        "kind": "poi",
        "crossing": "uncontrolled",
        "crossing:markings": "lines",
        "highway": "crossing"
      },
      "geometry": {
        "type": "Point",
        "coordinates": [
          -80.2582215,
          25.7412086
        ]
      }
    },
    {
      "type": "Feature",
      "properties": {
        "id": 5669192312,
        "kind": "poi",
        "crossing": "uncontrolled",
        "highway": "crossing"
      },
      "geometry": {
        "type": "Point",
        "coordinates": [
          -80.2585061,
          25.7412184
        ]
      }
    },
    {
      "type": "Feature",
      "properties": {
        "id": 5735578329,
        "kind": "poi",
        "crossing": "traffic_signals",
        "crossing:markings": "ladder",
        "crossing:signals": "yes",
        "highway": "crossing"
      },
      "geometry": {
        "type": "Point",
        "coordinates": [
          -80.1908261,
          25.8104757
        ]
      }
    },
    {
      "type": "Feature",
      "properties": {
        "id": 5756088757,
        "kind": "poi",
        "crossing": "traffic_signals",
        "crossing:markings": "ladder",
        "crossing:signals": "yes",
        "highway": "crossing"
      },
      "geometry": {
        "type": "Point",
        "coordinates": [
          -80.2035252,
          25.8101001
        ]
      }
    },
    {
      "type": "Feature",
      "properties": {
        "id": 5756089694,
        "kind": "poi",
        "crossing": "traffic_signals",
        "crossing:markings": "ladder",
        "crossing:signals": "yes",
        "highway": "crossing"
      },
      "geometry": {
        "type": "Point",
        "coordinates": [
          -80.2034147,
          25.8101043
        ]
      }
    },
    {
      "type": "Feature",
      "properties": {
        "id": 5829319553,
        "kind": "poi",
        "crossing": "unmarked",
        "crossing:markings": "no",
        "highway": "crossing"
      },
      "geometry": {
        "type": "Point",
        "coordinates": [
          -80.2028996,
          25.7505875
        ]
      }
    },
    {
      "type": "Feature",
      "properties": {
        "id": 5834114250,
        "kind": "poi",
        "highway": "crossing"
      },
      "geometry": {
        "type": "Point",
        "coordinates": [
          -80.1867033,
          25.7797977
        ]
      }
    },
    {
      "type": "Feature",
      "properties": {
        "id": 5834114402,
        "kind": "poi",
        "crossing": "traffic_signals",
        "crossing:markings": "ladder",
        "crossing:signals": "yes",
        "highway": "crossing"
      },
      "geometry": {
        "type": "Point",
        "coordinates": [
          -80.1945957,
          25.7882619
        ]
      }
    },
    {
      "type": "Feature",
      "properties": {
        "id": 5834114403,
        "kind": "poi",
        "crossing": "traffic_signals",
        "crossing:markings": "ladder",
        "crossing:signals": "yes",
        "highway": "crossing"
      },
      "geometry": {
        "type": "Point",
        "coordinates": [
          -80.1944897,
          25.7883704
        ]
      }
    },
    {
      "type": "Feature",
      "properties": {
        "id": 5834114404,
        "kind": "poi",
        "crossing": "zebra",
        "highway": "crossing"
      },
      "geometry": {
        "type": "Point",
        "coordinates": [
          -80.1946783,
          25.788349
        ]
      }
    },
    {
      "type": "Feature",
      "properties": {
        "id": 5834114460,
        "kind": "poi",
        "crossing": "marked",
        "crossing:markings": "yes",
        "highway": "crossing"
      },
      "geometry": {
        "type": "Point",
        "coordinates": [
          -80.1949144,
          25.7955563
        ]
      }
    },
    {
      "type": "Feature",
      "properties": {
        "id": 5834114461,
        "kind": "poi",
        "crossing": "marked",
        "crossing:markings": "yes",
        "highway": "crossing"
      },
      "geometry": {
        "type": "Point",
        "coordinates": [
          -80.1947542,
          25.795606
        ]
      }
    },
    {
      "type": "Feature",
      "properties": {
        "id": 5834114466,
        "kind": "poi",
        "crossing": "marked",
        "crossing:markings": "yes",
        "highway": "crossing"
      },
      "geometry": {
        "type": "Point",
        "coordinates": [
          -80.1908703,
          25.7957529
        ]
      }
    },
    {
      "type": "Feature",
      "properties": {
        "id": 5834114467,
        "kind": "poi",
        "crossing": "marked",
        "crossing:markings": "yes",
        "highway": "crossing"
      },
      "geometry": {
        "type": "Point",
        "coordinates": [
          -80.1907028,
          25.7957757
        ]
      }
    },
    {
      "type": "Feature",
      "properties": {
        "id": 5834114487,
        "kind": "poi",
        "crossing": "uncontrolled",
        "crossing:markings": "yes",
        "highway": "crossing"
      },
      "geometry": {
        "type": "Point",
        "coordinates": [
          -80.1950776,
          25.7999547
        ]
      }
    },
    {
      "type": "Feature",
      "properties": {
        "id": 5834114488,
        "kind": "poi",
        "crossing": "uncontrolled",
        "crossing:markings": "lines",
        "highway": "crossing"
      },
      "geometry": {
        "type": "Point",
        "coordinates": [
          -80.1990636,
          25.7999757
        ]
      }
    },
    {
      "type": "Feature",
      "properties": {
        "id": 5834114490,
        "kind": "poi",
        "crossing": "uncontrolled",
        "crossing:markings": "lines",
        "highway": "crossing"
      },
      "geometry": {
        "type": "Point",
        "coordinates": [
          -80.1991451,
          25.8001191
        ]
      }
    },
    {
      "type": "Feature",
      "properties": {
        "id": 5834114504,
        "kind": "poi",
        "highway": "crossing"
      },
      "geometry": {
        "type": "Point",
        "coordinates": [
          -80.2029971,
          25.8006096
        ]
      }
    },
    {
      "type": "Feature",
      "properties": {
        "id": 5834114506,
        "kind": "poi",
        "highway": "crossing"
      },
      "geometry": {
        "type": "Point",
        "coordinates": [
          -80.2029557,
          25.7993857
        ]
      }
    },
    {
      "type": "Feature",
      "properties": {
        "id": 5834114546,
        "kind": "poi",
        "crossing": "unmarked",
        "crossing:markings": "no",
        "highway": "crossing"
      },
      "geometry": {
        "type": "Point",
        "coordinates": [
          -80.2035981,
          25.8132148
        ]
      }
    },
    {
      "type": "Feature",
      "properties": {
        "id": 5834114556,
        "kind": "poi",
        "crossing": "uncontrolled",
        "crossing:markings": "lines",
        "highway": "crossing"
      },
      "geometry": {
        "type": "Point",
        "coordinates": [
          -80.1956112,
          25.8141478
        ]
      }
    },
    {
      "type": "Feature",
      "properties": {
        "id": 5834114557,
        "kind": "poi",
        "crossing": "uncontrolled",
        "crossing:markings": "lines",
        "crossing:signals": "no",
        "highway": "crossing"
      },
      "geometry": {
        "type": "Point",
        "coordinates": [
          -80.1996731,
          25.8140364
        ]
      }
    },
    {
      "type": "Feature",
      "properties": {
        "id": 5834114558,
        "kind": "poi",
        "crossing": "uncontrolled",
        "crossing:markings": "lines",
        "crossing:signals": "no",
        "highway": "crossing"
      },
      "geometry": {
        "type": "Point",
        "coordinates": [
          -80.1994656,
          25.8140359
        ]
      }
    },
    {
      "type": "Feature",
      "properties": {
        "id": 5834114559,
        "kind": "poi",
        "crossing": "uncontrolled",
        "crossing:markings": "lines",
        "crossing:signals": "no",
        "highway": "crossing"
      },
      "geometry": {
        "type": "Point",
        "coordinates": [
          -80.2015109,
          25.8139833
        ]
      }
    },
    {
      "type": "Feature",
      "properties": {
        "id": 5834114560,
        "kind": "poi",
        "crossing": "uncontrolled",
        "crossing:markings": "lines",
        "crossing:signals": "no",
        "highway": "crossing"
      },
      "geometry": {
        "type": "Point",
        "coordinates": [
          -80.2016834,
          25.8139766
        ]
      }
    },
    {
      "type": "Feature",
      "properties": {
        "id": 5834114575,
        "kind": "poi",
        "highway": "crossing"
      },
      "geometry": {
        "type": "Point",
        "coordinates": [
          -80.2037089,
          25.8177285
        ]
      }
    },
    {
      "type": "Feature",
      "properties": {
        "id": 5834114581,
        "kind": "poi",
        "highway": "crossing"
      },
      "geometry": {
        "type": "Point",
        "coordinates": [
          -80.2038079,
          25.8177209
        ]
      }
    },
    {
      "type": "Feature",
      "properties": {
        "id": 5834114615,
        "kind": "poi",
        "crossing": "marked",
        "crossing:markings": "lines",
        "highway": "crossing"
      },
      "geometry": {
        "type": "Point",
        "coordinates": [
          -80.2079441,
          25.8168102
        ]
      }
    },
    {
      "type": "Feature",
      "properties": {
        "id": 5834114638,
        "kind": "poi",
        "highway": "crossing"
      },
      "geometry": {
        "type": "Point",
        "coordinates": [
          -80.2077262,
          25.819071
        ]
      }
    },
    {
      "type": "Feature",
      "properties": {
        "id": 5834114639,
        "kind": "poi",
        "highway": "crossing"
      },
      "geometry": {
        "type": "Point",
        "coordinates": [
          -80.2078371,
          25.8192504
        ]
      }
    },
    {
      "type": "Feature",
      "properties": {
        "id": 5835135098,
        "kind": "poi",
        "crossing": "uncontrolled",
        "crossing:markings": "zebra",
        "highway": "crossing"
      },
      "geometry": {
        "type": "Point",
        "coordinates": [
          -80.2126715,
          25.7892583
        ]
      }
    },
    {
      "type": "Feature",
      "properties": {
        "id": 5840906376,
        "kind": "poi",
        "crossing": "uncontrolled",
        "crossing:markings": "lines",
        "highway": "crossing"
      },
      "geometry": {
        "type": "Point",
        "coordinates": [
          -80.1879085,
          25.8176187
        ]
      }
    },
    {
      "type": "Feature",
      "properties": {
        "id": 5840906377,
        "kind": "poi",
        "crossing": "uncontrolled",
        "crossing:markings": "lines",
        "highway": "crossing"
      },
      "geometry": {
        "type": "Point",
        "coordinates": [
          -80.1879381,
          25.8175029
        ]
      }
    },
    {
      "type": "Feature",
      "properties": {
        "id": 5840906486,
        "kind": "poi",
        "highway": "crossing"
      },
      "geometry": {
        "type": "Point",
        "coordinates": [
          -80.187262,
          25.8133517
        ]
      }
    },
    {
      "type": "Feature",
      "properties": {
        "id": 5841570997,
        "kind": "poi",
        "amenity": "shelter"
      },
      "geometry": {
        "type": "Point",
        "coordinates": [
          -80.2049264,
          25.7473559
        ]
      }
    },
    {
      "type": "Feature",
      "properties": {
        "id": 5841571020,
        "kind": "poi",
        "amenity": "shelter"
      },
      "geometry": {
        "type": "Point",
        "coordinates": [
          -80.2057364,
          25.7477594
        ]
      }
    },
    {
      "type": "Feature",
      "properties": {
        "id": 5841571021,
        "kind": "poi",
        "amenity": "shelter"
      },
      "geometry": {
        "type": "Point",
        "coordinates": [
          -80.2059241,
          25.7479079
        ]
      }
    },
    {
      "type": "Feature",
      "properties": {
        "id": 5841571059,
        "kind": "poi",
        "amenity": "shelter"
      },
      "geometry": {
        "type": "Point",
        "coordinates": [
          -80.2045478,
          25.7474946
        ]
      }
    },
    {
      "type": "Feature",
      "properties": {
        "id": 5849598629,
        "kind": "poi",
        "crossing": "unmarked",
        "crossing:markings": "no",
        "highway": "crossing"
      },
      "geometry": {
        "type": "Point",
        "coordinates": [
          -80.1888609,
          25.7708451
        ]
      }
    },
    {
      "type": "Feature",
      "properties": {
        "id": 5853455268,
        "kind": "poi",
        "crossing": "uncontrolled",
        "crossing:markings": "lines",
        "highway": "crossing"
      },
      "geometry": {
        "type": "Point",
        "coordinates": [
          -80.2161796,
          25.7864151
        ]
      }
    },
    {
      "type": "Feature",
      "properties": {
        "id": 5853455269,
        "kind": "poi",
        "crossing": "marked",
        "crossing:island": "no",
        "crossing:markings": "zebra",
        "crossing:signals": "no",
        "highway": "crossing"
      },
      "geometry": {
        "type": "Point",
        "coordinates": [
          -80.2160032,
          25.7864648
        ]
      }
    },
    {
      "type": "Feature",
      "properties": {
        "id": 5853455277,
        "kind": "poi",
        "crossing": "marked",
        "crossing:island": "no",
        "crossing:markings": "zebra",
        "crossing:signals": "no",
        "highway": "crossing"
      },
      "geometry": {
        "type": "Point",
        "coordinates": [
          -80.2152858,
          25.7873986
        ]
      }
    },
    {
      "type": "Feature",
      "properties": {
        "id": 5853455317,
        "kind": "poi",
        "highway": "crossing"
      },
      "geometry": {
        "type": "Point",
        "coordinates": [
          -80.2167344,
          25.7876406
        ]
      }
    },
    {
      "type": "Feature",
      "properties": {
        "id": 5890116842,
        "kind": "poi",
        "addr:city": "Miami",
        "addr:housenumber": "3727",
        "addr:postcode": "33134",
        "addr:state": "FL",
        "addr:street": "Southwest 8th Street",
        "addr:unit": "102",
        "amenity": "clinic",
        "fax": "+1-305-397-2214",
        "healthcare": "clinic",
        "name": "Miami Accident Clinic",
        "opening_hours": "Mo-Sa 09:00-20:00",
        "payment:american_express": "yes",
        "payment:cash": "yes",
        "payment:cheque": "yes",
        "payment:discover_card": "yes",
        "payment:invoice": "yes",
        "payment:mastercard": "yes",
        "payment:visa": "yes",
        "phone": "+1-786-380-6652",
        "website": "http://www.themiamiaccidentclinic.com"
      },
      "geometry": {
        "type": "Point",
        "coordinates": [
          -80.2559285,
          25.7649181
        ]
      }
    },
    {
      "type": "Feature",
      "properties": {
        "id": 5903042760,
        "kind": "poi",
        "crossing": "uncontrolled",
        "crossing:markings": "zebra",
        "highway": "crossing"
      },
      "geometry": {
        "type": "Point",
        "coordinates": [
          -80.2641833,
          25.7409855
        ]
      }
    },
    {
      "type": "Feature",
      "properties": {
        "id": 5903100437,
        "kind": "poi",
        "amenity": "drinking_water"
      },
      "geometry": {
        "type": "Point",
        "coordinates": [
          -80.2716346,
          25.7983143
        ]
      }
    },
    {
      "type": "Feature",
      "properties": {
        "id": 5909091577,
        "kind": "poi",
        "crossing": "uncontrolled",
        "crossing:island": "no",
        "crossing:markings": "lines",
        "crossing:signals": "no",
        "highway": "crossing",
        "tactile_paving": "yes"
      },
      "geometry": {
        "type": "Point",
        "coordinates": [
          -80.220541,
          25.7655894
        ]
      }
    },
    {
      "type": "Feature",
      "properties": {
        "id": 5909091583,
        "kind": "poi",
        "crossing": "traffic_signals",
        "crossing:markings": "ladder",
        "highway": "crossing"
      },
      "geometry": {
        "type": "Point",
        "coordinates": [
          -80.2225625,
          25.7703559
        ]
      }
    },
    {
      "type": "Feature",
      "properties": {
        "id": 5909093717,
        "kind": "poi",
        "crossing": "uncontrolled",
        "crossing:markings": "zebra",
        "highway": "crossing"
      },
      "geometry": {
        "type": "Point",
        "coordinates": [
          -80.2348644,
          25.7636448
        ]
      }
    },
    {
      "type": "Feature",
      "properties": {
        "id": 5976002031,
        "kind": "poi",
        "crossing": "uncontrolled",
        "crossing:markings": "ladder",
        "highway": "crossing"
      },
      "geometry": {
        "type": "Point",
        "coordinates": [
          -80.1902121,
          25.7712186
        ]
      }
    },
    {
      "type": "Feature",
      "properties": {
        "id": 6082727608,
        "kind": "poi",
        "addr:city": "Miami",
        "addr:housenumber": "1243",
        "addr:postcode": "33135",
        "addr:state": "FL",
        "addr:street": "Southwest 8th Street",
        "amenity": "pharmacy",
        "healthcare": "pharmacy",
        "name": "Navarro Discount Pharmacy (CVS network)",
        "opening_hours": "Mo-Sa 07:00-23:00; Su 08:00-23:00",
        "phone": "+1-305-285-7132",
        "website": "https://www.navarro.com/store/10698/"
      },
      "geometry": {
        "type": "Point",
        "coordinates": [
          -80.2154074,
          25.7659887
        ]
      }
    },
    {
      "type": "Feature",
      "properties": {
        "id": 6083167974,
        "kind": "poi",
        "addr:city": "Miami",
        "addr:housenumber": "1601",
        "addr:postcode": "33135",
        "addr:state": "FL",
        "addr:street": "West Flagler Street",
        "amenity": "pharmacy",
        "healthcare": "pharmacy",
        "name": "Navarro Discount Pharmacy (CVS network)",
        "opening_hours": "Mo-Fr 08:00-22:00; Sa-Su 08:00-23:00",
        "phone": "+1-305-649-3643",
        "website": "https://www.cvs.com/store-locator/miami-fl-pharmacies/1601-west-flagler-street-miami-fl-33135/storeid=10717"
      },
      "geometry": {
        "type": "Point",
        "coordinates": [
          -80.2215101,
          25.7735011
        ]
      }
    },
    {
      "type": "Feature",
      "properties": {
        "id": 6090254199,
        "kind": "poi",
        "addr:city": "Miami",
        "addr:housenumber": "235",
        "addr:postcode": "33132",
        "addr:state": "FL",
        "addr:street": "Northeast 17th Street",
        "amenity": "shelter",
        "name": "A Women's Place",
        "shelter_type": "women_shelter"
      },
      "geometry": {
        "type": "Point",
        "coordinates": [
          -80.1900369,
          25.7917325
        ]
      }
    },
    {
      "type": "Feature",
      "properties": {
        "id": 6090256983,
        "kind": "poi",
        "addr:city": "Miami",
        "addr:housenumber": "1603",
        "addr:postcode": "33136",
        "addr:state": "FL",
        "addr:street": "Northwest 7th Avenue",
        "amenity": "shelter",
        "name": "Camillus House Inc",
        "shelter_type": "women_shelter"
      },
      "geometry": {
        "type": "Point",
        "coordinates": [
          -80.2066255,
          25.7906681
        ]
      }
    },
    {
      "type": "Feature",
      "properties": {
        "id": 6091344273,
        "kind": "poi",
        "addr:city": "Miami",
        "addr:housenumber": "2159",
        "addr:postcode": "33127",
        "addr:state": "FL",
        "addr:street": "Northwest 1st Court",
        "amenity": "shelter",
        "name": "Miami Rescue Mission, Inc.",
        "shelter_type": "women_shelter"
      },
      "geometry": {
        "type": "Point",
        "coordinates": [
          -80.1975156,
          25.797914
        ]
      }
    },
    {
      "type": "Feature",
      "properties": {
        "id": 6264223236,
        "kind": "poi",
        "amenity": "pharmacy",
        "brand": "Walgreens",
        "brand:wikidata": "Q1591889",
        "drive_through": "yes",
        "healthcare": "pharmacy",
        "name": "Walgreens"
      },
      "geometry": {
        "type": "Point",
        "coordinates": [
          -80.1975358,
          25.7611882
        ]
      }
    },
    {
      "type": "Feature",
      "properties": {
        "id": 6299266844,
        "kind": "poi",
        "highway": "crossing"
      },
      "geometry": {
        "type": "Point",
        "coordinates": [
          -80.2777191,
          25.7413858
        ]
      }
    },
    {
      "type": "Feature",
      "properties": {
        "id": 6299266845,
        "kind": "poi",
        "crossing": "unmarked",
        "crossing:markings": "no",
        "highway": "crossing"
      },
      "geometry": {
        "type": "Point",
        "coordinates": [
          -80.2787883,
          25.7413258
        ]
      }
    },
    {
      "type": "Feature",
      "properties": {
        "id": 6366515855,
        "kind": "poi",
        "crossing": "traffic_signals",
        "crossing:markings": "ladder",
        "highway": "crossing"
      },
      "geometry": {
        "type": "Point",
        "coordinates": [
          -80.2305382,
          25.7631202
        ]
      }
    },
    {
      "type": "Feature",
      "properties": {
        "id": 6384527754,
        "kind": "poi",
        "crossing": "unmarked",
        "crossing:markings": "no",
        "highway": "crossing"
      },
      "geometry": {
        "type": "Point",
        "coordinates": [
          -80.2096845,
          25.7842973
        ]
      }
    },
    {
      "type": "Feature",
      "properties": {
        "id": 6419637878,
        "kind": "poi",
        "amenity": "clinic",
        "healthcare": "clinic",
        "healthcare:speciality": "kidney",
        "name": "Kidney Specialty Center"
      },
      "geometry": {
        "type": "Point",
        "coordinates": [
          -80.2145042,
          25.7756532
        ]
      }
    },
    {
      "type": "Feature",
      "properties": {
        "id": 6439805055,
        "kind": "poi",
        "amenity": "pharmacy",
        "brand": "Walgreens",
        "brand:wikidata": "Q1591889",
        "dispensing": "yes",
        "healthcare": "pharmacy",
        "name": "Walgreens"
      },
      "geometry": {
        "type": "Point",
        "coordinates": [
          -80.2571348,
          25.7813806
        ]
      }
    },
    {
      "type": "Feature",
      "properties": {
        "id": 6473994763,
        "kind": "poi",
        "crossing": "traffic_signals",
        "crossing:markings": "lines",
        "highway": "crossing",
        "traffic_signals:countdown": "yes"
      },
      "geometry": {
        "type": "Point",
        "coordinates": [
          -80.2642688,
          25.7833656
        ]
      }
    },
    {
      "type": "Feature",
      "properties": {
        "id": 6474017155,
        "kind": "poi",
        "crossing": "traffic_signals",
        "crossing:island": "no",
        "crossing:markings": "ladder",
        "crossing:signals": "yes",
        "highway": "crossing"
      },
      "geometry": {
        "type": "Point",
        "coordinates": [
          -80.2397599,
          25.7840938
        ]
      }
    },
    {
      "type": "Feature",
      "properties": {
        "id": 6474017174,
        "kind": "poi",
        "crossing": "traffic_signals",
        "crossing:island": "no",
        "crossing:markings": "ladder",
        "crossing:signals": "yes",
        "highway": "crossing"
      },
      "geometry": {
        "type": "Point",
        "coordinates": [
          -80.2396079,
          25.7854119
        ]
      }
    },
    {
      "type": "Feature",
      "properties": {
        "id": 6474017204,
        "kind": "poi",
        "crossing": "uncontrolled",
        "crossing:island": "no",
        "crossing:markings": "ladder",
        "crossing:signals": "no",
        "flashing_lights": "button",
        "highway": "crossing"
      },
      "geometry": {
        "type": "Point",
        "coordinates": [
          -80.2398221,
          25.7855461
        ]
      }
    },
    {
      "type": "Feature",
      "properties": {
        "id": 6521599716,
        "kind": "poi",
        "crossing": "marked",
        "crossing:markings": "yes",
        "highway": "crossing"
      },
      "geometry": {
        "type": "Point",
        "coordinates": [
          -80.2031901,
          25.8036278
        ]
      }
    },
    {
      "type": "Feature",
      "properties": {
        "id": 6521599717,
        "kind": "poi",
        "crossing": "uncontrolled",
        "crossing:markings": "ladder",
        "highway": "crossing"
      },
      "geometry": {
        "type": "Point",
        "coordinates": [
          -80.2012189,
          25.8036958
        ]
      }
    },
    {
      "type": "Feature",
      "properties": {
        "id": 6521599718,
        "kind": "poi",
        "crossing": "traffic_signals",
        "crossing:markings": "lines",
        "highway": "crossing"
      },
      "geometry": {
        "type": "Point",
        "coordinates": [
          -80.1991862,
          25.8037477
        ]
      }
    },
    {
      "type": "Feature",
      "properties": {
        "id": 6521599719,
        "kind": "poi",
        "crossing": "traffic_signals",
        "crossing:markings": "lines",
        "highway": "crossing"
      },
      "geometry": {
        "type": "Point",
        "coordinates": [
          -80.1992813,
          25.8038492
        ]
      }
    },
    {
      "type": "Feature",
      "properties": {
        "id": 6521599720,
        "kind": "poi",
        "crossing": "marked",
        "crossing:markings": "yes",
        "highway": "crossing"
      },
      "geometry": {
        "type": "Point",
        "coordinates": [
          -80.1992271,
          25.8021596
        ]
      }
    },
    {
      "type": "Feature",
      "properties": {
        "id": 6521599722,
        "kind": "poi",
        "crossing": "unmarked",
        "crossing:markings": "no",
        "highway": "crossing"
      },
      "geometry": {
        "type": "Point",
        "coordinates": [
          -80.1992395,
          25.8025482
        ]
      }
    },
    {
      "type": "Feature",
      "properties": {
        "id": 6521599723,
        "kind": "poi",
        "crossing": "uncontrolled",
        "crossing:markings": "lines",
        "highway": "crossing"
      },
      "geometry": {
        "type": "Point",
        "coordinates": [
          -80.1992513,
          25.8029283
        ]
      }
    },
    {
      "type": "Feature",
      "properties": {
        "id": 6521599724,
        "kind": "poi",
        "crossing": "marked",
        "crossing:markings": "yes",
        "highway": "crossing"
      },
      "geometry": {
        "type": "Point",
        "coordinates": [
          -80.1992088,
          25.8014787
        ]
      }
    },
    {
      "type": "Feature",
      "properties": {
        "id": 6521599725,
        "kind": "poi",
        "crossing": "marked",
        "crossing:markings": "yes",
        "highway": "crossing"
      },
      "geometry": {
        "type": "Point",
        "coordinates": [
          -80.1990041,
          25.8007324
        ]
      }
    },
    {
      "type": "Feature",
      "properties": {
        "id": 6521599726,
        "kind": "poi",
        "crossing": "uncontrolled",
        "crossing:markings": "lines",
        "highway": "crossing"
      },
      "geometry": {
        "type": "Point",
        "coordinates": [
          -80.199077,
          25.8029063
        ]
      }
    },
    {
      "type": "Feature",
      "properties": {
        "id": 6521599727,
        "kind": "poi",
        "crossing": "traffic_signals",
        "crossing:markings": "lines",
        "highway": "crossing"
      },
      "geometry": {
        "type": "Point",
        "coordinates": [
          -80.1991192,
          25.8038547
        ]
      }
    },
    {
      "type": "Feature",
      "properties": {
        "id": 6521599728,
        "kind": "poi",
        "crossing": "marked",
        "crossing:markings": "yes",
        "highway": "crossing"
      },
      "geometry": {
        "type": "Point",
        "coordinates": [
          -80.1990373,
          25.8021532
        ]
      }
    },
    {
      "type": "Feature",
      "properties": {
        "id": 6521599729,
        "kind": "poi",
        "crossing": "marked",
        "crossing:markings": "yes",
        "highway": "crossing"
      },
      "geometry": {
        "type": "Point",
        "coordinates": [
          -80.1990278,
          25.8014408
        ]
      }
    },
    {
      "type": "Feature",
      "properties": {
        "id": 6555451308,
        "kind": "poi",
        "amenity": "pharmacy",
        "healthcare": "pharmacy",
        "name": "Black & White Pharmacy",
        "opening_hours": "Mo-Fr 09:00-17:00"
      },
      "geometry": {
        "type": "Point",
        "coordinates": [
          -80.2116901,
          25.7737398
        ]
      }
    },
    {
      "type": "Feature",
      "properties": {
        "id": 6576671203,
        "kind": "poi",
        "amenity": "pharmacy",
        "brand": "Publix",
        "brand:wikidata": "Q672170",
        "healthcare": "pharmacy",
        "name": "Publix",
        "opening_hours": "Mo-Fr 09:00-21:00; Sa 09:00-19:00; Su 11:00-18:00; PH off"
      },
      "geometry": {
        "type": "Point",
        "coordinates": [
          -80.255052,
          25.7711004
        ]
      }
    },
    {
      "type": "Feature",
      "properties": {
        "id": 6610325012,
        "kind": "poi",
        "crossing": "unmarked",
        "crossing:markings": "no",
        "crossing:signals": "no",
        "highway": "crossing"
      },
      "geometry": {
        "type": "Point",
        "coordinates": [
          -80.2162269,
          25.7517898
        ]
      }
    },
    {
      "type": "Feature",
      "properties": {
        "id": 6610325022,
        "kind": "poi",
        "crossing": "unmarked",
        "crossing:markings": "no",
        "highway": "crossing"
      },
      "geometry": {
        "type": "Point",
        "coordinates": [
          -80.216239,
          25.7525154
        ]
      }
    },
    {
      "type": "Feature",
      "properties": {
        "id": 6610325031,
        "kind": "poi",
        "crossing": "unmarked",
        "crossing:markings": "no",
        "highway": "crossing"
      },
      "geometry": {
        "type": "Point",
        "coordinates": [
          -80.2162445,
          25.7531973
        ]
      }
    },
    {
      "type": "Feature",
      "properties": {
        "id": 6610325040,
        "kind": "poi",
        "crossing": "unmarked",
        "crossing:markings": "no",
        "highway": "crossing"
      },
      "geometry": {
        "type": "Point",
        "coordinates": [
          -80.2162448,
          25.7539411
        ]
      }
    },
    {
      "type": "Feature",
      "properties": {
        "id": 6614495622,
        "kind": "poi",
        "crossing": "traffic_signals",
        "crossing:markings": "ladder",
        "highway": "crossing"
      },
      "geometry": {
        "type": "Point",
        "coordinates": [
          -80.2616735,
          25.7494435
        ]
      }
    },
    {
      "type": "Feature",
      "properties": {
        "id": 6614495623,
        "kind": "poi",
        "crossing": "traffic_signals",
        "crossing:markings": "ladder",
        "highway": "crossing"
      },
      "geometry": {
        "type": "Point",
        "coordinates": [
          -80.2616661,
          25.7493502
        ]
      }
    },
    {
      "type": "Feature",
      "properties": {
        "id": 6614997191,
        "kind": "poi",
        "crossing": "uncontrolled",
        "crossing:markings": "ladder",
        "highway": "crossing"
      },
      "geometry": {
        "type": "Point",
        "coordinates": [
          -80.2672167,
          25.7494151
        ]
      }
    },
    {
      "type": "Feature",
      "properties": {
        "id": 6614997196,
        "kind": "poi",
        "crossing": "uncontrolled",
        "crossing:markings": "ladder",
        "highway": "crossing"
      },
      "geometry": {
        "type": "Point",
        "coordinates": [
          -80.2671942,
          25.7492873
        ]
      }
    },
    {
      "type": "Feature",
      "properties": {
        "id": 6614997199,
        "kind": "poi",
        "crossing": "uncontrolled",
        "crossing:markings": "ladder",
        "highway": "crossing"
      },
      "geometry": {
        "type": "Point",
        "coordinates": [
          -80.2671707,
          25.749228
        ]
      }
    },
    {
      "type": "Feature",
      "properties": {
        "id": 6614997223,
        "kind": "poi",
        "crossing": "uncontrolled",
        "crossing:markings": "ladder",
        "highway": "crossing"
      },
      "geometry": {
        "type": "Point",
        "coordinates": [
          -80.266876,
          25.7495848
        ]
      }
    },
    {
      "type": "Feature",
      "properties": {
        "id": 6614997224,
        "kind": "poi",
        "crossing": "uncontrolled",
        "crossing:markings": "ladder",
        "highway": "crossing"
      },
      "geometry": {
        "type": "Point",
        "coordinates": [
          -80.2667986,
          25.7495867
        ]
      }
    },
    {
      "type": "Feature",
      "properties": {
        "id": 6614997228,
        "kind": "poi",
        "crossing": "uncontrolled",
        "crossing:markings": "ladder",
        "highway": "crossing"
      },
      "geometry": {
        "type": "Point",
        "coordinates": [
          -80.2668368,
          25.74908
        ]
      }
    },
    {
      "type": "Feature",
      "properties": {
        "id": 6614997233,
        "kind": "poi",
        "crossing": "uncontrolled",
        "crossing:markings": "ladder",
        "highway": "crossing"
      },
      "geometry": {
        "type": "Point",
        "coordinates": [
          -80.2667529,
          25.7490858
        ]
      }
    },
    {
      "type": "Feature",
      "properties": {
        "id": 6614997245,
        "kind": "poi",
        "crossing": "uncontrolled",
        "crossing:markings": "ladder",
        "highway": "crossing"
      },
      "geometry": {
        "type": "Point",
        "coordinates": [
          -80.2665451,
          25.7492876
        ]
      }
    },
    {
      "type": "Feature",
      "properties": {
        "id": 6617756748,
        "kind": "poi",
        "crossing": "traffic_signals",
        "crossing:markings": "ladder",
        "highway": "crossing",
        "traffic_signals:countdown": "yes"
      },
      "geometry": {
        "type": "Point",
        "coordinates": [
          -80.2349405,
          25.7722911
        ]
      }
    },
    {
      "type": "Feature",
      "properties": {
        "id": 6620584500,
        "kind": "poi",
        "crossing": "traffic_signals",
        "crossing:markings": "ladder",
        "highway": "crossing"
      },
      "geometry": {
        "type": "Point",
        "coordinates": [
          -80.189676,
          25.773449
        ]
      }
    },
    {
      "type": "Feature",
      "properties": {
        "id": 6824483561,
        "kind": "poi",
        "crossing": "traffic_signals",
        "crossing:island": "no",
        "crossing:markings": "ladder",
        "crossing:signals": "yes",
        "highway": "crossing",
        "traffic_signals:countdown": "yes"
      },
      "geometry": {
        "type": "Point",
        "coordinates": [
          -80.2376917,
          25.7400571
        ]
      }
    },
    {
      "type": "Feature",
      "properties": {
        "id": 6851215508,
        "kind": "poi",
        "highway": "crossing"
      },
      "geometry": {
        "type": "Point",
        "coordinates": [
          -80.2563473,
          25.7473069
        ]
      }
    },
    {
      "type": "Feature",
      "properties": {
        "id": 6857055663,
        "kind": "poi",
        "highway": "crossing"
      },
      "geometry": {
        "type": "Point",
        "coordinates": [
          -80.1909386,
          25.7976538
        ]
      }
    },
    {
      "type": "Feature",
      "properties": {
        "id": 6857678003,
        "kind": "poi",
        "crossing": "unmarked",
        "crossing:markings": "no",
        "highway": "crossing"
      },
      "geometry": {
        "type": "Point",
        "coordinates": [
          -80.1940909,
          25.7679163
        ]
      }
    },
    {
      "type": "Feature",
      "properties": {
        "id": 6857858772,
        "kind": "poi",
        "highway": "crossing"
      },
      "geometry": {
        "type": "Point",
        "coordinates": [
          -80.2662105,
          25.7400728
        ]
      }
    },
    {
      "type": "Feature",
      "properties": {
        "id": 6869184421,
        "kind": "poi",
        "crossing:continuous": "yes",
        "highway": "crossing"
      },
      "geometry": {
        "type": "Point",
        "coordinates": [
          -80.2669034,
          25.7489489
        ]
      }
    },
    {
      "type": "Feature",
      "properties": {
        "id": 6911705104,
        "kind": "poi",
        "highway": "crossing"
      },
      "geometry": {
        "type": "Point",
        "coordinates": [
          -80.1963717,
          25.755384
        ]
      }
    },
    {
      "type": "Feature",
      "properties": {
        "id": 6911705105,
        "kind": "poi",
        "highway": "crossing"
      },
      "geometry": {
        "type": "Point",
        "coordinates": [
          -80.1959623,
          25.7556616
        ]
      }
    },
    {
      "type": "Feature",
      "properties": {
        "id": 6911705107,
        "kind": "poi",
        "highway": "crossing"
      },
      "geometry": {
        "type": "Point",
        "coordinates": [
          -80.194408,
          25.7567292
        ]
      }
    },
    {
      "type": "Feature",
      "properties": {
        "id": 6911705114,
        "kind": "poi",
        "highway": "crossing"
      },
      "geometry": {
        "type": "Point",
        "coordinates": [
          -80.1948397,
          25.7564372
        ]
      }
    },
    {
      "type": "Feature",
      "properties": {
        "id": 6911819853,
        "kind": "poi",
        "highway": "crossing"
      },
      "geometry": {
        "type": "Point",
        "coordinates": [
          -80.1950964,
          25.7562604
        ]
      }
    },
    {
      "type": "Feature",
      "properties": {
        "id": 6911837393,
        "kind": "poi",
        "highway": "crossing"
      },
      "geometry": {
        "type": "Point",
        "coordinates": [
          -80.1934888,
          25.7584848
        ]
      }
    },
    {
      "type": "Feature",
      "properties": {
        "id": 6911976831,
        "kind": "poi",
        "crossing": "unmarked",
        "crossing:markings": "no",
        "highway": "crossing"
      },
      "geometry": {
        "type": "Point",
        "coordinates": [
          -80.1988966,
          25.7536522
        ]
      }
    },
    {
      "type": "Feature",
      "properties": {
        "id": 6912002122,
        "kind": "poi",
        "crossing": "unmarked",
        "crossing:markings": "no",
        "highway": "crossing"
      },
      "geometry": {
        "type": "Point",
        "coordinates": [
          -80.1999287,
          25.7529442
        ]
      }
    },
    {
      "type": "Feature",
      "properties": {
        "id": 6912824805,
        "kind": "poi",
        "crossing": "unmarked",
        "crossing:markings": "no",
        "highway": "crossing"
      },
      "geometry": {
        "type": "Point",
        "coordinates": [
          -80.2288251,
          25.7431154
        ]
      }
    },
    {
      "type": "Feature",
      "properties": {
        "id": 6914887491,
        "kind": "poi",
        "highway": "crossing"
      },
      "geometry": {
        "type": "Point",
        "coordinates": [
          -80.2196795,
          25.7930528
        ]
      }
    },
    {
      "type": "Feature",
      "properties": {
        "id": 6914995926,
        "kind": "poi",
        "highway": "crossing"
      },
      "geometry": {
        "type": "Point",
        "coordinates": [
          -80.1984417,
          25.7789144
        ]
      }
    },
    {
      "type": "Feature",
      "properties": {
        "id": 6937761820,
        "kind": "poi",
        "crossing": "traffic_signals",
        "crossing:markings": "lines",
        "crossing:signals": "yes",
        "highway": "crossing",
        "traffic_signals:countdown": "yes"
      },
      "geometry": {
        "type": "Point",
        "coordinates": [
          -80.2557676,
          25.7864251
        ]
      }
    },
    {
      "type": "Feature",
      "properties": {
        "id": 6937761822,
        "kind": "poi",
        "crossing": "traffic_signals",
        "crossing:markings": "lines",
        "crossing:signals": "yes",
        "highway": "crossing",
        "traffic_signals:countdown": "yes"
      },
      "geometry": {
        "type": "Point",
        "coordinates": [
          -80.2560646,
          25.7864363
        ]
      }
    },
    {
      "type": "Feature",
      "properties": {
        "id": 6937761824,
        "kind": "poi",
        "crossing": "traffic_signals",
        "crossing:markings": "lines",
        "crossing:signals": "yes",
        "highway": "crossing",
        "traffic_signals:countdown": "yes"
      },
      "geometry": {
        "type": "Point",
        "coordinates": [
          -80.2560018,
          25.7862499
        ]
      }
    },
    {
      "type": "Feature",
      "properties": {
        "id": 6937805606,
        "kind": "poi",
        "crossing": "traffic_signals",
        "crossing:island": "no",
        "crossing:markings": "ladder",
        "crossing:signals": "yes",
        "highway": "crossing",
        "tactile_paving": "yes"
      },
      "geometry": {
        "type": "Point",
        "coordinates": [
          -80.2394391,
          25.7844192
        ]
      }
    },
    {
      "type": "Feature",
      "properties": {
        "id": 6937805633,
        "kind": "poi",
        "crossing": "uncontrolled",
        "crossing:island": "no",
        "crossing:markings": "ladder",
        "crossing:signals": "no",
        "flashing_lights": "button",
        "highway": "crossing",
        "tactile_paving": "yes"
      },
      "geometry": {
        "type": "Point",
        "coordinates": [
          -80.2391941,
          25.7841981
        ]
      }
    },
    {
      "type": "Feature",
      "properties": {
        "id": 6942489413,
        "kind": "poi",
        "crossing": "uncontrolled",
        "crossing:markings": "zebra",
        "highway": "crossing"
      },
      "geometry": {
        "type": "Point",
        "coordinates": [
          -80.200986,
          25.785847
        ]
      }
    },
    {
      "type": "Feature",
      "properties": {
        "id": 6942489517,
        "kind": "poi",
        "crossing": "uncontrolled",
        "crossing:markings": "lines",
        "highway": "crossing"
      },
      "geometry": {
        "type": "Point",
        "coordinates": [
          -80.1921854,
          25.7811058
        ]
      }
    },
    {
      "type": "Feature",
      "properties": {
        "id": 6971460707,
        "kind": "poi",
        "highway": "crossing"
      },
      "geometry": {
        "type": "Point",
        "coordinates": [
          -80.2640254,
          25.8035437
        ]
      }
    },
    {
      "type": "Feature",
      "properties": {
        "id": 6971460708,
        "kind": "poi",
        "highway": "crossing"
      },
      "geometry": {
        "type": "Point",
        "coordinates": [
          -80.2629082,
          25.8035693
        ]
      }
    },
    {
      "type": "Feature",
      "properties": {
        "id": 7014296475,
        "kind": "poi",
        "highway": "crossing"
      },
      "geometry": {
        "type": "Point",
        "coordinates": [
          -80.2361653,
          25.750845
        ]
      }
    },
    {
      "type": "Feature",
      "properties": {
        "id": 7059328812,
        "kind": "poi",
        "highway": "crossing"
      },
      "geometry": {
        "type": "Point",
        "coordinates": [
          -80.2224419,
          25.7839089
        ]
      }
    },
    {
      "type": "Feature",
      "properties": {
        "id": 7085335784,
        "kind": "poi",
        "crossing": "traffic_signals",
        "crossing:markings": "ladder",
        "crossing:signals": "yes",
        "highway": "crossing"
      },
      "geometry": {
        "type": "Point",
        "coordinates": [
          -80.2042006,
          25.7503011
        ]
      }
    },
    {
      "type": "Feature",
      "properties": {
        "id": 7085335800,
        "kind": "poi",
        "crossing": "uncontrolled",
        "crossing:markings": "ladder",
        "crossing:signals": "no",
        "crossing:signed": "yes",
        "highway": "crossing"
      },
      "geometry": {
        "type": "Point",
        "coordinates": [
          -80.2042438,
          25.7502013
        ]
      }
    },
    {
      "type": "Feature",
      "properties": {
        "id": 7085335804,
        "kind": "poi",
        "crossing": "traffic_signals",
        "crossing:markings": "ladder",
        "crossing:signals": "yes",
        "highway": "crossing"
      },
      "geometry": {
        "type": "Point",
        "coordinates": [
          -80.2039858,
          25.7502404
        ]
      }
    },
    {
      "type": "Feature",
      "properties": {
        "id": 7085335807,
        "kind": "poi",
        "crossing": "traffic_signals",
        "crossing:markings": "ladder",
        "crossing:signals": "yes",
        "highway": "crossing"
      },
      "geometry": {
        "type": "Point",
        "coordinates": [
          -80.2038144,
          25.7503282
        ]
      }
    },
    {
      "type": "Feature",
      "properties": {
        "id": 7085335808,
        "kind": "poi",
        "crossing": "traffic_signals",
        "crossing:markings": "ladder",
        "crossing:signals": "yes",
        "highway": "crossing"
      },
      "geometry": {
        "type": "Point",
        "coordinates": [
          -80.2042953,
          25.7504204
        ]
      }
    },
    {
      "type": "Feature",
      "properties": {
        "id": 7085335815,
        "kind": "poi",
        "crossing": "traffic_signals",
        "crossing:markings": "ladder",
        "crossing:signals": "yes",
        "highway": "crossing"
      },
      "geometry": {
        "type": "Point",
        "coordinates": [
          -80.2041926,
          25.7505092
        ]
      }
    },
    {
      "type": "Feature",
      "properties": {
        "id": 7085335818,
        "kind": "poi",
        "crossing": "traffic_signals",
        "crossing:markings": "ladder",
        "crossing:signals": "yes",
        "highway": "crossing"
      },
      "geometry": {
        "type": "Point",
        "coordinates": [
          -80.2040314,
          25.7505805
        ]
      }
    },
    {
      "type": "Feature",
      "properties": {
        "id": 7085335824,
        "kind": "poi",
        "crossing": "uncontrolled",
        "crossing:markings": "ladder",
        "crossing:signals": "no",
        "crossing:signed": "yes",
        "highway": "crossing"
      },
      "geometry": {
        "type": "Point",
        "coordinates": [
          -80.203962,
          25.750671
        ]
      }
    },
    {
      "type": "Feature",
      "properties": {
        "id": 7085335829,
        "kind": "poi",
        "crossing": "traffic_signals",
        "crossing:markings": "ladder",
        "crossing:signals": "yes",
        "highway": "crossing"
      },
      "geometry": {
        "type": "Point",
        "coordinates": [
          -80.2038051,
          25.7504297
        ]
      }
    },
    {
      "type": "Feature",
      "properties": {
        "id": 7085335830,
        "kind": "poi",
        "crossing": "traffic_signals",
        "crossing:markings": "ladder",
        "crossing:signals": "yes",
        "highway": "crossing"
      },
      "geometry": {
        "type": "Point",
        "coordinates": [
          -80.2038698,
          25.750553
        ]
      }
    },
    {
      "type": "Feature",
      "properties": {
        "id": 7085335837,
        "kind": "poi",
        "crossing": "uncontrolled",
        "crossing:markings": "ladder",
        "crossing:signals": "no",
        "crossing:signed": "yes",
        "highway": "crossing"
      },
      "geometry": {
        "type": "Point",
        "coordinates": [
          -80.2036551,
          25.7503073
        ]
      }
    },
    {
      "type": "Feature",
      "properties": {
        "id": 7085335850,
        "kind": "poi",
        "crossing": "uncontrolled",
        "crossing:markings": "ladder",
        "crossing:signals": "no",
        "highway": "crossing"
      },
      "geometry": {
        "type": "Point",
        "coordinates": [
          -80.2043841,
          25.7504782
        ]
      }
    },
    {
      "type": "Feature",
      "properties": {
        "id": 7085335889,
        "kind": "poi",
        "crossing": "unmarked",
        "crossing:markings": "no",
        "highway": "crossing"
      },
      "geometry": {
        "type": "Point",
        "coordinates": [
          -80.204876,
          25.7503949
        ]
      }
    },
    {
      "type": "Feature",
      "properties": {
        "id": 7085335899,
        "kind": "poi",
        "crossing": "unmarked",
        "crossing:markings": "no",
        "highway": "crossing"
      },
      "geometry": {
        "type": "Point",
        "coordinates": [
          -80.2052548,
          25.7508208
        ]
      }
    },
    {
      "type": "Feature",
      "properties": {
        "id": 7087152401,
        "kind": "poi",
        "crossing": "traffic_signals",
        "crossing:markings": "ladder",
        "crossing:signals": "yes",
        "highway": "crossing"
      },
      "geometry": {
        "type": "Point",
        "coordinates": [
          -80.2380632,
          25.7406891
        ]
      }
    },
    {
      "type": "Feature",
      "properties": {
        "id": 7087152403,
        "kind": "poi",
        "crossing": "traffic_signals",
        "crossing:markings": "ladder",
        "crossing:signals": "yes",
        "highway": "crossing"
      },
      "geometry": {
        "type": "Point",
        "coordinates": [
          -80.2378267,
          25.7408559
        ]
      }
    },
    {
      "type": "Feature",
      "properties": {
        "id": 7087152404,
        "kind": "poi",
        "crossing": "traffic_signals",
        "crossing:markings": "ladder",
        "crossing:signals": "yes",
        "highway": "crossing"
      },
      "geometry": {
        "type": "Point",
        "coordinates": [
          -80.2379456,
          25.7408328
        ]
      }
    },
    {
      "type": "Feature",
      "properties": {
        "id": 7087152406,
        "kind": "poi",
        "crossing": "traffic_signals",
        "crossing:markings": "ladder",
        "crossing:signals": "yes",
        "highway": "crossing"
      },
      "geometry": {
        "type": "Point",
        "coordinates": [
          -80.237805,
          25.7406106
        ]
      }
    },
    {
      "type": "Feature",
      "properties": {
        "id": 7087152407,
        "kind": "poi",
        "crossing": "traffic_signals",
        "crossing:markings": "ladder",
        "crossing:signals": "yes",
        "highway": "crossing"
      },
      "geometry": {
        "type": "Point",
        "coordinates": [
          -80.2379546,
          25.7406104
        ]
      }
    },
    {
      "type": "Feature",
      "properties": {
        "id": 7087152410,
        "kind": "poi",
        "crossing": "traffic_signals",
        "crossing:markings": "ladder:skewed",
        "crossing:signals": "yes",
        "highway": "crossing"
      },
      "geometry": {
        "type": "Point",
        "coordinates": [
          -80.2377206,
          25.740777
        ]
      }
    },
    {
      "type": "Feature",
      "properties": {
        "id": 7087152411,
        "kind": "poi",
        "crossing": "unmarked",
        "crossing:markings": "no",
        "highway": "crossing"
      },
      "geometry": {
        "type": "Point",
        "coordinates": [
          -80.2374326,
          25.7408035
        ]
      }
    },
    {
      "type": "Feature",
      "properties": {
        "id": 7087152429,
        "kind": "poi",
        "crossing": "uncontrolled",
        "crossing:markings": "lines",
        "crossing:signals": "no",
        "highway": "crossing"
      },
      "geometry": {
        "type": "Point",
        "coordinates": [
          -80.2377763,
          25.7417732
        ]
      }
    },
    {
      "type": "Feature",
      "properties": {
        "id": 7087152624,
        "kind": "poi",
        "crossing": "uncontrolled",
        "crossing:markings": "lines",
        "highway": "crossing"
      },
      "geometry": {
        "type": "Point",
        "coordinates": [
          -80.2397585,
          25.7418716
        ]
      }
    },
    {
      "type": "Feature",
      "properties": {
        "id": 7087152628,
        "kind": "poi",
        "crossing": "uncontrolled",
        "crossing:markings": "lines",
        "highway": "crossing"
      },
      "geometry": {
        "type": "Point",
        "coordinates": [
          -80.2392239,
          25.7418908
        ]
      }
    },
    {
      "type": "Feature",
      "properties": {
        "id": 7087152633,
        "kind": "poi",
        "crossing": "uncontrolled",
        "crossing:markings": "lines",
        "highway": "crossing"
      },
      "geometry": {
        "type": "Point",
        "coordinates": [
          -80.2386927,
          25.7419035
        ]
      }
    },
    {
      "type": "Feature",
      "properties": {
        "id": 7087152657,
        "kind": "poi",
        "crossing": "uncontrolled",
        "crossing:markings": "lines",
        "highway": "crossing"
      },
      "geometry": {
        "type": "Point",
        "coordinates": [
          -80.240403,
          25.7418509
        ]
      }
    },
    {
      "type": "Feature",
      "properties": {
        "id": 7110934306,
        "kind": "poi",
        "highway": "crossing"
      },
      "geometry": {
        "type": "Point",
        "coordinates": [
          -80.1869943,
          25.7976174
        ]
      }
    },
    {
      "type": "Feature",
      "properties": {
        "id": 7110943684,
        "kind": "poi",
        "highway": "crossing"
      },
      "geometry": {
        "type": "Point",
        "coordinates": [
          -80.1932402,
          25.7575406
        ]
      }
    },
    {
      "type": "Feature",
      "properties": {
        "id": 7110943785,
        "kind": "poi",
        "highway": "crossing"
      },
      "geometry": {
        "type": "Point",
        "coordinates": [
          -80.193647,
          25.7572449
        ]
      }
    },
    {
      "type": "Feature",
      "properties": {
        "id": 7110943786,
        "kind": "poi",
        "highway": "crossing"
      },
      "geometry": {
        "type": "Point",
        "coordinates": [
          -80.1957622,
          25.7558018
        ]
      }
    },
    {
      "type": "Feature",
      "properties": {
        "id": 7113609818,
        "kind": "poi",
        "crossing": "uncontrolled",
        "crossing:markings": "ladder",
        "highway": "crossing"
      },
      "geometry": {
        "type": "Point",
        "coordinates": [
          -80.2586009,
          25.7444995
        ]
      }
    },
    {
      "type": "Feature",
      "properties": {
        "id": 7128035329,
        "kind": "poi",
        "crossing": "unmarked",
        "crossing:markings": "no",
        "highway": "crossing"
      },
      "geometry": {
        "type": "Point",
        "coordinates": [
          -80.2385253,
          25.7407804
        ]
      }
    },
    {
      "type": "Feature",
      "properties": {
        "id": 7138135272,
        "kind": "poi",
        "crossing": "uncontrolled",
        "crossing:markings": "lines",
        "highway": "crossing"
      },
      "geometry": {
        "type": "Point",
        "coordinates": [
          -80.2771668,
          25.7539459
        ]
      }
    },
    {
      "type": "Feature",
      "properties": {
        "id": 7157651899,
        "kind": "poi",
        "crossing": "uncontrolled",
        "crossing:markings": "zebra",
        "highway": "crossing"
      },
      "geometry": {
        "type": "Point",
        "coordinates": [
          -80.2667695,
          25.7478769
        ]
      }
    },
    {
      "type": "Feature",
      "properties": {
        "id": 7157651904,
        "kind": "poi",
        "crossing": "uncontrolled",
        "crossing:markings": "zebra",
        "highway": "crossing"
      },
      "geometry": {
        "type": "Point",
        "coordinates": [
          -80.2670219,
          25.7481095
        ]
      }
    },
    {
      "type": "Feature",
      "properties": {
        "id": 7157651922,
        "kind": "poi",
        "crossing": "uncontrolled",
        "crossing:markings": "zebra",
        "highway": "crossing"
      },
      "geometry": {
        "type": "Point",
        "coordinates": [
          -80.2667832,
          25.7483896
        ]
      }
    },
    {
      "type": "Feature",
      "properties": {
        "id": 7157651930,
        "kind": "poi",
        "crossing": "uncontrolled",
        "crossing:markings": "zebra",
        "highway": "crossing"
      },
      "geometry": {
        "type": "Point",
        "coordinates": [
          -80.2670231,
          25.7481817
        ]
      }
    },
    {
      "type": "Feature",
      "properties": {
        "id": 7165090893,
        "kind": "poi",
        "highway": "crossing"
      },
      "geometry": {
        "type": "Point",
        "coordinates": [
          -80.2636948,
          25.7985871
        ]
      }
    },
    {
      "type": "Feature",
      "properties": {
        "id": 7171213758,
        "kind": "poi",
        "highway": "crossing"
      },
      "geometry": {
        "type": "Point",
        "coordinates": [
          -80.2746393,
          25.7539523
        ]
      }
    },
    {
      "type": "Feature",
      "properties": {
        "id": 7173250008,
        "kind": "poi",
        "crossing": "unmarked",
        "crossing:markings": "no",
        "highway": "crossing"
      },
      "geometry": {
        "type": "Point",
        "coordinates": [
          -80.2779999,
          25.7413672
        ]
      }
    },
    {
      "type": "Feature",
      "properties": {
        "id": 7173250068,
        "kind": "poi",
        "highway": "crossing"
      },
      "geometry": {
        "type": "Point",
        "coordinates": [
          -80.2770261,
          25.7414067
        ]
      }
    },
    {
      "type": "Feature",
      "properties": {
        "id": 7180094917,
        "kind": "poi",
        "crossing:markings": "no",
        "highway": "crossing"
      },
      "geometry": {
        "type": "Point",
        "coordinates": [
          -80.2596149,
          25.7543827
        ]
      }
    },
    {
      "type": "Feature",
      "properties": {
        "id": 7186888247,
        "kind": "poi",
        "highway": "crossing"
      },
      "geometry": {
        "type": "Point",
        "coordinates": [
          -80.2641993,
          25.7991241
        ]
      }
    },
    {
      "type": "Feature",
      "properties": {
        "id": 7199863314,
        "kind": "poi",
        "highway": "crossing"
      },
      "geometry": {
        "type": "Point",
        "coordinates": [
          -80.2642612,
          25.8015176
        ]
      }
    },
    {
      "type": "Feature",
      "properties": {
        "id": 7199863317,
        "kind": "poi",
        "highway": "crossing"
      },
      "geometry": {
        "type": "Point",
        "coordinates": [
          -80.2642591,
          25.8012339
        ]
      }
    },
    {
      "type": "Feature",
      "properties": {
        "id": 7205397075,
        "kind": "poi",
        "highway": "crossing"
      },
      "geometry": {
        "type": "Point",
        "coordinates": [
          -80.2034545,
          25.7679836
        ]
      }
    },
    {
      "type": "Feature",
      "properties": {
        "id": 7209101195,
        "kind": "poi",
        "crossing": "unmarked",
        "crossing:island": "no",
        "crossing:markings": "no",
        "crossing:signals": "no",
        "highway": "crossing"
      },
      "geometry": {
        "type": "Point",
        "coordinates": [
          -80.2382489,
          25.7756422
        ]
      }
    },
    {
      "type": "Feature",
      "properties": {
        "id": 7217475211,
        "kind": "poi",
        "crossing:continuous": "yes",
        "highway": "crossing"
      },
      "geometry": {
        "type": "Point",
        "coordinates": [
          -80.2674862,
          25.7491129
        ]
      }
    },
    {
      "type": "Feature",
      "properties": {
        "id": 7231871617,
        "kind": "poi",
        "highway": "crossing"
      },
      "geometry": {
        "type": "Point",
        "coordinates": [
          -80.2563521,
          25.7992682
        ]
      }
    },
    {
      "type": "Feature",
      "properties": {
        "id": 7231996460,
        "kind": "poi",
        "highway": "crossing"
      },
      "geometry": {
        "type": "Point",
        "coordinates": [
          -80.2381715,
          25.7597152
        ]
      }
    },
    {
      "type": "Feature",
      "properties": {
        "id": 7258053596,
        "kind": "poi",
        "highway": "crossing"
      },
      "geometry": {
        "type": "Point",
        "coordinates": [
          -80.2100806,
          25.7575024
        ]
      }
    },
    {
      "type": "Feature",
      "properties": {
        "id": 7258053604,
        "kind": "poi",
        "highway": "crossing"
      },
      "geometry": {
        "type": "Point",
        "coordinates": [
          -80.2097919,
          25.757157
        ]
      }
    },
    {
      "type": "Feature",
      "properties": {
        "id": 7258053617,
        "kind": "poi",
        "highway": "crossing"
      },
      "geometry": {
        "type": "Point",
        "coordinates": [
          -80.209677,
          25.7573433
        ]
      }
    },
    {
      "type": "Feature",
      "properties": {
        "id": 7279784486,
        "kind": "poi",
        "highway": "crossing"
      },
      "geometry": {
        "type": "Point",
        "coordinates": [
          -80.190124,
          25.7632825
        ]
      }
    },
    {
      "type": "Feature",
      "properties": {
        "id": 7321939885,
        "kind": "poi",
        "highway": "crossing"
      },
      "geometry": {
        "type": "Point",
        "coordinates": [
          -80.2531918,
          25.7636258
        ]
      }
    },
    {
      "type": "Feature",
      "properties": {
        "id": 7321939895,
        "kind": "poi",
        "crossing": "uncontrolled",
        "crossing:markings": "ladder",
        "crossing:signed": "yes",
        "highway": "crossing"
      },
      "geometry": {
        "type": "Point",
        "coordinates": [
          -80.2530921,
          25.7634081
        ]
      }
    },
    {
      "type": "Feature",
      "properties": {
        "id": 7321939896,
        "kind": "poi",
        "crossing": "uncontrolled",
        "crossing:markings": "ladder",
        "crossing:signed": "yes",
        "highway": "crossing"
      },
      "geometry": {
        "type": "Point",
        "coordinates": [
          -80.2531479,
          25.7633992
        ]
      }
    },
    {
      "type": "Feature",
      "properties": {
        "id": 7321939899,
        "kind": "poi",
        "crossing": "uncontrolled",
        "crossing:markings": "ladder",
        "crossing:signed": "yes",
        "highway": "crossing"
      },
      "geometry": {
        "type": "Point",
        "coordinates": [
          -80.2532842,
          25.7632658
        ]
      }
    },
    {
      "type": "Feature",
      "properties": {
        "id": 7321939900,
        "kind": "poi",
        "crossing": "uncontrolled",
        "crossing:markings": "ladder",
        "crossing:signed": "yes",
        "highway": "crossing"
      },
      "geometry": {
        "type": "Point",
        "coordinates": [
          -80.2532915,
          25.7632148
        ]
      }
    },
    {
      "type": "Feature",
      "properties": {
        "id": 7321939902,
        "kind": "poi",
        "crossing": "uncontrolled",
        "crossing:markings": "ladder",
        "crossing:signed": "yes",
        "highway": "crossing"
      },
      "geometry": {
        "type": "Point",
        "coordinates": [
          -80.2530809,
          25.7630819
        ]
      }
    },
    {
      "type": "Feature",
      "properties": {
        "id": 7321939903,
        "kind": "poi",
        "crossing": "uncontrolled",
        "crossing:markings": "ladder",
        "crossing:signed": "yes",
        "highway": "crossing"
      },
      "geometry": {
        "type": "Point",
        "coordinates": [
          -80.2531351,
          25.7630818
        ]
      }
    },
    {
      "type": "Feature",
      "properties": {
        "id": 7321939904,
        "kind": "poi",
        "crossing": "uncontrolled",
        "crossing:markings": "ladder",
        "crossing:signed": "yes",
        "highway": "crossing"
      },
      "geometry": {
        "type": "Point",
        "coordinates": [
          -80.2529399,
          25.7632248
        ]
      }
    },
    {
      "type": "Feature",
      "properties": {
        "id": 7321939905,
        "kind": "poi",
        "crossing": "uncontrolled",
        "crossing:markings": "ladder",
        "crossing:signed": "yes",
        "highway": "crossing"
      },
      "geometry": {
        "type": "Point",
        "coordinates": [
          -80.2529473,
          25.7632766
        ]
      }
    },
    {
      "type": "Feature",
      "properties": {
        "id": 7321939917,
        "kind": "poi",
        "highway": "crossing"
      },
      "geometry": {
        "type": "Point",
        "coordinates": [
          -80.2498884,
          25.7644831
        ]
      }
    },
    {
      "type": "Feature",
      "properties": {
        "id": 7321939918,
        "kind": "poi",
        "highway": "crossing"
      },
      "geometry": {
        "type": "Point",
        "coordinates": [
          -80.2499134,
          25.7643803
        ]
      }
    },
    {
      "type": "Feature",
      "properties": {
        "id": 7321939920,
        "kind": "poi",
        "crossing": "unmarked",
        "crossing:markings": "no",
        "highway": "crossing"
      },
      "geometry": {
        "type": "Point",
        "coordinates": [
          -80.2499891,
          25.7640514
        ]
      }
    },
    {
      "type": "Feature",
      "properties": {
        "id": 7321939937,
        "kind": "poi",
        "crossing": "unmarked",
        "crossing:markings": "no",
        "highway": "crossing"
      },
      "geometry": {
        "type": "Point",
        "coordinates": [
          -80.2499793,
          25.7633322
        ]
      }
    },
    {
      "type": "Feature",
      "properties": {
        "id": 7321939961,
        "kind": "poi",
        "crossing": "unmarked",
        "crossing:markings": "no",
        "highway": "crossing"
      },
      "geometry": {
        "type": "Point",
        "coordinates": [
          -80.2499529,
          25.7626195
        ]
      }
    },
    {
      "type": "Feature",
      "properties": {
        "id": 7321939963,
        "kind": "poi",
        "crossing": "unmarked",
        "crossing:markings": "no",
        "highway": "crossing"
      },
      "geometry": {
        "type": "Point",
        "coordinates": [
          -80.2509615,
          25.7619402
        ]
      }
    },
    {
      "type": "Feature",
      "properties": {
        "id": 7321939964,
        "kind": "poi",
        "highway": "crossing"
      },
      "geometry": {
        "type": "Point",
        "coordinates": [
          -80.2510359,
          25.7622356
        ]
      }
    },
    {
      "type": "Feature",
      "properties": {
        "id": 7321939995,
        "kind": "poi",
        "crossing": "unmarked",
        "crossing:markings": "no",
        "highway": "crossing"
      },
      "geometry": {
        "type": "Point",
        "coordinates": [
          -80.2530708,
          25.7618814
        ]
      }
    },
    {
      "type": "Feature",
      "properties": {
        "id": 7321939996,
        "kind": "poi",
        "crossing": "unmarked",
        "crossing:markings": "no",
        "highway": "crossing"
      },
      "geometry": {
        "type": "Point",
        "coordinates": [
          -80.2520032,
          25.7619099
        ]
      }
    },
    {
      "type": "Feature",
      "properties": {
        "id": 7321940006,
        "kind": "poi",
        "crossing": "unmarked",
        "crossing:markings": "no",
        "highway": "crossing"
      },
      "geometry": {
        "type": "Point",
        "coordinates": [
          -80.2531765,
          25.7625274
        ]
      }
    },
    {
      "type": "Feature",
      "properties": {
        "id": 7321940030,
        "kind": "poi",
        "crossing": "unmarked",
        "crossing:markings": "no",
        "highway": "crossing"
      },
      "geometry": {
        "type": "Point",
        "coordinates": [
          -80.2530973,
          25.7625906
        ]
      }
    },
    {
      "type": "Feature",
      "properties": {
        "id": 7321940032,
        "kind": "poi",
        "crossing": "unmarked",
        "crossing:markings": "no",
        "highway": "crossing"
      },
      "geometry": {
        "type": "Point",
        "coordinates": [
          -80.2530037,
          25.7625345
        ]
      }
    },
    {
      "type": "Feature",
      "properties": {
        "id": 7321940034,
        "kind": "poi",
        "crossing": "unmarked",
        "crossing:markings": "no",
        "highway": "crossing"
      },
      "geometry": {
        "type": "Point",
        "coordinates": [
          -80.2530904,
          25.7624727
        ]
      }
    },
    {
      "type": "Feature",
      "properties": {
        "id": 7321940044,
        "kind": "poi",
        "crossing": "unmarked",
        "crossing:markings": "no",
        "highway": "crossing"
      },
      "geometry": {
        "type": "Point",
        "coordinates": [
          -80.2539327,
          25.7625096
        ]
      }
    },
    {
      "type": "Feature",
      "properties": {
        "id": 7321940046,
        "kind": "poi",
        "crossing": "unmarked",
        "crossing:markings": "no",
        "highway": "crossing"
      },
      "geometry": {
        "type": "Point",
        "coordinates": [
          -80.2539036,
          25.7617271
        ]
      }
    },
    {
      "type": "Feature",
      "properties": {
        "id": 7321940047,
        "kind": "poi",
        "crossing": "unmarked",
        "crossing:markings": "no",
        "highway": "crossing"
      },
      "geometry": {
        "type": "Point",
        "coordinates": [
          -80.2539085,
          25.7617978
        ]
      }
    },
    {
      "type": "Feature",
      "properties": {
        "id": 7321940061,
        "kind": "poi",
        "crossing": "unmarked",
        "crossing:markings": "no",
        "highway": "crossing"
      },
      "geometry": {
        "type": "Point",
        "coordinates": [
          -80.2531352,
          25.76175
        ]
      }
    },
    {
      "type": "Feature",
      "properties": {
        "id": 7321940062,
        "kind": "poi",
        "crossing": "unmarked",
        "crossing:markings": "no",
        "highway": "crossing"
      },
      "geometry": {
        "type": "Point",
        "coordinates": [
          -80.2531389,
          25.7618176
        ]
      }
    },
    {
      "type": "Feature",
      "properties": {
        "id": 7321940064,
        "kind": "poi",
        "crossing": "unmarked",
        "crossing:markings": "no",
        "highway": "crossing"
      },
      "geometry": {
        "type": "Point",
        "coordinates": [
          -80.2529862,
          25.7617549
        ]
      }
    },
    {
      "type": "Feature",
      "properties": {
        "id": 7321940065,
        "kind": "poi",
        "crossing": "unmarked",
        "crossing:markings": "no",
        "highway": "crossing"
      },
      "geometry": {
        "type": "Point",
        "coordinates": [
          -80.2529897,
          25.7618198
        ]
      }
    },
    {
      "type": "Feature",
      "properties": {
        "id": 7321940067,
        "kind": "poi",
        "crossing": "unmarked",
        "crossing:markings": "no",
        "highway": "crossing"
      },
      "geometry": {
        "type": "Point",
        "coordinates": [
          -80.2530609,
          25.7616949
        ]
      }
    },
    {
      "type": "Feature",
      "properties": {
        "id": 7321940072,
        "kind": "poi",
        "crossing": "unmarked",
        "crossing:markings": "no",
        "highway": "crossing"
      },
      "geometry": {
        "type": "Point",
        "coordinates": [
          -80.2520841,
          25.7617835
        ]
      }
    },
    {
      "type": "Feature",
      "properties": {
        "id": 7321940073,
        "kind": "poi",
        "crossing": "unmarked",
        "crossing:markings": "no",
        "highway": "crossing"
      },
      "geometry": {
        "type": "Point",
        "coordinates": [
          -80.252085,
          25.7618493
        ]
      }
    },
    {
      "type": "Feature",
      "properties": {
        "id": 7321940079,
        "kind": "poi",
        "crossing": "unmarked",
        "crossing:markings": "no",
        "highway": "crossing"
      },
      "geometry": {
        "type": "Point",
        "coordinates": [
          -80.251994,
          25.7617332
        ]
      }
    },
    {
      "type": "Feature",
      "properties": {
        "id": 7321940080,
        "kind": "poi",
        "crossing": "unmarked",
        "crossing:markings": "no",
        "highway": "crossing"
      },
      "geometry": {
        "type": "Point",
        "coordinates": [
          -80.2519183,
          25.7617873
        ]
      }
    },
    {
      "type": "Feature",
      "properties": {
        "id": 7321940081,
        "kind": "poi",
        "crossing": "unmarked",
        "crossing:markings": "no",
        "highway": "crossing"
      },
      "geometry": {
        "type": "Point",
        "coordinates": [
          -80.251919,
          25.7618544
        ]
      }
    },
    {
      "type": "Feature",
      "properties": {
        "id": 7321940093,
        "kind": "poi",
        "crossing": "unmarked",
        "crossing:markings": "no",
        "highway": "crossing"
      },
      "geometry": {
        "type": "Point",
        "coordinates": [
          -80.2510345,
          25.7618813
        ]
      }
    },
    {
      "type": "Feature",
      "properties": {
        "id": 7321940094,
        "kind": "poi",
        "crossing": "unmarked",
        "crossing:markings": "no",
        "highway": "crossing"
      },
      "geometry": {
        "type": "Point",
        "coordinates": [
          -80.2510289,
          25.7618025
        ]
      }
    },
    {
      "type": "Feature",
      "properties": {
        "id": 7321940096,
        "kind": "poi",
        "crossing": "unmarked",
        "crossing:markings": "no",
        "highway": "crossing"
      },
      "geometry": {
        "type": "Point",
        "coordinates": [
          -80.2509493,
          25.7617563
        ]
      }
    },
    {
      "type": "Feature",
      "properties": {
        "id": 7321940098,
        "kind": "poi",
        "crossing": "unmarked",
        "crossing:markings": "no",
        "highway": "crossing"
      },
      "geometry": {
        "type": "Point",
        "coordinates": [
          -80.2508806,
          25.7618079
        ]
      }
    },
    {
      "type": "Feature",
      "properties": {
        "id": 7321940099,
        "kind": "poi",
        "crossing": "unmarked",
        "crossing:markings": "no",
        "highway": "crossing"
      },
      "geometry": {
        "type": "Point",
        "coordinates": [
          -80.2508842,
          25.7618916
        ]
      }
    },
    {
      "type": "Feature",
      "properties": {
        "id": 7321940111,
        "kind": "poi",
        "highway": "crossing"
      },
      "geometry": {
        "type": "Point",
        "coordinates": [
          -80.2510571,
          25.7629418
        ]
      }
    },
    {
      "type": "Feature",
      "properties": {
        "id": 7321940113,
        "kind": "poi",
        "crossing": "unmarked",
        "crossing:markings": "no",
        "highway": "crossing"
      },
      "geometry": {
        "type": "Point",
        "coordinates": [
          -80.2520518,
          25.763215
        ]
      }
    },
    {
      "type": "Feature",
      "properties": {
        "id": 7321940118,
        "kind": "poi",
        "crossing": "unmarked",
        "crossing:markings": "no",
        "highway": "crossing"
      },
      "geometry": {
        "type": "Point",
        "coordinates": [
          -80.2510007,
          25.7632271
        ]
      }
    },
    {
      "type": "Feature",
      "properties": {
        "id": 7321940128,
        "kind": "poi",
        "highway": "crossing"
      },
      "geometry": {
        "type": "Point",
        "coordinates": [
          -80.2530587,
          25.7636308
        ]
      }
    },
    {
      "type": "Feature",
      "properties": {
        "id": 7321940129,
        "kind": "poi",
        "highway": "crossing"
      },
      "geometry": {
        "type": "Point",
        "coordinates": [
          -80.253064,
          25.7638025
        ]
      }
    },
    {
      "type": "Feature",
      "properties": {
        "id": 7321940147,
        "kind": "poi",
        "crossing": "unmarked",
        "crossing:markings": "no",
        "highway": "crossing"
      },
      "geometry": {
        "type": "Point",
        "coordinates": [
          -80.2530673,
          25.7639586
        ]
      }
    },
    {
      "type": "Feature",
      "properties": {
        "id": 7321940149,
        "kind": "poi",
        "crossing": "uncontrolled",
        "crossing:markings": "ladder",
        "highway": "crossing"
      },
      "geometry": {
        "type": "Point",
        "coordinates": [
          -80.2520896,
          25.7646773
        ]
      }
    },
    {
      "type": "Feature",
      "properties": {
        "id": 7321940152,
        "kind": "poi",
        "crossing": "uncontrolled",
        "crossing:markings": "ladder",
        "highway": "crossing"
      },
      "geometry": {
        "type": "Point",
        "coordinates": [
          -80.2510373,
          25.7647067
        ]
      }
    },
    {
      "type": "Feature",
      "properties": {
        "id": 7321940171,
        "kind": "poi",
        "highway": "crossing"
      },
      "geometry": {
        "type": "Point",
        "coordinates": [
          -80.2502962,
          25.7647401
        ]
      }
    },
    {
      "type": "Feature",
      "properties": {
        "id": 7321940172,
        "kind": "poi",
        "highway": "crossing"
      },
      "geometry": {
        "type": "Point",
        "coordinates": [
          -80.2504025,
          25.7641014
        ]
      }
    },
    {
      "type": "Feature",
      "properties": {
        "id": 7321940173,
        "kind": "poi",
        "highway": "crossing"
      },
      "geometry": {
        "type": "Point",
        "coordinates": [
          -80.2509714,
          25.7644348
        ]
      }
    },
    {
      "type": "Feature",
      "properties": {
        "id": 7321940174,
        "kind": "poi",
        "crossing": "unmarked",
        "crossing:markings": "no",
        "highway": "crossing"
      },
      "geometry": {
        "type": "Point",
        "coordinates": [
          -80.2510231,
          25.7640846
        ]
      }
    },
    {
      "type": "Feature",
      "properties": {
        "id": 7321940175,
        "kind": "poi",
        "crossing": "unmarked",
        "crossing:markings": "no",
        "highway": "crossing"
      },
      "geometry": {
        "type": "Point",
        "coordinates": [
          -80.2520732,
          25.7640531
        ]
      }
    },
    {
      "type": "Feature",
      "properties": {
        "id": 7321940176,
        "kind": "poi",
        "crossing": "unmarked",
        "crossing:markings": "no",
        "highway": "crossing"
      },
      "geometry": {
        "type": "Point",
        "coordinates": [
          -80.2521455,
          25.7639906
        ]
      }
    },
    {
      "type": "Feature",
      "properties": {
        "id": 7321940178,
        "kind": "poi",
        "crossing": "uncontrolled",
        "crossing:markings": "ladder",
        "highway": "crossing"
      },
      "geometry": {
        "type": "Point",
        "coordinates": [
          -80.249733,
          25.7647712
        ]
      }
    },
    {
      "type": "Feature",
      "properties": {
        "id": 7321940180,
        "kind": "poi",
        "crossing": "uncontrolled",
        "crossing:markings": "ladder",
        "highway": "crossing"
      },
      "geometry": {
        "type": "Point",
        "coordinates": [
          -80.2531565,
          25.7646505
        ]
      }
    },
    {
      "type": "Feature",
      "properties": {
        "id": 7327223485,
        "kind": "poi",
        "crossing": "uncontrolled",
        "crossing:markings": "ladder",
        "highway": "crossing",
        "tactile_paving": "yes"
      },
      "geometry": {
        "type": "Point",
        "coordinates": [
          -80.2623142,
          25.7863529
        ]
      }
    },
    {
      "type": "Feature",
      "properties": {
        "id": 7365678130,
        "kind": "poi",
        "crossing": "unmarked",
        "crossing:markings": "no",
        "highway": "crossing"
      },
      "geometry": {
        "type": "Point",
        "coordinates": [
          -80.2587555,
          25.7490307
        ]
      }
    },
    {
      "type": "Feature",
      "properties": {
        "id": 7365678147,
        "kind": "poi",
        "crossing": "unmarked",
        "crossing:markings": "no",
        "highway": "crossing"
      },
      "geometry": {
        "type": "Point",
        "coordinates": [
          -80.2584975,
          25.7490659
        ]
      }
    },
    {
      "type": "Feature",
      "properties": {
        "id": 7365678469,
        "kind": "poi",
        "highway": "crossing"
      },
      "geometry": {
        "type": "Point",
        "coordinates": [
          -80.2624401,
          25.748372
        ]
      }
    },
    {
      "type": "Feature",
      "properties": {
        "id": 7365678499,
        "kind": "poi",
        "crossing": "uncontrolled",
        "crossing:markings": "lines",
        "crossing:signals": "no",
        "highway": "crossing"
      },
      "geometry": {
        "type": "Point",
        "coordinates": [
          -80.2628282,
          25.7485295
        ]
      }
    },
    {
      "type": "Feature",
      "properties": {
        "id": 7365678538,
        "kind": "poi",
        "crossing": "uncontrolled",
        "crossing:markings": "ladder",
        "highway": "crossing"
      },
      "geometry": {
        "type": "Point",
        "coordinates": [
          -80.2626887,
          25.7457085
        ]
      }
    },
    {
      "type": "Feature",
      "properties": {
        "id": 7366792620,
        "kind": "poi",
        "highway": "crossing"
      },
      "geometry": {
        "type": "Point",
        "coordinates": [
          -80.2642743,
          25.7411435
        ]
      }
    },
    {
      "type": "Feature",
      "properties": {
        "id": 7370572258,
        "kind": "poi",
        "highway": "crossing"
      },
      "geometry": {
        "type": "Point",
        "coordinates": [
          -80.2667952,
          25.7468628
        ]
      }
    },
    {
      "type": "Feature",
      "properties": {
        "id": 7372282160,
        "kind": "poi",
        "crossing": "uncontrolled",
        "crossing:markings": "lines",
        "highway": "crossing"
      },
      "geometry": {
        "type": "Point",
        "coordinates": [
          -80.2582008,
          25.7456681
        ]
      }
    },
    {
      "type": "Feature",
      "properties": {
        "id": 7372692776,
        "kind": "poi",
        "crossing": "uncontrolled",
        "crossing:markings": "ladder",
        "highway": "crossing"
      },
      "geometry": {
        "type": "Point",
        "coordinates": [
          -80.2544065,
          25.7426125
        ]
      }
    },
    {
      "type": "Feature",
      "properties": {
        "id": 7372692784,
        "kind": "poi",
        "crossing": "unmarked",
        "crossing:markings": "no",
        "highway": "crossing"
      },
      "geometry": {
        "type": "Point",
        "coordinates": [
          -80.2564251,
          25.7428192
        ]
      }
    },
    {
      "type": "Feature",
      "properties": {
        "id": 7372703818,
        "kind": "poi",
        "crossing": "uncontrolled",
        "crossing:markings": "lines",
        "highway": "crossing"
      },
      "geometry": {
        "type": "Point",
        "coordinates": [
          -80.2561055,
          25.7438362
        ]
      }
    },
    {
      "type": "Feature",
      "properties": {
        "id": 7372703820,
        "kind": "poi",
        "crossing": "uncontrolled",
        "crossing:markings": "lines",
        "highway": "crossing"
      },
      "geometry": {
        "type": "Point",
        "coordinates": [
          -80.2561014,
          25.7439511
        ]
      }
    },
    {
      "type": "Feature",
      "properties": {
        "id": 7372703845,
        "kind": "poi",
        "highway": "crossing"
      },
      "geometry": {
        "type": "Point",
        "coordinates": [
          -80.254404,
          25.7428949
        ]
      }
    },
    {
      "type": "Feature",
      "properties": {
        "id": 7372703858,
        "kind": "poi",
        "crossing": "uncontrolled",
        "crossing:markings": "lines",
        "highway": "crossing"
      },
      "geometry": {
        "type": "Point",
        "coordinates": [
          -80.2559771,
          25.7438525
        ]
      }
    },
    {
      "type": "Feature",
      "properties": {
        "id": 7372703865,
        "kind": "poi",
        "highway": "crossing"
      },
      "geometry": {
        "type": "Point",
        "coordinates": [
          -80.2544417,
          25.7438685
        ]
      }
    },
    {
      "type": "Feature",
      "properties": {
        "id": 7372703866,
        "kind": "poi",
        "crossing:continuous": "yes",
        "highway": "crossing"
      },
      "geometry": {
        "type": "Point",
        "coordinates": [
          -80.2551627,
          25.7441345
        ]
      }
    },
    {
      "type": "Feature",
      "properties": {
        "id": 7372703869,
        "kind": "poi",
        "crossing": "uncontrolled",
        "crossing:markings": "ladder",
        "highway": "crossing"
      },
      "geometry": {
        "type": "Point",
        "coordinates": [
          -80.2544733,
          25.7442424
        ]
      }
    },
    {
      "type": "Feature",
      "properties": {
        "id": 7372703870,
        "kind": "poi",
        "crossing:continuous": "yes",
        "highway": "crossing"
      },
      "geometry": {
        "type": "Point",
        "coordinates": [
          -80.2546734,
          25.744313
        ]
      }
    },
    {
      "type": "Feature",
      "properties": {
        "id": 7372703871,
        "kind": "poi",
        "crossing:continuous": "yes",
        "highway": "crossing"
      },
      "geometry": {
        "type": "Point",
        "coordinates": [
          -80.2547124,
          25.7443111
        ]
      }
    },
    {
      "type": "Feature",
      "properties": {
        "id": 7372703872,
        "kind": "poi",
        "crossing:continuous": "yes",
        "highway": "crossing"
      },
      "geometry": {
        "type": "Point",
        "coordinates": [
          -80.2548277,
          25.7443044
        ]
      }
    },
    {
      "type": "Feature",
      "properties": {
        "id": 7372703876,
        "kind": "poi",
        "crossing": "uncontrolled",
        "crossing:markings": "lines",
        "highway": "crossing"
      },
      "geometry": {
        "type": "Point",
        "coordinates": [
          -80.2559725,
          25.743969
        ]
      }
    },
    {
      "type": "Feature",
      "properties": {
        "id": 7373861857,
        "kind": "poi",
        "crossing": "uncontrolled",
        "crossing:markings": "ladder",
        "highway": "crossing"
      },
      "geometry": {
        "type": "Point",
        "coordinates": [
          -80.2567133,
          25.7444559
        ]
      }
    },
    {
      "type": "Feature",
      "properties": {
        "id": 7373861872,
        "kind": "poi",
        "crossing": "uncontrolled",
        "crossing:markings": "ladder",
        "highway": "crossing"
      },
      "geometry": {
        "type": "Point",
        "coordinates": [
          -80.2563881,
          25.7449182
        ]
      }
    },
    {
      "type": "Feature",
      "properties": {
        "id": 7373867585,
        "kind": "poi",
        "crossing:continuous": "yes",
        "highway": "crossing"
      },
      "geometry": {
        "type": "Point",
        "coordinates": [
          -80.2564341,
          25.7452912
        ]
      }
    },
    {
      "type": "Feature",
      "properties": {
        "id": 7373867590,
        "kind": "poi",
        "highway": "crossing"
      },
      "geometry": {
        "type": "Point",
        "coordinates": [
          -80.2548593,
          25.7449239
        ]
      }
    },
    {
      "type": "Feature",
      "properties": {
        "id": 7373867596,
        "kind": "poi",
        "highway": "crossing"
      },
      "geometry": {
        "type": "Point",
        "coordinates": [
          -80.2548594,
          25.7450757
        ]
      }
    },
    {
      "type": "Feature",
      "properties": {
        "id": 7373867597,
        "kind": "poi",
        "crossing": "uncontrolled",
        "crossing:markings": "ladder",
        "highway": "crossing"
      },
      "geometry": {
        "type": "Point",
        "coordinates": [
          -80.254495,
          25.7450161
        ]
      }
    },
    {
      "type": "Feature",
      "properties": {
        "id": 7373867633,
        "kind": "poi",
        "crossing:continuous": "yes",
        "highway": "crossing"
      },
      "geometry": {
        "type": "Point",
        "coordinates": [
          -80.2548933,
          25.7458453
        ]
      }
    },
    {
      "type": "Feature",
      "properties": {
        "id": 7373867634,
        "kind": "poi",
        "crossing:continuous": "yes",
        "highway": "crossing"
      },
      "geometry": {
        "type": "Point",
        "coordinates": [
          -80.2549206,
          25.746463
        ]
      }
    },
    {
      "type": "Feature",
      "properties": {
        "id": 7373867635,
        "kind": "poi",
        "highway": "crossing"
      },
      "geometry": {
        "type": "Point",
        "coordinates": [
          -80.2564669,
          25.7460647
        ]
      }
    },
    {
      "type": "Feature",
      "properties": {
        "id": 7373867660,
        "kind": "poi",
        "crossing:continuous": "yes",
        "highway": "crossing"
      },
      "geometry": {
        "type": "Point",
        "coordinates": [
          -80.2548909,
          25.7456938
        ]
      }
    },
    {
      "type": "Feature",
      "properties": {
        "id": 7373867661,
        "kind": "poi",
        "crossing": "uncontrolled",
        "crossing:markings": "ladder",
        "highway": "crossing"
      },
      "geometry": {
        "type": "Point",
        "coordinates": [
          -80.2545265,
          25.745791
        ]
      }
    },
    {
      "type": "Feature",
      "properties": {
        "id": 7373867663,
        "kind": "poi",
        "crossing": "uncontrolled",
        "crossing:markings": "ladder",
        "highway": "crossing"
      },
      "geometry": {
        "type": "Point",
        "coordinates": [
          -80.2545553,
          25.7465604
        ]
      }
    },
    {
      "type": "Feature",
      "properties": {
        "id": 7373867672,
        "kind": "poi",
        "crossing:continuous": "yes",
        "highway": "crossing"
      },
      "geometry": {
        "type": "Point",
        "coordinates": [
          -80.2549269,
          25.7466149
        ]
      }
    },
    {
      "type": "Feature",
      "properties": {
        "id": 7373867673,
        "kind": "poi",
        "crossing": "uncontrolled",
        "crossing:markings": "ladder",
        "highway": "crossing"
      },
      "geometry": {
        "type": "Point",
        "coordinates": [
          -80.2564505,
          25.7464383
        ]
      }
    },
    {
      "type": "Feature",
      "properties": {
        "id": 7373867678,
        "kind": "poi",
        "crossing": "uncontrolled",
        "crossing:markings": "ladder",
        "highway": "crossing"
      },
      "geometry": {
        "type": "Point",
        "coordinates": [
          -80.2564113,
          25.7456933
        ]
      }
    },
    {
      "type": "Feature",
      "properties": {
        "id": 7373867710,
        "kind": "poi",
        "crossing:continuous": "yes",
        "highway": "crossing"
      },
      "geometry": {
        "type": "Point",
        "coordinates": [
          -80.2549464,
          25.7472374
        ]
      }
    },
    {
      "type": "Feature",
      "properties": {
        "id": 7373867711,
        "kind": "poi",
        "crossing:continuous": "yes",
        "highway": "crossing"
      },
      "geometry": {
        "type": "Point",
        "coordinates": [
          -80.2550827,
          25.7472311
        ]
      }
    },
    {
      "type": "Feature",
      "properties": {
        "id": 7373867712,
        "kind": "poi",
        "highway": "crossing"
      },
      "geometry": {
        "type": "Point",
        "coordinates": [
          -80.2565028,
          25.7468412
        ]
      }
    },
    {
      "type": "Feature",
      "properties": {
        "id": 7373867716,
        "kind": "poi",
        "crossing": "uncontrolled",
        "crossing:markings": "lines",
        "highway": "crossing"
      },
      "geometry": {
        "type": "Point",
        "coordinates": [
          -80.2565168,
          25.7472252
        ]
      }
    },
    {
      "type": "Feature",
      "properties": {
        "id": 7373867717,
        "kind": "poi",
        "crossing": "uncontrolled",
        "crossing:markings": "lines",
        "highway": "crossing"
      },
      "geometry": {
        "type": "Point",
        "coordinates": [
          -80.2565962,
          25.7471424
        ]
      }
    },
    {
      "type": "Feature",
      "properties": {
        "id": 7373867718,
        "kind": "poi",
        "crossing": "uncontrolled",
        "crossing:markings": "lines",
        "highway": "crossing"
      },
      "geometry": {
        "type": "Point",
        "coordinates": [
          -80.2566024,
          25.7472871
        ]
      }
    },
    {
      "type": "Feature",
      "properties": {
        "id": 7373867719,
        "kind": "poi",
        "crossing": "uncontrolled",
        "crossing:markings": "lines",
        "highway": "crossing"
      },
      "geometry": {
        "type": "Point",
        "coordinates": [
          -80.2566846,
          25.7472139
        ]
      }
    },
    {
      "type": "Feature",
      "properties": {
        "id": 7373867729,
        "kind": "poi",
        "crossing:continuous": "yes",
        "highway": "crossing"
      },
      "geometry": {
        "type": "Point",
        "coordinates": [
          -80.2549638,
          25.7473792
        ]
      }
    },
    {
      "type": "Feature",
      "properties": {
        "id": 7373867730,
        "kind": "poi",
        "highway": "crossing"
      },
      "geometry": {
        "type": "Point",
        "coordinates": [
          -80.2559095,
          25.74733
        ]
      }
    },
    {
      "type": "Feature",
      "properties": {
        "id": 7373867731,
        "kind": "poi",
        "crossing": "traffic_signals",
        "crossing:markings": "lines",
        "highway": "crossing"
      },
      "geometry": {
        "type": "Point",
        "coordinates": [
          -80.254588,
          25.7473281
        ]
      }
    },
    {
      "type": "Feature",
      "properties": {
        "id": 7373867751,
        "kind": "poi",
        "highway": "crossing"
      },
      "geometry": {
        "type": "Point",
        "coordinates": [
          -80.2574305,
          25.7472412
        ]
      }
    },
    {
      "type": "Feature",
      "properties": {
        "id": 7373867752,
        "kind": "poi",
        "highway": "crossing"
      },
      "geometry": {
        "type": "Point",
        "coordinates": [
          -80.2580448,
          25.7472081
        ]
      }
    },
    {
      "type": "Feature",
      "properties": {
        "id": 7373867776,
        "kind": "poi",
        "crossing": "uncontrolled",
        "crossing:markings": "lines",
        "highway": "crossing"
      },
      "geometry": {
        "type": "Point",
        "coordinates": [
          -80.2543872,
          25.7420968
        ]
      }
    },
    {
      "type": "Feature",
      "properties": {
        "id": 7373867780,
        "kind": "poi",
        "crossing": "unmarked",
        "crossing:markings": "no",
        "highway": "crossing"
      },
      "geometry": {
        "type": "Point",
        "coordinates": [
          -80.2566734,
          25.7419986
        ]
      }
    },
    {
      "type": "Feature",
      "properties": {
        "id": 7373867788,
        "kind": "poi",
        "crossing": "unmarked",
        "crossing:markings": "no",
        "highway": "crossing"
      },
      "geometry": {
        "type": "Point",
        "coordinates": [
          -80.2567546,
          25.7419241
        ]
      }
    },
    {
      "type": "Feature",
      "properties": {
        "id": 7373867790,
        "kind": "poi",
        "crossing": "unmarked",
        "crossing:markings": "no",
        "highway": "crossing"
      },
      "geometry": {
        "type": "Point",
        "coordinates": [
          -80.2568399,
          25.7419914
        ]
      }
    },
    {
      "type": "Feature",
      "properties": {
        "id": 7373867793,
        "kind": "poi",
        "crossing": "unmarked",
        "crossing:markings": "no",
        "highway": "crossing"
      },
      "geometry": {
        "type": "Point",
        "coordinates": [
          -80.2566467,
          25.7412776
        ]
      }
    },
    {
      "type": "Feature",
      "properties": {
        "id": 7373867811,
        "kind": "poi",
        "crossing": "unmarked",
        "crossing:markings": "no",
        "highway": "crossing"
      },
      "geometry": {
        "type": "Point",
        "coordinates": [
          -80.2568438,
          25.7412669
        ]
      }
    },
    {
      "type": "Feature",
      "properties": {
        "id": 7373874971,
        "kind": "poi",
        "crossing": "uncontrolled",
        "crossing:markings": "lines",
        "highway": "crossing"
      },
      "geometry": {
        "type": "Point",
        "coordinates": [
          -80.2543567,
          25.7413868
        ]
      }
    },
    {
      "type": "Feature",
      "properties": {
        "id": 7373874973,
        "kind": "poi",
        "crossing": "unmarked",
        "crossing:markings": "no",
        "highway": "crossing"
      },
      "geometry": {
        "type": "Point",
        "coordinates": [
          -80.2566185,
          25.7405276
        ]
      }
    },
    {
      "type": "Feature",
      "properties": {
        "id": 7373931369,
        "kind": "poi",
        "crossing": "unmarked",
        "crossing:markings": "no",
        "highway": "crossing"
      },
      "geometry": {
        "type": "Point",
        "coordinates": [
          -80.2567857,
          25.7405317
        ]
      }
    },
    {
      "type": "Feature",
      "properties": {
        "id": 7373931379,
        "kind": "poi",
        "crossing": "uncontrolled",
        "crossing:markings": "lines",
        "highway": "crossing"
      },
      "geometry": {
        "type": "Point",
        "coordinates": [
          -80.25433,
          25.7406226
        ]
      }
    },
    {
      "type": "Feature",
      "properties": {
        "id": 7373931398,
        "kind": "poi",
        "crossing": "traffic_signals",
        "crossing:markings": "ladder",
        "highway": "crossing",
        "traffic_signals:countdown": "yes"
      },
      "geometry": {
        "type": "Point",
        "coordinates": [
          -80.2542047,
          25.742988
        ]
      }
    },
    {
      "type": "Feature",
      "properties": {
        "id": 7373931399,
        "kind": "poi",
        "crossing": "traffic_signals",
        "crossing:markings": "ladder",
        "highway": "crossing",
        "traffic_signals:countdown": "yes"
      },
      "geometry": {
        "type": "Point",
        "coordinates": [
          -80.254318,
          25.7430531
        ]
      }
    },
    {
      "type": "Feature",
      "properties": {
        "id": 7373931407,
        "kind": "poi",
        "crossing:continuous": "yes",
        "highway": "crossing"
      },
      "geometry": {
        "type": "Point",
        "coordinates": [
          -80.253919,
          25.7420853
        ]
      }
    },
    {
      "type": "Feature",
      "properties": {
        "id": 7373931409,
        "kind": "poi",
        "crossing": "uncontrolled",
        "crossing:markings": "lines",
        "highway": "crossing"
      },
      "geometry": {
        "type": "Point",
        "coordinates": [
          -80.2541647,
          25.7420158
        ]
      }
    },
    {
      "type": "Feature",
      "properties": {
        "id": 7373931418,
        "kind": "poi",
        "crossing": "uncontrolled",
        "crossing:markings": "lines",
        "highway": "crossing"
      },
      "geometry": {
        "type": "Point",
        "coordinates": [
          -80.2541375,
          25.7410906
        ]
      }
    },
    {
      "type": "Feature",
      "properties": {
        "id": 7373931422,
        "kind": "poi",
        "crossing:continuous": "yes",
        "highway": "crossing"
      },
      "geometry": {
        "type": "Point",
        "coordinates": [
          -80.2541227,
          25.7405624
        ]
      }
    },
    {
      "type": "Feature",
      "properties": {
        "id": 7376352086,
        "kind": "poi",
        "crossing": "uncontrolled",
        "crossing:markings": "lines",
        "highway": "crossing"
      },
      "geometry": {
        "type": "Point",
        "coordinates": [
          -80.2546187,
          25.7480899
        ]
      }
    },
    {
      "type": "Feature",
      "properties": {
        "id": 7376352087,
        "kind": "poi",
        "crossing:continuous": "yes",
        "highway": "crossing"
      },
      "geometry": {
        "type": "Point",
        "coordinates": [
          -80.2549949,
          25.7481506
        ]
      }
    },
    {
      "type": "Feature",
      "properties": {
        "id": 7376352093,
        "kind": "poi",
        "highway": "crossing"
      },
      "geometry": {
        "type": "Point",
        "coordinates": [
          -80.2550107,
          25.7488023
        ]
      }
    },
    {
      "type": "Feature",
      "properties": {
        "id": 7376352096,
        "kind": "poi",
        "crossing": "traffic_signals",
        "crossing:island": "no",
        "crossing:markings": "lines",
        "highway": "crossing",
        "tactile_paving": "yes"
      },
      "geometry": {
        "type": "Point",
        "coordinates": [
          -80.2545381,
          25.7488138
        ]
      }
    },
    {
      "type": "Feature",
      "properties": {
        "id": 7376352097,
        "kind": "poi",
        "crossing": "traffic_signals",
        "crossing:markings": "lines",
        "highway": "crossing",
        "tactile_paving": "yes"
      },
      "geometry": {
        "type": "Point",
        "coordinates": [
          -80.2546515,
          25.7489157
        ]
      }
    },
    {
      "type": "Feature",
      "properties": {
        "id": 7376352100,
        "kind": "poi",
        "crossing": "traffic_signals",
        "crossing:island": "yes",
        "crossing:markings": "lines",
        "highway": "crossing",
        "tactile_paving": "yes"
      },
      "geometry": {
        "type": "Point",
        "coordinates": [
          -80.2544321,
          25.7489591
        ]
      }
    },
    {
      "type": "Feature",
      "properties": {
        "id": 7376352190,
        "kind": "poi",
        "crossing": "traffic_signals",
        "crossing:markings": "lines",
        "highway": "crossing",
        "traffic_signals:countdown": "yes"
      },
      "geometry": {
        "type": "Point",
        "coordinates": [
          -80.2520298,
          25.7500882
        ]
      }
    },
    {
      "type": "Feature",
      "properties": {
        "id": 7376352194,
        "kind": "poi",
        "crossing": "traffic_signals",
        "crossing:markings": "lines",
        "highway": "crossing",
        "traffic_signals:countdown": "yes"
      },
      "geometry": {
        "type": "Point",
        "coordinates": [
          -80.25209,
          25.7500874
        ]
      }
    },
    {
      "type": "Feature",
      "properties": {
        "id": 7376352207,
        "kind": "poi",
        "highway": "crossing"
      },
      "geometry": {
        "type": "Point",
        "coordinates": [
          -80.2540243,
          25.7490417
        ]
      }
    },
    {
      "type": "Feature",
      "properties": {
        "id": 7376352208,
        "kind": "poi",
        "highway": "crossing"
      },
      "geometry": {
        "type": "Point",
        "coordinates": [
          -80.2542018,
          25.7497591
        ]
      }
    },
    {
      "type": "Feature",
      "properties": {
        "id": 7376352209,
        "kind": "poi",
        "crossing:markings": "no",
        "highway": "crossing",
        "tactile_paving": "no"
      },
      "geometry": {
        "type": "Point",
        "coordinates": [
          -80.2544559,
          25.7494183
        ]
      }
    },
    {
      "type": "Feature",
      "properties": {
        "id": 7376352223,
        "kind": "poi",
        "crossing": "traffic_signals",
        "crossing:markings": "ladder",
        "crossing:signals": "yes",
        "crossing:signed": "yes",
        "highway": "crossing",
        "traffic_signals:countdown": "yes"
      },
      "geometry": {
        "type": "Point",
        "coordinates": [
          -80.2496673,
          25.7500834
        ]
      }
    },
    {
      "type": "Feature",
      "properties": {
        "id": 7376352224,
        "kind": "poi",
        "crossing": "traffic_signals",
        "crossing:markings": "ladder",
        "crossing:signals": "yes",
        "crossing:signed": "yes",
        "highway": "crossing",
        "traffic_signals:countdown": "yes"
      },
      "geometry": {
        "type": "Point",
        "coordinates": [
          -80.2496754,
          25.7499493
        ]
      }
    },
    {
      "type": "Feature",
      "properties": {
        "id": 7376352297,
        "kind": "poi",
        "crossing": "uncontrolled",
        "crossing:markings": "ladder",
        "crossing:signals": "no",
        "crossing:signed": "yes",
        "crossing_ref": "rrfb",
        "flashing_lights": "button",
        "highway": "crossing"
      },
      "geometry": {
        "type": "Point",
        "coordinates": [
          -80.2475985,
          25.7501427
        ]
      }
    },
    {
      "type": "Feature",
      "properties": {
        "id": 7376352298,
        "kind": "poi",
        "crossing": "uncontrolled",
        "crossing:markings": "ladder",
        "crossing:signals": "no",
        "crossing:signed": "yes",
        "crossing_ref": "rrfb",
        "flashing_lights": "button",
        "highway": "crossing"
      },
      "geometry": {
        "type": "Point",
        "coordinates": [
          -80.2475936,
          25.7500173
        ]
      }
    },
    {
      "type": "Feature",
      "properties": {
        "id": 7376352350,
        "kind": "poi",
        "crossing": "uncontrolled",
        "crossing:markings": "ladder",
        "crossing:signed": "yes",
        "crossing_ref": "rrfb",
        "flashing_lights": "button",
        "highway": "crossing"
      },
      "geometry": {
        "type": "Point",
        "coordinates": [
          -80.2428549,
          25.7502675
        ]
      }
    },
    {
      "type": "Feature",
      "properties": {
        "id": 7376352352,
        "kind": "poi",
        "crossing": "uncontrolled",
        "crossing:markings": "ladder",
        "crossing:signed": "yes",
        "crossing_ref": "rrfb",
        "flashing_lights": "button",
        "highway": "crossing"
      },
      "geometry": {
        "type": "Point",
        "coordinates": [
          -80.2428485,
          25.7501506
        ]
      }
    },
    {
      "type": "Feature",
      "properties": {
        "id": 7376352368,
        "kind": "poi",
        "crossing": "uncontrolled",
        "crossing:markings": "ladder",
        "crossing:signed": "yes",
        "crossing_ref": "rrfb",
        "flashing_lights": "button",
        "highway": "crossing"
      },
      "geometry": {
        "type": "Point",
        "coordinates": [
          -80.2402143,
          25.7503441
        ]
      }
    },
    {
      "type": "Feature",
      "properties": {
        "id": 7376352370,
        "kind": "poi",
        "crossing": "uncontrolled",
        "crossing:markings": "ladder",
        "crossing:signed": "yes",
        "crossing_ref": "rrfb",
        "flashing_lights": "button",
        "highway": "crossing"
      },
      "geometry": {
        "type": "Point",
        "coordinates": [
          -80.2402076,
          25.7502247
        ]
      }
    },
    {
      "type": "Feature",
      "properties": {
        "id": 7376352527,
        "kind": "poi",
        "crossing": "uncontrolled",
        "crossing:markings": "ladder",
        "crossing:signed": "yes",
        "highway": "crossing"
      },
      "geometry": {
        "type": "Point",
        "coordinates": [
          -80.2515413,
          25.7521348
        ]
      }
    },
    {
      "type": "Feature",
      "properties": {
        "id": 7376352552,
        "kind": "poi",
        "crossing": "uncontrolled",
        "crossing:markings": "ladder",
        "crossing:signed": "yes",
        "highway": "crossing"
      },
      "geometry": {
        "type": "Point",
        "coordinates": [
          -80.251772,
          25.7520705
        ]
      }
    },
    {
      "type": "Feature",
      "properties": {
        "id": 7376352553,
        "kind": "poi",
        "crossing": "uncontrolled",
        "crossing:markings": "ladder",
        "crossing:signed": "yes",
        "highway": "crossing"
      },
      "geometry": {
        "type": "Point",
        "coordinates": [
          -80.2518052,
          25.7520913
        ]
      }
    },
    {
      "type": "Feature",
      "properties": {
        "id": 7376352556,
        "kind": "poi",
        "crossing": "uncontrolled",
        "crossing:markings": "ladder",
        "crossing:signed": "yes",
        "highway": "crossing"
      },
      "geometry": {
        "type": "Point",
        "coordinates": [
          -80.2515625,
          25.7520908
        ]
      }
    },
    {
      "type": "Feature",
      "properties": {
        "id": 7376352734,
        "kind": "poi",
        "crossing:continuous": "yes",
        "highway": "crossing"
      },
      "geometry": {
        "type": "Point",
        "coordinates": [
          -80.2544927,
          25.7502412
        ]
      }
    },
    {
      "type": "Feature",
      "properties": {
        "id": 7376352735,
        "kind": "poi",
        "highway": "crossing"
      },
      "geometry": {
        "type": "Point",
        "coordinates": [
          -80.2545177,
          25.7509284
        ]
      }
    },
    {
      "type": "Feature",
      "properties": {
        "id": 7376629364,
        "kind": "poi",
        "crossing": "uncontrolled",
        "crossing:markings": "lines",
        "highway": "crossing"
      },
      "geometry": {
        "type": "Point",
        "coordinates": [
          -80.2547752,
          25.7515756
        ]
      }
    },
    {
      "type": "Feature",
      "properties": {
        "id": 7424100723,
        "kind": "poi",
        "crossing": "uncontrolled",
        "crossing:markings": "ladder",
        "highway": "crossing"
      },
      "geometry": {
        "type": "Point",
        "coordinates": [
          -80.1934003,
          25.7680267
        ]
      }
    },
    {
      "type": "Feature",
      "properties": {
        "id": 7424201405,
        "kind": "poi",
        "crossing": "traffic_signals",
        "crossing:markings": "ladder",
        "crossing:signals": "yes",
        "highway": "crossing"
      },
      "geometry": {
        "type": "Point",
        "coordinates": [
          -80.1989445,
          25.7617485
        ]
      }
    },
    {
      "type": "Feature",
      "properties": {
        "id": 7424201431,
        "kind": "poi",
        "crossing": "uncontrolled",
        "crossing:markings": "ladder",
        "highway": "crossing"
      },
      "geometry": {
        "type": "Point",
        "coordinates": [
          -80.1990193,
          25.7642625
        ]
      }
    },
    {
      "type": "Feature",
      "properties": {
        "id": 7428219084,
        "kind": "poi",
        "highway": "crossing"
      },
      "geometry": {
        "type": "Point",
        "coordinates": [
          -80.2627209,
          25.7470507
        ]
      }
    },
    {
      "type": "Feature",
      "properties": {
        "id": 7432418060,
        "kind": "poi",
        "highway": "crossing"
      },
      "geometry": {
        "type": "Point",
        "coordinates": [
          -80.2585237,
          25.7629917
        ]
      }
    },
    {
      "type": "Feature",
      "properties": {
        "id": 7468271190,
        "kind": "poi",
        "crossing": "uncontrolled",
        "crossing:markings": "lines",
        "highway": "crossing",
        "tactile_paving": "yes"
      },
      "geometry": {
        "type": "Point",
        "coordinates": [
          -80.2232897,
          25.7730392
        ]
      }
    },
    {
      "type": "Feature",
      "properties": {
        "id": 7468271199,
        "kind": "poi",
        "crossing": "traffic_signals",
        "crossing:markings": "ladder",
        "highway": "crossing"
      },
      "geometry": {
        "type": "Point",
        "coordinates": [
          -80.2044745,
          25.7738394
        ]
      }
    },
    {
      "type": "Feature",
      "properties": {
        "id": 7468343044,
        "kind": "poi",
        "crossing": "uncontrolled",
        "crossing:markings": "lines",
        "highway": "crossing",
        "tactile_paving": "yes"
      },
      "geometry": {
        "type": "Point",
        "coordinates": [
          -80.2307268,
          25.772673
        ]
      }
    },
    {
      "type": "Feature",
      "properties": {
        "id": 7481911131,
        "kind": "poi",
        "crossing": "uncontrolled",
        "crossing:markings": "lines",
        "crossing:signals": "no",
        "highway": "crossing"
      },
      "geometry": {
        "type": "Point",
        "coordinates": [
          -80.2163045,
          25.7519295
        ]
      }
    },
    {
      "type": "Feature",
      "properties": {
        "id": 7481911133,
        "kind": "poi",
        "crossing": "uncontrolled",
        "crossing:markings": "lines",
        "crossing:signals": "no",
        "highway": "crossing"
      },
      "geometry": {
        "type": "Point",
        "coordinates": [
          -80.2161546,
          25.7519294
        ]
      }
    },
    {
      "type": "Feature",
      "properties": {
        "id": 7481911134,
        "kind": "poi",
        "crossing": "uncontrolled",
        "crossing:markings": "lines",
        "crossing:signals": "no",
        "highway": "crossing"
      },
      "geometry": {
        "type": "Point",
        "coordinates": [
          -80.2161599,
          25.7526975
        ]
      }
    },
    {
      "type": "Feature",
      "properties": {
        "id": 7481911136,
        "kind": "poi",
        "crossing": "uncontrolled",
        "crossing:markings": "lines",
        "crossing:signals": "no",
        "highway": "crossing"
      },
      "geometry": {
        "type": "Point",
        "coordinates": [
          -80.216312,
          25.7526915
        ]
      }
    },
    {
      "type": "Feature",
      "properties": {
        "id": 7481911137,
        "kind": "poi",
        "crossing": "traffic_signals",
        "crossing:markings": "ladder",
        "highway": "crossing"
      },
      "geometry": {
        "type": "Point",
        "coordinates": [
          -80.2161723,
          25.7542132
        ]
      }
    },
    {
      "type": "Feature",
      "properties": {
        "id": 7481911139,
        "kind": "poi",
        "crossing": "traffic_signals",
        "crossing:markings": "ladder",
        "highway": "crossing"
      },
      "geometry": {
        "type": "Point",
        "coordinates": [
          -80.216321,
          25.7542147
        ]
      }
    },
    {
      "type": "Feature",
      "properties": {
        "id": 7481911140,
        "kind": "poi",
        "crossing": "uncontrolled",
        "crossing:markings": "lines",
        "highway": "crossing"
      },
      "geometry": {
        "type": "Point",
        "coordinates": [
          -80.2161884,
          25.7559149
        ]
      }
    },
    {
      "type": "Feature",
      "properties": {
        "id": 7481911142,
        "kind": "poi",
        "crossing": "uncontrolled",
        "crossing:markings": "lines",
        "highway": "crossing"
      },
      "geometry": {
        "type": "Point",
        "coordinates": [
          -80.2163256,
          25.755915
        ]
      }
    },
    {
      "type": "Feature",
      "properties": {
        "id": 7481911143,
        "kind": "poi",
        "crossing": "uncontrolled",
        "crossing:markings": "lines",
        "highway": "crossing"
      },
      "geometry": {
        "type": "Point",
        "coordinates": [
          -80.2161913,
          25.7567853
        ]
      }
    },
    {
      "type": "Feature",
      "properties": {
        "id": 7481911145,
        "kind": "poi",
        "crossing": "uncontrolled",
        "crossing:markings": "lines",
        "highway": "crossing"
      },
      "geometry": {
        "type": "Point",
        "coordinates": [
          -80.2163342,
          25.7567847
        ]
      }
    },
    {
      "type": "Feature",
      "properties": {
        "id": 7481911146,
        "kind": "poi",
        "crossing": "unmarked",
        "crossing:markings": "no",
        "highway": "crossing"
      },
      "geometry": {
        "type": "Point",
        "coordinates": [
          -80.2163457,
          25.7580511
        ]
      }
    },
    {
      "type": "Feature",
      "properties": {
        "id": 7481911147,
        "kind": "poi",
        "crossing": "uncontrolled",
        "crossing:markings": "lines",
        "highway": "crossing"
      },
      "geometry": {
        "type": "Point",
        "coordinates": [
          -80.2163555,
          25.7594348
        ]
      }
    },
    {
      "type": "Feature",
      "properties": {
        "id": 7481911149,
        "kind": "poi",
        "crossing": "uncontrolled",
        "crossing:markings": "lines",
        "highway": "crossing"
      },
      "geometry": {
        "type": "Point",
        "coordinates": [
          -80.2162058,
          25.7594353
        ]
      }
    },
    {
      "type": "Feature",
      "properties": {
        "id": 7481911150,
        "kind": "poi",
        "crossing": "uncontrolled",
        "crossing:markings": "lines",
        "highway": "crossing"
      },
      "geometry": {
        "type": "Point",
        "coordinates": [
          -80.2163589,
          25.7603412
        ]
      }
    },
    {
      "type": "Feature",
      "properties": {
        "id": 7481911151,
        "kind": "poi",
        "crossing": "uncontrolled",
        "crossing:markings": "lines",
        "highway": "crossing"
      },
      "geometry": {
        "type": "Point",
        "coordinates": [
          -80.2162158,
          25.7603408
        ]
      }
    },
    {
      "type": "Feature",
      "properties": {
        "id": 7481911152,
        "kind": "poi",
        "crossing": "uncontrolled",
        "crossing:markings": "lines",
        "highway": "crossing"
      },
      "geometry": {
        "type": "Point",
        "coordinates": [
          -80.2162452,
          25.7615143
        ]
      }
    },
    {
      "type": "Feature",
      "properties": {
        "id": 7481911153,
        "kind": "poi",
        "crossing": "uncontrolled",
        "crossing:markings": "lines",
        "highway": "crossing"
      },
      "geometry": {
        "type": "Point",
        "coordinates": [
          -80.21639,
          25.7615148
        ]
      }
    },
    {
      "type": "Feature",
      "properties": {
        "id": 7481911155,
        "kind": "poi",
        "crossing": "uncontrolled",
        "crossing:island": "no",
        "crossing:markings": "lines",
        "crossing:signals": "no",
        "highway": "crossing"
      },
      "geometry": {
        "type": "Point",
        "coordinates": [
          -80.216436,
          25.7628229
        ]
      }
    },
    {
      "type": "Feature",
      "properties": {
        "id": 7481911158,
        "kind": "poi",
        "crossing": "uncontrolled",
        "crossing:island": "no",
        "crossing:markings": "ladder",
        "crossing:signals": "no",
        "highway": "crossing"
      },
      "geometry": {
        "type": "Point",
        "coordinates": [
          -80.2163188,
          25.7637559
        ]
      }
    },
    {
      "type": "Feature",
      "properties": {
        "id": 7481911160,
        "kind": "poi",
        "crossing": "uncontrolled",
        "crossing:island": "no",
        "crossing:markings": "lines",
        "crossing:signals": "no",
        "highway": "crossing"
      },
      "geometry": {
        "type": "Point",
        "coordinates": [
          -80.2164698,
          25.7637589
        ]
      }
    },
    {
      "type": "Feature",
      "properties": {
        "id": 7481911163,
        "kind": "poi",
        "crossing": "unmarked",
        "crossing:markings": "no",
        "highway": "crossing"
      },
      "geometry": {
        "type": "Point",
        "coordinates": [
          -80.2165366,
          25.7651149
        ]
      }
    },
    {
      "type": "Feature",
      "properties": {
        "id": 7481911169,
        "kind": "poi",
        "crossing": "unmarked",
        "crossing:markings": "no",
        "highway": "crossing"
      },
      "geometry": {
        "type": "Point",
        "coordinates": [
          -80.2163526,
          25.7631382
        ]
      }
    },
    {
      "type": "Feature",
      "properties": {
        "id": 7481911170,
        "kind": "poi",
        "crossing": "unmarked",
        "crossing:markings": "no",
        "highway": "crossing"
      },
      "geometry": {
        "type": "Point",
        "coordinates": [
          -80.2162785,
          25.7600235
        ]
      }
    },
    {
      "type": "Feature",
      "properties": {
        "id": 7481911171,
        "kind": "poi",
        "crossing": "unmarked",
        "crossing:markings": "no",
        "highway": "crossing"
      },
      "geometry": {
        "type": "Point",
        "coordinates": [
          -80.2162543,
          25.7569594
        ]
      }
    },
    {
      "type": "Feature",
      "properties": {
        "id": 7481911172,
        "kind": "poi",
        "crossing": "unmarked",
        "crossing:markings": "no",
        "highway": "crossing"
      },
      "geometry": {
        "type": "Point",
        "coordinates": [
          -80.216249,
          25.7560944
        ]
      }
    },
    {
      "type": "Feature",
      "properties": {
        "id": 7481911173,
        "kind": "poi",
        "crossing": "unmarked",
        "crossing:markings": "no",
        "highway": "crossing"
      },
      "geometry": {
        "type": "Point",
        "coordinates": [
          -80.21625,
          25.7553712
        ]
      }
    },
    {
      "type": "Feature",
      "properties": {
        "id": 7481918988,
        "kind": "poi",
        "crossing": "unmarked",
        "crossing:island": "no",
        "crossing:markings": "no",
        "crossing:signals": "no",
        "highway": "crossing"
      },
      "geometry": {
        "type": "Point",
        "coordinates": [
          -80.2164158,
          25.7642903
        ]
      }
    },
    {
      "type": "Feature",
      "properties": {
        "id": 7481919024,
        "kind": "poi",
        "crossing": "unmarked",
        "crossing:markings": "no",
        "highway": "crossing"
      },
      "geometry": {
        "type": "Point",
        "coordinates": [
          -80.2163173,
          25.7619834
        ]
      }
    },
    {
      "type": "Feature",
      "properties": {
        "id": 7481919041,
        "kind": "poi",
        "crossing": "unmarked",
        "crossing:markings": "no",
        "highway": "crossing"
      },
      "geometry": {
        "type": "Point",
        "coordinates": [
          -80.2162936,
          25.7608279
        ]
      }
    },
    {
      "type": "Feature",
      "properties": {
        "id": 7481919070,
        "kind": "poi",
        "crossing": "unmarked",
        "crossing:markings": "no",
        "highway": "crossing"
      },
      "geometry": {
        "type": "Point",
        "coordinates": [
          -80.2162825,
          25.7592488
        ]
      }
    },
    {
      "type": "Feature",
      "properties": {
        "id": 7481919084,
        "kind": "poi",
        "crossing": "unmarked",
        "crossing:markings": "no",
        "highway": "crossing"
      },
      "geometry": {
        "type": "Point",
        "coordinates": [
          -80.216271,
          25.7584798
        ]
      }
    },
    {
      "type": "Feature",
      "properties": {
        "id": 7481919091,
        "kind": "poi",
        "crossing": "unmarked",
        "crossing:markings": "no",
        "highway": "crossing"
      },
      "geometry": {
        "type": "Point",
        "coordinates": [
          -80.2162617,
          25.7577013
        ]
      }
    },
    {
      "type": "Feature",
      "properties": {
        "id": 7481919138,
        "kind": "poi",
        "crossing": "unmarked",
        "crossing:markings": "no",
        "highway": "crossing"
      },
      "geometry": {
        "type": "Point",
        "coordinates": [
          -80.2162289,
          25.7546477
        ]
      }
    },
    {
      "type": "Feature",
      "properties": {
        "id": 7490887696,
        "kind": "poi",
        "crossing": "traffic_signals",
        "crossing:markings": "ladder",
        "crossing:signals": "yes",
        "highway": "crossing"
      },
      "geometry": {
        "type": "Point",
        "coordinates": [
          -80.1900487,
          25.771797
        ]
      }
    },
    {
      "type": "Feature",
      "properties": {
        "id": 7505801756,
        "kind": "poi",
        "crossing": "uncontrolled",
        "crossing:markings": "ladder",
        "highway": "crossing"
      },
      "geometry": {
        "type": "Point",
        "coordinates": [
          -80.256882,
          25.7446012
        ]
      }
    },
    {
      "type": "Feature",
      "properties": {
        "id": 7505801759,
        "kind": "poi",
        "highway": "crossing"
      },
      "geometry": {
        "type": "Point",
        "coordinates": [
          -80.2576005,
          25.7470963
        ]
      }
    },
    {
      "type": "Feature",
      "properties": {
        "id": 7505801770,
        "kind": "poi",
        "highway": "crossing"
      },
      "geometry": {
        "type": "Point",
        "coordinates": [
          -80.2572646,
          25.7471137
        ]
      }
    },
    {
      "type": "Feature",
      "properties": {
        "id": 7507020291,
        "kind": "poi",
        "highway": "crossing"
      },
      "geometry": {
        "type": "Point",
        "coordinates": [
          -80.252081,
          25.7621945
        ]
      }
    },
    {
      "type": "Feature",
      "properties": {
        "id": 7507020294,
        "kind": "poi",
        "highway": "crossing"
      },
      "geometry": {
        "type": "Point",
        "coordinates": [
          -80.2530118,
          25.7621671
        ]
      }
    },
    {
      "type": "Feature",
      "properties": {
        "id": 7509086472,
        "kind": "poi",
        "highway": "crossing"
      },
      "geometry": {
        "type": "Point",
        "coordinates": [
          -80.1873932,
          25.7890687
        ]
      }
    },
    {
      "type": "Feature",
      "properties": {
        "id": 7509351164,
        "kind": "poi",
        "crossing": "unmarked",
        "crossing:markings": "no",
        "highway": "crossing"
      },
      "geometry": {
        "type": "Point",
        "coordinates": [
          -80.2751053,
          25.8172336
        ]
      }
    },
    {
      "type": "Feature",
      "properties": {
        "id": 7509400258,
        "kind": "poi",
        "crossing": "unmarked",
        "crossing:markings": "no",
        "highway": "crossing"
      },
      "geometry": {
        "type": "Point",
        "coordinates": [
          -80.2034743,
          25.8061651
        ]
      }
    },
    {
      "type": "Feature",
      "properties": {
        "id": 7509524829,
        "kind": "poi",
        "crossing": "uncontrolled",
        "crossing:markings": "yes",
        "highway": "crossing"
      },
      "geometry": {
        "type": "Point",
        "coordinates": [
          -80.2120451,
          25.7500244
        ]
      }
    },
    {
      "type": "Feature",
      "properties": {
        "id": 7509586618,
        "kind": "poi",
        "highway": "crossing"
      },
      "geometry": {
        "type": "Point",
        "coordinates": [
          -80.2667639,
          25.7497353
        ]
      }
    },
    {
      "type": "Feature",
      "properties": {
        "id": 7509586626,
        "kind": "poi",
        "highway": "crossing"
      },
      "geometry": {
        "type": "Point",
        "coordinates": [
          -80.2664214,
          25.7494003
        ]
      }
    },
    {
      "type": "Feature",
      "properties": {
        "id": 7530605436,
        "kind": "poi",
        "crossing": "uncontrolled",
        "crossing:markings": "ladder",
        "crossing:signed": "yes",
        "highway": "crossing"
      },
      "geometry": {
        "type": "Point",
        "coordinates": [
          -80.2769383,
          25.7415363
        ]
      }
    },
    {
      "type": "Feature",
      "properties": {
        "id": 7535824760,
        "kind": "poi",
        "highway": "crossing"
      },
      "geometry": {
        "type": "Point",
        "coordinates": [
          -80.2512441,
          25.7647138
        ]
      }
    },
    {
      "type": "Feature",
      "properties": {
        "id": 7535824764,
        "kind": "poi",
        "highway": "crossing"
      },
      "geometry": {
        "type": "Point",
        "coordinates": [
          -80.251106,
          25.764335
        ]
      }
    },
    {
      "type": "Feature",
      "properties": {
        "id": 7539493147,
        "kind": "poi",
        "highway": "crossing"
      },
      "geometry": {
        "type": "Point",
        "coordinates": [
          -80.2628416,
          25.7421635
        ]
      }
    },
    {
      "type": "Feature",
      "properties": {
        "id": 7539493149,
        "kind": "poi",
        "highway": "crossing"
      },
      "geometry": {
        "type": "Point",
        "coordinates": [
          -80.2625277,
          25.7424491
        ]
      }
    },
    {
      "type": "Feature",
      "properties": {
        "id": 7539493152,
        "kind": "poi",
        "highway": "crossing"
      },
      "geometry": {
        "type": "Point",
        "coordinates": [
          -80.2624862,
          25.7414513
        ]
      }
    },
    {
      "type": "Feature",
      "properties": {
        "id": 7542905020,
        "kind": "poi",
        "crossing": "uncontrolled",
        "crossing:markings": "ladder",
        "highway": "crossing"
      },
      "geometry": {
        "type": "Point",
        "coordinates": [
          -80.1956692,
          25.7645207
        ]
      }
    },
    {
      "type": "Feature",
      "properties": {
        "id": 7542905021,
        "kind": "poi",
        "crossing": "uncontrolled",
        "crossing:markings": "ladder",
        "highway": "crossing"
      },
      "geometry": {
        "type": "Point",
        "coordinates": [
          -80.1955936,
          25.7645889
        ]
      }
    },
    {
      "type": "Feature",
      "properties": {
        "id": 7542905022,
        "kind": "poi",
        "crossing": "uncontrolled",
        "crossing:markings": "ladder",
        "highway": "crossing",
        "tactile_paving": "yes"
      },
      "geometry": {
        "type": "Point",
        "coordinates": [
          -80.195244,
          25.7645452
        ]
      }
    },
    {
      "type": "Feature",
      "properties": {
        "id": 7550051270,
        "kind": "poi",
        "bicycle": "yes",
        "crossing": "traffic_signals",
        "crossing:markings": "ladder",
        "highway": "crossing"
      },
      "geometry": {
        "type": "Point",
        "coordinates": [
          -80.1956517,
          25.7663435
        ]
      }
    },
    {
      "type": "Feature",
      "properties": {
        "id": 7550051273,
        "kind": "poi",
        "bicycle": "yes",
        "crossing": "traffic_signals",
        "crossing:markings": "ladder",
        "highway": "crossing"
      },
      "geometry": {
        "type": "Point",
        "coordinates": [
          -80.1957061,
          25.7673083
        ]
      }
    },
    {
      "type": "Feature",
      "properties": {
        "id": 7550051279,
        "kind": "poi",
        "crossing": "uncontrolled",
        "crossing:markings": "lines",
        "highway": "crossing"
      },
      "geometry": {
        "type": "Point",
        "coordinates": [
          -80.2051914,
          25.7537193
        ]
      }
    },
    {
      "type": "Feature",
      "properties": {
        "id": 7564366507,
        "kind": "poi",
        "amenity": "drinking_water"
      },
      "geometry": {
        "type": "Point",
        "coordinates": [
          -80.1932497,
          25.7457673
        ]
      }
    },
    {
      "type": "Feature",
      "properties": {
        "id": 7588246761,
        "kind": "poi",
        "crossing": "uncontrolled",
        "crossing:markings": "zebra",
        "highway": "crossing"
      },
      "geometry": {
        "type": "Point",
        "coordinates": [
          -80.2748924,
          25.7526818
        ]
      }
    },
    {
      "type": "Feature",
      "properties": {
        "id": 7589040664,
        "kind": "poi",
        "crossing:continuous": "yes",
        "highway": "crossing"
      },
      "geometry": {
        "type": "Point",
        "coordinates": [
          -80.2547763,
          25.7420181
        ]
      }
    },
    {
      "type": "Feature",
      "properties": {
        "id": 7590851193,
        "kind": "poi",
        "highway": "crossing"
      },
      "geometry": {
        "type": "Point",
        "coordinates": [
          -80.2136484,
          25.7745937
        ]
      }
    },
    {
      "type": "Feature",
      "properties": {
        "id": 7593899416,
        "kind": "poi",
        "crossing": "unmarked",
        "crossing:markings": "no",
        "highway": "crossing"
      },
      "geometry": {
        "type": "Point",
        "coordinates": [
          -80.2543897,
          25.7712766
        ]
      }
    },
    {
      "type": "Feature",
      "properties": {
        "id": 7593911266,
        "kind": "poi",
        "highway": "crossing"
      },
      "geometry": {
        "type": "Point",
        "coordinates": [
          -80.2641173,
          25.7493768
        ]
      }
    },
    {
      "type": "Feature",
      "properties": {
        "id": 7594897100,
        "kind": "poi",
        "crossing": "unmarked",
        "crossing:markings": "no",
        "highway": "crossing"
      },
      "geometry": {
        "type": "Point",
        "coordinates": [
          -80.2057289,
          25.7781344
        ]
      }
    },
    {
      "type": "Feature",
      "properties": {
        "id": 7612979938,
        "kind": "poi",
        "crossing": "uncontrolled",
        "crossing:markings": "lines",
        "highway": "crossing"
      },
      "geometry": {
        "type": "Point",
        "coordinates": [
          -80.2590606,
          25.7716831
        ]
      }
    },
    {
      "type": "Feature",
      "properties": {
        "id": 7612979940,
        "kind": "poi",
        "crossing": "uncontrolled",
        "crossing:markings": "lines",
        "highway": "crossing"
      },
      "geometry": {
        "type": "Point",
        "coordinates": [
          -80.2588895,
          25.7716859
        ]
      }
    },
    {
      "type": "Feature",
      "properties": {
        "id": 7633895504,
        "kind": "poi",
        "highway": "crossing"
      },
      "geometry": {
        "type": "Point",
        "coordinates": [
          -80.2642046,
          25.7495459
        ]
      }
    },
    {
      "type": "Feature",
      "properties": {
        "id": 7638938777,
        "kind": "poi",
        "highway": "crossing"
      },
      "geometry": {
        "type": "Point",
        "coordinates": [
          -80.1961895,
          25.7600513
        ]
      }
    },
    {
      "type": "Feature",
      "properties": {
        "id": 7638995367,
        "kind": "poi",
        "crossing": "uncontrolled",
        "crossing:markings": "ladder",
        "crossing:signals": "no",
        "highway": "crossing"
      },
      "geometry": {
        "type": "Point",
        "coordinates": [
          -80.1984348,
          25.7613456
        ]
      }
    },
    {
      "type": "Feature",
      "properties": {
        "id": 7638995368,
        "kind": "poi",
        "crossing": "uncontrolled",
        "crossing:markings": "lines",
        "crossing:signals": "no",
        "highway": "crossing"
      },
      "geometry": {
        "type": "Point",
        "coordinates": [
          -80.1987342,
          25.7613016
        ]
      }
    },
    {
      "type": "Feature",
      "properties": {
        "id": 7638995371,
        "kind": "poi",
        "crossing": "traffic_signals",
        "crossing:markings": "ladder",
        "crossing:signals": "yes",
        "highway": "crossing"
      },
      "geometry": {
        "type": "Point",
        "coordinates": [
          -80.1995404,
          25.761456
        ]
      }
    },
    {
      "type": "Feature",
      "properties": {
        "id": 7638995382,
        "kind": "poi",
        "crossing": "uncontrolled",
        "crossing:markings": "zebra",
        "crossing:signals": "no",
        "highway": "crossing"
      },
      "geometry": {
        "type": "Point",
        "coordinates": [
          -80.1942985,
          25.7588728
        ]
      }
    },
    {
      "type": "Feature",
      "properties": {
        "id": 7638995384,
        "kind": "poi",
        "crossing": "uncontrolled",
        "crossing:markings": "zebra",
        "crossing:signals": "no",
        "highway": "crossing"
      },
      "geometry": {
        "type": "Point",
        "coordinates": [
          -80.1943834,
          25.7588106
        ]
      }
    },
    {
      "type": "Feature",
      "properties": {
        "id": 7638998389,
        "kind": "poi",
        "crossing": "uncontrolled",
        "crossing:markings": "zebra",
        "crossing:signals": "no",
        "highway": "crossing",
        "tactile_paving": "yes"
      },
      "geometry": {
        "type": "Point",
        "coordinates": [
          -80.1938948,
          25.7586176
        ]
      }
    },
    {
      "type": "Feature",
      "properties": {
        "id": 7638998390,
        "kind": "poi",
        "crossing": "uncontrolled",
        "crossing:markings": "zebra",
        "crossing:signals": "no",
        "highway": "crossing",
        "tactile_paving": "yes"
      },
      "geometry": {
        "type": "Point",
        "coordinates": [
          -80.1939784,
          25.7588944
        ]
      }
    },
    {
      "type": "Feature",
      "properties": {
        "id": 7638998391,
        "kind": "poi",
        "crossing": "uncontrolled",
        "crossing:markings": "zebra",
        "crossing:signed": "yes",
        "highway": "crossing"
      },
      "geometry": {
        "type": "Point",
        "coordinates": [
          -80.2029274,
          25.7525561
        ]
      }
    },
    {
      "type": "Feature",
      "properties": {
        "id": 7638998392,
        "kind": "poi",
        "crossing": "uncontrolled",
        "crossing:markings": "zebra",
        "crossing:signed": "yes",
        "highway": "crossing"
      },
      "geometry": {
        "type": "Point",
        "coordinates": [
          -80.2029869,
          25.752632
        ]
      }
    },
    {
      "type": "Feature",
      "properties": {
        "id": 7638998393,
        "kind": "poi",
        "crossing": "uncontrolled",
        "crossing:markings": "zebra",
        "highway": "crossing"
      },
      "geometry": {
        "type": "Point",
        "coordinates": [
          -80.198813,
          25.7553893
        ]
      }
    },
    {
      "type": "Feature",
      "properties": {
        "id": 7638998394,
        "kind": "poi",
        "crossing": "uncontrolled",
        "crossing:markings": "zebra",
        "highway": "crossing"
      },
      "geometry": {
        "type": "Point",
        "coordinates": [
          -80.198871,
          25.7554637
        ]
      }
    },
    {
      "type": "Feature",
      "properties": {
        "id": 7638998395,
        "kind": "poi",
        "crossing": "uncontrolled",
        "crossing:markings": "zebra",
        "highway": "crossing"
      },
      "geometry": {
        "type": "Point",
        "coordinates": [
          -80.195482,
          25.7576776
        ]
      }
    },
    {
      "type": "Feature",
      "properties": {
        "id": 7638998396,
        "kind": "poi",
        "crossing": "uncontrolled",
        "crossing:markings": "zebra",
        "highway": "crossing"
      },
      "geometry": {
        "type": "Point",
        "coordinates": [
          -80.1955492,
          25.7577497
        ]
      }
    },
    {
      "type": "Feature",
      "properties": {
        "id": 7638998397,
        "kind": "poi",
        "crossing": "uncontrolled",
        "crossing:markings": "zebra",
        "crossing:signals": "no",
        "highway": "crossing"
      },
      "geometry": {
        "type": "Point",
        "coordinates": [
          -80.1943106,
          25.7585079
        ]
      }
    },
    {
      "type": "Feature",
      "properties": {
        "id": 7638998398,
        "kind": "poi",
        "crossing": "uncontrolled",
        "crossing:markings": "zebra",
        "crossing:signals": "no",
        "highway": "crossing"
      },
      "geometry": {
        "type": "Point",
        "coordinates": [
          -80.194355,
          25.758567
        ]
      }
    },
    {
      "type": "Feature",
      "properties": {
        "id": 7642957630,
        "kind": "poi",
        "crossing": "unmarked",
        "crossing:markings": "no",
        "highway": "crossing"
      },
      "geometry": {
        "type": "Point",
        "coordinates": [
          -80.2121894,
          25.7460498
        ]
      }
    },
    {
      "type": "Feature",
      "properties": {
        "id": 7654049553,
        "kind": "poi",
        "crossing": "marked",
        "crossing:markings": "yes",
        "highway": "crossing"
      },
      "geometry": {
        "type": "Point",
        "coordinates": [
          -80.1965187,
          25.756825
        ]
      }
    },
    {
      "type": "Feature",
      "properties": {
        "id": 7654049554,
        "kind": "poi",
        "crossing": "marked",
        "crossing:markings": "yes",
        "highway": "crossing"
      },
      "geometry": {
        "type": "Point",
        "coordinates": [
          -80.1969205,
          25.7565478
        ]
      }
    },
    {
      "type": "Feature",
      "properties": {
        "id": 7654049559,
        "kind": "poi",
        "crossing": "uncontrolled",
        "crossing:markings": "lines",
        "crossing:signals": "no",
        "highway": "crossing"
      },
      "geometry": {
        "type": "Point",
        "coordinates": [
          -80.203184,
          25.7526387
        ]
      }
    },
    {
      "type": "Feature",
      "properties": {
        "id": 7654049560,
        "kind": "poi",
        "crossing": "uncontrolled",
        "crossing:markings": "lines",
        "crossing:signals": "no",
        "highway": "crossing"
      },
      "geometry": {
        "type": "Point",
        "coordinates": [
          -80.2031085,
          25.7526905
        ]
      }
    },
    {
      "type": "Feature",
      "properties": {
        "id": 7654049561,
        "kind": "poi",
        "crossing": "uncontrolled",
        "crossing:markings": "lines",
        "crossing:signals": "no",
        "highway": "crossing"
      },
      "geometry": {
        "type": "Point",
        "coordinates": [
          -80.2023633,
          25.7532046
        ]
      }
    },
    {
      "type": "Feature",
      "properties": {
        "id": 7654049562,
        "kind": "poi",
        "crossing": "uncontrolled",
        "crossing:markings": "lines",
        "crossing:signals": "no",
        "highway": "crossing"
      },
      "geometry": {
        "type": "Point",
        "coordinates": [
          -80.2022837,
          25.7532586
        ]
      }
    },
    {
      "type": "Feature",
      "properties": {
        "id": 7654049563,
        "kind": "poi",
        "crossing": "uncontrolled",
        "crossing:markings": "lines",
        "crossing:signals": "no",
        "highway": "crossing"
      },
      "geometry": {
        "type": "Point",
        "coordinates": [
          -80.2014958,
          25.7537989
        ]
      }
    },
    {
      "type": "Feature",
      "properties": {
        "id": 7654049564,
        "kind": "poi",
        "crossing": "uncontrolled",
        "crossing:markings": "lines",
        "crossing:signals": "no",
        "highway": "crossing"
      },
      "geometry": {
        "type": "Point",
        "coordinates": [
          -80.2006687,
          25.7543677
        ]
      }
    },
    {
      "type": "Feature",
      "properties": {
        "id": 7654049565,
        "kind": "poi",
        "crossing": "uncontrolled",
        "crossing:markings": "lines",
        "highway": "crossing"
      },
      "geometry": {
        "type": "Point",
        "coordinates": [
          -80.1998455,
          25.7549332
        ]
      }
    },
    {
      "type": "Feature",
      "properties": {
        "id": 7654049566,
        "kind": "poi",
        "crossing": "uncontrolled",
        "crossing:markings": "lines",
        "highway": "crossing"
      },
      "geometry": {
        "type": "Point",
        "coordinates": [
          -80.1990233,
          25.7554963
        ]
      }
    },
    {
      "type": "Feature",
      "properties": {
        "id": 7654049567,
        "kind": "poi",
        "crossing": "uncontrolled",
        "crossing:markings": "lines",
        "highway": "crossing"
      },
      "geometry": {
        "type": "Point",
        "coordinates": [
          -80.1981449,
          25.7561037
        ]
      }
    },
    {
      "type": "Feature",
      "properties": {
        "id": 7654049568,
        "kind": "poi",
        "crossing": "uncontrolled",
        "crossing:markings": "lines",
        "highway": "crossing"
      },
      "geometry": {
        "type": "Point",
        "coordinates": [
          -80.1972702,
          25.7567038
        ]
      }
    },
    {
      "type": "Feature",
      "properties": {
        "id": 7654049569,
        "kind": "poi",
        "crossing": "uncontrolled",
        "crossing:markings": "lines",
        "highway": "crossing"
      },
      "geometry": {
        "type": "Point",
        "coordinates": [
          -80.1964067,
          25.7572962
        ]
      }
    },
    {
      "type": "Feature",
      "properties": {
        "id": 7654067635,
        "kind": "poi",
        "crossing": "uncontrolled",
        "crossing:markings": "lines",
        "highway": "crossing"
      },
      "geometry": {
        "type": "Point",
        "coordinates": [
          -80.2110622,
          25.7571338
        ]
      }
    },
    {
      "type": "Feature",
      "properties": {
        "id": 7654067636,
        "kind": "poi",
        "crossing": "uncontrolled",
        "crossing:markings": "lines",
        "highway": "crossing"
      },
      "geometry": {
        "type": "Point",
        "coordinates": [
          -80.2109862,
          25.7571838
        ]
      }
    },
    {
      "type": "Feature",
      "properties": {
        "id": 7654086577,
        "kind": "poi",
        "crossing": "uncontrolled",
        "crossing:markings": "lines",
        "highway": "crossing"
      },
      "geometry": {
        "type": "Point",
        "coordinates": [
          -80.2084649,
          25.7589177
        ]
      }
    },
    {
      "type": "Feature",
      "properties": {
        "id": 7654086578,
        "kind": "poi",
        "crossing": "uncontrolled",
        "crossing:markings": "lines",
        "highway": "crossing"
      },
      "geometry": {
        "type": "Point",
        "coordinates": [
          -80.2083869,
          25.7589726
        ]
      }
    },
    {
      "type": "Feature",
      "properties": {
        "id": 7654130862,
        "kind": "poi",
        "crossing": "uncontrolled",
        "crossing:markings": "lines",
        "highway": "crossing"
      },
      "geometry": {
        "type": "Point",
        "coordinates": [
          -80.2081359,
          25.7574834
        ]
      }
    },
    {
      "type": "Feature",
      "properties": {
        "id": 7654133307,
        "kind": "poi",
        "crossing": "uncontrolled",
        "crossing:markings": "lines",
        "highway": "crossing"
      },
      "geometry": {
        "type": "Point",
        "coordinates": [
          -80.207641,
          25.759493
        ]
      }
    },
    {
      "type": "Feature",
      "properties": {
        "id": 7654133308,
        "kind": "poi",
        "crossing": "uncontrolled",
        "crossing:markings": "lines",
        "highway": "crossing"
      },
      "geometry": {
        "type": "Point",
        "coordinates": [
          -80.2075636,
          25.7595481
        ]
      }
    },
    {
      "type": "Feature",
      "properties": {
        "id": 7654142188,
        "kind": "poi",
        "crossing": "uncontrolled",
        "crossing:markings": "lines",
        "highway": "crossing"
      },
      "geometry": {
        "type": "Point",
        "coordinates": [
          -80.2080867,
          25.7574255
        ]
      }
    },
    {
      "type": "Feature",
      "properties": {
        "id": 7661413751,
        "kind": "poi",
        "crossing": "traffic_signals",
        "crossing:markings": "lines",
        "crossing:signals": "yes",
        "highway": "crossing"
      },
      "geometry": {
        "type": "Point",
        "coordinates": [
          -80.2081557,
          25.7555262
        ]
      }
    },
    {
      "type": "Feature",
      "properties": {
        "id": 7661413752,
        "kind": "poi",
        "crossing": "traffic_signals",
        "crossing:markings": "lines",
        "crossing:signals": "yes",
        "highway": "crossing"
      },
      "geometry": {
        "type": "Point",
        "coordinates": [
          -80.2080519,
          25.7553962
        ]
      }
    },
    {
      "type": "Feature",
      "properties": {
        "id": 7661413755,
        "kind": "poi",
        "crossing": "traffic_signals",
        "crossing:markings": "lines",
        "crossing:signals": "yes",
        "highway": "crossing"
      },
      "geometry": {
        "type": "Point",
        "coordinates": [
          -80.2082137,
          25.7552848
        ]
      }
    },
    {
      "type": "Feature",
      "properties": {
        "id": 7661413756,
        "kind": "poi",
        "crossing": "traffic_signals",
        "crossing:markings": "lines",
        "crossing:signals": "yes",
        "highway": "crossing"
      },
      "geometry": {
        "type": "Point",
        "coordinates": [
          -80.2083204,
          25.7554133
        ]
      }
    },
    {
      "type": "Feature",
      "properties": {
        "id": 7661413761,
        "kind": "poi",
        "crossing": "traffic_signals",
        "crossing:markings": "lines",
        "highway": "crossing"
      },
      "geometry": {
        "type": "Point",
        "coordinates": [
          -80.2072168,
          25.756174
        ]
      }
    },
    {
      "type": "Feature",
      "properties": {
        "id": 7661413762,
        "kind": "poi",
        "crossing": "traffic_signals",
        "crossing:markings": "lines",
        "highway": "crossing"
      },
      "geometry": {
        "type": "Point",
        "coordinates": [
          -80.2071021,
          25.7560351
        ]
      }
    },
    {
      "type": "Feature",
      "properties": {
        "id": 7661413765,
        "kind": "poi",
        "crossing": "traffic_signals",
        "crossing:markings": "lines",
        "highway": "crossing"
      },
      "geometry": {
        "type": "Point",
        "coordinates": [
          -80.2073392,
          25.7558932
        ]
      }
    },
    {
      "type": "Feature",
      "properties": {
        "id": 7661413766,
        "kind": "poi",
        "crossing": "traffic_signals",
        "crossing:markings": "lines",
        "highway": "crossing"
      },
      "geometry": {
        "type": "Point",
        "coordinates": [
          -80.2074409,
          25.7560197
        ]
      }
    },
    {
      "type": "Feature",
      "properties": {
        "id": 7661413769,
        "kind": "poi",
        "crossing": "traffic_signals",
        "crossing:markings": "lines",
        "crossing:signals": "yes",
        "highway": "crossing"
      },
      "geometry": {
        "type": "Point",
        "coordinates": [
          -80.2125053,
          25.7525353
        ]
      }
    },
    {
      "type": "Feature",
      "properties": {
        "id": 7661413770,
        "kind": "poi",
        "crossing": "traffic_signals",
        "crossing:markings": "lines",
        "crossing:signals": "yes",
        "highway": "crossing"
      },
      "geometry": {
        "type": "Point",
        "coordinates": [
          -80.212394,
          25.7524073
        ]
      }
    },
    {
      "type": "Feature",
      "properties": {
        "id": 7661413773,
        "kind": "poi",
        "crossing": "traffic_signals",
        "crossing:markings": "lines",
        "crossing:signals": "yes",
        "highway": "crossing"
      },
      "geometry": {
        "type": "Point",
        "coordinates": [
          -80.2125116,
          25.7523264
        ]
      }
    },
    {
      "type": "Feature",
      "properties": {
        "id": 7661413774,
        "kind": "poi",
        "crossing": "traffic_signals",
        "crossing:markings": "lines",
        "crossing:signals": "yes",
        "highway": "crossing"
      },
      "geometry": {
        "type": "Point",
        "coordinates": [
          -80.2126252,
          25.752457
        ]
      }
    },
    {
      "type": "Feature",
      "properties": {
        "id": 7661413784,
        "kind": "poi",
        "crossing": "uncontrolled",
        "crossing:markings": "lines",
        "highway": "crossing"
      },
      "geometry": {
        "type": "Point",
        "coordinates": [
          -80.2009319,
          25.7602044
        ]
      }
    },
    {
      "type": "Feature",
      "properties": {
        "id": 7661414285,
        "kind": "poi",
        "crossing": "uncontrolled",
        "crossing:markings": "lines",
        "highway": "crossing"
      },
      "geometry": {
        "type": "Point",
        "coordinates": [
          -80.202235,
          25.7593218
        ]
      }
    },
    {
      "type": "Feature",
      "properties": {
        "id": 7661414286,
        "kind": "poi",
        "crossing": "uncontrolled",
        "crossing:markings": "lines",
        "highway": "crossing"
      },
      "geometry": {
        "type": "Point",
        "coordinates": [
          -80.2030444,
          25.7587449
        ]
      }
    },
    {
      "type": "Feature",
      "properties": {
        "id": 7661414287,
        "kind": "poi",
        "crossing": "uncontrolled",
        "crossing:markings": "lines",
        "highway": "crossing"
      },
      "geometry": {
        "type": "Point",
        "coordinates": [
          -80.2038735,
          25.7581835
        ]
      }
    },
    {
      "type": "Feature",
      "properties": {
        "id": 7661414288,
        "kind": "poi",
        "highway": "crossing"
      },
      "geometry": {
        "type": "Point",
        "coordinates": [
          -80.2040267,
          25.7580772
        ]
      }
    },
    {
      "type": "Feature",
      "properties": {
        "id": 7661414289,
        "kind": "poi",
        "highway": "crossing"
      },
      "geometry": {
        "type": "Point",
        "coordinates": [
          -80.2042799,
          25.7578988
        ]
      }
    },
    {
      "type": "Feature",
      "properties": {
        "id": 7661414290,
        "kind": "poi",
        "crossing": "uncontrolled",
        "crossing:markings": "lines",
        "highway": "crossing"
      },
      "geometry": {
        "type": "Point",
        "coordinates": [
          -80.2046739,
          25.7576135
        ]
      }
    },
    {
      "type": "Feature",
      "properties": {
        "id": 7661414291,
        "kind": "poi",
        "highway": "crossing"
      },
      "geometry": {
        "type": "Point",
        "coordinates": [
          -80.2049239,
          25.7574528
        ]
      }
    },
    {
      "type": "Feature",
      "properties": {
        "id": 7661414292,
        "kind": "poi",
        "highway": "crossing"
      },
      "geometry": {
        "type": "Point",
        "coordinates": [
          -80.2052919,
          25.7571977
        ]
      }
    },
    {
      "type": "Feature",
      "properties": {
        "id": 7661414293,
        "kind": "poi",
        "crossing": "uncontrolled",
        "crossing:markings": "lines",
        "highway": "crossing"
      },
      "geometry": {
        "type": "Point",
        "coordinates": [
          -80.2054839,
          25.75707
        ]
      }
    },
    {
      "type": "Feature",
      "properties": {
        "id": 7661414294,
        "kind": "poi",
        "crossing": "uncontrolled",
        "crossing:markings": "lines",
        "highway": "crossing"
      },
      "geometry": {
        "type": "Point",
        "coordinates": [
          -80.2055523,
          25.7570212
        ]
      }
    },
    {
      "type": "Feature",
      "properties": {
        "id": 7661414295,
        "kind": "poi",
        "highway": "crossing"
      },
      "geometry": {
        "type": "Point",
        "coordinates": [
          -80.2059912,
          25.7567194
        ]
      }
    },
    {
      "type": "Feature",
      "properties": {
        "id": 7661414296,
        "kind": "poi",
        "highway": "crossing"
      },
      "geometry": {
        "type": "Point",
        "coordinates": [
          -80.2061665,
          25.7565999
        ]
      }
    },
    {
      "type": "Feature",
      "properties": {
        "id": 7661414297,
        "kind": "poi",
        "crossing": "uncontrolled",
        "crossing:markings": "lines",
        "highway": "crossing"
      },
      "geometry": {
        "type": "Point",
        "coordinates": [
          -80.2063138,
          25.7564971
        ]
      }
    },
    {
      "type": "Feature",
      "properties": {
        "id": 7661414298,
        "kind": "poi",
        "crossing": "uncontrolled",
        "crossing:markings": "lines",
        "highway": "crossing"
      },
      "geometry": {
        "type": "Point",
        "coordinates": [
          -80.2063849,
          25.7564489
        ]
      }
    },
    {
      "type": "Feature",
      "properties": {
        "id": 7661414299,
        "kind": "poi",
        "crossing": "uncontrolled",
        "crossing:markings": "lines",
        "highway": "crossing"
      },
      "geometry": {
        "type": "Point",
        "coordinates": [
          -80.2089067,
          25.7547101
        ]
      }
    },
    {
      "type": "Feature",
      "properties": {
        "id": 7661414300,
        "kind": "poi",
        "crossing": "uncontrolled",
        "crossing:markings": "lines",
        "highway": "crossing"
      },
      "geometry": {
        "type": "Point",
        "coordinates": [
          -80.2089874,
          25.7546541
        ]
      }
    },
    {
      "type": "Feature",
      "properties": {
        "id": 7661414301,
        "kind": "poi",
        "crossing": "unmarked",
        "crossing:markings": "no",
        "highway": "crossing"
      },
      "geometry": {
        "type": "Point",
        "coordinates": [
          -80.2094205,
          25.7543711
        ]
      }
    },
    {
      "type": "Feature",
      "properties": {
        "id": 7661414302,
        "kind": "poi",
        "crossing": "unmarked",
        "crossing:markings": "no",
        "highway": "crossing"
      },
      "geometry": {
        "type": "Point",
        "coordinates": [
          -80.2096272,
          25.7542281
        ]
      }
    },
    {
      "type": "Feature",
      "properties": {
        "id": 7661414303,
        "kind": "poi",
        "crossing": "uncontrolled",
        "crossing:markings": "lines",
        "highway": "crossing"
      },
      "geometry": {
        "type": "Point",
        "coordinates": [
          -80.2098343,
          25.754057
        ]
      }
    },
    {
      "type": "Feature",
      "properties": {
        "id": 7661414304,
        "kind": "poi",
        "crossing": "uncontrolled",
        "crossing:markings": "lines",
        "highway": "crossing"
      },
      "geometry": {
        "type": "Point",
        "coordinates": [
          -80.2106941,
          25.7534848
        ]
      }
    },
    {
      "type": "Feature",
      "properties": {
        "id": 7661414305,
        "kind": "poi",
        "crossing": "uncontrolled",
        "crossing:markings": "lines",
        "crossing:signals": "no",
        "highway": "crossing"
      },
      "geometry": {
        "type": "Point",
        "coordinates": [
          -80.2115345,
          25.7529053
        ]
      }
    },
    {
      "type": "Feature",
      "properties": {
        "id": 7661414306,
        "kind": "poi",
        "crossing": "traffic_signals",
        "crossing:markings": "lines",
        "crossing:signals": "yes",
        "highway": "crossing"
      },
      "geometry": {
        "type": "Point",
        "coordinates": [
          -80.2123987,
          25.7522968
        ]
      }
    },
    {
      "type": "Feature",
      "properties": {
        "id": 7661414308,
        "kind": "poi",
        "crossing": "uncontrolled",
        "crossing:markings": "ladder",
        "flashing_lights": "button",
        "highway": "crossing"
      },
      "geometry": {
        "type": "Point",
        "coordinates": [
          -80.2131528,
          25.7518849
        ]
      }
    },
    {
      "type": "Feature",
      "properties": {
        "id": 7661414311,
        "kind": "poi",
        "crossing": "uncontrolled",
        "crossing:markings": "ladder",
        "flashing_lights": "button",
        "highway": "crossing"
      },
      "geometry": {
        "type": "Point",
        "coordinates": [
          -80.2131895,
          25.7520713
        ]
      }
    },
    {
      "type": "Feature",
      "properties": {
        "id": 7661414313,
        "kind": "poi",
        "crossing": "unmarked",
        "crossing:markings": "no",
        "highway": "crossing"
      },
      "geometry": {
        "type": "Point",
        "coordinates": [
          -80.2127595,
          25.7520629
        ]
      }
    },
    {
      "type": "Feature",
      "properties": {
        "id": 7661414315,
        "kind": "poi",
        "crossing": "uncontrolled",
        "crossing:markings": "lines",
        "crossing:signals": "no",
        "highway": "crossing"
      },
      "geometry": {
        "type": "Point",
        "coordinates": [
          -80.2133352,
          25.7516474
        ]
      }
    },
    {
      "type": "Feature",
      "properties": {
        "id": 7661414320,
        "kind": "poi",
        "crossing": "traffic_signals",
        "crossing:island": "no",
        "crossing:markings": "zebra",
        "crossing:signals": "yes",
        "highway": "crossing"
      },
      "geometry": {
        "type": "Point",
        "coordinates": [
          -80.214043,
          25.7514549
        ]
      }
    },
    {
      "type": "Feature",
      "properties": {
        "id": 7661414323,
        "kind": "poi",
        "crossing": "traffic_signals",
        "crossing:island": "no",
        "crossing:markings": "zebra",
        "crossing:signals": "yes",
        "highway": "crossing"
      },
      "geometry": {
        "type": "Point",
        "coordinates": [
          -80.2140474,
          25.7512746
        ]
      }
    },
    {
      "type": "Feature",
      "properties": {
        "id": 7661414326,
        "kind": "poi",
        "crossing": "uncontrolled",
        "crossing:island": "no",
        "crossing:markings": "lines",
        "crossing:signals": "no",
        "highway": "crossing"
      },
      "geometry": {
        "type": "Point",
        "coordinates": [
          -80.213935,
          25.7512545
        ]
      }
    },
    {
      "type": "Feature",
      "properties": {
        "id": 7661414327,
        "kind": "poi",
        "crossing": "traffic_signals",
        "crossing:island": "no",
        "crossing:markings": "lines",
        "crossing:signals": "yes",
        "highway": "crossing"
      },
      "geometry": {
        "type": "Point",
        "coordinates": [
          -80.2142803,
          25.7510413
        ]
      }
    },
    {
      "type": "Feature",
      "properties": {
        "id": 7661414328,
        "kind": "poi",
        "crossing": "traffic_signals",
        "crossing:island": "no",
        "crossing:markings": "zebra",
        "crossing:signals": "yes",
        "highway": "crossing"
      },
      "geometry": {
        "type": "Point",
        "coordinates": [
          -80.214187,
          25.751478
        ]
      }
    },
    {
      "type": "Feature",
      "properties": {
        "id": 7661414329,
        "kind": "poi",
        "crossing": "uncontrolled",
        "crossing:island": "no",
        "crossing:markings": "zebra",
        "crossing:signals": "no",
        "highway": "crossing"
      },
      "geometry": {
        "type": "Point",
        "coordinates": [
          -80.2140552,
          25.7515735
        ]
      }
    },
    {
      "type": "Feature",
      "properties": {
        "id": 7661414330,
        "kind": "poi",
        "crossing": "uncontrolled",
        "crossing:markings": "lines",
        "crossing:signals": "no",
        "highway": "crossing"
      },
      "geometry": {
        "type": "Point",
        "coordinates": [
          -80.2132845,
          25.7520856
        ]
      }
    },
    {
      "type": "Feature",
      "properties": {
        "id": 7661414331,
        "kind": "poi",
        "crossing": "uncontrolled",
        "crossing:markings": "lines",
        "crossing:signals": "no",
        "highway": "crossing"
      },
      "geometry": {
        "type": "Point",
        "coordinates": [
          -80.2126136,
          25.7525581
        ]
      }
    },
    {
      "type": "Feature",
      "properties": {
        "id": 7661414332,
        "kind": "poi",
        "crossing": "uncontrolled",
        "crossing:markings": "lines",
        "highway": "crossing"
      },
      "geometry": {
        "type": "Point",
        "coordinates": [
          -80.2117481,
          25.753155
        ]
      }
    },
    {
      "type": "Feature",
      "properties": {
        "id": 7661414333,
        "kind": "poi",
        "crossing": "uncontrolled",
        "crossing:markings": "lines",
        "highway": "crossing"
      },
      "geometry": {
        "type": "Point",
        "coordinates": [
          -80.210899,
          25.7537423
        ]
      }
    },
    {
      "type": "Feature",
      "properties": {
        "id": 7661414334,
        "kind": "poi",
        "crossing": "uncontrolled",
        "crossing:markings": "lines",
        "highway": "crossing"
      },
      "geometry": {
        "type": "Point",
        "coordinates": [
          -80.210067,
          25.7543379
        ]
      }
    },
    {
      "type": "Feature",
      "properties": {
        "id": 7661414335,
        "kind": "poi",
        "crossing": "uncontrolled",
        "crossing:markings": "lines",
        "highway": "crossing"
      },
      "geometry": {
        "type": "Point",
        "coordinates": [
          -80.2091992,
          25.7549106
        ]
      }
    },
    {
      "type": "Feature",
      "properties": {
        "id": 7661414336,
        "kind": "poi",
        "crossing": "uncontrolled",
        "crossing:markings": "lines",
        "highway": "crossing"
      },
      "geometry": {
        "type": "Point",
        "coordinates": [
          -80.2091145,
          25.7549697
        ]
      }
    },
    {
      "type": "Feature",
      "properties": {
        "id": 7661414337,
        "kind": "poi",
        "crossing": "traffic_signals",
        "crossing:markings": "lines",
        "crossing:signals": "yes",
        "highway": "crossing"
      },
      "geometry": {
        "type": "Point",
        "coordinates": [
          -80.208256,
          25.7555578
        ]
      }
    },
    {
      "type": "Feature",
      "properties": {
        "id": 7661414338,
        "kind": "poi",
        "crossing": "uncontrolled",
        "crossing:markings": "lines",
        "highway": "crossing"
      },
      "geometry": {
        "type": "Point",
        "coordinates": [
          -80.2065911,
          25.7567018
        ]
      }
    },
    {
      "type": "Feature",
      "properties": {
        "id": 7661414339,
        "kind": "poi",
        "crossing": "uncontrolled",
        "crossing:markings": "lines",
        "highway": "crossing"
      },
      "geometry": {
        "type": "Point",
        "coordinates": [
          -80.2065244,
          25.7567484
        ]
      }
    },
    {
      "type": "Feature",
      "properties": {
        "id": 7661414340,
        "kind": "poi",
        "crossing": "uncontrolled",
        "crossing:markings": "lines",
        "highway": "crossing"
      },
      "geometry": {
        "type": "Point",
        "coordinates": [
          -80.2057591,
          25.7572765
        ]
      }
    },
    {
      "type": "Feature",
      "properties": {
        "id": 7661414341,
        "kind": "poi",
        "crossing": "uncontrolled",
        "crossing:markings": "lines",
        "highway": "crossing"
      },
      "geometry": {
        "type": "Point",
        "coordinates": [
          -80.2057019,
          25.7573149
        ]
      }
    },
    {
      "type": "Feature",
      "properties": {
        "id": 7661414342,
        "kind": "poi",
        "crossing": "uncontrolled",
        "crossing:markings": "lines",
        "highway": "crossing"
      },
      "geometry": {
        "type": "Point",
        "coordinates": [
          -80.2048991,
          25.7578656
        ]
      }
    },
    {
      "type": "Feature",
      "properties": {
        "id": 7661414343,
        "kind": "poi",
        "crossing": "uncontrolled",
        "crossing:markings": "lines",
        "highway": "crossing"
      },
      "geometry": {
        "type": "Point",
        "coordinates": [
          -80.2040774,
          25.7584282
        ]
      }
    },
    {
      "type": "Feature",
      "properties": {
        "id": 7661414344,
        "kind": "poi",
        "highway": "crossing"
      },
      "geometry": {
        "type": "Point",
        "coordinates": [
          -80.2035714,
          25.7587821
        ]
      }
    },
    {
      "type": "Feature",
      "properties": {
        "id": 7661414345,
        "kind": "poi",
        "highway": "crossing"
      },
      "geometry": {
        "type": "Point",
        "coordinates": [
          -80.2033985,
          25.7588992
        ]
      }
    },
    {
      "type": "Feature",
      "properties": {
        "id": 7661414346,
        "kind": "poi",
        "crossing": "uncontrolled",
        "crossing:markings": "lines",
        "highway": "crossing"
      },
      "geometry": {
        "type": "Point",
        "coordinates": [
          -80.2032596,
          25.7589953
        ]
      }
    },
    {
      "type": "Feature",
      "properties": {
        "id": 7661414347,
        "kind": "poi",
        "crossing": "uncontrolled",
        "crossing:markings": "lines",
        "highway": "crossing"
      },
      "geometry": {
        "type": "Point",
        "coordinates": [
          -80.2024352,
          25.7595645
        ]
      }
    },
    {
      "type": "Feature",
      "properties": {
        "id": 7661414348,
        "kind": "poi",
        "crossing": "uncontrolled",
        "crossing:markings": "lines",
        "highway": "crossing"
      },
      "geometry": {
        "type": "Point",
        "coordinates": [
          -80.201621,
          25.7601259
        ]
      }
    },
    {
      "type": "Feature",
      "properties": {
        "id": 7661414349,
        "kind": "poi",
        "crossing": "uncontrolled",
        "highway": "crossing"
      },
      "geometry": {
        "type": "Point",
        "coordinates": [
          -80.2012634,
          25.760371
        ]
      }
    },
    {
      "type": "Feature",
      "properties": {
        "id": 7661414350,
        "kind": "poi",
        "crossing": "uncontrolled",
        "crossing:markings": "lines",
        "highway": "crossing"
      },
      "geometry": {
        "type": "Point",
        "coordinates": [
          -80.200792,
          25.7606956
        ]
      }
    },
    {
      "type": "Feature",
      "properties": {
        "id": 7661414351,
        "kind": "poi",
        "highway": "crossing"
      },
      "geometry": {
        "type": "Point",
        "coordinates": [
          -80.2004393,
          25.760937
        ]
      }
    },
    {
      "type": "Feature",
      "properties": {
        "id": 7661414354,
        "kind": "poi",
        "crossing": "uncontrolled",
        "crossing:markings": "lines",
        "crossing:signals": "no",
        "highway": "crossing"
      },
      "geometry": {
        "type": "Point",
        "coordinates": [
          -80.2000028,
          25.7612678
        ]
      }
    },
    {
      "type": "Feature",
      "properties": {
        "id": 7667859611,
        "kind": "poi",
        "crossing": "traffic_signals",
        "crossing:markings": "lines",
        "highway": "crossing"
      },
      "geometry": {
        "type": "Point",
        "coordinates": [
          -80.1895131,
          25.7658204
        ]
      }
    },
    {
      "type": "Feature",
      "properties": {
        "id": 7667859612,
        "kind": "poi",
        "crossing": "uncontrolled",
        "crossing:markings": "ladder",
        "crossing:signals": "no",
        "highway": "crossing"
      },
      "geometry": {
        "type": "Point",
        "coordinates": [
          -80.1897207,
          25.7619089
        ]
      }
    },
    {
      "type": "Feature",
      "properties": {
        "id": 7667859613,
        "kind": "poi",
        "crossing": "uncontrolled",
        "crossing:markings": "ladder",
        "crossing:signals": "no",
        "highway": "crossing"
      },
      "geometry": {
        "type": "Point",
        "coordinates": [
          -80.1897569,
          25.7617663
        ]
      }
    },
    {
      "type": "Feature",
      "properties": {
        "id": 7667859614,
        "kind": "poi",
        "crossing": "uncontrolled",
        "crossing:markings": "lines",
        "highway": "crossing"
      },
      "geometry": {
        "type": "Point",
        "coordinates": [
          -80.1900515,
          25.7600006
        ]
      }
    },
    {
      "type": "Feature",
      "properties": {
        "id": 7667859615,
        "kind": "poi",
        "crossing": "uncontrolled",
        "crossing:markings": "ladder",
        "crossing:signals": "no",
        "highway": "crossing"
      },
      "geometry": {
        "type": "Point",
        "coordinates": [
          -80.1899061,
          25.7606405
        ]
      }
    },
    {
      "type": "Feature",
      "properties": {
        "id": 7667859622,
        "kind": "poi",
        "crossing": "uncontrolled",
        "crossing:markings": "ladder",
        "highway": "crossing"
      },
      "geometry": {
        "type": "Point",
        "coordinates": [
          -80.1898759,
          25.7644448
        ]
      }
    },
    {
      "type": "Feature",
      "properties": {
        "id": 7667881481,
        "kind": "poi",
        "crossing": "uncontrolled",
        "highway": "crossing"
      },
      "geometry": {
        "type": "Point",
        "coordinates": [
          -80.189665,
          25.7648651
        ]
      }
    },
    {
      "type": "Feature",
      "properties": {
        "id": 7667899891,
        "kind": "poi",
        "highway": "crossing"
      },
      "geometry": {
        "type": "Point",
        "coordinates": [
          -80.189678,
          25.7629109
        ]
      }
    },
    {
      "type": "Feature",
      "properties": {
        "id": 7667899893,
        "kind": "poi",
        "highway": "crossing"
      },
      "geometry": {
        "type": "Point",
        "coordinates": [
          -80.1895959,
          25.7627515
        ]
      }
    },
    {
      "type": "Feature",
      "properties": {
        "id": 7667899900,
        "kind": "poi",
        "crossing": "uncontrolled",
        "crossing:markings": "ladder",
        "crossing:signals": "no",
        "highway": "crossing"
      },
      "geometry": {
        "type": "Point",
        "coordinates": [
          -80.1896505,
          25.7618314
        ]
      }
    },
    {
      "type": "Feature",
      "properties": {
        "id": 7667899901,
        "kind": "poi",
        "highway": "crossing"
      },
      "geometry": {
        "type": "Point",
        "coordinates": [
          -80.1897401,
          25.7614649
        ]
      }
    },
    {
      "type": "Feature",
      "properties": {
        "id": 7667899908,
        "kind": "poi",
        "highway": "crossing"
      },
      "geometry": {
        "type": "Point",
        "coordinates": [
          -80.1898399,
          25.7607743
        ]
      }
    },
    {
      "type": "Feature",
      "properties": {
        "id": 7667899911,
        "kind": "poi",
        "crossing": "traffic_signals",
        "crossing:markings": "lines",
        "highway": "crossing"
      },
      "geometry": {
        "type": "Point",
        "coordinates": [
          -80.1895879,
          25.7659709
        ]
      }
    },
    {
      "type": "Feature",
      "properties": {
        "id": 7667899912,
        "kind": "poi",
        "crossing": "traffic_signals",
        "crossing:markings": "lines",
        "highway": "crossing"
      },
      "geometry": {
        "type": "Point",
        "coordinates": [
          -80.1896176,
          25.7658902
        ]
      }
    },
    {
      "type": "Feature",
      "properties": {
        "id": 7667899915,
        "kind": "poi",
        "highway": "crossing"
      },
      "geometry": {
        "type": "Point",
        "coordinates": [
          -80.1897467,
          25.7653181
        ]
      }
    },
    {
      "type": "Feature",
      "properties": {
        "id": 7667899922,
        "kind": "poi",
        "highway": "crossing"
      },
      "geometry": {
        "type": "Point",
        "coordinates": [
          -80.1901652,
          25.7635079
        ]
      }
    },
    {
      "type": "Feature",
      "properties": {
        "id": 7667899933,
        "kind": "poi",
        "highway": "crossing"
      },
      "geometry": {
        "type": "Point",
        "coordinates": [
          -80.1897396,
          25.7625535
        ]
      }
    },
    {
      "type": "Feature",
      "properties": {
        "id": 7667899942,
        "kind": "poi",
        "crossing": "uncontrolled",
        "crossing:markings": "lines",
        "crossing:signals": "no",
        "highway": "crossing"
      },
      "geometry": {
        "type": "Point",
        "coordinates": [
          -80.1899333,
          25.7613857
        ]
      }
    },
    {
      "type": "Feature",
      "properties": {
        "id": 7667899949,
        "kind": "poi",
        "crossing": "uncontrolled",
        "crossing:markings": "lines",
        "crossing:signals": "no",
        "highway": "crossing"
      },
      "geometry": {
        "type": "Point",
        "coordinates": [
          -80.1899835,
          25.7606856
        ]
      }
    },
    {
      "type": "Feature",
      "properties": {
        "id": 7667899953,
        "kind": "poi",
        "highway": "crossing"
      },
      "geometry": {
        "type": "Point",
        "coordinates": [
          -80.1899424,
          25.7601336
        ]
      }
    },
    {
      "type": "Feature",
      "properties": {
        "id": 7667899955,
        "kind": "poi",
        "crossing": "uncontrolled",
        "crossing:markings": "ladder",
        "highway": "crossing"
      },
      "geometry": {
        "type": "Point",
        "coordinates": [
          -80.1899955,
          25.7599173
        ]
      }
    },
    {
      "type": "Feature",
      "properties": {
        "id": 7667905255,
        "kind": "poi",
        "crossing": "traffic_signals",
        "crossing:markings": "surface",
        "crossing:signals": "yes",
        "highway": "crossing",
        "tactile_paving": "yes"
      },
      "geometry": {
        "type": "Point",
        "coordinates": [
          -80.1922735,
          25.760436
        ]
      }
    },
    {
      "type": "Feature",
      "properties": {
        "id": 7667905256,
        "kind": "poi",
        "crossing": "traffic_signals",
        "crossing:markings": "surface",
        "crossing:signals": "yes",
        "highway": "crossing"
      },
      "geometry": {
        "type": "Point",
        "coordinates": [
          -80.1921191,
          25.760447
        ]
      }
    },
    {
      "type": "Feature",
      "properties": {
        "id": 7667905257,
        "kind": "poi",
        "crossing": "uncontrolled",
        "highway": "crossing"
      },
      "geometry": {
        "type": "Point",
        "coordinates": [
          -80.1913846,
          25.760295
        ]
      }
    },
    {
      "type": "Feature",
      "properties": {
        "id": 7667905258,
        "kind": "poi",
        "crossing": "traffic_signals",
        "crossing:markings": "surface",
        "crossing:signals": "yes",
        "highway": "crossing",
        "tactile_paving": "yes"
      },
      "geometry": {
        "type": "Point",
        "coordinates": [
          -80.192304,
          25.7603185
        ]
      }
    },
    {
      "type": "Feature",
      "properties": {
        "id": 7667905259,
        "kind": "poi",
        "crossing": "traffic_signals",
        "crossing:markings": "surface",
        "crossing:signals": "yes",
        "highway": "crossing"
      },
      "geometry": {
        "type": "Point",
        "coordinates": [
          -80.1921593,
          25.7602936
        ]
      }
    },
    {
      "type": "Feature",
      "properties": {
        "id": 7667950820,
        "kind": "poi",
        "highway": "crossing"
      },
      "geometry": {
        "type": "Point",
        "coordinates": [
          -80.1910133,
          25.7567396
        ]
      }
    },
    {
      "type": "Feature",
      "properties": {
        "id": 7667950821,
        "kind": "poi",
        "highway": "crossing"
      },
      "geometry": {
        "type": "Point",
        "coordinates": [
          -80.1913183,
          25.7569218
        ]
      }
    },
    {
      "type": "Feature",
      "properties": {
        "id": 7667950822,
        "kind": "poi",
        "highway": "crossing"
      },
      "geometry": {
        "type": "Point",
        "coordinates": [
          -80.1914904,
          25.7570195
        ]
      }
    },
    {
      "type": "Feature",
      "properties": {
        "id": 7667950823,
        "kind": "poi",
        "highway": "crossing"
      },
      "geometry": {
        "type": "Point",
        "coordinates": [
          -80.1920188,
          25.7573247
        ]
      }
    },
    {
      "type": "Feature",
      "properties": {
        "id": 7667950825,
        "kind": "poi",
        "highway": "crossing"
      },
      "geometry": {
        "type": "Point",
        "coordinates": [
          -80.192216,
          25.7577392
        ]
      }
    },
    {
      "type": "Feature",
      "properties": {
        "id": 7667950827,
        "kind": "poi",
        "highway": "crossing"
      },
      "geometry": {
        "type": "Point",
        "coordinates": [
          -80.1916294,
          25.7574042
        ]
      }
    },
    {
      "type": "Feature",
      "properties": {
        "id": 7667950828,
        "kind": "poi",
        "highway": "crossing"
      },
      "geometry": {
        "type": "Point",
        "coordinates": [
          -80.1914477,
          25.7573023
        ]
      }
    },
    {
      "type": "Feature",
      "properties": {
        "id": 7667950833,
        "kind": "poi",
        "highway": "crossing"
      },
      "geometry": {
        "type": "Point",
        "coordinates": [
          -80.190318,
          25.7569698
        ]
      }
    },
    {
      "type": "Feature",
      "properties": {
        "id": 7667950834,
        "kind": "poi",
        "highway": "crossing"
      },
      "geometry": {
        "type": "Point",
        "coordinates": [
          -80.1901503,
          25.7570478
        ]
      }
    },
    {
      "type": "Feature",
      "properties": {
        "id": 7667950838,
        "kind": "poi",
        "highway": "crossing"
      },
      "geometry": {
        "type": "Point",
        "coordinates": [
          -80.1896896,
          25.7573628
        ]
      }
    },
    {
      "type": "Feature",
      "properties": {
        "id": 7667950842,
        "kind": "poi",
        "highway": "crossing"
      },
      "geometry": {
        "type": "Point",
        "coordinates": [
          -80.189364,
          25.7577465
        ]
      }
    },
    {
      "type": "Feature",
      "properties": {
        "id": 7667950844,
        "kind": "poi",
        "highway": "crossing"
      },
      "geometry": {
        "type": "Point",
        "coordinates": [
          -80.1892325,
          25.7580048
        ]
      }
    },
    {
      "type": "Feature",
      "properties": {
        "id": 7667950848,
        "kind": "poi",
        "highway": "crossing"
      },
      "geometry": {
        "type": "Point",
        "coordinates": [
          -80.1890941,
          25.7585078
        ]
      }
    },
    {
      "type": "Feature",
      "properties": {
        "id": 7667950849,
        "kind": "poi",
        "highway": "crossing"
      },
      "geometry": {
        "type": "Point",
        "coordinates": [
          -80.1890895,
          25.7586575
        ]
      }
    },
    {
      "type": "Feature",
      "properties": {
        "id": 7667950855,
        "kind": "poi",
        "highway": "crossing"
      },
      "geometry": {
        "type": "Point",
        "coordinates": [
          -80.1892528,
          25.7594199
        ]
      }
    },
    {
      "type": "Feature",
      "properties": {
        "id": 7667950858,
        "kind": "poi",
        "highway": "crossing"
      },
      "geometry": {
        "type": "Point",
        "coordinates": [
          -80.1894184,
          25.7596993
        ]
      }
    },
    {
      "type": "Feature",
      "properties": {
        "id": 7671769677,
        "kind": "poi",
        "crossing": "uncontrolled",
        "crossing:markings": "ladder",
        "crossing:signed": "yes",
        "crossing_ref": "rrfb",
        "flashing_lights": "button",
        "highway": "crossing"
      },
      "geometry": {
        "type": "Point",
        "coordinates": [
          -80.2282353,
          25.7506088
        ]
      }
    },
    {
      "type": "Feature",
      "properties": {
        "id": 7671769678,
        "kind": "poi",
        "crossing": "uncontrolled",
        "crossing:markings": "ladder",
        "crossing:signed": "yes",
        "crossing_ref": "rrfb",
        "flashing_lights": "button",
        "highway": "crossing"
      },
      "geometry": {
        "type": "Point",
        "coordinates": [
          -80.2282394,
          25.7507263
        ]
      }
    },
    {
      "type": "Feature",
      "properties": {
        "id": 7671769681,
        "kind": "poi",
        "crossing": "traffic_signals",
        "crossing:markings": "ladder",
        "highway": "crossing"
      },
      "geometry": {
        "type": "Point",
        "coordinates": [
          -80.2358335,
          25.7504735
        ]
      }
    },
    {
      "type": "Feature",
      "properties": {
        "id": 7671769682,
        "kind": "poi",
        "crossing": "traffic_signals",
        "crossing:markings": "ladder",
        "highway": "crossing"
      },
      "geometry": {
        "type": "Point",
        "coordinates": [
          -80.2358305,
          25.7503573
        ]
      }
    },
    {
      "type": "Feature",
      "properties": {
        "id": 7672574312,
        "kind": "poi",
        "highway": "crossing"
      },
      "geometry": {
        "type": "Point",
        "coordinates": [
          -80.2212052,
          25.7865232
        ]
      }
    },
    {
      "type": "Feature",
      "properties": {
        "id": 7681953953,
        "kind": "poi",
        "crossing": "uncontrolled",
        "crossing:markings": "ladder",
        "highway": "crossing"
      },
      "geometry": {
        "type": "Point",
        "coordinates": [
          -80.1979595,
          25.7808137
        ]
      }
    },
    {
      "type": "Feature",
      "properties": {
        "id": 7681953956,
        "kind": "poi",
        "crossing": "uncontrolled",
        "crossing:markings": "ladder",
        "highway": "crossing"
      },
      "geometry": {
        "type": "Point",
        "coordinates": [
          -80.1979559,
          25.7807279
        ]
      }
    },
    {
      "type": "Feature",
      "properties": {
        "id": 7685362590,
        "kind": "poi",
        "crossing": "traffic_signals",
        "crossing:markings": "lines",
        "highway": "crossing"
      },
      "geometry": {
        "type": "Point",
        "coordinates": [
          -80.1922567,
          25.7830079
        ]
      }
    },
    {
      "type": "Feature",
      "properties": {
        "id": 7685362593,
        "kind": "poi",
        "crossing": "uncontrolled",
        "crossing:markings": "lines",
        "highway": "crossing",
        "kerb": "lowered"
      },
      "geometry": {
        "type": "Point",
        "coordinates": [
          -80.1915342,
          25.781928
        ]
      }
    },
    {
      "type": "Feature",
      "properties": {
        "id": 7713961547,
        "kind": "poi",
        "highway": "crossing"
      },
      "geometry": {
        "type": "Point",
        "coordinates": [
          -80.2171366,
          25.7783403
        ]
      }
    },
    {
      "type": "Feature",
      "properties": {
        "id": 7747844780,
        "kind": "poi",
        "crossing": "uncontrolled",
        "crossing:markings": "lines",
        "highway": "crossing"
      },
      "geometry": {
        "type": "Point",
        "coordinates": [
          -80.2531193,
          25.7798391
        ]
      }
    },
    {
      "type": "Feature",
      "properties": {
        "id": 7747844782,
        "kind": "poi",
        "crossing": "uncontrolled",
        "crossing:markings": "lines",
        "highway": "crossing"
      },
      "geometry": {
        "type": "Point",
        "coordinates": [
          -80.2530371,
          25.7791286
        ]
      }
    },
    {
      "type": "Feature",
      "properties": {
        "id": 7747844783,
        "kind": "poi",
        "crossing": "uncontrolled",
        "crossing:markings": "lines",
        "highway": "crossing"
      },
      "geometry": {
        "type": "Point",
        "coordinates": [
          -80.2531675,
          25.7791251
        ]
      }
    },
    {
      "type": "Feature",
      "properties": {
        "id": 7747865193,
        "kind": "poi",
        "crossing": "uncontrolled",
        "crossing:markings": "lines",
        "highway": "crossing"
      },
      "geometry": {
        "type": "Point",
        "coordinates": [
          -80.2531158,
          25.7794972
        ]
      }
    },
    {
      "type": "Feature",
      "properties": {
        "id": 7747865232,
        "kind": "poi",
        "crossing": "uncontrolled",
        "crossing:markings": "lines",
        "highway": "crossing"
      },
      "geometry": {
        "type": "Point",
        "coordinates": [
          -80.2530875,
          25.780771
        ]
      }
    },
    {
      "type": "Feature",
      "properties": {
        "id": 7747865233,
        "kind": "poi",
        "crossing": "uncontrolled",
        "crossing:markings": "lines",
        "highway": "crossing"
      },
      "geometry": {
        "type": "Point",
        "coordinates": [
          -80.253216,
          25.780769
        ]
      }
    },
    {
      "type": "Feature",
      "properties": {
        "id": 7747865234,
        "kind": "poi",
        "crossing": "uncontrolled",
        "crossing:markings": "lines",
        "highway": "crossing"
      },
      "geometry": {
        "type": "Point",
        "coordinates": [
          -80.2530908,
          25.7810097
        ]
      }
    },
    {
      "type": "Feature",
      "properties": {
        "id": 7747865235,
        "kind": "poi",
        "crossing": "uncontrolled",
        "crossing:markings": "lines",
        "highway": "crossing"
      },
      "geometry": {
        "type": "Point",
        "coordinates": [
          -80.2532237,
          25.781006
        ]
      }
    },
    {
      "type": "Feature",
      "properties": {
        "id": 7747865283,
        "kind": "poi",
        "crossing": "uncontrolled",
        "crossing:markings": "lines",
        "highway": "crossing"
      },
      "geometry": {
        "type": "Point",
        "coordinates": [
          -80.2532743,
          25.7826866
        ]
      }
    },
    {
      "type": "Feature",
      "properties": {
        "id": 7747865284,
        "kind": "poi",
        "crossing": "uncontrolled",
        "crossing:markings": "lines",
        "highway": "crossing"
      },
      "geometry": {
        "type": "Point",
        "coordinates": [
          -80.2531419,
          25.7826897
        ]
      }
    },
    {
      "type": "Feature",
      "properties": {
        "id": 7747865294,
        "kind": "poi",
        "crossing": "unmarked",
        "crossing:markings": "no",
        "highway": "crossing"
      },
      "geometry": {
        "type": "Point",
        "coordinates": [
          -80.253007,
          25.7808925
        ]
      }
    },
    {
      "type": "Feature",
      "properties": {
        "id": 7747873090,
        "kind": "poi",
        "crossing": "uncontrolled",
        "crossing:markings": "lines",
        "highway": "crossing"
      },
      "geometry": {
        "type": "Point",
        "coordinates": [
          -80.2500508,
          25.7880177
        ]
      }
    },
    {
      "type": "Feature",
      "properties": {
        "id": 7757493223,
        "kind": "poi",
        "crossing": "uncontrolled",
        "crossing:island": "no",
        "crossing:markings": "ladder",
        "crossing:signals": "no",
        "flashing_lights": "button",
        "highway": "crossing"
      },
      "geometry": {
        "type": "Point",
        "coordinates": [
          -80.2392592,
          25.7855732
        ]
      }
    },
    {
      "type": "Feature",
      "properties": {
        "id": 7757493224,
        "kind": "poi",
        "crossing": "traffic_signals",
        "crossing:island": "no",
        "crossing:markings": "ladder",
        "crossing:signals": "yes",
        "highway": "crossing"
      },
      "geometry": {
        "type": "Point",
        "coordinates": [
          -80.2394697,
          25.7854189
        ]
      }
    },
    {
      "type": "Feature",
      "properties": {
        "id": 7767514390,
        "kind": "poi",
        "crossing": "traffic_signals",
        "crossing:markings": "ladder",
        "crossing:signals": "yes",
        "highway": "crossing",
        "tactile_paving": "yes"
      },
      "geometry": {
        "type": "Point",
        "coordinates": [
          -80.257916,
          25.7988955
        ]
      }
    },
    {
      "type": "Feature",
      "properties": {
        "id": 7767514391,
        "kind": "poi",
        "crossing": "traffic_signals",
        "crossing:markings": "ladder",
        "crossing:signals": "yes",
        "highway": "crossing",
        "tactile_paving": "yes"
      },
      "geometry": {
        "type": "Point",
        "coordinates": [
          -80.2579178,
          25.7989433
        ]
      }
    },
    {
      "type": "Feature",
      "properties": {
        "id": 7767514407,
        "kind": "poi",
        "crossing": "uncontrolled",
        "crossing:markings": "zebra",
        "highway": "crossing"
      },
      "geometry": {
        "type": "Point",
        "coordinates": [
          -80.2587771,
          25.7987032
        ]
      }
    },
    {
      "type": "Feature",
      "properties": {
        "id": 7767514452,
        "kind": "poi",
        "crossing": "uncontrolled",
        "crossing:markings": "zebra",
        "highway": "crossing"
      },
      "geometry": {
        "type": "Point",
        "coordinates": [
          -80.2586206,
          25.7966112
        ]
      }
    },
    {
      "type": "Feature",
      "properties": {
        "id": 7767514498,
        "kind": "poi",
        "crossing": "uncontrolled",
        "crossing:markings": "lines",
        "crossing:signals": "no",
        "highway": "crossing",
        "tactile_paving": "yes"
      },
      "geometry": {
        "type": "Point",
        "coordinates": [
          -80.2585999,
          25.7987967
        ]
      }
    },
    {
      "type": "Feature",
      "properties": {
        "id": 7767870230,
        "kind": "poi",
        "button_operated": "yes",
        "crossing": "traffic_signals",
        "crossing:markings": "ladder",
        "highway": "crossing",
        "tactile_paving": "yes",
        "traffic_signals:sound": "yes",
        "traffic_signals:vibration": "no"
      },
      "geometry": {
        "type": "Point",
        "coordinates": [
          -80.2151584,
          25.7905633
        ]
      }
    },
    {
      "type": "Feature",
      "properties": {
        "id": 7767870231,
        "kind": "poi",
        "button_operated": "yes",
        "crossing": "traffic_signals",
        "crossing:markings": "ladder",
        "highway": "crossing",
        "tactile_paving": "yes",
        "traffic_signals:sound": "yes",
        "traffic_signals:vibration": "no"
      },
      "geometry": {
        "type": "Point",
        "coordinates": [
          -80.2151701,
          25.7903201
        ]
      }
    },
    {
      "type": "Feature",
      "properties": {
        "id": 7767870233,
        "kind": "poi",
        "button_operated": "yes",
        "crossing": "traffic_signals",
        "crossing:markings": "ladder",
        "highway": "crossing",
        "tactile_paving": "yes",
        "traffic_signals:sound": "yes",
        "traffic_signals:vibration": "no"
      },
      "geometry": {
        "type": "Point",
        "coordinates": [
          -80.2149303,
          25.7903223
        ]
      }
    },
    {
      "type": "Feature",
      "properties": {
        "id": 7767870235,
        "kind": "poi",
        "button_operated": "yes",
        "crossing": "traffic_signals",
        "crossing:markings": "ladder",
        "highway": "crossing",
        "tactile_paving": "yes",
        "traffic_signals:sound": "yes",
        "traffic_signals:vibration": "no"
      },
      "geometry": {
        "type": "Point",
        "coordinates": [
          -80.2149495,
          25.7905876
        ]
      }
    },
    {
      "type": "Feature",
      "properties": {
        "id": 7767870246,
        "kind": "poi",
        "crossing": "traffic_signals",
        "crossing:island": "no",
        "crossing:markings": "ladder",
        "crossing:signals": "yes",
        "highway": "crossing"
      },
      "geometry": {
        "type": "Point",
        "coordinates": [
          -80.2148006,
          25.780364
        ]
      }
    },
    {
      "type": "Feature",
      "properties": {
        "id": 7767870247,
        "kind": "poi",
        "crossing": "traffic_signals",
        "crossing:island": "no",
        "crossing:markings": "ladder",
        "crossing:signals": "yes",
        "highway": "crossing"
      },
      "geometry": {
        "type": "Point",
        "coordinates": [
          -80.2148932,
          25.7803626
        ]
      }
    },
    {
      "type": "Feature",
      "properties": {
        "id": 7770271187,
        "kind": "poi",
        "crossing": "traffic_signals",
        "crossing:markings": "ladder",
        "crossing:signals": "yes",
        "highway": "crossing"
      },
      "geometry": {
        "type": "Point",
        "coordinates": [
          -80.1894101,
          25.8105147
        ]
      }
    },
    {
      "type": "Feature",
      "properties": {
        "id": 7770271202,
        "kind": "poi",
        "crossing": "traffic_signals",
        "crossing:markings": "ladder",
        "highway": "crossing"
      },
      "geometry": {
        "type": "Point",
        "coordinates": [
          -80.1894144,
          25.807872
        ]
      }
    },
    {
      "type": "Feature",
      "properties": {
        "id": 7770271203,
        "kind": "poi",
        "crossing": "traffic_signals",
        "crossing:markings": "ladder",
        "highway": "crossing"
      },
      "geometry": {
        "type": "Point",
        "coordinates": [
          -80.1895252,
          25.8078753
        ]
      }
    },
    {
      "type": "Feature",
      "properties": {
        "id": 7770271212,
        "kind": "poi",
        "crossing": "traffic_signals",
        "crossing:markings": "ladder",
        "crossing:signals": "yes",
        "highway": "crossing"
      },
      "geometry": {
        "type": "Point",
        "coordinates": [
          -80.1895214,
          25.8105126
        ]
      }
    },
    {
      "type": "Feature",
      "properties": {
        "id": 7770318512,
        "kind": "poi",
        "crossing:continuous": "yes",
        "highway": "crossing"
      },
      "geometry": {
        "type": "Point",
        "coordinates": [
          -80.189409,
          25.8031615
        ]
      }
    },
    {
      "type": "Feature",
      "properties": {
        "id": 7770318515,
        "kind": "poi",
        "crossing": "uncontrolled",
        "crossing:markings": "lines",
        "highway": "crossing"
      },
      "geometry": {
        "type": "Point",
        "coordinates": [
          -80.1894112,
          25.8035514
        ]
      }
    },
    {
      "type": "Feature",
      "properties": {
        "id": 7770318518,
        "kind": "poi",
        "crossing": "traffic_signals",
        "crossing:markings": "lines",
        "highway": "crossing"
      },
      "geometry": {
        "type": "Point",
        "coordinates": [
          -80.1893572,
          25.8043589
        ]
      }
    },
    {
      "type": "Feature",
      "properties": {
        "id": 7770318519,
        "kind": "poi",
        "crossing": "traffic_signals",
        "crossing:markings": "lines",
        "highway": "crossing"
      },
      "geometry": {
        "type": "Point",
        "coordinates": [
          -80.1893475,
          25.8041748
        ]
      }
    },
    {
      "type": "Feature",
      "properties": {
        "id": 7770318522,
        "kind": "poi",
        "crossing": "traffic_signals",
        "crossing:markings": "ladder",
        "highway": "crossing"
      },
      "geometry": {
        "type": "Point",
        "coordinates": [
          -80.1894593,
          25.804267
        ]
      }
    },
    {
      "type": "Feature",
      "properties": {
        "id": 7770318527,
        "kind": "poi",
        "crossing": "uncontrolled",
        "crossing:markings": "lines",
        "highway": "crossing"
      },
      "geometry": {
        "type": "Point",
        "coordinates": [
          -80.1895107,
          25.8053591
        ]
      }
    },
    {
      "type": "Feature",
      "properties": {
        "id": 7770318529,
        "kind": "poi",
        "crossing": "uncontrolled",
        "crossing:island": "yes",
        "highway": "crossing"
      },
      "geometry": {
        "type": "Point",
        "coordinates": [
          -80.1894119,
          25.8059441
        ]
      }
    },
    {
      "type": "Feature",
      "properties": {
        "id": 7770318535,
        "kind": "poi",
        "crossing": "uncontrolled",
        "crossing:markings": "lines",
        "highway": "crossing"
      },
      "geometry": {
        "type": "Point",
        "coordinates": [
          -80.1895529,
          25.806449
        ]
      }
    },
    {
      "type": "Feature",
      "properties": {
        "id": 7770318539,
        "kind": "poi",
        "crossing": "uncontrolled",
        "crossing:markings": "ladder",
        "crossing:signed": "yes",
        "crossing_ref": "rrfb",
        "flashing_lights": "button",
        "highway": "crossing"
      },
      "geometry": {
        "type": "Point",
        "coordinates": [
          -80.1894941,
          25.8068537
        ]
      }
    },
    {
      "type": "Feature",
      "properties": {
        "id": 7770318544,
        "kind": "poi",
        "crossing": "uncontrolled",
        "crossing:markings": "lines",
        "highway": "crossing"
      },
      "geometry": {
        "type": "Point",
        "coordinates": [
          -80.1895715,
          25.8071024
        ]
      }
    },
    {
      "type": "Feature",
      "properties": {
        "id": 7770318548,
        "kind": "poi",
        "crossing": "traffic_signals",
        "crossing:markings": "ladder",
        "highway": "crossing"
      },
      "geometry": {
        "type": "Point",
        "coordinates": [
          -80.1894719,
          25.8076783
        ]
      }
    },
    {
      "type": "Feature",
      "properties": {
        "id": 7770318551,
        "kind": "poi",
        "crossing": "traffic_signals",
        "crossing:markings": "ladder",
        "highway": "crossing"
      },
      "geometry": {
        "type": "Point",
        "coordinates": [
          -80.1896019,
          25.8077769
        ]
      }
    },
    {
      "type": "Feature",
      "properties": {
        "id": 7770318555,
        "kind": "poi",
        "crossing": "uncontrolled",
        "crossing:island": "no",
        "crossing:markings": "lines",
        "highway": "crossing",
        "tactile_paving": "yes"
      },
      "geometry": {
        "type": "Point",
        "coordinates": [
          -80.1896125,
          25.8085839
        ]
      }
    },
    {
      "type": "Feature",
      "properties": {
        "id": 7770318561,
        "kind": "poi",
        "crossing": "uncontrolled",
        "crossing:island": "no",
        "crossing:markings": "lines",
        "highway": "crossing",
        "tactile_paving": "yes"
      },
      "geometry": {
        "type": "Point",
        "coordinates": [
          -80.1896249,
          25.8094129
        ]
      }
    },
    {
      "type": "Feature",
      "properties": {
        "id": 7770318566,
        "kind": "poi",
        "crossing": "uncontrolled",
        "crossing:markings": "lines",
        "crossing:signals": "no",
        "highway": "crossing"
      },
      "geometry": {
        "type": "Point",
        "coordinates": [
          -80.1896242,
          25.8101614
        ]
      }
    },
    {
      "type": "Feature",
      "properties": {
        "id": 7770318570,
        "kind": "poi",
        "crossing": "traffic_signals",
        "crossing:markings": "ladder",
        "highway": "crossing"
      },
      "geometry": {
        "type": "Point",
        "coordinates": [
          -80.1896118,
          25.8106316
        ]
      }
    },
    {
      "type": "Feature",
      "properties": {
        "id": 7770318572,
        "kind": "poi",
        "crossing": "traffic_signals",
        "crossing:markings": "ladder",
        "crossing:signals": "yes",
        "highway": "crossing"
      },
      "geometry": {
        "type": "Point",
        "coordinates": [
          -80.1892882,
          25.8106694
        ]
      }
    },
    {
      "type": "Feature",
      "properties": {
        "id": 7770318577,
        "kind": "poi",
        "crossing": "uncontrolled",
        "crossing:markings": "lines",
        "crossing:signals": "no",
        "highway": "crossing"
      },
      "geometry": {
        "type": "Point",
        "coordinates": [
          -80.1893215,
          25.8101671
        ]
      }
    },
    {
      "type": "Feature",
      "properties": {
        "id": 7770318581,
        "kind": "poi",
        "highway": "crossing"
      },
      "geometry": {
        "type": "Point",
        "coordinates": [
          -80.1893613,
          25.8098342
        ]
      }
    },
    {
      "type": "Feature",
      "properties": {
        "id": 7770318583,
        "kind": "poi",
        "crossing": "uncontrolled",
        "crossing:markings": "lines",
        "highway": "crossing"
      },
      "geometry": {
        "type": "Point",
        "coordinates": [
          -80.1893582,
          25.8094214
        ]
      }
    },
    {
      "type": "Feature",
      "properties": {
        "id": 7770322185,
        "kind": "poi",
        "highway": "crossing"
      },
      "geometry": {
        "type": "Point",
        "coordinates": [
          -80.1893628,
          25.8090335
        ]
      }
    },
    {
      "type": "Feature",
      "properties": {
        "id": 7770322188,
        "kind": "poi",
        "crossing": "uncontrolled",
        "crossing:markings": "lines",
        "highway": "crossing"
      },
      "geometry": {
        "type": "Point",
        "coordinates": [
          -80.1893702,
          25.808596
        ]
      }
    },
    {
      "type": "Feature",
      "properties": {
        "id": 7770322191,
        "kind": "poi",
        "highway": "crossing"
      },
      "geometry": {
        "type": "Point",
        "coordinates": [
          -80.1893549,
          25.8084321
        ]
      }
    },
    {
      "type": "Feature",
      "properties": {
        "id": 7770322195,
        "kind": "poi",
        "crossing": "traffic_signals",
        "crossing:markings": "ladder",
        "highway": "crossing"
      },
      "geometry": {
        "type": "Point",
        "coordinates": [
          -80.1893255,
          25.8077861
        ]
      }
    },
    {
      "type": "Feature",
      "properties": {
        "id": 7770322199,
        "kind": "poi",
        "crossing": "uncontrolled",
        "crossing:markings": "lines",
        "highway": "crossing"
      },
      "geometry": {
        "type": "Point",
        "coordinates": [
          -80.1893371,
          25.8071203
        ]
      }
    },
    {
      "type": "Feature",
      "properties": {
        "id": 7770322204,
        "kind": "poi",
        "crossing": "uncontrolled",
        "crossing:markings": "lines",
        "highway": "crossing"
      },
      "geometry": {
        "type": "Point",
        "coordinates": [
          -80.1893099,
          25.806459
        ]
      }
    },
    {
      "type": "Feature",
      "properties": {
        "id": 7770322207,
        "kind": "poi",
        "highway": "crossing"
      },
      "geometry": {
        "type": "Point",
        "coordinates": [
          -80.1892777,
          25.8061395
        ]
      }
    },
    {
      "type": "Feature",
      "properties": {
        "id": 7770322208,
        "kind": "poi",
        "highway": "crossing"
      },
      "geometry": {
        "type": "Point",
        "coordinates": [
          -80.1892611,
          25.8055938
        ]
      }
    },
    {
      "type": "Feature",
      "properties": {
        "id": 7770322211,
        "kind": "poi",
        "crossing": "uncontrolled",
        "crossing:markings": "lines",
        "highway": "crossing"
      },
      "geometry": {
        "type": "Point",
        "coordinates": [
          -80.1892697,
          25.8053629
        ]
      }
    },
    {
      "type": "Feature",
      "properties": {
        "id": 7770322214,
        "kind": "poi",
        "highway": "crossing"
      },
      "geometry": {
        "type": "Point",
        "coordinates": [
          -80.1892398,
          25.8050625
        ]
      }
    },
    {
      "type": "Feature",
      "properties": {
        "id": 7770322217,
        "kind": "poi",
        "crossing": "traffic_signals",
        "crossing:markings": "lines",
        "highway": "crossing"
      },
      "geometry": {
        "type": "Point",
        "coordinates": [
          -80.1892291,
          25.8042728
        ]
      }
    },
    {
      "type": "Feature",
      "properties": {
        "id": 7770322222,
        "kind": "poi",
        "crossing": "uncontrolled",
        "highway": "crossing"
      },
      "geometry": {
        "type": "Point",
        "coordinates": [
          -80.1891874,
          25.8035519
        ]
      }
    },
    {
      "type": "Feature",
      "properties": {
        "id": 7770322229,
        "kind": "poi",
        "crossing": "traffic_signals",
        "crossing:markings": "lines",
        "crossing:signals": "yes",
        "highway": "crossing"
      },
      "geometry": {
        "type": "Point",
        "coordinates": [
          -80.1890198,
          25.7949603
        ]
      }
    },
    {
      "type": "Feature",
      "properties": {
        "id": 7770322230,
        "kind": "poi",
        "crossing": "traffic_signals",
        "crossing:markings": "lines",
        "crossing:signals": "yes",
        "highway": "crossing"
      },
      "geometry": {
        "type": "Point",
        "coordinates": [
          -80.189016,
          25.7947246
        ]
      }
    },
    {
      "type": "Feature",
      "properties": {
        "id": 7770322234,
        "kind": "poi",
        "crossing": "traffic_signals",
        "crossing:markings": "lines",
        "crossing:signals": "yes",
        "highway": "crossing"
      },
      "geometry": {
        "type": "Point",
        "coordinates": [
          -80.1891473,
          25.794838
        ]
      }
    },
    {
      "type": "Feature",
      "properties": {
        "id": 7770322238,
        "kind": "poi",
        "crossing": "uncontrolled",
        "crossing:markings": "lines",
        "highway": "crossing"
      },
      "geometry": {
        "type": "Point",
        "coordinates": [
          -80.1891444,
          25.7954351
        ]
      }
    },
    {
      "type": "Feature",
      "properties": {
        "id": 7770322241,
        "kind": "poi",
        "highway": "crossing"
      },
      "geometry": {
        "type": "Point",
        "coordinates": [
          -80.1891794,
          25.7958172
        ]
      }
    },
    {
      "type": "Feature",
      "properties": {
        "id": 7770322244,
        "kind": "poi",
        "crossing": "uncontrolled",
        "crossing:island": "no",
        "crossing:markings": "lines",
        "highway": "crossing",
        "tactile_paving": "yes"
      },
      "geometry": {
        "type": "Point",
        "coordinates": [
          -80.1891613,
          25.7961972
        ]
      }
    },
    {
      "type": "Feature",
      "properties": {
        "id": 7770322246,
        "kind": "poi",
        "crossing": "traffic_signals",
        "crossing:markings": "lines",
        "highway": "crossing"
      },
      "geometry": {
        "type": "Point",
        "coordinates": [
          -80.1890469,
          25.7970265
        ]
      }
    },
    {
      "type": "Feature",
      "properties": {
        "id": 7770322248,
        "kind": "poi",
        "crossing": "traffic_signals",
        "crossing:markings": "lines",
        "highway": "crossing"
      },
      "geometry": {
        "type": "Point",
        "coordinates": [
          -80.1890493,
          25.7972452
        ]
      }
    },
    {
      "type": "Feature",
      "properties": {
        "id": 7770322250,
        "kind": "poi",
        "highway": "crossing"
      },
      "geometry": {
        "type": "Point",
        "coordinates": [
          -80.1891929,
          25.7966329
        ]
      }
    },
    {
      "type": "Feature",
      "properties": {
        "id": 7770322253,
        "kind": "poi",
        "crossing": "traffic_signals",
        "crossing:markings": "lines",
        "highway": "crossing",
        "tactile_paving": "yes"
      },
      "geometry": {
        "type": "Point",
        "coordinates": [
          -80.1891776,
          25.7971312
        ]
      }
    },
    {
      "type": "Feature",
      "properties": {
        "id": 7770322256,
        "kind": "poi",
        "crossing": "traffic_signals",
        "crossing:markings": "lines",
        "highway": "crossing"
      },
      "geometry": {
        "type": "Point",
        "coordinates": [
          -80.1890616,
          25.7982531
        ]
      }
    },
    {
      "type": "Feature",
      "properties": {
        "id": 7770322257,
        "kind": "poi",
        "crossing": "traffic_signals",
        "crossing:markings": "lines",
        "highway": "crossing"
      },
      "geometry": {
        "type": "Point",
        "coordinates": [
          -80.1890555,
          25.7979906
        ]
      }
    },
    {
      "type": "Feature",
      "properties": {
        "id": 7770322261,
        "kind": "poi",
        "crossing": "traffic_signals",
        "crossing:markings": "ladder",
        "highway": "crossing"
      },
      "geometry": {
        "type": "Point",
        "coordinates": [
          -80.1891794,
          25.7981201
        ]
      }
    },
    {
      "type": "Feature",
      "properties": {
        "id": 7770322266,
        "kind": "poi",
        "crossing": "uncontrolled",
        "highway": "crossing"
      },
      "geometry": {
        "type": "Point",
        "coordinates": [
          -80.189213,
          25.7991512
        ]
      }
    },
    {
      "type": "Feature",
      "properties": {
        "id": 7770322270,
        "kind": "poi",
        "crossing": "uncontrolled",
        "crossing:island": "yes",
        "highway": "crossing",
        "tactile_paving": "yes"
      },
      "geometry": {
        "type": "Point",
        "coordinates": [
          -80.189115,
          25.7998022
        ]
      }
    },
    {
      "type": "Feature",
      "properties": {
        "id": 7770322275,
        "kind": "poi",
        "crossing": "uncontrolled",
        "crossing:markings": "lines",
        "highway": "crossing"
      },
      "geometry": {
        "type": "Point",
        "coordinates": [
          -80.189252,
          25.8001984
        ]
      }
    },
    {
      "type": "Feature",
      "properties": {
        "id": 7770322277,
        "kind": "poi",
        "crossing": "uncontrolled",
        "crossing:island": "yes",
        "crossing:markings": "ladder",
        "highway": "crossing"
      },
      "geometry": {
        "type": "Point",
        "coordinates": [
          -80.1891369,
          25.8006158
        ]
      }
    },
    {
      "type": "Feature",
      "properties": {
        "id": 7770322284,
        "kind": "poi",
        "crossing": "uncontrolled",
        "crossing:markings": "lines",
        "highway": "crossing"
      },
      "geometry": {
        "type": "Point",
        "coordinates": [
          -80.1892786,
          25.8009389
        ]
      }
    },
    {
      "type": "Feature",
      "properties": {
        "id": 7770322287,
        "kind": "poi",
        "crossing": "traffic_signals",
        "crossing:markings": "lines",
        "highway": "crossing"
      },
      "geometry": {
        "type": "Point",
        "coordinates": [
          -80.1891653,
          25.801544
        ]
      }
    },
    {
      "type": "Feature",
      "properties": {
        "id": 7770322289,
        "kind": "poi",
        "crossing": "traffic_signals",
        "crossing:markings": "lines",
        "highway": "crossing"
      },
      "geometry": {
        "type": "Point",
        "coordinates": [
          -80.1891763,
          25.8017491
        ]
      }
    },
    {
      "type": "Feature",
      "properties": {
        "id": 7770322293,
        "kind": "poi",
        "crossing": "traffic_signals",
        "crossing:markings": "lines",
        "highway": "crossing"
      },
      "geometry": {
        "type": "Point",
        "coordinates": [
          -80.189298,
          25.801645
        ]
      }
    },
    {
      "type": "Feature",
      "properties": {
        "id": 7770322298,
        "kind": "poi",
        "crossing": "uncontrolled",
        "crossing:markings": "lines",
        "highway": "crossing"
      },
      "geometry": {
        "type": "Point",
        "coordinates": [
          -80.1893112,
          25.8022669
        ]
      }
    },
    {
      "type": "Feature",
      "properties": {
        "id": 7770322303,
        "kind": "poi",
        "crossing": "uncontrolled",
        "crossing:markings": "lines",
        "highway": "crossing"
      },
      "geometry": {
        "type": "Point",
        "coordinates": [
          -80.1893627,
          25.8028541
        ]
      }
    },
    {
      "type": "Feature",
      "properties": {
        "id": 7770322306,
        "kind": "poi",
        "crossing": "uncontrolled",
        "crossing:markings": "lines",
        "highway": "crossing"
      },
      "geometry": {
        "type": "Point",
        "coordinates": [
          -80.1891313,
          25.8028562
        ]
      }
    },
    {
      "type": "Feature",
      "properties": {
        "id": 7770322311,
        "kind": "poi",
        "crossing": "uncontrolled",
        "crossing:markings": "lines",
        "highway": "crossing"
      },
      "geometry": {
        "type": "Point",
        "coordinates": [
          -80.1890885,
          25.8022723
        ]
      }
    },
    {
      "type": "Feature",
      "properties": {
        "id": 7770322316,
        "kind": "poi",
        "crossing": "traffic_signals",
        "crossing:markings": "lines",
        "highway": "crossing"
      },
      "geometry": {
        "type": "Point",
        "coordinates": [
          -80.1890645,
          25.8016534
        ]
      }
    },
    {
      "type": "Feature",
      "properties": {
        "id": 7770322321,
        "kind": "poi",
        "crossing": "uncontrolled",
        "highway": "crossing"
      },
      "geometry": {
        "type": "Point",
        "coordinates": [
          -80.1890467,
          25.8009472
        ]
      }
    },
    {
      "type": "Feature",
      "properties": {
        "id": 7770322326,
        "kind": "poi",
        "crossing": "uncontrolled",
        "highway": "crossing"
      },
      "geometry": {
        "type": "Point",
        "coordinates": [
          -80.1890212,
          25.8002064
        ]
      }
    },
    {
      "type": "Feature",
      "properties": {
        "id": 7770322331,
        "kind": "poi",
        "crossing": "uncontrolled",
        "crossing:markings": "lines",
        "highway": "crossing"
      },
      "geometry": {
        "type": "Point",
        "coordinates": [
          -80.1889883,
          25.7991565
        ]
      }
    },
    {
      "type": "Feature",
      "properties": {
        "id": 7770322334,
        "kind": "poi",
        "highway": "crossing"
      },
      "geometry": {
        "type": "Point",
        "coordinates": [
          -80.1889503,
          25.7987577
        ]
      }
    },
    {
      "type": "Feature",
      "properties": {
        "id": 7770322335,
        "kind": "poi",
        "highway": "crossing"
      },
      "geometry": {
        "type": "Point",
        "coordinates": [
          -80.1889434,
          25.7985358
        ]
      }
    },
    {
      "type": "Feature",
      "properties": {
        "id": 7770322338,
        "kind": "poi",
        "crossing": "traffic_signals",
        "crossing:markings": "lines",
        "highway": "crossing"
      },
      "geometry": {
        "type": "Point",
        "coordinates": [
          -80.1889549,
          25.798127
        ]
      }
    },
    {
      "type": "Feature",
      "properties": {
        "id": 7770322343,
        "kind": "poi",
        "crossing": "traffic_signals",
        "crossing:markings": "lines",
        "highway": "crossing"
      },
      "geometry": {
        "type": "Point",
        "coordinates": [
          -80.1889374,
          25.7971353
        ]
      }
    },
    {
      "type": "Feature",
      "properties": {
        "id": 7770322350,
        "kind": "poi",
        "crossing": "marked",
        "crossing:markings": "yes",
        "highway": "crossing"
      },
      "geometry": {
        "type": "Point",
        "coordinates": [
          -80.1889357,
          25.7961999
        ]
      }
    },
    {
      "type": "Feature",
      "properties": {
        "id": 7770322356,
        "kind": "poi",
        "crossing": "traffic_signals",
        "crossing:markings": "lines",
        "crossing:signals": "yes",
        "highway": "crossing"
      },
      "geometry": {
        "type": "Point",
        "coordinates": [
          -80.1888912,
          25.7948448
        ]
      }
    },
    {
      "type": "Feature",
      "properties": {
        "id": 7770322366,
        "kind": "poi",
        "crossing": "uncontrolled",
        "crossing:island": "no",
        "crossing:markings": "lines",
        "crossing:signals": "no",
        "highway": "crossing",
        "tactile_paving": "yes"
      },
      "geometry": {
        "type": "Point",
        "coordinates": [
          -80.1891864,
          25.7900076
        ]
      }
    },
    {
      "type": "Feature",
      "properties": {
        "id": 7770322371,
        "kind": "poi",
        "crossing": "uncontrolled",
        "crossing:markings": "lines",
        "crossing:signals": "no",
        "highway": "crossing"
      },
      "geometry": {
        "type": "Point",
        "coordinates": [
          -80.1891611,
          25.790536
        ]
      }
    },
    {
      "type": "Feature",
      "properties": {
        "id": 7770322375,
        "kind": "poi",
        "crossing": "traffic_signals",
        "crossing:markings": "lines",
        "crossing:signals": "yes",
        "highway": "crossing"
      },
      "geometry": {
        "type": "Point",
        "coordinates": [
          -80.1890249,
          25.7912302
        ]
      }
    },
    {
      "type": "Feature",
      "properties": {
        "id": 7770322377,
        "kind": "poi",
        "highway": "crossing"
      },
      "geometry": {
        "type": "Point",
        "coordinates": [
          -80.1891714,
          25.790885
        ]
      }
    },
    {
      "type": "Feature",
      "properties": {
        "id": 7770322380,
        "kind": "poi",
        "crossing": "traffic_signals",
        "crossing:markings": "lines",
        "crossing:signals": "yes",
        "highway": "crossing"
      },
      "geometry": {
        "type": "Point",
        "coordinates": [
          -80.1891262,
          25.7913227
        ]
      }
    },
    {
      "type": "Feature",
      "properties": {
        "id": 7770322381,
        "kind": "poi",
        "crossing": "traffic_signals",
        "crossing:markings": "lines",
        "crossing:signals": "yes",
        "highway": "crossing"
      },
      "geometry": {
        "type": "Point",
        "coordinates": [
          -80.1891214,
          25.7914356
        ]
      }
    },
    {
      "type": "Feature",
      "properties": {
        "id": 7770322384,
        "kind": "poi",
        "crossing": "unmarked",
        "crossing:markings": "no",
        "highway": "crossing"
      },
      "geometry": {
        "type": "Point",
        "coordinates": [
          -80.1891312,
          25.7915872
        ]
      }
    },
    {
      "type": "Feature",
      "properties": {
        "id": 7770322387,
        "kind": "poi",
        "crossing": "traffic_signals",
        "crossing:markings": "ladder",
        "crossing:signals": "yes",
        "highway": "crossing"
      },
      "geometry": {
        "type": "Point",
        "coordinates": [
          -80.188985,
          25.7922035
        ]
      }
    },
    {
      "type": "Feature",
      "properties": {
        "id": 7770322388,
        "kind": "poi",
        "crossing": "traffic_signals",
        "crossing:markings": "ladder",
        "crossing:signals": "yes",
        "highway": "crossing"
      },
      "geometry": {
        "type": "Point",
        "coordinates": [
          -80.1889813,
          25.7924707
        ]
      }
    },
    {
      "type": "Feature",
      "properties": {
        "id": 7770322392,
        "kind": "poi",
        "crossing": "traffic_signals",
        "crossing:markings": "ladder",
        "crossing:signals": "yes",
        "highway": "crossing"
      },
      "geometry": {
        "type": "Point",
        "coordinates": [
          -80.1890863,
          25.7923294
        ]
      }
    },
    {
      "type": "Feature",
      "properties": {
        "id": 7770322401,
        "kind": "poi",
        "crossing": "unmarked",
        "crossing:markings": "no",
        "highway": "crossing"
      },
      "geometry": {
        "type": "Point",
        "coordinates": [
          -80.1888443,
          25.7931861
        ]
      }
    },
    {
      "type": "Feature",
      "properties": {
        "id": 7770322404,
        "kind": "poi",
        "crossing": "traffic_signals",
        "crossing:markings": "ladder",
        "crossing:signals": "yes",
        "highway": "crossing"
      },
      "geometry": {
        "type": "Point",
        "coordinates": [
          -80.1888126,
          25.7923372
        ]
      }
    },
    {
      "type": "Feature",
      "properties": {
        "id": 7797167638,
        "kind": "poi",
        "crossing": "uncontrolled",
        "crossing:markings": "ladder",
        "highway": "crossing"
      },
      "geometry": {
        "type": "Point",
        "coordinates": [
          -80.2265822,
          25.7595178
        ]
      }
    },
    {
      "type": "Feature",
      "properties": {
        "id": 7797167641,
        "kind": "poi",
        "crossing": "uncontrolled",
        "crossing:markings": "ladder",
        "highway": "crossing"
      },
      "geometry": {
        "type": "Point",
        "coordinates": [
          -80.2265841,
          25.7595606
        ]
      }
    },
    {
      "type": "Feature",
      "properties": {
        "id": 7797167646,
        "kind": "poi",
        "crossing": "uncontrolled",
        "crossing:markings": "ladder",
        "highway": "crossing"
      },
      "geometry": {
        "type": "Point",
        "coordinates": [
          -80.226436,
          25.7597413
        ]
      }
    },
    {
      "type": "Feature",
      "properties": {
        "id": 7797167649,
        "kind": "poi",
        "crossing": "uncontrolled",
        "crossing:markings": "ladder",
        "highway": "crossing"
      },
      "geometry": {
        "type": "Point",
        "coordinates": [
          -80.2263884,
          25.7597429
        ]
      }
    },
    {
      "type": "Feature",
      "properties": {
        "id": 7797167654,
        "kind": "poi",
        "crossing": "uncontrolled",
        "crossing:markings": "ladder",
        "highway": "crossing"
      },
      "geometry": {
        "type": "Point",
        "coordinates": [
          -80.2262327,
          25.7596116
        ]
      }
    },
    {
      "type": "Feature",
      "properties": {
        "id": 7797167657,
        "kind": "poi",
        "crossing": "uncontrolled",
        "crossing:markings": "ladder",
        "highway": "crossing"
      },
      "geometry": {
        "type": "Point",
        "coordinates": [
          -80.2262245,
          25.7595667
        ]
      }
    },
    {
      "type": "Feature",
      "properties": {
        "id": 7797167662,
        "kind": "poi",
        "crossing": "uncontrolled",
        "crossing:markings": "ladder",
        "highway": "crossing"
      },
      "geometry": {
        "type": "Point",
        "coordinates": [
          -80.2263754,
          25.7593962
        ]
      }
    },
    {
      "type": "Feature",
      "properties": {
        "id": 7797167665,
        "kind": "poi",
        "crossing": "uncontrolled",
        "crossing:markings": "ladder",
        "highway": "crossing"
      },
      "geometry": {
        "type": "Point",
        "coordinates": [
          -80.2264227,
          25.7593979
        ]
      }
    },
    {
      "type": "Feature",
      "properties": {
        "id": 7797176127,
        "kind": "poi",
        "crossing": "uncontrolled",
        "crossing:markings": "lines",
        "highway": "crossing"
      },
      "geometry": {
        "type": "Point",
        "coordinates": [
          -80.2246239,
          25.7608274
        ]
      }
    },
    {
      "type": "Feature",
      "properties": {
        "id": 7797176129,
        "kind": "poi",
        "crossing": "uncontrolled",
        "crossing:markings": "lines",
        "highway": "crossing"
      },
      "geometry": {
        "type": "Point",
        "coordinates": [
          -80.2242061,
          25.7608383
        ]
      }
    },
    {
      "type": "Feature",
      "properties": {
        "id": 7797179261,
        "kind": "poi",
        "crossing": "uncontrolled",
        "crossing:markings": "ladder",
        "crossing:signals": "no",
        "highway": "crossing"
      },
      "geometry": {
        "type": "Point",
        "coordinates": [
          -80.2223606,
          25.7599949
        ]
      }
    },
    {
      "type": "Feature",
      "properties": {
        "id": 7797179263,
        "kind": "poi",
        "crossing": "uncontrolled",
        "crossing:island": "no",
        "crossing:markings": "ladder",
        "crossing:signals": "no",
        "highway": "crossing",
        "tactile_paving": "yes"
      },
      "geometry": {
        "type": "Point",
        "coordinates": [
          -80.2224239,
          25.7641275
        ]
      }
    },
    {
      "type": "Feature",
      "properties": {
        "id": 7797179264,
        "kind": "poi",
        "crossing": "uncontrolled",
        "crossing:island": "no",
        "crossing:markings": "ladder",
        "crossing:signals": "no",
        "highway": "crossing"
      },
      "geometry": {
        "type": "Point",
        "coordinates": [
          -80.2224915,
          25.7649235
        ]
      }
    },
    {
      "type": "Feature",
      "properties": {
        "id": 7797182207,
        "kind": "poi",
        "crossing": "uncontrolled",
        "crossing:markings": "lines",
        "highway": "crossing"
      },
      "geometry": {
        "type": "Point",
        "coordinates": [
          -80.2243875,
          25.7606406
        ]
      }
    },
    {
      "type": "Feature",
      "properties": {
        "id": 7797182210,
        "kind": "poi",
        "crossing": "uncontrolled",
        "crossing:markings": "lines",
        "highway": "crossing"
      },
      "geometry": {
        "type": "Point",
        "coordinates": [
          -80.2244385,
          25.7606406
        ]
      }
    },
    {
      "type": "Feature",
      "properties": {
        "id": 7797182219,
        "kind": "poi",
        "crossing": "uncontrolled",
        "crossing:markings": "lines",
        "highway": "crossing"
      },
      "geometry": {
        "type": "Point",
        "coordinates": [
          -80.2244522,
          25.7610252
        ]
      }
    },
    {
      "type": "Feature",
      "properties": {
        "id": 7797182222,
        "kind": "poi",
        "crossing": "uncontrolled",
        "crossing:markings": "lines",
        "highway": "crossing"
      },
      "geometry": {
        "type": "Point",
        "coordinates": [
          -80.2243991,
          25.7610287
        ]
      }
    },
    {
      "type": "Feature",
      "properties": {
        "id": 7797229185,
        "kind": "poi",
        "crossing": "uncontrolled",
        "crossing:markings": "ladder",
        "crossing:signals": "no",
        "highway": "crossing"
      },
      "geometry": {
        "type": "Point",
        "coordinates": [
          -80.2283747,
          25.7579656
        ]
      }
    },
    {
      "type": "Feature",
      "properties": {
        "id": 7797229187,
        "kind": "poi",
        "crossing": "uncontrolled",
        "crossing:markings": "ladder",
        "crossing:signals": "no",
        "highway": "crossing"
      },
      "geometry": {
        "type": "Point",
        "coordinates": [
          -80.2283869,
          25.7583283
        ]
      }
    },
    {
      "type": "Feature",
      "properties": {
        "id": 7797693733,
        "kind": "poi",
        "crossing": "traffic_signals",
        "crossing:markings": "ladder",
        "highway": "crossing"
      },
      "geometry": {
        "type": "Point",
        "coordinates": [
          -80.1894373,
          25.8107548
        ]
      }
    },
    {
      "type": "Feature",
      "properties": {
        "id": 7797693736,
        "kind": "poi",
        "crossing": "traffic_signals",
        "crossing:markings": "ladder",
        "crossing:signals": "yes",
        "highway": "crossing"
      },
      "geometry": {
        "type": "Point",
        "coordinates": [
          -80.1892858,
          25.8105993
        ]
      }
    },
    {
      "type": "Feature",
      "properties": {
        "id": 7836144922,
        "kind": "poi",
        "crossing": "uncontrolled",
        "crossing:island": "no",
        "crossing:markings": "zebra",
        "crossing:signals": "no",
        "highway": "crossing"
      },
      "geometry": {
        "type": "Point",
        "coordinates": [
          -80.2206946,
          25.7632998
        ]
      }
    },
    {
      "type": "Feature",
      "properties": {
        "id": 7836144967,
        "kind": "poi",
        "crossing": "uncontrolled",
        "crossing:island": "no",
        "crossing:markings": "zebra",
        "crossing:signals": "no",
        "highway": "crossing"
      },
      "geometry": {
        "type": "Point",
        "coordinates": [
          -80.22044,
          25.7634884
        ]
      }
    },
    {
      "type": "Feature",
      "properties": {
        "id": 7836144968,
        "kind": "poi",
        "crossing": "uncontrolled",
        "crossing:island": "no",
        "crossing:markings": "zebra",
        "crossing:signals": "no",
        "highway": "crossing"
      },
      "geometry": {
        "type": "Point",
        "coordinates": [
          -80.2204255,
          25.7631318
        ]
      }
    },
    {
      "type": "Feature",
      "properties": {
        "id": 7836144970,
        "kind": "poi",
        "crossing": "uncontrolled",
        "crossing:island": "no",
        "crossing:markings": "zebra",
        "crossing:signals": "no",
        "highway": "crossing"
      },
      "geometry": {
        "type": "Point",
        "coordinates": [
          -80.2202432,
          25.7633134
        ]
      }
    },
    {
      "type": "Feature",
      "properties": {
        "id": 7836161036,
        "kind": "poi",
        "crossing": "uncontrolled",
        "crossing:markings": "lines",
        "highway": "crossing"
      },
      "geometry": {
        "type": "Point",
        "coordinates": [
          -80.2260127,
          25.7544585
        ]
      }
    },
    {
      "type": "Feature",
      "properties": {
        "id": 7836161037,
        "kind": "poi",
        "crossing": "uncontrolled",
        "crossing:markings": "lines",
        "highway": "crossing"
      },
      "geometry": {
        "type": "Point",
        "coordinates": [
          -80.2262224,
          25.7546305
        ]
      }
    },
    {
      "type": "Feature",
      "properties": {
        "id": 7836161038,
        "kind": "poi",
        "crossing": "uncontrolled",
        "crossing:markings": "lines",
        "highway": "crossing"
      },
      "geometry": {
        "type": "Point",
        "coordinates": [
          -80.2262019,
          25.754277
        ]
      }
    },
    {
      "type": "Feature",
      "properties": {
        "id": 7836161039,
        "kind": "poi",
        "crossing": "uncontrolled",
        "crossing:markings": "lines",
        "highway": "crossing"
      },
      "geometry": {
        "type": "Point",
        "coordinates": [
          -80.2264479,
          25.7544553
        ]
      }
    },
    {
      "type": "Feature",
      "properties": {
        "id": 7855018986,
        "kind": "poi",
        "crossing": "unmarked",
        "crossing:markings": "no",
        "highway": "crossing"
      },
      "geometry": {
        "type": "Point",
        "coordinates": [
          -80.228381,
          25.7562987
        ]
      }
    },
    {
      "type": "Feature",
      "properties": {
        "id": 7855018989,
        "kind": "poi",
        "highway": "crossing"
      },
      "geometry": {
        "type": "Point",
        "coordinates": [
          -80.229776,
          25.7561942
        ]
      }
    },
    {
      "type": "Feature",
      "properties": {
        "id": 7879682755,
        "kind": "poi",
        "crossing": "uncontrolled",
        "crossing:markings": "ladder",
        "highway": "crossing"
      },
      "geometry": {
        "type": "Point",
        "coordinates": [
          -80.2356559,
          25.7405882
        ]
      }
    },
    {
      "type": "Feature",
      "properties": {
        "id": 7882410564,
        "kind": "poi",
        "crossing": "uncontrolled",
        "crossing:markings": "lines",
        "highway": "crossing"
      },
      "geometry": {
        "type": "Point",
        "coordinates": [
          -80.2154265,
          25.7502725
        ]
      }
    },
    {
      "type": "Feature",
      "properties": {
        "id": 7882410565,
        "kind": "poi",
        "crossing": "uncontrolled",
        "crossing:markings": "lines",
        "highway": "crossing"
      },
      "geometry": {
        "type": "Point",
        "coordinates": [
          -80.2153145,
          25.7503441
        ]
      }
    },
    {
      "type": "Feature",
      "properties": {
        "id": 7882410572,
        "kind": "poi",
        "crossing": "unmarked",
        "crossing:markings": "no",
        "highway": "crossing"
      },
      "geometry": {
        "type": "Point",
        "coordinates": [
          -80.214689,
          25.7502849
        ]
      }
    },
    {
      "type": "Feature",
      "properties": {
        "id": 7882410582,
        "kind": "poi",
        "crossing": "uncontrolled",
        "crossing:markings": "yes",
        "highway": "crossing"
      },
      "geometry": {
        "type": "Point",
        "coordinates": [
          -80.2120052,
          25.7498872
        ]
      }
    },
    {
      "type": "Feature",
      "properties": {
        "id": 7882454024,
        "kind": "poi",
        "crossing": "uncontrolled",
        "crossing:markings": "lines",
        "highway": "crossing"
      },
      "geometry": {
        "type": "Point",
        "coordinates": [
          -80.2131522,
          25.7512415
        ]
      }
    },
    {
      "type": "Feature",
      "properties": {
        "id": 7882454025,
        "kind": "poi",
        "crossing": "uncontrolled",
        "crossing:markings": "lines",
        "crossing:signals": "no",
        "highway": "crossing"
      },
      "geometry": {
        "type": "Point",
        "coordinates": [
          -80.2130076,
          25.7511223
        ]
      }
    },
    {
      "type": "Feature",
      "properties": {
        "id": 7882454039,
        "kind": "poi",
        "crossing": "unmarked",
        "crossing:markings": "no",
        "highway": "crossing"
      },
      "geometry": {
        "type": "Point",
        "coordinates": [
          -80.2146533,
          25.7507585
        ]
      }
    },
    {
      "type": "Feature",
      "properties": {
        "id": 7882454082,
        "kind": "poi",
        "highway": "crossing"
      },
      "geometry": {
        "type": "Point",
        "coordinates": [
          -80.2110369,
          25.7505028
        ]
      }
    },
    {
      "type": "Feature",
      "properties": {
        "id": 7895734229,
        "kind": "poi",
        "highway": "crossing"
      },
      "geometry": {
        "type": "Point",
        "coordinates": [
          -80.253034,
          25.7628879
        ]
      }
    },
    {
      "type": "Feature",
      "properties": {
        "id": 7895734232,
        "kind": "poi",
        "highway": "crossing"
      },
      "geometry": {
        "type": "Point",
        "coordinates": [
          -80.2521069,
          25.7629219
        ]
      }
    },
    {
      "type": "Feature",
      "properties": {
        "id": 7896418629,
        "kind": "poi",
        "highway": "crossing"
      },
      "geometry": {
        "type": "Point",
        "coordinates": [
          -80.2601329,
          25.8051156
        ]
      }
    },
    {
      "type": "Feature",
      "properties": {
        "id": 7899245208,
        "kind": "poi",
        "crossing": "uncontrolled",
        "crossing:markings": "lines",
        "highway": "crossing"
      },
      "geometry": {
        "type": "Point",
        "coordinates": [
          -80.2230133,
          25.7832095
        ]
      }
    },
    {
      "type": "Feature",
      "properties": {
        "id": 7899261129,
        "kind": "poi",
        "crossing": "uncontrolled",
        "crossing:markings": "ladder",
        "crossing:signals": "no",
        "highway": "crossing"
      },
      "geometry": {
        "type": "Point",
        "coordinates": [
          -80.2029982,
          25.7508267
        ]
      }
    },
    {
      "type": "Feature",
      "properties": {
        "id": 7903083768,
        "kind": "poi",
        "button_operated": "no",
        "crossing": "traffic_signals",
        "crossing:markings": "zebra",
        "highway": "crossing",
        "tactile_paving": "yes",
        "traffic_signals:sound": "no",
        "traffic_signals:vibration": "no"
      },
      "geometry": {
        "type": "Point",
        "coordinates": [
          -80.2224053,
          25.7656316
        ]
      }
    },
    {
      "type": "Feature",
      "properties": {
        "id": 7903083769,
        "kind": "poi",
        "crossing": "traffic_signals",
        "crossing:island": "no",
        "crossing:markings": "ladder",
        "crossing:signals": "yes",
        "highway": "crossing",
        "tactile_paving": "yes"
      },
      "geometry": {
        "type": "Point",
        "coordinates": [
          -80.2241749,
          25.7655864
        ]
      }
    },
    {
      "type": "Feature",
      "properties": {
        "id": 7903083771,
        "kind": "poi",
        "button_operated": "no",
        "crossing": "traffic_signals",
        "crossing:markings": "zebra",
        "highway": "crossing",
        "tactile_paving": "yes",
        "traffic_signals:sound": "no",
        "traffic_signals:vibration": "no"
      },
      "geometry": {
        "type": "Point",
        "coordinates": [
          -80.2226232,
          25.7656251
        ]
      }
    },
    {
      "type": "Feature",
      "properties": {
        "id": 7903083772,
        "kind": "poi",
        "button_operated": "no",
        "crossing": "traffic_signals",
        "crossing:island": "no",
        "crossing:markings": "zebra",
        "highway": "crossing",
        "tactile_paving": "yes",
        "traffic_signals:sound": "no",
        "traffic_signals:vibration": "no"
      },
      "geometry": {
        "type": "Point",
        "coordinates": [
          -80.2225146,
          25.7657192
        ]
      }
    },
    {
      "type": "Feature",
      "properties": {
        "id": 7903083775,
        "kind": "poi",
        "highway": "crossing"
      },
      "geometry": {
        "type": "Point",
        "coordinates": [
          -80.2229848,
          25.7657073
        ]
      }
    },
    {
      "type": "Feature",
      "properties": {
        "id": 7903083776,
        "kind": "poi",
        "highway": "crossing"
      },
      "geometry": {
        "type": "Point",
        "coordinates": [
          -80.2240566,
          25.7656711
        ]
      }
    },
    {
      "type": "Feature",
      "properties": {
        "id": 7903083778,
        "kind": "poi",
        "button_operated": "no",
        "crossing": "traffic_signals",
        "crossing:markings": "zebra",
        "highway": "crossing",
        "tactile_paving": "yes",
        "traffic_signals:sound": "no",
        "traffic_signals:vibration": "no"
      },
      "geometry": {
        "type": "Point",
        "coordinates": [
          -80.2225536,
          25.7655402
        ]
      }
    },
    {
      "type": "Feature",
      "properties": {
        "id": 7903137288,
        "kind": "poi",
        "crossing": "unmarked",
        "crossing:markings": "no",
        "highway": "crossing"
      },
      "geometry": {
        "type": "Point",
        "coordinates": [
          -80.2240324,
          25.7655058
        ]
      }
    },
    {
      "type": "Feature",
      "properties": {
        "id": 7903137295,
        "kind": "poi",
        "button_operated": "yes",
        "crossing": "traffic_signals",
        "crossing:markings": "ladder",
        "highway": "crossing",
        "tactile_paving": "yes"
      },
      "geometry": {
        "type": "Point",
        "coordinates": [
          -80.2253521,
          25.7655555
        ]
      }
    },
    {
      "type": "Feature",
      "properties": {
        "id": 7903137298,
        "kind": "poi",
        "crossing": "traffic_signals",
        "crossing:island": "no",
        "crossing:markings": "ladder",
        "crossing:signals": "yes",
        "highway": "crossing"
      },
      "geometry": {
        "type": "Point",
        "coordinates": [
          -80.2265267,
          25.7655266
        ]
      }
    },
    {
      "type": "Feature",
      "properties": {
        "id": 7903137299,
        "kind": "poi",
        "crossing": "traffic_signals",
        "crossing:island": "no",
        "crossing:markings": "ladder",
        "crossing:signals": "yes",
        "highway": "crossing"
      },
      "geometry": {
        "type": "Point",
        "coordinates": [
          -80.2267079,
          25.765521
        ]
      }
    },
    {
      "type": "Feature",
      "properties": {
        "id": 7903137310,
        "kind": "poi",
        "crossing": "traffic_signals",
        "crossing:markings": "ladder",
        "highway": "crossing",
        "tactile_paving": "yes"
      },
      "geometry": {
        "type": "Point",
        "coordinates": [
          -80.2275827,
          25.7654981
        ]
      }
    },
    {
      "type": "Feature",
      "properties": {
        "id": 7903137312,
        "kind": "poi",
        "crossing": "uncontrolled",
        "crossing:island": "no",
        "crossing:markings": "lines",
        "crossing:signals": "no",
        "highway": "crossing"
      },
      "geometry": {
        "type": "Point",
        "coordinates": [
          -80.2245911,
          25.7656623
        ]
      }
    },
    {
      "type": "Feature",
      "properties": {
        "id": 7903137316,
        "kind": "poi",
        "highway": "crossing"
      },
      "geometry": {
        "type": "Point",
        "coordinates": [
          -80.225888,
          25.7656247
        ]
      }
    },
    {
      "type": "Feature",
      "properties": {
        "id": 7903137319,
        "kind": "poi",
        "crossing": "traffic_signals",
        "crossing:island": "no",
        "crossing:markings": "ladder",
        "crossing:signals": "yes",
        "highway": "crossing",
        "tactile_paving": "yes"
      },
      "geometry": {
        "type": "Point",
        "coordinates": [
          -80.2266216,
          25.7656163
        ]
      }
    },
    {
      "type": "Feature",
      "properties": {
        "id": 7903137322,
        "kind": "poi",
        "crossing": "uncontrolled",
        "highway": "crossing"
      },
      "geometry": {
        "type": "Point",
        "coordinates": [
          -80.227464,
          25.7655828
        ]
      }
    },
    {
      "type": "Feature",
      "properties": {
        "id": 7903137323,
        "kind": "poi",
        "crossing": "marked",
        "crossing:markings": "yes",
        "highway": "crossing"
      },
      "geometry": {
        "type": "Point",
        "coordinates": [
          -80.2276811,
          25.7655768
        ]
      }
    },
    {
      "type": "Feature",
      "properties": {
        "id": 7903137324,
        "kind": "poi",
        "crossing": "marked",
        "crossing:markings": "yes",
        "highway": "crossing"
      },
      "geometry": {
        "type": "Point",
        "coordinates": [
          -80.2277995,
          25.7655743
        ]
      }
    },
    {
      "type": "Feature",
      "properties": {
        "id": 7903137325,
        "kind": "poi",
        "crossing": "marked",
        "crossing:markings": "yes",
        "highway": "crossing",
        "tactile_paving": "no"
      },
      "geometry": {
        "type": "Point",
        "coordinates": [
          -80.2284981,
          25.7655592
        ]
      }
    },
    {
      "type": "Feature",
      "properties": {
        "id": 7903137330,
        "kind": "poi",
        "crossing": "marked",
        "crossing:markings": "yes",
        "highway": "crossing"
      },
      "geometry": {
        "type": "Point",
        "coordinates": [
          -80.2289332,
          25.7656597
        ]
      }
    },
    {
      "type": "Feature",
      "properties": {
        "id": 7903137332,
        "kind": "poi",
        "crossing": "traffic_signals",
        "crossing:markings": "ladder",
        "highway": "crossing"
      },
      "geometry": {
        "type": "Point",
        "coordinates": [
          -80.2290004,
          25.7655638
        ]
      }
    },
    {
      "type": "Feature",
      "properties": {
        "id": 7903137333,
        "kind": "poi",
        "crossing": "traffic_signals",
        "crossing:markings": "ladder",
        "highway": "crossing"
      },
      "geometry": {
        "type": "Point",
        "coordinates": [
          -80.2290744,
          25.7654624
        ]
      }
    },
    {
      "type": "Feature",
      "properties": {
        "id": 7903137343,
        "kind": "poi",
        "crossing": "uncontrolled",
        "crossing:island": "no",
        "crossing:markings": "lines",
        "crossing:signals": "no",
        "highway": "crossing"
      },
      "geometry": {
        "type": "Point",
        "coordinates": [
          -80.2245696,
          25.7654785
        ]
      }
    },
    {
      "type": "Feature",
      "properties": {
        "id": 7903137346,
        "kind": "poi",
        "crossing": "uncontrolled",
        "highway": "crossing"
      },
      "geometry": {
        "type": "Point",
        "coordinates": [
          -80.2252505,
          25.7654681
        ]
      }
    },
    {
      "type": "Feature",
      "properties": {
        "id": 7903137349,
        "kind": "poi",
        "crossing": "traffic_signals",
        "crossing:island": "no",
        "crossing:markings": "ladder",
        "crossing:signals": "yes",
        "highway": "crossing",
        "tactile_paving": "yes"
      },
      "geometry": {
        "type": "Point",
        "coordinates": [
          -80.2266141,
          25.7654317
        ]
      }
    },
    {
      "type": "Feature",
      "properties": {
        "id": 7903137353,
        "kind": "poi",
        "crossing": "uncontrolled",
        "crossing:island": "no",
        "crossing:markings": "yes",
        "crossing:signals": "no",
        "highway": "crossing"
      },
      "geometry": {
        "type": "Point",
        "coordinates": [
          -80.2281446,
          25.7653938
        ]
      }
    },
    {
      "type": "Feature",
      "properties": {
        "id": 7903137368,
        "kind": "poi",
        "crossing": "traffic_signals",
        "crossing:markings": "ladder",
        "highway": "crossing"
      },
      "geometry": {
        "type": "Point",
        "coordinates": [
          -80.2306129,
          25.765533
        ]
      }
    },
    {
      "type": "Feature",
      "properties": {
        "id": 7903137369,
        "kind": "poi",
        "crossing": "traffic_signals",
        "crossing:markings": "ladder",
        "highway": "crossing"
      },
      "geometry": {
        "type": "Point",
        "coordinates": [
          -80.2307363,
          25.7655216
        ]
      }
    },
    {
      "type": "Feature",
      "properties": {
        "id": 7903137371,
        "kind": "poi",
        "crossing": "traffic_signals",
        "crossing:markings": "ladder",
        "highway": "crossing"
      },
      "geometry": {
        "type": "Point",
        "coordinates": [
          -80.2308016,
          25.7654165
        ]
      }
    },
    {
      "type": "Feature",
      "properties": {
        "id": 7903137373,
        "kind": "poi",
        "crossing": "traffic_signals",
        "crossing:markings": "ladder",
        "highway": "crossing"
      },
      "geometry": {
        "type": "Point",
        "coordinates": [
          -80.2307306,
          25.7653097
        ]
      }
    },
    {
      "type": "Feature",
      "properties": {
        "id": 7903137374,
        "kind": "poi",
        "crossing": "traffic_signals",
        "crossing:markings": "ladder",
        "highway": "crossing"
      },
      "geometry": {
        "type": "Point",
        "coordinates": [
          -80.2306111,
          25.7653164
        ]
      }
    },
    {
      "type": "Feature",
      "properties": {
        "id": 7903137377,
        "kind": "poi",
        "crossing": "traffic_signals",
        "crossing:markings": "ladder",
        "highway": "crossing"
      },
      "geometry": {
        "type": "Point",
        "coordinates": [
          -80.2304921,
          25.7654222
        ]
      }
    },
    {
      "type": "Feature",
      "properties": {
        "id": 7903184083,
        "kind": "poi",
        "highway": "crossing"
      },
      "geometry": {
        "type": "Point",
        "coordinates": [
          -80.2228473,
          25.7657103
        ]
      }
    },
    {
      "type": "Feature",
      "properties": {
        "id": 7903210606,
        "kind": "poi",
        "crossing": "unmarked",
        "crossing:markings": "no",
        "highway": "crossing"
      },
      "geometry": {
        "type": "Point",
        "coordinates": [
          -80.2228815,
          25.765541
        ]
      }
    },
    {
      "type": "Feature",
      "properties": {
        "id": 7903210609,
        "kind": "poi",
        "crossing": "unmarked",
        "crossing:markings": "no",
        "highway": "crossing"
      },
      "geometry": {
        "type": "Point",
        "coordinates": [
          -80.2236057,
          25.7655259
        ]
      }
    },
    {
      "type": "Feature",
      "properties": {
        "id": 7903210641,
        "kind": "poi",
        "highway": "crossing"
      },
      "geometry": {
        "type": "Point",
        "coordinates": [
          -80.2250291,
          25.7656483
        ]
      }
    },
    {
      "type": "Feature",
      "properties": {
        "id": 7903210648,
        "kind": "poi",
        "highway": "crossing"
      },
      "geometry": {
        "type": "Point",
        "coordinates": [
          -80.2257105,
          25.7656297
        ]
      }
    },
    {
      "type": "Feature",
      "properties": {
        "id": 7903210651,
        "kind": "poi",
        "crossing": "uncontrolled",
        "highway": "crossing"
      },
      "geometry": {
        "type": "Point",
        "coordinates": [
          -80.2258245,
          25.765456
        ]
      }
    },
    {
      "type": "Feature",
      "properties": {
        "id": 7903210654,
        "kind": "poi",
        "crossing": "marked",
        "crossing:markings": "yes",
        "highway": "crossing",
        "tactile_paving": "no"
      },
      "geometry": {
        "type": "Point",
        "coordinates": [
          -80.2284185,
          25.765561
        ]
      }
    },
    {
      "type": "Feature",
      "properties": {
        "id": 7903210690,
        "kind": "poi",
        "crossing": "marked",
        "crossing:markings": "yes",
        "highway": "crossing"
      },
      "geometry": {
        "type": "Point",
        "coordinates": [
          -80.2297506,
          25.7655285
        ]
      }
    },
    {
      "type": "Feature",
      "properties": {
        "id": 7903210697,
        "kind": "poi",
        "crossing": "marked",
        "crossing:markings": "yes",
        "highway": "crossing"
      },
      "geometry": {
        "type": "Point",
        "coordinates": [
          -80.2298727,
          25.7655256
        ]
      }
    },
    {
      "type": "Feature",
      "properties": {
        "id": 7903210705,
        "kind": "poi",
        "highway": "crossing"
      },
      "geometry": {
        "type": "Point",
        "coordinates": [
          -80.2302797,
          25.7653495
        ]
      }
    },
    {
      "type": "Feature",
      "properties": {
        "id": 7903296987,
        "kind": "poi",
        "highway": "crossing"
      },
      "geometry": {
        "type": "Point",
        "coordinates": [
          -80.2168834,
          25.7658743
        ]
      }
    },
    {
      "type": "Feature",
      "properties": {
        "id": 7903296990,
        "kind": "poi",
        "highway": "crossing"
      },
      "geometry": {
        "type": "Point",
        "coordinates": [
          -80.2170088,
          25.7658703
        ]
      }
    },
    {
      "type": "Feature",
      "properties": {
        "id": 7903296995,
        "kind": "poi",
        "highway": "crossing"
      },
      "geometry": {
        "type": "Point",
        "coordinates": [
          -80.2171255,
          25.7658666
        ]
      }
    },
    {
      "type": "Feature",
      "properties": {
        "id": 7903297003,
        "kind": "poi",
        "crossing": "uncontrolled",
        "highway": "crossing",
        "tactile_paving": "no"
      },
      "geometry": {
        "type": "Point",
        "coordinates": [
          -80.2173507,
          25.7656951
        ]
      }
    },
    {
      "type": "Feature",
      "properties": {
        "id": 7903297012,
        "kind": "poi",
        "crossing": "uncontrolled",
        "crossing:markings": "yes",
        "crossing:signals": "no",
        "highway": "crossing",
        "tactile_paving": "no"
      },
      "geometry": {
        "type": "Point",
        "coordinates": [
          -80.2183485,
          25.7658324
        ]
      }
    },
    {
      "type": "Feature",
      "properties": {
        "id": 7903297020,
        "kind": "poi",
        "crossing": "uncontrolled",
        "crossing:markings": "yes",
        "crossing:signals": "no",
        "highway": "crossing",
        "tactile_paving": "no"
      },
      "geometry": {
        "type": "Point",
        "coordinates": [
          -80.2185343,
          25.7658281
        ]
      }
    },
    {
      "type": "Feature",
      "properties": {
        "id": 7903297024,
        "kind": "poi",
        "crossing": "traffic_signals",
        "crossing:markings": "ladder",
        "highway": "crossing"
      },
      "geometry": {
        "type": "Point",
        "coordinates": [
          -80.2145389,
          25.7658586
        ]
      }
    },
    {
      "type": "Feature",
      "properties": {
        "id": 7903297025,
        "kind": "poi",
        "crossing": "traffic_signals",
        "crossing:markings": "ladder",
        "highway": "crossing"
      },
      "geometry": {
        "type": "Point",
        "coordinates": [
          -80.2144448,
          25.7659522
        ]
      }
    },
    {
      "type": "Feature",
      "properties": {
        "id": 7903297027,
        "kind": "poi",
        "highway": "crossing"
      },
      "geometry": {
        "type": "Point",
        "coordinates": [
          -80.2154901,
          25.7659105
        ]
      }
    },
    {
      "type": "Feature",
      "properties": {
        "id": 7903297028,
        "kind": "poi",
        "highway": "crossing"
      },
      "geometry": {
        "type": "Point",
        "coordinates": [
          -80.2156153,
          25.7659074
        ]
      }
    },
    {
      "type": "Feature",
      "properties": {
        "id": 7903297029,
        "kind": "poi",
        "highway": "crossing"
      },
      "geometry": {
        "type": "Point",
        "coordinates": [
          -80.2159512,
          25.7659011
        ]
      }
    },
    {
      "type": "Feature",
      "properties": {
        "id": 7903297035,
        "kind": "poi",
        "crossing": "uncontrolled",
        "crossing:island": "no",
        "crossing:markings": "lines",
        "crossing:signals": "no",
        "highway": "crossing"
      },
      "geometry": {
        "type": "Point",
        "coordinates": [
          -80.2161393,
          25.7659024
        ]
      }
    },
    {
      "type": "Feature",
      "properties": {
        "id": 7903297043,
        "kind": "poi",
        "crossing": "uncontrolled",
        "crossing:island": "no",
        "crossing:markings": "lines",
        "crossing:signals": "no",
        "highway": "crossing"
      },
      "geometry": {
        "type": "Point",
        "coordinates": [
          -80.2177781,
          25.7658579
        ]
      }
    },
    {
      "type": "Feature",
      "properties": {
        "id": 7903297049,
        "kind": "poi",
        "crossing": "traffic_signals",
        "crossing:markings": "ladder",
        "highway": "crossing"
      },
      "geometry": {
        "type": "Point",
        "coordinates": [
          -80.2144396,
          25.7657727
        ]
      }
    },
    {
      "type": "Feature",
      "properties": {
        "id": 7903297053,
        "kind": "poi",
        "crossing": "uncontrolled",
        "crossing:island": "no",
        "crossing:markings": "lines",
        "crossing:signals": "no",
        "highway": "crossing",
        "tactile_paving": "yes"
      },
      "geometry": {
        "type": "Point",
        "coordinates": [
          -80.2154169,
          25.7657507
        ]
      }
    },
    {
      "type": "Feature",
      "properties": {
        "id": 7903297057,
        "kind": "poi",
        "crossing": "uncontrolled",
        "crossing:island": "no",
        "crossing:markings": "lines",
        "crossing:signals": "no",
        "highway": "crossing"
      },
      "geometry": {
        "type": "Point",
        "coordinates": [
          -80.2163679,
          25.7657136
        ]
      }
    },
    {
      "type": "Feature",
      "properties": {
        "id": 7903297060,
        "kind": "poi",
        "crossing": "uncontrolled",
        "crossing:island": "no",
        "crossing:markings": "lines",
        "crossing:signals": "no",
        "highway": "crossing"
      },
      "geometry": {
        "type": "Point",
        "coordinates": [
          -80.2165649,
          25.7657149
        ]
      }
    },
    {
      "type": "Feature",
      "properties": {
        "id": 7903297062,
        "kind": "poi",
        "crossing": "uncontrolled",
        "crossing:island": "no",
        "crossing:markings": "lines",
        "crossing:signals": "no",
        "highway": "crossing",
        "tactile_paving": "yes"
      },
      "geometry": {
        "type": "Point",
        "coordinates": [
          -80.2175196,
          25.7656895
        ]
      }
    },
    {
      "type": "Feature",
      "properties": {
        "id": 7903297065,
        "kind": "poi",
        "crossing": "uncontrolled",
        "crossing:island": "no",
        "crossing:markings": "lines",
        "crossing:signals": "no",
        "highway": "crossing",
        "tactile_paving": "yes"
      },
      "geometry": {
        "type": "Point",
        "coordinates": [
          -80.2184786,
          25.7656612
        ]
      }
    },
    {
      "type": "Feature",
      "properties": {
        "id": 7903297067,
        "kind": "poi",
        "highway": "crossing"
      },
      "geometry": {
        "type": "Point",
        "coordinates": [
          -80.2190313,
          25.7656474
        ]
      }
    },
    {
      "type": "Feature",
      "properties": {
        "id": 7903297069,
        "kind": "poi",
        "crossing": "traffic_signals",
        "crossing:markings": "ladder",
        "highway": "crossing"
      },
      "geometry": {
        "type": "Point",
        "coordinates": [
          -80.2206536,
          25.7656822
        ]
      }
    },
    {
      "type": "Feature",
      "properties": {
        "id": 7903297074,
        "kind": "poi",
        "highway": "crossing"
      },
      "geometry": {
        "type": "Point",
        "coordinates": [
          -80.2215217,
          25.7657463
        ]
      }
    },
    {
      "type": "Feature",
      "properties": {
        "id": 7903297082,
        "kind": "poi",
        "crossing": "uncontrolled",
        "crossing:markings": "yes",
        "crossing:signals": "no",
        "highway": "crossing",
        "tactile_paving": "no"
      },
      "geometry": {
        "type": "Point",
        "coordinates": [
          -80.220851,
          25.7657623
        ]
      }
    },
    {
      "type": "Feature",
      "properties": {
        "id": 7903297085,
        "kind": "poi",
        "highway": "crossing"
      },
      "geometry": {
        "type": "Point",
        "coordinates": [
          -80.2212364,
          25.7655839
        ]
      }
    },
    {
      "type": "Feature",
      "properties": {
        "id": 7903297090,
        "kind": "poi",
        "highway": "crossing"
      },
      "geometry": {
        "type": "Point",
        "coordinates": [
          -80.2217013,
          25.7655694
        ]
      }
    },
    {
      "type": "Feature",
      "properties": {
        "id": 7903297099,
        "kind": "poi",
        "crossing": "unmarked",
        "crossing:markings": "no",
        "crossing:signals": "no",
        "highway": "crossing"
      },
      "geometry": {
        "type": "Point",
        "coordinates": [
          -80.2205902,
          25.7653251
        ]
      }
    },
    {
      "type": "Feature",
      "properties": {
        "id": 7903297109,
        "kind": "poi",
        "highway": "crossing"
      },
      "geometry": {
        "type": "Point",
        "coordinates": [
          -80.2222336,
          25.7657269
        ]
      }
    },
    {
      "type": "Feature",
      "properties": {
        "id": 7903297116,
        "kind": "poi",
        "crossing": "uncontrolled",
        "crossing:markings": "lines",
        "highway": "crossing",
        "tactile_paving": "yes"
      },
      "geometry": {
        "type": "Point",
        "coordinates": [
          -80.2194765,
          25.7658092
        ]
      }
    },
    {
      "type": "Feature",
      "properties": {
        "id": 7903297119,
        "kind": "poi",
        "highway": "crossing"
      },
      "geometry": {
        "type": "Point",
        "coordinates": [
          -80.2202244,
          25.7657772
        ]
      }
    },
    {
      "type": "Feature",
      "properties": {
        "id": 7903297121,
        "kind": "poi",
        "crossing": "uncontrolled",
        "crossing:island": "no",
        "crossing:markings": "lines",
        "crossing:signals": "no",
        "highway": "crossing",
        "tactile_paving": "yes"
      },
      "geometry": {
        "type": "Point",
        "coordinates": [
          -80.2211219,
          25.7657576
        ]
      }
    },
    {
      "type": "Feature",
      "properties": {
        "id": 7903297122,
        "kind": "poi",
        "highway": "crossing"
      },
      "geometry": {
        "type": "Point",
        "coordinates": [
          -80.2217957,
          25.7657379
        ]
      }
    },
    {
      "type": "Feature",
      "properties": {
        "id": 7903297123,
        "kind": "poi",
        "highway": "crossing"
      },
      "geometry": {
        "type": "Point",
        "coordinates": [
          -80.2219279,
          25.7657343
        ]
      }
    },
    {
      "type": "Feature",
      "properties": {
        "id": 7903297124,
        "kind": "poi",
        "highway": "crossing"
      },
      "geometry": {
        "type": "Point",
        "coordinates": [
          -80.2220819,
          25.7657307
        ]
      }
    },
    {
      "type": "Feature",
      "properties": {
        "id": 7903783421,
        "kind": "poi",
        "highway": "crossing"
      },
      "geometry": {
        "type": "Point",
        "coordinates": [
          -80.2093371,
          25.7702239
        ]
      }
    },
    {
      "type": "Feature",
      "properties": {
        "id": 7904113252,
        "kind": "poi",
        "highway": "crossing"
      },
      "geometry": {
        "type": "Point",
        "coordinates": [
          -80.1960344,
          25.8150091
        ]
      }
    },
    {
      "type": "Feature",
      "properties": {
        "id": 7911519576,
        "kind": "poi",
        "highway": "crossing"
      },
      "geometry": {
        "type": "Point",
        "coordinates": [
          -80.2224302,
          25.765884
        ]
      }
    },
    {
      "type": "Feature",
      "properties": {
        "id": 7911519583,
        "kind": "poi",
        "highway": "crossing"
      },
      "geometry": {
        "type": "Point",
        "coordinates": [
          -80.2246718,
          25.7661451
        ]
      }
    },
    {
      "type": "Feature",
      "properties": {
        "id": 7911575870,
        "kind": "poi",
        "highway": "crossing"
      },
      "geometry": {
        "type": "Point",
        "coordinates": [
          -80.2254705,
          25.7665205
        ]
      }
    },
    {
      "type": "Feature",
      "properties": {
        "id": 7911575876,
        "kind": "poi",
        "highway": "crossing"
      },
      "geometry": {
        "type": "Point",
        "coordinates": [
          -80.2253187,
          25.7665235
        ]
      }
    },
    {
      "type": "Feature",
      "properties": {
        "id": 7911575880,
        "kind": "poi",
        "highway": "crossing"
      },
      "geometry": {
        "type": "Point",
        "coordinates": [
          -80.2251614,
          25.7665285
        ]
      }
    },
    {
      "type": "Feature",
      "properties": {
        "id": 7911575883,
        "kind": "poi",
        "highway": "crossing"
      },
      "geometry": {
        "type": "Point",
        "coordinates": [
          -80.2249957,
          25.7665323
        ]
      }
    },
    {
      "type": "Feature",
      "properties": {
        "id": 7911582287,
        "kind": "poi",
        "highway": "crossing"
      },
      "geometry": {
        "type": "Point",
        "coordinates": [
          -80.2265701,
          25.7661014
        ]
      }
    },
    {
      "type": "Feature",
      "properties": {
        "id": 7911582293,
        "kind": "poi",
        "highway": "crossing"
      },
      "geometry": {
        "type": "Point",
        "coordinates": [
          -80.2258696,
          25.7663913
        ]
      }
    },
    {
      "type": "Feature",
      "properties": {
        "id": 7911582297,
        "kind": "poi",
        "crossing": "uncontrolled",
        "crossing:island": "no",
        "crossing:markings": "lines",
        "crossing:signals": "no",
        "highway": "crossing"
      },
      "geometry": {
        "type": "Point",
        "coordinates": [
          -80.2246047,
          25.7664131
        ]
      }
    },
    {
      "type": "Feature",
      "properties": {
        "id": 7911582300,
        "kind": "poi",
        "highway": "crossing"
      },
      "geometry": {
        "type": "Point",
        "coordinates": [
          -80.2237686,
          25.7664469
        ]
      }
    },
    {
      "type": "Feature",
      "properties": {
        "id": 7911582306,
        "kind": "poi",
        "highway": "crossing"
      },
      "geometry": {
        "type": "Point",
        "coordinates": [
          -80.2226238,
          25.7659887
        ]
      }
    },
    {
      "type": "Feature",
      "properties": {
        "id": 7911582309,
        "kind": "poi",
        "crossing": "traffic_signals",
        "crossing:island": "no",
        "crossing:markings": "zebra",
        "crossing:signals": "yes",
        "highway": "crossing"
      },
      "geometry": {
        "type": "Point",
        "coordinates": [
          -80.2225134,
          25.7665796
        ]
      }
    },
    {
      "type": "Feature",
      "properties": {
        "id": 7911582311,
        "kind": "poi",
        "crossing": "traffic_signals",
        "crossing:island": "no",
        "crossing:markings": "zebra",
        "crossing:signals": "yes",
        "highway": "crossing"
      },
      "geometry": {
        "type": "Point",
        "coordinates": [
          -80.2224474,
          25.7665
        ]
      }
    },
    {
      "type": "Feature",
      "properties": {
        "id": 7911582313,
        "kind": "poi",
        "crossing": "traffic_signals",
        "crossing:island": "no",
        "crossing:markings": "zebra",
        "crossing:signals": "yes",
        "highway": "crossing"
      },
      "geometry": {
        "type": "Point",
        "coordinates": [
          -80.2225434,
          25.7664416
        ]
      }
    },
    {
      "type": "Feature",
      "properties": {
        "id": 7911582315,
        "kind": "poi",
        "crossing": "traffic_signals",
        "crossing:island": "no",
        "crossing:markings": "zebra",
        "crossing:signals": "yes",
        "highway": "crossing"
      },
      "geometry": {
        "type": "Point",
        "coordinates": [
          -80.2226518,
          25.7665025
        ]
      }
    },
    {
      "type": "Feature",
      "properties": {
        "id": 7911582325,
        "kind": "poi",
        "crossing": "uncontrolled",
        "crossing:markings": "lines",
        "highway": "crossing"
      },
      "geometry": {
        "type": "Point",
        "coordinates": [
          -80.2246139,
          25.7665509
        ]
      }
    },
    {
      "type": "Feature",
      "properties": {
        "id": 7911582331,
        "kind": "poi",
        "highway": "crossing"
      },
      "geometry": {
        "type": "Point",
        "coordinates": [
          -80.2272437,
          25.7664775
        ]
      }
    },
    {
      "type": "Feature",
      "properties": {
        "id": 7911582334,
        "kind": "poi",
        "crossing": "uncontrolled",
        "crossing:island": "no",
        "crossing:markings": "lines",
        "crossing:signals": "no",
        "highway": "crossing"
      },
      "geometry": {
        "type": "Point",
        "coordinates": [
          -80.2290219,
          25.7664418
        ]
      }
    },
    {
      "type": "Feature",
      "properties": {
        "id": 7911582337,
        "kind": "poi",
        "highway": "crossing"
      },
      "geometry": {
        "type": "Point",
        "coordinates": [
          -80.2303762,
          25.7663957
        ]
      }
    },
    {
      "type": "Feature",
      "properties": {
        "id": 7911582341,
        "kind": "poi",
        "crossing": "traffic_signals",
        "crossing:island": "no",
        "crossing:markings": "ladder",
        "crossing:signals": "yes",
        "highway": "crossing"
      },
      "geometry": {
        "type": "Point",
        "coordinates": [
          -80.230828,
          25.7663226
        ]
      }
    },
    {
      "type": "Feature",
      "properties": {
        "id": 7911582343,
        "kind": "poi",
        "crossing": "traffic_signals",
        "crossing:island": "no",
        "crossing:markings": "ladder",
        "crossing:signals": "yes",
        "highway": "crossing"
      },
      "geometry": {
        "type": "Point",
        "coordinates": [
          -80.2307756,
          25.7664209
        ]
      }
    },
    {
      "type": "Feature",
      "properties": {
        "id": 7911582344,
        "kind": "poi",
        "crossing": "traffic_signals",
        "crossing:island": "no",
        "crossing:markings": "ladder",
        "crossing:signals": "yes",
        "highway": "crossing"
      },
      "geometry": {
        "type": "Point",
        "coordinates": [
          -80.2306386,
          25.7664331
        ]
      }
    },
    {
      "type": "Feature",
      "properties": {
        "id": 7911582346,
        "kind": "poi",
        "crossing": "traffic_signals",
        "crossing:island": "no",
        "crossing:markings": "ladder",
        "crossing:signals": "yes",
        "highway": "crossing",
        "tactile_paving": "yes"
      },
      "geometry": {
        "type": "Point",
        "coordinates": [
          -80.230558,
          25.7663303
        ]
      }
    },
    {
      "type": "Feature",
      "properties": {
        "id": 7911582347,
        "kind": "poi",
        "crossing": "traffic_signals",
        "crossing:island": "no",
        "crossing:markings": "ladder",
        "crossing:signals": "yes",
        "highway": "crossing",
        "tactile_paving": "yes"
      },
      "geometry": {
        "type": "Point",
        "coordinates": [
          -80.2306292,
          25.7662613
        ]
      }
    },
    {
      "type": "Feature",
      "properties": {
        "id": 7911582348,
        "kind": "poi",
        "crossing": "traffic_signals",
        "crossing:island": "no",
        "crossing:markings": "ladder",
        "crossing:signals": "yes",
        "highway": "crossing",
        "tactile_paving": "yes"
      },
      "geometry": {
        "type": "Point",
        "coordinates": [
          -80.2307599,
          25.766257
        ]
      }
    },
    {
      "type": "Feature",
      "properties": {
        "id": 7911582350,
        "kind": "poi",
        "crossing": "traffic_signals",
        "crossing:island": "no",
        "crossing:markings": "lines",
        "crossing:signals": "yes",
        "highway": "crossing"
      },
      "geometry": {
        "type": "Point",
        "coordinates": [
          -80.2266523,
          25.766504
        ]
      }
    },
    {
      "type": "Feature",
      "properties": {
        "id": 7911582352,
        "kind": "poi",
        "crossing": "traffic_signals",
        "crossing:island": "no",
        "crossing:markings": "lines",
        "crossing:signals": "yes",
        "highway": "crossing"
      },
      "geometry": {
        "type": "Point",
        "coordinates": [
          -80.2265627,
          25.7664311
        ]
      }
    },
    {
      "type": "Feature",
      "properties": {
        "id": 7911582354,
        "kind": "poi",
        "crossing": "traffic_signals",
        "crossing:island": "no",
        "crossing:markings": "lines",
        "crossing:signals": "yes",
        "highway": "crossing"
      },
      "geometry": {
        "type": "Point",
        "coordinates": [
          -80.2266512,
          25.7663498
        ]
      }
    },
    {
      "type": "Feature",
      "properties": {
        "id": 7911582356,
        "kind": "poi",
        "crossing": "traffic_signals",
        "crossing:island": "no",
        "crossing:markings": "lines",
        "crossing:signals": "yes",
        "highway": "crossing"
      },
      "geometry": {
        "type": "Point",
        "coordinates": [
          -80.226739,
          25.7664264
        ]
      }
    },
    {
      "type": "Feature",
      "properties": {
        "id": 7911582359,
        "kind": "poi",
        "crossing": "uncontrolled",
        "highway": "crossing"
      },
      "geometry": {
        "type": "Point",
        "coordinates": [
          -80.2266996,
          25.7659158
        ]
      }
    },
    {
      "type": "Feature",
      "properties": {
        "id": 7911582364,
        "kind": "poi",
        "highway": "crossing"
      },
      "geometry": {
        "type": "Point",
        "coordinates": [
          -80.2268782,
          25.7663686
        ]
      }
    },
    {
      "type": "Feature",
      "properties": {
        "id": 7911582365,
        "kind": "poi",
        "highway": "crossing"
      },
      "geometry": {
        "type": "Point",
        "coordinates": [
          -80.2269729,
          25.7663654
        ]
      }
    },
    {
      "type": "Feature",
      "properties": {
        "id": 7911582366,
        "kind": "poi",
        "highway": "crossing"
      },
      "geometry": {
        "type": "Point",
        "coordinates": [
          -80.2277028,
          25.7663452
        ]
      }
    },
    {
      "type": "Feature",
      "properties": {
        "id": 7911582373,
        "kind": "poi",
        "crossing": "uncontrolled",
        "crossing:island": "no",
        "crossing:markings": "lines",
        "crossing:signals": "no",
        "highway": "crossing"
      },
      "geometry": {
        "type": "Point",
        "coordinates": [
          -80.2290191,
          25.7662987
        ]
      }
    },
    {
      "type": "Feature",
      "properties": {
        "id": 7911586686,
        "kind": "poi",
        "highway": "crossing"
      },
      "geometry": {
        "type": "Point",
        "coordinates": [
          -80.2260401,
          25.7665075
        ]
      }
    },
    {
      "type": "Feature",
      "properties": {
        "id": 7911586693,
        "kind": "poi",
        "highway": "crossing"
      },
      "geometry": {
        "type": "Point",
        "coordinates": [
          -80.2256964,
          25.7663963
        ]
      }
    },
    {
      "type": "Feature",
      "properties": {
        "id": 7911586699,
        "kind": "poi",
        "highway": "crossing"
      },
      "geometry": {
        "type": "Point",
        "coordinates": [
          -80.2251846,
          25.7664097
        ]
      }
    },
    {
      "type": "Feature",
      "properties": {
        "id": 7917066965,
        "kind": "poi",
        "highway": "crossing"
      },
      "geometry": {
        "type": "Point",
        "coordinates": [
          -80.2619012,
          25.8038685
        ]
      }
    },
    {
      "type": "Feature",
      "properties": {
        "id": 7989022045,
        "kind": "poi",
        "crossing": "uncontrolled",
        "crossing:markings": "zebra",
        "highway": "crossing"
      },
      "geometry": {
        "type": "Point",
        "coordinates": [
          -80.1896331,
          25.7683632
        ]
      }
    },
    {
      "type": "Feature",
      "properties": {
        "id": 7989022046,
        "kind": "poi",
        "crossing": "uncontrolled",
        "highway": "crossing"
      },
      "geometry": {
        "type": "Point",
        "coordinates": [
          -80.1896339,
          25.76844
        ]
      }
    },
    {
      "type": "Feature",
      "properties": {
        "id": 7989022070,
        "kind": "poi",
        "crossing": "traffic_signals",
        "crossing:markings": "lines",
        "highway": "crossing"
      },
      "geometry": {
        "type": "Point",
        "coordinates": [
          -80.1903492,
          25.7671688
        ]
      }
    },
    {
      "type": "Feature",
      "properties": {
        "id": 7989022071,
        "kind": "poi",
        "crossing": "traffic_signals",
        "crossing:markings": "lines",
        "highway": "crossing"
      },
      "geometry": {
        "type": "Point",
        "coordinates": [
          -80.1905299,
          25.7672101
        ]
      }
    },
    {
      "type": "Feature",
      "properties": {
        "id": 7989022072,
        "kind": "poi",
        "crossing": "traffic_signals",
        "crossing:markings": "lines",
        "highway": "crossing",
        "tactile_paving": "yes",
        "traffic_signals:vibration": "no"
      },
      "geometry": {
        "type": "Point",
        "coordinates": [
          -80.1905903,
          25.7669697
        ]
      }
    },
    {
      "type": "Feature",
      "properties": {
        "id": 7989022073,
        "kind": "poi",
        "crossing": "traffic_signals",
        "crossing:markings": "lines",
        "highway": "crossing"
      },
      "geometry": {
        "type": "Point",
        "coordinates": [
          -80.190417,
          25.7669179
        ]
      }
    },
    {
      "type": "Feature",
      "properties": {
        "id": 7989022074,
        "kind": "poi",
        "crossing": "traffic_signals",
        "crossing:markings": "lines",
        "highway": "crossing",
        "tactile_paving": "yes"
      },
      "geometry": {
        "type": "Point",
        "coordinates": [
          -80.1902227,
          25.7683952
        ]
      }
    },
    {
      "type": "Feature",
      "properties": {
        "id": 7989022075,
        "kind": "poi",
        "crossing": "traffic_signals",
        "crossing:markings": "lines",
        "highway": "crossing",
        "tactile_paving": "yes"
      },
      "geometry": {
        "type": "Point",
        "coordinates": [
          -80.1900768,
          25.7683653
        ]
      }
    },
    {
      "type": "Feature",
      "properties": {
        "id": 7989022076,
        "kind": "poi",
        "crossing": "traffic_signals",
        "crossing:markings": "lines",
        "highway": "crossing",
        "tactile_paving": "incorrect"
      },
      "geometry": {
        "type": "Point",
        "coordinates": [
          -80.1900334,
          25.7685447
        ]
      }
    },
    {
      "type": "Feature",
      "properties": {
        "id": 7989022077,
        "kind": "poi",
        "crossing": "traffic_signals",
        "crossing:markings": "lines",
        "highway": "crossing",
        "tactile_paving": "yes"
      },
      "geometry": {
        "type": "Point",
        "coordinates": [
          -80.1901825,
          25.7685543
        ]
      }
    },
    {
      "type": "Feature",
      "properties": {
        "id": 7989022079,
        "kind": "poi",
        "crossing": "traffic_signals",
        "crossing:markings": "lines",
        "highway": "crossing"
      },
      "geometry": {
        "type": "Point",
        "coordinates": [
          -80.1902844,
          25.7684783
        ]
      }
    },
    {
      "type": "Feature",
      "properties": {
        "id": 7989022083,
        "kind": "poi",
        "crossing": "uncontrolled",
        "crossing:markings": "lines",
        "highway": "crossing"
      },
      "geometry": {
        "type": "Point",
        "coordinates": [
          -80.1904017,
          25.7679953
        ]
      }
    },
    {
      "type": "Feature",
      "properties": {
        "id": 7989030289,
        "kind": "poi",
        "crossing": "traffic_signals",
        "crossing:markings": "lines",
        "highway": "crossing"
      },
      "geometry": {
        "type": "Point",
        "coordinates": [
          -80.19066,
          25.7671099
        ]
      }
    },
    {
      "type": "Feature",
      "properties": {
        "id": 7989030301,
        "kind": "poi",
        "highway": "crossing"
      },
      "geometry": {
        "type": "Point",
        "coordinates": [
          -80.1901775,
          25.7675682
        ]
      }
    },
    {
      "type": "Feature",
      "properties": {
        "id": 7989030304,
        "kind": "poi",
        "crossing": "traffic_signals",
        "crossing:markings": "lines",
        "highway": "crossing"
      },
      "geometry": {
        "type": "Point",
        "coordinates": [
          -80.1903119,
          25.7670293
        ]
      }
    },
    {
      "type": "Feature",
      "properties": {
        "id": 7989030306,
        "kind": "poi",
        "crossing": "traffic_signals",
        "crossing:markings": "lines",
        "highway": "crossing"
      },
      "geometry": {
        "type": "Point",
        "coordinates": [
          -80.1907623,
          25.766291
        ]
      }
    },
    {
      "type": "Feature",
      "properties": {
        "id": 7989030307,
        "kind": "poi",
        "crossing": "traffic_signals",
        "crossing:markings": "lines",
        "highway": "crossing"
      },
      "geometry": {
        "type": "Point",
        "coordinates": [
          -80.1905839,
          25.7662594
        ]
      }
    },
    {
      "type": "Feature",
      "properties": {
        "id": 7989030324,
        "kind": "poi",
        "highway": "crossing"
      },
      "geometry": {
        "type": "Point",
        "coordinates": [
          -80.1894685,
          25.7659943
        ]
      }
    },
    {
      "type": "Feature",
      "properties": {
        "id": 7989030361,
        "kind": "poi",
        "crossing": "uncontrolled",
        "crossing:markings": "ladder",
        "highway": "crossing"
      },
      "geometry": {
        "type": "Point",
        "coordinates": [
          -80.1858738,
          25.7658104
        ]
      }
    },
    {
      "type": "Feature",
      "properties": {
        "id": 7989030362,
        "kind": "poi",
        "crossing": "uncontrolled",
        "crossing:markings": "ladder",
        "highway": "crossing",
        "tactile_paving": "no"
      },
      "geometry": {
        "type": "Point",
        "coordinates": [
          -80.1859075,
          25.7658881
        ]
      }
    },
    {
      "type": "Feature",
      "properties": {
        "id": 7989033635,
        "kind": "poi",
        "crossing": "uncontrolled",
        "crossing:markings": "lines",
        "highway": "crossing"
      },
      "geometry": {
        "type": "Point",
        "coordinates": [
          -80.1921783,
          25.7684406
        ]
      }
    },
    {
      "type": "Feature",
      "properties": {
        "id": 7989033636,
        "kind": "poi",
        "crossing": "traffic_signals",
        "crossing:island": "no",
        "crossing:markings": "ladder",
        "crossing:signals": "yes",
        "highway": "crossing"
      },
      "geometry": {
        "type": "Point",
        "coordinates": [
          -80.1949992,
          25.767437
        ]
      }
    },
    {
      "type": "Feature",
      "properties": {
        "id": 7989033638,
        "kind": "poi",
        "crossing": "traffic_signals",
        "crossing:island": "no",
        "crossing:markings": "ladder",
        "crossing:signals": "yes",
        "highway": "crossing"
      },
      "geometry": {
        "type": "Point",
        "coordinates": [
          -80.1949274,
          25.7673283
        ]
      }
    },
    {
      "type": "Feature",
      "properties": {
        "id": 7989033645,
        "kind": "poi",
        "highway": "crossing"
      },
      "geometry": {
        "type": "Point",
        "coordinates": [
          -80.1951289,
          25.7672669
        ]
      }
    },
    {
      "type": "Feature",
      "properties": {
        "id": 7989033650,
        "kind": "poi",
        "highway": "crossing"
      },
      "geometry": {
        "type": "Point",
        "coordinates": [
          -80.1952578,
          25.7671028
        ]
      }
    },
    {
      "type": "Feature",
      "properties": {
        "id": 7989033657,
        "kind": "poi",
        "crossing": "unmarked",
        "crossing:markings": "no",
        "highway": "crossing"
      },
      "geometry": {
        "type": "Point",
        "coordinates": [
          -80.1957031,
          25.7672475
        ]
      }
    },
    {
      "type": "Feature",
      "properties": {
        "id": 7989033681,
        "kind": "poi",
        "crossing": "unmarked",
        "crossing:markings": "no",
        "highway": "crossing"
      },
      "geometry": {
        "type": "Point",
        "coordinates": [
          -80.1932129,
          25.768373
        ]
      }
    },
    {
      "type": "Feature",
      "properties": {
        "id": 7989033682,
        "kind": "poi",
        "crossing": "uncontrolled",
        "crossing:island": "yes",
        "crossing:markings": "lines",
        "highway": "crossing"
      },
      "geometry": {
        "type": "Point",
        "coordinates": [
          -80.1921389,
          25.7683617
        ]
      }
    },
    {
      "type": "Feature",
      "properties": {
        "id": 7989049739,
        "kind": "poi",
        "crossing": "unmarked",
        "crossing:markings": "no",
        "highway": "crossing"
      },
      "geometry": {
        "type": "Point",
        "coordinates": [
          -80.1932755,
          25.7679761
        ]
      }
    },
    {
      "type": "Feature",
      "properties": {
        "id": 7989049750,
        "kind": "poi",
        "crossing": "traffic_signals",
        "crossing:markings": "ladder",
        "crossing:signals": "yes",
        "highway": "crossing"
      },
      "geometry": {
        "type": "Point",
        "coordinates": [
          -80.193331,
          25.7674709
        ]
      }
    },
    {
      "type": "Feature",
      "properties": {
        "id": 7989049752,
        "kind": "poi",
        "crossing": "traffic_signals",
        "crossing:markings": "ladder",
        "crossing:signals": "yes",
        "highway": "crossing"
      },
      "geometry": {
        "type": "Point",
        "coordinates": [
          -80.1933548,
          25.7672813
        ]
      }
    },
    {
      "type": "Feature",
      "properties": {
        "id": 7989049753,
        "kind": "poi",
        "crossing": "traffic_signals",
        "crossing:markings": "ladder",
        "crossing:signals": "yes",
        "highway": "crossing"
      },
      "geometry": {
        "type": "Point",
        "coordinates": [
          -80.1932215,
          25.7673825
        ]
      }
    },
    {
      "type": "Feature",
      "properties": {
        "id": 7989049765,
        "kind": "poi",
        "crossing": "unmarked",
        "crossing:markings": "no",
        "highway": "crossing",
        "tactile_paving": "no"
      },
      "geometry": {
        "type": "Point",
        "coordinates": [
          -80.1920418,
          25.7674669
        ]
      }
    },
    {
      "type": "Feature",
      "properties": {
        "id": 7989049767,
        "kind": "poi",
        "crossing:markings": "no",
        "highway": "crossing"
      },
      "geometry": {
        "type": "Point",
        "coordinates": [
          -80.1914902,
          25.7673456
        ]
      }
    },
    {
      "type": "Feature",
      "properties": {
        "id": 7989049781,
        "kind": "poi",
        "button_operated": "yes",
        "crossing": "traffic_signals",
        "crossing:markings": "ladder",
        "crossing:signals": "yes",
        "highway": "crossing",
        "tactile_paving": "yes",
        "traffic_signals:sound": "no",
        "traffic_signals:vibration": "no"
      },
      "geometry": {
        "type": "Point",
        "coordinates": [
          -80.1921151,
          25.766457
        ]
      }
    },
    {
      "type": "Feature",
      "properties": {
        "id": 7989049782,
        "kind": "poi",
        "crossing": "unmarked",
        "crossing:markings": "no",
        "highway": "crossing"
      },
      "geometry": {
        "type": "Point",
        "coordinates": [
          -80.1937748,
          25.7663162
        ]
      }
    },
    {
      "type": "Feature",
      "properties": {
        "id": 7989063987,
        "kind": "poi",
        "crossing": "uncontrolled",
        "crossing:island": "yes",
        "crossing:markings": "lines",
        "highway": "crossing",
        "tactile_paving": "yes"
      },
      "geometry": {
        "type": "Point",
        "coordinates": [
          -80.1920347,
          25.7663581
        ]
      }
    },
    {
      "type": "Feature",
      "properties": {
        "id": 7989064001,
        "kind": "poi",
        "crossing": "unmarked",
        "crossing:markings": "no",
        "highway": "crossing",
        "tactile_paving": "no"
      },
      "geometry": {
        "type": "Point",
        "coordinates": [
          -80.1933858,
          25.7662127
        ]
      }
    },
    {
      "type": "Feature",
      "properties": {
        "id": 7989064013,
        "kind": "poi",
        "button_operated": "yes",
        "crossing": "traffic_signals",
        "crossing:markings": "ladder",
        "crossing:signals": "yes",
        "highway": "crossing",
        "tactile_paving": "yes",
        "traffic_signals:sound": "no",
        "traffic_signals:vibration": "no"
      },
      "geometry": {
        "type": "Point",
        "coordinates": [
          -80.1934425,
          25.7664167
        ]
      }
    },
    {
      "type": "Feature",
      "properties": {
        "id": 7989064015,
        "kind": "poi",
        "button_operated": "yes",
        "crossing": "traffic_signals",
        "crossing:markings": "ladder",
        "crossing:signals": "yes",
        "highway": "crossing",
        "tactile_paving": "yes",
        "traffic_signals:sound": "no",
        "traffic_signals:vibration": "no"
      },
      "geometry": {
        "type": "Point",
        "coordinates": [
          -80.1933227,
          25.7663347
        ]
      }
    },
    {
      "type": "Feature",
      "properties": {
        "id": 7989064016,
        "kind": "poi",
        "button_operated": "yes",
        "crossing": "traffic_signals",
        "crossing:markings": "ladder",
        "crossing:signals": "yes",
        "highway": "crossing",
        "tactile_paving": "yes",
        "traffic_signals:sound": "no",
        "traffic_signals:vibration": "no"
      },
      "geometry": {
        "type": "Point",
        "coordinates": [
          -80.1932237,
          25.7664214
        ]
      }
    },
    {
      "type": "Feature",
      "properties": {
        "id": 7989064018,
        "kind": "poi",
        "button_operated": "yes",
        "crossing": "traffic_signals",
        "crossing:markings": "ladder",
        "crossing:signals": "yes",
        "highway": "crossing",
        "tactile_paving": "yes",
        "traffic_signals:sound": "no",
        "traffic_signals:vibration": "no"
      },
      "geometry": {
        "type": "Point",
        "coordinates": [
          -80.1933257,
          25.7665366
        ]
      }
    },
    {
      "type": "Feature",
      "properties": {
        "id": 7989064026,
        "kind": "poi",
        "crossing": "unmarked",
        "crossing:markings": "no",
        "highway": "crossing",
        "tactile_paving": "yes"
      },
      "geometry": {
        "type": "Point",
        "coordinates": [
          -80.192342,
          25.7665544
        ]
      }
    },
    {
      "type": "Feature",
      "properties": {
        "id": 7989064033,
        "kind": "poi",
        "crossing": "marked",
        "crossing:markings": "yes",
        "highway": "crossing"
      },
      "geometry": {
        "type": "Point",
        "coordinates": [
          -80.1916609,
          25.7664609
        ]
      }
    },
    {
      "type": "Feature",
      "properties": {
        "id": 7989064034,
        "kind": "poi",
        "crossing": "marked",
        "crossing:markings": "yes",
        "highway": "crossing"
      },
      "geometry": {
        "type": "Point",
        "coordinates": [
          -80.1913166,
          25.7663887
        ]
      }
    },
    {
      "type": "Feature",
      "properties": {
        "id": 7989092900,
        "kind": "poi",
        "highway": "crossing"
      },
      "geometry": {
        "type": "Point",
        "coordinates": [
          -80.1912844,
          25.7681394
        ]
      }
    },
    {
      "type": "Feature",
      "properties": {
        "id": 7989138509,
        "kind": "poi",
        "crossing": "traffic_signals",
        "crossing:markings": "ladder",
        "highway": "crossing"
      },
      "geometry": {
        "type": "Point",
        "coordinates": [
          -80.1953134,
          25.7664482
        ]
      }
    },
    {
      "type": "Feature",
      "properties": {
        "id": 7989138511,
        "kind": "poi",
        "crossing": "traffic_signals",
        "crossing:markings": "ladder",
        "highway": "crossing"
      },
      "geometry": {
        "type": "Point",
        "coordinates": [
          -80.1953004,
          25.7662653
        ]
      }
    },
    {
      "type": "Feature",
      "properties": {
        "id": 7989138514,
        "kind": "poi",
        "crossing": "traffic_signals",
        "crossing:markings": "ladder",
        "highway": "crossing"
      },
      "geometry": {
        "type": "Point",
        "coordinates": [
          -80.1951803,
          25.7663668
        ]
      }
    },
    {
      "type": "Feature",
      "properties": {
        "id": 7989138516,
        "kind": "poi",
        "crossing": "traffic_signals",
        "crossing:markings": "ladder",
        "highway": "crossing"
      },
      "geometry": {
        "type": "Point",
        "coordinates": [
          -80.195398,
          25.7663537
        ]
      }
    },
    {
      "type": "Feature",
      "properties": {
        "id": 7989138517,
        "kind": "poi",
        "crossing": "unmarked",
        "crossing:markings": "no",
        "highway": "crossing"
      },
      "geometry": {
        "type": "Point",
        "coordinates": [
          -80.1956539,
          25.7664328
        ]
      }
    },
    {
      "type": "Feature",
      "properties": {
        "id": 7989138523,
        "kind": "poi",
        "crossing": "marked",
        "crossing:markings": "yes",
        "highway": "crossing"
      },
      "geometry": {
        "type": "Point",
        "coordinates": [
          -80.19525,
          25.7669082
        ]
      }
    },
    {
      "type": "Feature",
      "properties": {
        "id": 7989138530,
        "kind": "poi",
        "crossing": "unmarked",
        "crossing:markings": "no",
        "highway": "crossing"
      },
      "geometry": {
        "type": "Point",
        "coordinates": [
          -80.194828,
          25.7664541
        ]
      }
    },
    {
      "type": "Feature",
      "properties": {
        "id": 8015013079,
        "kind": "poi",
        "highway": "crossing"
      },
      "geometry": {
        "type": "Point",
        "coordinates": [
          -80.2137974,
          25.7666999
        ]
      }
    },
    {
      "type": "Feature",
      "properties": {
        "id": 8015013082,
        "kind": "poi",
        "highway": "crossing"
      },
      "geometry": {
        "type": "Point",
        "coordinates": [
          -80.2143789,
          25.7664413
        ]
      }
    },
    {
      "type": "Feature",
      "properties": {
        "id": 8015013084,
        "kind": "poi",
        "crossing": "uncontrolled",
        "crossing:markings": "yes",
        "crossing:signals": "no",
        "highway": "crossing"
      },
      "geometry": {
        "type": "Point",
        "coordinates": [
          -80.2145646,
          25.7663932
        ]
      }
    },
    {
      "type": "Feature",
      "properties": {
        "id": 8015060289,
        "kind": "poi",
        "highway": "crossing"
      },
      "geometry": {
        "type": "Point",
        "coordinates": [
          -80.2155204,
          25.7666505
        ]
      }
    },
    {
      "type": "Feature",
      "properties": {
        "id": 8015060290,
        "kind": "poi",
        "highway": "crossing"
      },
      "geometry": {
        "type": "Point",
        "coordinates": [
          -80.2156706,
          25.7666461
        ]
      }
    },
    {
      "type": "Feature",
      "properties": {
        "id": 8015060291,
        "kind": "poi",
        "highway": "crossing"
      },
      "geometry": {
        "type": "Point",
        "coordinates": [
          -80.2159322,
          25.766639
        ]
      }
    },
    {
      "type": "Feature",
      "properties": {
        "id": 8015060296,
        "kind": "poi",
        "highway": "crossing"
      },
      "geometry": {
        "type": "Point",
        "coordinates": [
          -80.2160819,
          25.7665039
        ]
      }
    },
    {
      "type": "Feature",
      "properties": {
        "id": 8015060298,
        "kind": "poi",
        "crossing": "traffic_signals",
        "crossing:island": "no",
        "crossing:markings": "ladder",
        "crossing:signals": "yes",
        "highway": "crossing"
      },
      "geometry": {
        "type": "Point",
        "coordinates": [
          -80.2144702,
          25.7668139
        ]
      }
    },
    {
      "type": "Feature",
      "properties": {
        "id": 8015060300,
        "kind": "poi",
        "crossing": "traffic_signals",
        "crossing:island": "no",
        "crossing:markings": "ladder",
        "crossing:signals": "yes",
        "highway": "crossing"
      },
      "geometry": {
        "type": "Point",
        "coordinates": [
          -80.2143688,
          25.7667447
        ]
      }
    },
    {
      "type": "Feature",
      "properties": {
        "id": 8015060302,
        "kind": "poi",
        "crossing": "traffic_signals",
        "crossing:markings": "ladder",
        "highway": "crossing"
      },
      "geometry": {
        "type": "Point",
        "coordinates": [
          -80.2144661,
          25.7666732
        ]
      }
    },
    {
      "type": "Feature",
      "properties": {
        "id": 8015060304,
        "kind": "poi",
        "crossing": "traffic_signals",
        "crossing:island": "no",
        "crossing:markings": "ladder",
        "crossing:signals": "yes",
        "highway": "crossing"
      },
      "geometry": {
        "type": "Point",
        "coordinates": [
          -80.2145707,
          25.7667394
        ]
      }
    },
    {
      "type": "Feature",
      "properties": {
        "id": 8015060315,
        "kind": "poi",
        "crossing": "uncontrolled",
        "crossing:island": "no",
        "crossing:markings": "lines",
        "crossing:signals": "no",
        "highway": "crossing"
      },
      "geometry": {
        "type": "Point",
        "coordinates": [
          -80.2161547,
          25.7667592
        ]
      }
    },
    {
      "type": "Feature",
      "properties": {
        "id": 8015060321,
        "kind": "poi",
        "crossing": "uncontrolled",
        "crossing:island": "no",
        "crossing:markings": "lines",
        "crossing:signals": "no",
        "highway": "crossing"
      },
      "geometry": {
        "type": "Point",
        "coordinates": [
          -80.2161518,
          25.7666217
        ]
      }
    },
    {
      "type": "Feature",
      "properties": {
        "id": 8015060334,
        "kind": "poi",
        "crossing": "traffic_signals",
        "crossing:island": "no",
        "crossing:markings": "ladder",
        "crossing:signals": "yes",
        "highway": "crossing",
        "tactile_paving": "yes"
      },
      "geometry": {
        "type": "Point",
        "coordinates": [
          -80.2178607,
          25.7657615
        ]
      }
    },
    {
      "type": "Feature",
      "properties": {
        "id": 8015060338,
        "kind": "poi",
        "crossing": "traffic_signals",
        "crossing:markings": "ladder",
        "highway": "crossing",
        "traffic_signals:sound": "no"
      },
      "geometry": {
        "type": "Point",
        "coordinates": [
          -80.2196254,
          25.7657146
        ]
      }
    },
    {
      "type": "Feature",
      "properties": {
        "id": 8015060349,
        "kind": "poi",
        "crossing": "uncontrolled",
        "crossing:island": "no",
        "crossing:markings": "lines",
        "crossing:signals": "no",
        "highway": "crossing"
      },
      "geometry": {
        "type": "Point",
        "coordinates": [
          -80.2178198,
          25.7665678
        ]
      }
    },
    {
      "type": "Feature",
      "properties": {
        "id": 8015060350,
        "kind": "poi",
        "crossing": "uncontrolled",
        "crossing:island": "no",
        "crossing:markings": "zebra",
        "crossing:signals": "no",
        "highway": "crossing"
      },
      "geometry": {
        "type": "Point",
        "coordinates": [
          -80.2178871,
          25.7666337
        ]
      }
    },
    {
      "type": "Feature",
      "properties": {
        "id": 8015060352,
        "kind": "poi",
        "crossing": "uncontrolled",
        "crossing:island": "no",
        "crossing:markings": "lines",
        "crossing:signals": "no",
        "highway": "crossing"
      },
      "geometry": {
        "type": "Point",
        "coordinates": [
          -80.2178241,
          25.7667116
        ]
      }
    },
    {
      "type": "Feature",
      "properties": {
        "id": 8015060369,
        "kind": "poi",
        "crossing": "uncontrolled",
        "crossing:island": "no",
        "crossing:markings": "lines",
        "crossing:signals": "no",
        "highway": "crossing"
      },
      "geometry": {
        "type": "Point",
        "coordinates": [
          -80.2194978,
          25.7666531
        ]
      }
    },
    {
      "type": "Feature",
      "properties": {
        "id": 8015060378,
        "kind": "poi",
        "highway": "crossing"
      },
      "geometry": {
        "type": "Point",
        "coordinates": [
          -80.2181111,
          25.7665725
        ]
      }
    },
    {
      "type": "Feature",
      "properties": {
        "id": 8015060383,
        "kind": "poi",
        "crossing": "uncontrolled",
        "crossing:island": "no",
        "crossing:markings": "lines",
        "crossing:signals": "no",
        "highway": "crossing"
      },
      "geometry": {
        "type": "Point",
        "coordinates": [
          -80.2194935,
          25.7664959
        ]
      }
    },
    {
      "type": "Feature",
      "properties": {
        "id": 8015060407,
        "kind": "poi",
        "highway": "crossing"
      },
      "geometry": {
        "type": "Point",
        "coordinates": [
          -80.2210843,
          25.7659927
        ]
      }
    },
    {
      "type": "Feature",
      "properties": {
        "id": 8015060414,
        "kind": "poi",
        "button_operated": "no",
        "crossing": "traffic_signals",
        "crossing:island": "no",
        "crossing:markings": "ladder",
        "crossing:signals": "yes",
        "highway": "crossing",
        "tactile_paving": "yes",
        "traffic_signals:sound": "no"
      },
      "geometry": {
        "type": "Point",
        "coordinates": [
          -80.2212199,
          25.7665314
        ]
      }
    },
    {
      "type": "Feature",
      "properties": {
        "id": 8015060416,
        "kind": "poi",
        "crossing": "traffic_signals",
        "crossing:island": "no",
        "crossing:markings": "ladder",
        "crossing:signals": "yes",
        "highway": "crossing"
      },
      "geometry": {
        "type": "Point",
        "coordinates": [
          -80.2211622,
          25.7666153
        ]
      }
    },
    {
      "type": "Feature",
      "properties": {
        "id": 8015060418,
        "kind": "poi",
        "button_operated": "no",
        "crossing": "traffic_signals",
        "crossing:island": "no",
        "crossing:markings": "ladder",
        "crossing:signals": "yes",
        "highway": "crossing",
        "tactile_paving": "yes",
        "traffic_signals:sound": "no",
        "traffic_signals:vibration": "no"
      },
      "geometry": {
        "type": "Point",
        "coordinates": [
          -80.2211066,
          25.7665345
        ]
      }
    },
    {
      "type": "Feature",
      "properties": {
        "id": 8015060420,
        "kind": "poi",
        "button_operated": "no",
        "crossing": "traffic_signals",
        "crossing:island": "no",
        "crossing:markings": "ladder",
        "crossing:signals": "yes",
        "highway": "crossing",
        "tactile_paving": "yes",
        "traffic_signals:sound": "no",
        "traffic_signals:vibration": "no"
      },
      "geometry": {
        "type": "Point",
        "coordinates": [
          -80.2211584,
          25.7664624
        ]
      }
    },
    {
      "type": "Feature",
      "properties": {
        "id": 8015060429,
        "kind": "poi",
        "crossing": "traffic_signals",
        "crossing:island": "no",
        "crossing:markings": "ladder",
        "crossing:signals": "yes",
        "highway": "crossing"
      },
      "geometry": {
        "type": "Point",
        "coordinates": [
          -80.2092918,
          25.7659549
        ]
      }
    },
    {
      "type": "Feature",
      "properties": {
        "id": 8015060432,
        "kind": "poi",
        "crossing": "traffic_signals",
        "crossing:island": "no",
        "crossing:markings": "ladder",
        "crossing:signals": "yes",
        "highway": "crossing"
      },
      "geometry": {
        "type": "Point",
        "coordinates": [
          -80.2111038,
          25.7659473
        ]
      }
    },
    {
      "type": "Feature",
      "properties": {
        "id": 8015060435,
        "kind": "poi",
        "crossing": "traffic_signals",
        "crossing:island": "no",
        "crossing:markings": "ladder",
        "crossing:signals": "yes",
        "highway": "crossing"
      },
      "geometry": {
        "type": "Point",
        "coordinates": [
          -80.2126643,
          25.7659102
        ]
      }
    },
    {
      "type": "Feature",
      "properties": {
        "id": 8015060438,
        "kind": "poi",
        "crossing": "traffic_signals",
        "crossing:island": "no",
        "crossing:markings": "ladder",
        "crossing:signals": "yes",
        "highway": "crossing"
      },
      "geometry": {
        "type": "Point",
        "coordinates": [
          -80.2128474,
          25.7659058
        ]
      }
    },
    {
      "type": "Feature",
      "properties": {
        "id": 8015060460,
        "kind": "poi",
        "crossing": "traffic_signals",
        "crossing:island": "no",
        "crossing:markings": "ladder",
        "crossing:signals": "yes",
        "highway": "crossing"
      },
      "geometry": {
        "type": "Point",
        "coordinates": [
          -80.2073499,
          25.766003
        ]
      }
    },
    {
      "type": "Feature",
      "properties": {
        "id": 8015060464,
        "kind": "poi",
        "crossing": "traffic_signals",
        "crossing:island": "no",
        "crossing:markings": "ladder",
        "crossing:signals": "yes",
        "highway": "crossing"
      },
      "geometry": {
        "type": "Point",
        "coordinates": [
          -80.2074379,
          25.7660843
        ]
      }
    },
    {
      "type": "Feature",
      "properties": {
        "id": 8015060468,
        "kind": "poi",
        "crossing": "traffic_signals",
        "crossing:island": "no",
        "crossing:markings": "ladder",
        "crossing:signals": "yes",
        "highway": "crossing"
      },
      "geometry": {
        "type": "Point",
        "coordinates": [
          -80.207525,
          25.7659983
        ]
      }
    },
    {
      "type": "Feature",
      "properties": {
        "id": 8015060469,
        "kind": "poi",
        "crossing": "traffic_signals",
        "crossing:island": "no",
        "crossing:markings": "ladder",
        "crossing:signals": "yes",
        "highway": "crossing"
      },
      "geometry": {
        "type": "Point",
        "coordinates": [
          -80.2074182,
          25.7659036
        ]
      }
    },
    {
      "type": "Feature",
      "properties": {
        "id": 8015060473,
        "kind": "poi",
        "highway": "crossing"
      },
      "geometry": {
        "type": "Point",
        "coordinates": [
          -80.2078045,
          25.765909
        ]
      }
    },
    {
      "type": "Feature",
      "properties": {
        "id": 8015060476,
        "kind": "poi",
        "crossing": "uncontrolled",
        "crossing:markings": "lines",
        "highway": "crossing"
      },
      "geometry": {
        "type": "Point",
        "coordinates": [
          -80.208129,
          25.7658961
        ]
      }
    },
    {
      "type": "Feature",
      "properties": {
        "id": 8015060479,
        "kind": "poi",
        "highway": "crossing"
      },
      "geometry": {
        "type": "Point",
        "coordinates": [
          -80.2083101,
          25.7658944
        ]
      }
    },
    {
      "type": "Feature",
      "properties": {
        "id": 8015060481,
        "kind": "poi",
        "crossing": "uncontrolled",
        "crossing:island": "no",
        "crossing:markings": "lines",
        "crossing:signals": "no",
        "highway": "crossing"
      },
      "geometry": {
        "type": "Point",
        "coordinates": [
          -80.2088789,
          25.7658816
        ]
      }
    },
    {
      "type": "Feature",
      "properties": {
        "id": 8015060486,
        "kind": "poi",
        "highway": "crossing"
      },
      "geometry": {
        "type": "Point",
        "coordinates": [
          -80.2095301,
          25.7658702
        ]
      }
    },
    {
      "type": "Feature",
      "properties": {
        "id": 8015060490,
        "kind": "poi",
        "crossing": "uncontrolled",
        "crossing:island": "no",
        "crossing:markings": "lines",
        "crossing:signals": "no",
        "highway": "crossing"
      },
      "geometry": {
        "type": "Point",
        "coordinates": [
          -80.2100977,
          25.7658806
        ]
      }
    },
    {
      "type": "Feature",
      "properties": {
        "id": 8015060494,
        "kind": "poi",
        "highway": "crossing"
      },
      "geometry": {
        "type": "Point",
        "coordinates": [
          -80.2103593,
          25.7658714
        ]
      }
    },
    {
      "type": "Feature",
      "properties": {
        "id": 8015060500,
        "kind": "poi",
        "crossing": "uncontrolled",
        "crossing:island": "no",
        "crossing:markings": "lines",
        "crossing:signals": "no",
        "highway": "crossing"
      },
      "geometry": {
        "type": "Point",
        "coordinates": [
          -80.2114299,
          25.7658584
        ]
      }
    },
    {
      "type": "Feature",
      "properties": {
        "id": 8015060502,
        "kind": "poi",
        "crossing": "uncontrolled",
        "highway": "crossing"
      },
      "geometry": {
        "type": "Point",
        "coordinates": [
          -80.2123322,
          25.765834
        ]
      }
    },
    {
      "type": "Feature",
      "properties": {
        "id": 8015060506,
        "kind": "poi",
        "crossing": "traffic_signals",
        "crossing:island": "no",
        "crossing:markings": "ladder",
        "crossing:signals": "yes",
        "highway": "crossing"
      },
      "geometry": {
        "type": "Point",
        "coordinates": [
          -80.2127496,
          25.7658082
        ]
      }
    },
    {
      "type": "Feature",
      "properties": {
        "id": 8015060519,
        "kind": "poi",
        "highway": "crossing"
      },
      "geometry": {
        "type": "Point",
        "coordinates": [
          -80.2079934,
          25.7668781
        ]
      }
    },
    {
      "type": "Feature",
      "properties": {
        "id": 8015060524,
        "kind": "poi",
        "highway": "crossing"
      },
      "geometry": {
        "type": "Point",
        "coordinates": [
          -80.2075563,
          25.7666631
        ]
      }
    },
    {
      "type": "Feature",
      "properties": {
        "id": 8015060528,
        "kind": "poi",
        "highway": "crossing"
      },
      "geometry": {
        "type": "Point",
        "coordinates": [
          -80.2083015,
          25.7660598
        ]
      }
    },
    {
      "type": "Feature",
      "properties": {
        "id": 8015060534,
        "kind": "poi",
        "crossing": "uncontrolled",
        "crossing:markings": "lines",
        "highway": "crossing"
      },
      "geometry": {
        "type": "Point",
        "coordinates": [
          -80.209106,
          25.7660387
        ]
      }
    },
    {
      "type": "Feature",
      "properties": {
        "id": 8015060537,
        "kind": "poi",
        "highway": "crossing"
      },
      "geometry": {
        "type": "Point",
        "coordinates": [
          -80.2094016,
          25.7660357
        ]
      }
    },
    {
      "type": "Feature",
      "properties": {
        "id": 8015060539,
        "kind": "poi",
        "highway": "crossing"
      },
      "geometry": {
        "type": "Point",
        "coordinates": [
          -80.210868,
          25.7660369
        ]
      }
    },
    {
      "type": "Feature",
      "properties": {
        "id": 8015060542,
        "kind": "poi",
        "crossing": "uncontrolled",
        "crossing:island": "no",
        "crossing:markings": "lines",
        "crossing:signals": "no",
        "highway": "crossing"
      },
      "geometry": {
        "type": "Point",
        "coordinates": [
          -80.2112465,
          25.7660335
        ]
      }
    },
    {
      "type": "Feature",
      "properties": {
        "id": 8015060546,
        "kind": "poi",
        "highway": "crossing"
      },
      "geometry": {
        "type": "Point",
        "coordinates": [
          -80.2116926,
          25.7660218
        ]
      }
    },
    {
      "type": "Feature",
      "properties": {
        "id": 8015060547,
        "kind": "poi",
        "highway": "crossing"
      },
      "geometry": {
        "type": "Point",
        "coordinates": [
          -80.2119966,
          25.7660133
        ]
      }
    },
    {
      "type": "Feature",
      "properties": {
        "id": 8015060551,
        "kind": "poi",
        "crossing": "traffic_signals",
        "crossing:island": "no",
        "crossing:markings": "ladder",
        "crossing:signals": "yes",
        "highway": "crossing"
      },
      "geometry": {
        "type": "Point",
        "coordinates": [
          -80.2127569,
          25.7660119
        ]
      }
    },
    {
      "type": "Feature",
      "properties": {
        "id": 8015060555,
        "kind": "poi",
        "highway": "crossing"
      },
      "geometry": {
        "type": "Point",
        "coordinates": [
          -80.2134462,
          25.7659716
        ]
      }
    },
    {
      "type": "Feature",
      "properties": {
        "id": 8015060556,
        "kind": "poi",
        "highway": "crossing"
      },
      "geometry": {
        "type": "Point",
        "coordinates": [
          -80.2138275,
          25.7659608
        ]
      }
    },
    {
      "type": "Feature",
      "properties": {
        "id": 8015060569,
        "kind": "poi",
        "crossing": "traffic_signals",
        "crossing:markings": "ladder",
        "highway": "crossing"
      },
      "geometry": {
        "type": "Point",
        "coordinates": [
          -80.2143269,
          25.7658637
        ]
      }
    },
    {
      "type": "Feature",
      "properties": {
        "id": 8015185410,
        "kind": "poi",
        "highway": "crossing"
      },
      "geometry": {
        "type": "Point",
        "coordinates": [
          -80.202513,
          25.7664541
        ]
      }
    },
    {
      "type": "Feature",
      "properties": {
        "id": 8015185412,
        "kind": "poi",
        "crossing": "uncontrolled",
        "crossing:island": "no",
        "crossing:markings": "lines",
        "crossing:signals": "no",
        "highway": "crossing"
      },
      "geometry": {
        "type": "Point",
        "coordinates": [
          -80.2091385,
          25.7668367
        ]
      }
    },
    {
      "type": "Feature",
      "properties": {
        "id": 8015185414,
        "kind": "poi",
        "highway": "crossing"
      },
      "geometry": {
        "type": "Point",
        "coordinates": [
          -80.2091839,
          25.7661653
        ]
      }
    },
    {
      "type": "Feature",
      "properties": {
        "id": 8015185425,
        "kind": "poi",
        "highway": "crossing"
      },
      "geometry": {
        "type": "Point",
        "coordinates": [
          -80.2111776,
          25.7662941
        ]
      }
    },
    {
      "type": "Feature",
      "properties": {
        "id": 8015185428,
        "kind": "poi",
        "crossing": "uncontrolled",
        "crossing:island": "no",
        "crossing:markings": "lines",
        "crossing:signals": "no",
        "highway": "crossing"
      },
      "geometry": {
        "type": "Point",
        "coordinates": [
          -80.2112609,
          25.7667676
        ]
      }
    },
    {
      "type": "Feature",
      "properties": {
        "id": 8015185441,
        "kind": "poi",
        "crossing": "uncontrolled",
        "crossing:island": "no",
        "crossing:markings": "lines",
        "crossing:signals": "no",
        "highway": "crossing"
      },
      "geometry": {
        "type": "Point",
        "coordinates": [
          -80.2127754,
          25.7667189
        ]
      }
    },
    {
      "type": "Feature",
      "properties": {
        "id": 8015185455,
        "kind": "poi",
        "crossing": "unmarked",
        "crossing:markings": "no",
        "highway": "crossing"
      },
      "geometry": {
        "type": "Point",
        "coordinates": [
          -80.1987152,
          25.7663394
        ]
      }
    },
    {
      "type": "Feature",
      "properties": {
        "id": 8015185460,
        "kind": "poi",
        "highway": "crossing"
      },
      "geometry": {
        "type": "Point",
        "coordinates": [
          -80.1984037,
          25.766185
        ]
      }
    },
    {
      "type": "Feature",
      "properties": {
        "id": 8015185468,
        "kind": "poi",
        "crossing": "traffic_signals",
        "crossing:island": "no",
        "crossing:markings": "ladder",
        "crossing:signals": "yes",
        "highway": "crossing"
      },
      "geometry": {
        "type": "Point",
        "coordinates": [
          -80.198978,
          25.766249
        ]
      }
    },
    {
      "type": "Feature",
      "properties": {
        "id": 8015185470,
        "kind": "poi",
        "crossing": "traffic_signals",
        "crossing:island": "no",
        "crossing:markings": "ladder",
        "crossing:signals": "yes",
        "highway": "crossing"
      },
      "geometry": {
        "type": "Point",
        "coordinates": [
          -80.1990996,
          25.7663418
        ]
      }
    },
    {
      "type": "Feature",
      "properties": {
        "id": 8015185480,
        "kind": "poi",
        "crossing": "uncontrolled",
        "crossing:island": "no",
        "crossing:markings": "ladder",
        "crossing:signals": "no",
        "highway": "crossing"
      },
      "geometry": {
        "type": "Point",
        "coordinates": [
          -80.1996451,
          25.7661083
        ]
      }
    },
    {
      "type": "Feature",
      "properties": {
        "id": 8015192286,
        "kind": "poi",
        "crossing": "uncontrolled",
        "crossing:island": "no",
        "crossing:markings": "ladder",
        "crossing:signals": "no",
        "highway": "crossing"
      },
      "geometry": {
        "type": "Point",
        "coordinates": [
          -80.1993059,
          25.7661491
        ]
      }
    },
    {
      "type": "Feature",
      "properties": {
        "id": 8015192290,
        "kind": "poi",
        "crossing": "traffic_signals",
        "crossing:markings": "ladder",
        "highway": "crossing"
      },
      "geometry": {
        "type": "Point",
        "coordinates": [
          -80.20075,
          25.7660838
        ]
      }
    },
    {
      "type": "Feature",
      "properties": {
        "id": 8015192291,
        "kind": "poi",
        "crossing": "traffic_signals",
        "crossing:markings": "ladder",
        "highway": "crossing"
      },
      "geometry": {
        "type": "Point",
        "coordinates": [
          -80.2008787,
          25.7661784
        ]
      }
    },
    {
      "type": "Feature",
      "properties": {
        "id": 8015192292,
        "kind": "poi",
        "highway": "crossing"
      },
      "geometry": {
        "type": "Point",
        "coordinates": [
          -80.2008203,
          25.7659076
        ]
      }
    },
    {
      "type": "Feature",
      "properties": {
        "id": 8015192298,
        "kind": "poi",
        "highway": "crossing"
      },
      "geometry": {
        "type": "Point",
        "coordinates": [
          -80.2010532,
          25.7660974
        ]
      }
    },
    {
      "type": "Feature",
      "properties": {
        "id": 8015192300,
        "kind": "poi",
        "highway": "crossing"
      },
      "geometry": {
        "type": "Point",
        "coordinates": [
          -80.2013455,
          25.7660907
        ]
      }
    },
    {
      "type": "Feature",
      "properties": {
        "id": 8015192308,
        "kind": "poi",
        "crossing": "traffic_signals",
        "highway": "crossing"
      },
      "geometry": {
        "type": "Point",
        "coordinates": [
          -80.2023647,
          25.7661538
        ]
      }
    },
    {
      "type": "Feature",
      "properties": {
        "id": 8015192311,
        "kind": "poi",
        "crossing": "traffic_signals",
        "highway": "crossing"
      },
      "geometry": {
        "type": "Point",
        "coordinates": [
          -80.2024267,
          25.7660493
        ]
      }
    },
    {
      "type": "Feature",
      "properties": {
        "id": 8015192312,
        "kind": "poi",
        "crossing": "traffic_signals",
        "highway": "crossing"
      },
      "geometry": {
        "type": "Point",
        "coordinates": [
          -80.2025018,
          25.7661487
        ]
      }
    },
    {
      "type": "Feature",
      "properties": {
        "id": 8015192316,
        "kind": "poi",
        "crossing": "uncontrolled",
        "highway": "crossing"
      },
      "geometry": {
        "type": "Point",
        "coordinates": [
          -80.20274,
          25.7660592
        ]
      }
    },
    {
      "type": "Feature",
      "properties": {
        "id": 8015192319,
        "kind": "poi",
        "crossing": "traffic_signals",
        "crossing:markings": "ladder",
        "highway": "crossing"
      },
      "geometry": {
        "type": "Point",
        "coordinates": [
          -80.2035096,
          25.7661133
        ]
      }
    },
    {
      "type": "Feature",
      "properties": {
        "id": 8015192323,
        "kind": "poi",
        "crossing": "uncontrolled",
        "crossing:markings": "lines",
        "highway": "crossing"
      },
      "geometry": {
        "type": "Point",
        "coordinates": [
          -80.2040989,
          25.7660164
        ]
      }
    },
    {
      "type": "Feature",
      "properties": {
        "id": 8015192325,
        "kind": "poi",
        "highway": "crossing"
      },
      "geometry": {
        "type": "Point",
        "coordinates": [
          -80.2042794,
          25.7660126
        ]
      }
    },
    {
      "type": "Feature",
      "properties": {
        "id": 8015192327,
        "kind": "poi",
        "highway": "crossing"
      },
      "geometry": {
        "type": "Point",
        "coordinates": [
          -80.2052912,
          25.7659862
        ]
      }
    },
    {
      "type": "Feature",
      "properties": {
        "id": 8015192329,
        "kind": "poi",
        "crossing": "traffic_signals",
        "crossing:island": "no",
        "crossing:markings": "ladder",
        "crossing:signals": "yes",
        "highway": "crossing"
      },
      "geometry": {
        "type": "Point",
        "coordinates": [
          -80.2062569,
          25.7660335
        ]
      }
    },
    {
      "type": "Feature",
      "properties": {
        "id": 8015192337,
        "kind": "poi",
        "crossing": "uncontrolled",
        "crossing:island": "no",
        "crossing:markings": "lines",
        "crossing:signals": "no",
        "highway": "crossing"
      },
      "geometry": {
        "type": "Point",
        "coordinates": [
          -80.2057749,
          25.7659322
        ]
      }
    },
    {
      "type": "Feature",
      "properties": {
        "id": 8015192346,
        "kind": "poi",
        "crossing": "traffic_signals",
        "crossing:island": "no",
        "crossing:markings": "lines",
        "crossing:signals": "yes",
        "highway": "crossing"
      },
      "geometry": {
        "type": "Point",
        "coordinates": [
          -80.2074695,
          25.7668874
        ]
      }
    },
    {
      "type": "Feature",
      "properties": {
        "id": 8015192347,
        "kind": "poi",
        "crossing": "traffic_signals",
        "crossing:island": "no",
        "crossing:markings": "lines",
        "crossing:signals": "yes",
        "highway": "crossing"
      },
      "geometry": {
        "type": "Point",
        "coordinates": [
          -80.2073766,
          25.766966
        ]
      }
    },
    {
      "type": "Feature",
      "properties": {
        "id": 8015192348,
        "kind": "poi",
        "crossing": "traffic_signals",
        "crossing:island": "no",
        "crossing:markings": "lines",
        "crossing:signals": "yes",
        "highway": "crossing"
      },
      "geometry": {
        "type": "Point",
        "coordinates": [
          -80.207562,
          25.7669604
        ]
      }
    }
  ],
  "attribution": "© OpenStreetMap contributors"
}
