{
  "type": "FeatureCollection",
  "features": [
    {
      "type": "Feature",
      "properties": {
        "id": 140742301,
        "kind": "poi",
        "crossing": "uncontrolled",
        "crossing:markings": "yes",
        "highway": "crossing"
      },
      "geometry": {
        "type": "Point",
        "coordinates": [
          -106.587661,
          35.1055253
        ]
      }
    },
    {
      "type": "Feature",
      "properties": {
        "id": 140748763,
        "kind": "poi",
        "crossing": "uncontrolled",
        "highway": "crossing"
      },
      "geometry": {
        "type": "Point",
        "coordinates": [
          -106.5689852,
          35.0971093
        ]
      }
    },
    {
      "type": "Feature",
      "properties": {
        "id": 140798030,
        "kind": "poi",
        "crossing": "marked",
        "crossing:markings": "yes",
        "highway": "crossing",
        "kerb": "flush",
        "tactile_paving": "yes"
      },
      "geometry": {
        "type": "Point",
        "coordinates": [
          -106.588184,
          35.1046978
        ]
      }
    },
    {
      "type": "Feature",
      "properties": {
        "id": 140798888,
        "kind": "poi",
        "crossing": "unmarked",
        "crossing:markings": "no",
        "highway": "crossing"
      },
      "geometry": {
        "type": "Point",
        "coordinates": [
          -106.6466856,
          35.0663587
        ]
      }
    },
    {
      "type": "Feature",
      "properties": {
        "id": 140837875,
        "kind": "poi",
        "crossing": "unmarked",
        "crossing:markings": "no",
        "highway": "crossing"
      },
      "geometry": {
        "type": "Point",
        "coordinates": [
          -106.5952358,
          35.1284003
        ]
      }
    },
    {
      "type": "Feature",
      "properties": {
        "id": 140845703,
        "kind": "poi",
        "crossing": "unmarked",
        "crossing:markings": "no",
        "highway": "crossing"
      },
      "geometry": {
        "type": "Point",
        "coordinates": [
          -106.6000565,
          35.070843
        ]
      }
    },
    {
      "type": "Feature",
      "properties": {
        "id": 140863870,
        "kind": "poi",
        "crossing": "unmarked",
        "crossing:markings": "no",
        "highway": "crossing"
      },
      "geometry": {
        "type": "Point",
        "coordinates": [
          -106.5862222,
          35.1127955
        ]
      }
    },
    {
      "type": "Feature",
      "properties": {
        "id": 140879500,
        "kind": "poi",
        "crossing": "marked",
        "crossing:markings": "yes",
        "highway": "crossing"
      },
      "geometry": {
        "type": "Point",
        "coordinates": [
          -106.626309,
          35.0841349
        ]
      }
    },
    {
      "type": "Feature",
      "properties": {
        "id": 140907895,
        "kind": "poi",
        "crossing": "uncontrolled",
        "highway": "crossing"
      },
      "geometry": {
        "type": "Point",
        "coordinates": [
          -106.5674241,
          35.0983887
        ]
      }
    },
    {
      "type": "Feature",
      "properties": {
        "id": 140907951,
        "kind": "poi",
        "crossing": "traffic_signals",
        "crossing:markings": "zebra",
        "crossing:signals": "yes",
        "highway": "crossing"
      },
      "geometry": {
        "type": "Point",
        "coordinates": [
          -106.5685408,
          35.0998331
        ]
      }
    },
    {
      "type": "Feature",
      "properties": {
        "id": 140909638,
        "kind": "poi",
        "crossing": "uncontrolled",
        "highway": "crossing"
      },
      "geometry": {
        "type": "Point",
        "coordinates": [
          -106.6278005,
          35.0759505
        ]
      }
    },
    {
      "type": "Feature",
      "properties": {
        "id": 140912695,
        "kind": "poi",
        "crossing": "unmarked",
        "crossing:markings": "no",
        "highway": "crossing"
      },
      "geometry": {
        "type": "Point",
        "coordinates": [
          -106.6064356,
          35.1268734
        ]
      }
    },
    {
      "type": "Feature",
      "properties": {
        "id": 140936082,
        "kind": "poi",
        "crossing": "unmarked",
        "crossing:markings": "no",
        "highway": "crossing"
      },
      "geometry": {
        "type": "Point",
        "coordinates": [
          -106.6000162,
          35.1207212
        ]
      }
    },
    {
      "type": "Feature",
      "properties": {
        "id": 140937988,
        "kind": "poi",
        "crossing": "unmarked",
        "crossing:markings": "no",
        "highway": "crossing"
      },
      "geometry": {
        "type": "Point",
        "coordinates": [
          -106.6451883,
          35.0816961
        ]
      }
    },
    {
      "type": "Feature",
      "properties": {
        "id": 140940627,
        "kind": "poi",
        "crossing": "unmarked",
        "crossing:markings": "no",
        "highway": "crossing"
      },
      "geometry": {
        "type": "Point",
        "coordinates": [
          -106.5995731,
          35.102136
        ]
      }
    },
    {
      "type": "Feature",
      "properties": {
        "id": 140946343,
        "kind": "poi",
        "crossing": "unmarked",
        "crossing:markings": "no",
        "highway": "crossing"
      },
      "geometry": {
        "type": "Point",
        "coordinates": [
          -106.5520246,
          35.1068274
        ]
      }
    },
    {
      "type": "Feature",
      "properties": {
        "id": 140948614,
        "kind": "poi",
        "crossing": "uncontrolled",
        "crossing:markings": "yes",
        "highway": "crossing"
      },
      "geometry": {
        "type": "Point",
        "coordinates": [
          -106.6454169,
          35.1166704
        ]
      }
    },
    {
      "type": "Feature",
      "properties": {
        "id": 140970874,
        "kind": "poi",
        "crossing": "uncontrolled",
        "highway": "crossing"
      },
      "geometry": {
        "type": "Point",
        "coordinates": [
          -106.5864118,
          35.0806685
        ]
      }
    },
    {
      "type": "Feature",
      "properties": {
        "id": 140971071,
        "kind": "poi",
        "crossing": "unmarked",
        "crossing:markings": "no",
        "highway": "crossing"
      },
      "geometry": {
        "type": "Point",
        "coordinates": [
          -106.564163,
          35.0800943
        ]
      }
    },
    {
      "type": "Feature",
      "properties": {
        "id": 140973427,
        "kind": "poi",
        "crossing": "traffic_signals",
        "crossing:markings": "zebra",
        "crossing:signals": "yes",
        "highway": "crossing"
      },
      "geometry": {
        "type": "Point",
        "coordinates": [
          -106.5775343,
          35.094839
        ]
      }
    },
    {
      "type": "Feature",
      "properties": {
        "id": 140975011,
        "kind": "poi",
        "crossing": "unmarked",
        "crossing:markings": "no",
        "highway": "crossing"
      },
      "geometry": {
        "type": "Point",
        "coordinates": [
          -106.6034679,
          35.0719869
        ]
      }
    },
    {
      "type": "Feature",
      "properties": {
        "id": 140977800,
        "kind": "poi",
        "highway": "crossing"
      },
      "geometry": {
        "type": "Point",
        "coordinates": [
          -106.6746527,
          35.1315913
        ]
      }
    },
    {
      "type": "Feature",
      "properties": {
        "id": 140993965,
        "kind": "poi",
        "crossing": "unmarked",
        "crossing:markings": "no",
        "highway": "crossing"
      },
      "geometry": {
        "type": "Point",
        "coordinates": [
          -106.5522707,
          35.1054189
        ]
      }
    },
    {
      "type": "Feature",
      "properties": {
        "id": 141005440,
        "kind": "poi",
        "crossing": "uncontrolled",
        "highway": "crossing"
      },
      "geometry": {
        "type": "Point",
        "coordinates": [
          -106.6263868,
          35.0772765
        ]
      }
    },
    {
      "type": "Feature",
      "properties": {
        "id": 141046386,
        "kind": "poi",
        "crossing": "uncontrolled",
        "highway": "crossing"
      },
      "geometry": {
        "type": "Point",
        "coordinates": [
          -106.6043025,
          35.1237147
        ]
      }
    },
    {
      "type": "Feature",
      "properties": {
        "id": 141046421,
        "kind": "poi",
        "crossing": "unmarked",
        "crossing:markings": "no",
        "highway": "crossing"
      },
      "geometry": {
        "type": "Point",
        "coordinates": [
          -106.582188,
          35.1243367
        ]
      }
    },
    {
      "type": "Feature",
      "properties": {
        "id": 141087512,
        "kind": "poi",
        "crossing": "unmarked",
        "crossing:markings": "no",
        "highway": "crossing"
      },
      "geometry": {
        "type": "Point",
        "coordinates": [
          -106.6218638,
          35.0624245
        ]
      }
    },
    {
      "type": "Feature",
      "properties": {
        "id": 141090189,
        "kind": "poi",
        "crossing": "uncontrolled",
        "crossing:markings": "lines",
        "crossing:signals": "no",
        "highway": "crossing"
      },
      "geometry": {
        "type": "Point",
        "coordinates": [
          -106.6705743,
          35.0982774
        ]
      }
    },
    {
      "type": "Feature",
      "properties": {
        "id": 141100165,
        "kind": "poi",
        "crossing": "uncontrolled",
        "highway": "crossing"
      },
      "geometry": {
        "type": "Point",
        "coordinates": [
          -106.6626267,
          35.0886959
        ]
      }
    },
    {
      "type": "Feature",
      "properties": {
        "id": 141107758,
        "kind": "poi",
        "crossing": "traffic_signals",
        "crossing:markings": "zebra",
        "crossing:signals": "yes",
        "highway": "crossing"
      },
      "geometry": {
        "type": "Point",
        "coordinates": [
          -106.6605133,
          35.0877304
        ]
      }
    },
    {
      "type": "Feature",
      "properties": {
        "id": 141115881,
        "kind": "poi",
        "crossing": "uncontrolled",
        "crossing:markings": "zebra",
        "highway": "crossing",
        "traffic_calming": "table"
      },
      "geometry": {
        "type": "Point",
        "coordinates": [
          -106.6757492,
          35.1255776
        ]
      }
    },
    {
      "type": "Feature",
      "properties": {
        "id": 141118347,
        "kind": "poi",
        "crossing": "unmarked",
        "crossing:markings": "no",
        "highway": "crossing"
      },
      "geometry": {
        "type": "Point",
        "coordinates": [
          -106.5537598,
          35.1082463
        ]
      }
    },
    {
      "type": "Feature",
      "properties": {
        "id": 141118350,
        "kind": "poi",
        "crossing": "unmarked",
        "crossing:markings": "no",
        "highway": "crossing"
      },
      "geometry": {
        "type": "Point",
        "coordinates": [
          -106.5534927,
          35.1081364
        ]
      }
    },
    {
      "type": "Feature",
      "properties": {
        "id": 141120623,
        "kind": "poi",
        "crossing": "marked",
        "crossing:markings": "yes",
        "highway": "crossing"
      },
      "geometry": {
        "type": "Point",
        "coordinates": [
          -106.5632421,
          35.072658
        ]
      }
    },
    {
      "type": "Feature",
      "properties": {
        "id": 151364049,
        "kind": "poi",
        "alt_name:el": "Άλμπουκερκι",
        "capital": "6",
        "ele": "1511",
        "gnis:feature_id": "928679",
        "name": "Albuquerque",
        "name:af": "Albuquerque",
        "name:am": "አልበከርኪ",
        "name:an": "Albuquerque",
        "name:ar": "ألباكركي",
        "name:az": "Albukerke",
        "name:be": "Альбукерке",
        "name:bg": "Албакърки",
        "name:bn": "অ্যালবাকের্কে",
        "name:ce": "Альбукерке",
        "name:cy": "Albuquerque",
        "name:el": "Αλμπουκέρκη",
        "name:en": "Albuquerque",
        "name:es": "Albuquerque",
        "name:fa": "آلبوکرکی",
        "name:fy": "Albuquerque",
        "name:ga": "Albuquerque",
        "name:gd": "Albuquerque",
        "name:he": "אלבקרקי",
        "name:hr": "Albuquerque",
        "name:hy": "Ալբուկերկե",
        "name:ia": "Albuquerque",
        "name:id": "Albuquerque",
        "name:ja": "アルバカーキ",
        "name:ka": "ალბუკერკე",
        "name:kk": "Альбукерке",
        "name:kn": "ಆಲ್ಬುಕರ್ಕ್",
        "name:ko": "앨버커키",
        "name:kw": "Albuquerque",
        "name:ky": "Альбукерке",
        "name:la": "Alba Quercus",
        "name:lt": "Albukerkė",
        "name:lv": "Albukerke",
        "name:mi": "Arapakēreki",
        "name:mk": "Албакерки",
        "name:mn": "Альбукерке",
        "name:mr": "आल्बुकर्की",
        "name:ms": "Albuquerque",
        "name:nl": "Albuquerque",
        "name:nv": "Bee'eldííldahsinil",
        "name:os": "Альбукерке",
        "name:pa": "ਅਲਬੂਕਰਕੀ, ਨਿਊ ਮੈਕਸੀਕੋ",
        "name:ro": "Albuquerque",
        "name:ru": "Альбукерке",
        "name:sd": "ايلبقرقي",
        "name:sl": "Albuquerque",
        "name:sq": "Albuquerque",
        "name:sr": "Албукерки",
        "name:sw": "Albuquerque",
        "name:ta": "ஆல்புகெர்க்கி",
        "name:th": "อัลบูเคอร์คี",
        "name:tl": "Albuquerque",
        "name:tt": "Әлбукерке",
        "name:tw": "Albukɛɛki",
        "name:ug": "Albukwér kwé",
        "name:uk": "Альбукерке",
        "name:ur": "البیکرکی",
        "name:uz": "Albukerke",
        "name:vi": "Albuquerque",
        "name:yue": "阿爾伯克基",
        "name:zh": "阿尔伯克基;阿布奎基;阿爾伯克基",
        "name:zh-Hans": "阿尔伯克基",
        "name:zh-Hant": "阿布奎基;阿爾伯克基",
        "name:zh-Hant-CN": "阿爾伯克基",
        "name:zh-Hant-HK": "阿爾伯克基",
        "name:zh-Hant-TW": "阿布奎基",
        "place": "city",
        "population": "560326",
        "population:date": "2024-07-01",
        "short_name": "ABQ",
        "source:population": "census",
        "website": "https://www.cabq.gov/",
        "wikidata": "Q34804",
        "wikipedia": "en:Albuquerque, New Mexico"
      },
      "geometry": {
        "type": "Point",
        "coordinates": [
          -106.650985,
          35.0841034
        ]
      }
    },
    {
      "type": "Feature",
      "properties": {
        "id": 357573312,
        "kind": "poi",
        "addr:city": "Albuquerque",
        "addr:housenumber": "717",
        "addr:postcode": "87102",
        "addr:state": "NM",
        "addr:street": "Encino Place Northeast",
        "amenity": "clinic",
        "ele": "1562",
        "gnis:feature_id": "888879",
        "healthcare": "clinic",
        "name": "Encino Medical Plaza",
        "source": "survey"
      },
      "geometry": {
        "type": "Point",
        "coordinates": [
          -106.63284,
          35.0883226
        ]
      }
    },
    {
      "type": "Feature",
      "properties": {
        "id": 357588677,
        "kind": "poi",
        "addr:city": "Albuquerque",
        "addr:housenumber": "505",
        "addr:postcode": "87102",
        "addr:street": "Elm Street Northeast",
        "amenity": "hospital",
        "emergency": "no",
        "gnis:feature_id": "901300",
        "healthcare": "hospital",
        "name": "Lovelace Rehabilitation Hospital",
        "old_name": "Saint Joseph Rehabilitation Hospital",
        "operator": "Lovelace Health System",
        "operator:wikidata": "Q30280774",
        "phone": "+1 505 727 4725",
        "website": "https://lovelace.com/lovelace-rehabilitation-hospital"
      },
      "geometry": {
        "type": "Point",
        "coordinates": [
          -106.6380728,
          35.087744
        ]
      }
    },
    {
      "type": "Feature",
      "properties": {
        "id": 357613858,
        "kind": "poi",
        "addr:city": "Albuquerque",
        "addr:housenumber": "700",
        "addr:postcode": "87102",
        "addr:state": "NM",
        "addr:street": "High Street Northeast",
        "amenity": "hospital",
        "emergency": "no",
        "gnis:feature_id": "934091",
        "healthcare": "hospital",
        "healthcare:speciality": "rehabilitation;LTACH",
        "name": "Kindred Hospital - Albuquerque",
        "old_name": "Care Unit Hospital of Albuquerque",
        "operator": "Kindred Healthcare",
        "operator:type": "private",
        "operator:wikidata": "Q921363",
        "phone": "+1 505 242 4444",
        "website": "http://www.kindredalbuquerque.com/"
      },
      "geometry": {
        "type": "Point",
        "coordinates": [
          -106.6379011,
          35.088902
        ]
      }
    },
    {
      "type": "Feature",
      "properties": {
        "id": 366376389,
        "kind": "poi",
        "alt_name": "University of New Mexico Police",
        "amenity": "police",
        "ele": "1577",
        "gnis:feature_id": "933267",
        "name": "Police Administration Building",
        "operator": "UNM Police",
        "ref": "58",
        "short_name": "UNMPD"
      },
      "geometry": {
        "type": "Point",
        "coordinates": [
          -106.618611,
          35.086473
        ]
      }
    },
    {
      "type": "Feature",
      "properties": {
        "id": 445796886,
        "kind": "poi",
        "crossing": "uncontrolled",
        "highway": "crossing"
      },
      "geometry": {
        "type": "Point",
        "coordinates": [
          -106.6350222,
          35.0943269
        ]
      }
    },
    {
      "type": "Feature",
      "properties": {
        "id": 614269622,
        "kind": "poi",
        "crossing": "uncontrolled",
        "crossing:markings": "yes",
        "highway": "crossing"
      },
      "geometry": {
        "type": "Point",
        "coordinates": [
          -106.604544,
          35.1058779
        ]
      }
    },
    {
      "type": "Feature",
      "properties": {
        "id": 614269675,
        "kind": "poi",
        "crossing": "uncontrolled",
        "crossing:markings": "yes",
        "highway": "crossing"
      },
      "geometry": {
        "type": "Point",
        "coordinates": [
          -106.604041,
          35.1057679
        ]
      }
    },
    {
      "type": "Feature",
      "properties": {
        "id": 614269871,
        "kind": "poi",
        "crossing": "uncontrolled",
        "crossing:markings": "yes",
        "highway": "crossing"
      },
      "geometry": {
        "type": "Point",
        "coordinates": [
          -106.604335,
          35.1043329
        ]
      }
    },
    {
      "type": "Feature",
      "properties": {
        "id": 1730120923,
        "kind": "poi",
        "highway": "crossing"
      },
      "geometry": {
        "type": "Point",
        "coordinates": [
          -106.5873855,
          35.1033023
        ]
      }
    },
    {
      "type": "Feature",
      "properties": {
        "id": 1730120975,
        "kind": "poi",
        "crossing": "marked",
        "crossing:markings": "yes",
        "highway": "crossing",
        "kerb": "flush",
        "source": "survey",
        "tactile_paving": "yes"
      },
      "geometry": {
        "type": "Point",
        "coordinates": [
          -106.586793,
          35.1031793
        ]
      }
    },
    {
      "type": "Feature",
      "properties": {
        "id": 1736428333,
        "kind": "poi",
        "crossing": "uncontrolled",
        "crossing:markings": "yes",
        "highway": "crossing"
      },
      "geometry": {
        "type": "Point",
        "coordinates": [
          -106.569826,
          35.107331
        ]
      }
    },
    {
      "type": "Feature",
      "properties": {
        "id": 1736428354,
        "kind": "poi",
        "crossing": "uncontrolled",
        "highway": "crossing"
      },
      "geometry": {
        "type": "Point",
        "coordinates": [
          -106.5685312,
          35.0976183
        ]
      }
    },
    {
      "type": "Feature",
      "properties": {
        "id": 1736930813,
        "kind": "poi",
        "crossing": "uncontrolled",
        "crossing:markings": "yes",
        "highway": "crossing"
      },
      "geometry": {
        "type": "Point",
        "coordinates": [
          -106.5596887,
          35.0978549
        ]
      }
    },
    {
      "type": "Feature",
      "properties": {
        "id": 1759344046,
        "kind": "poi",
        "crossing": "marked",
        "crossing:markings": "yes",
        "highway": "crossing"
      },
      "geometry": {
        "type": "Point",
        "coordinates": [
          -106.624041,
          35.0857233
        ]
      }
    },
    {
      "type": "Feature",
      "properties": {
        "id": 1760400474,
        "kind": "poi",
        "highway": "crossing"
      },
      "geometry": {
        "type": "Point",
        "coordinates": [
          -106.6210374,
          35.0857401
        ]
      }
    },
    {
      "type": "Feature",
      "properties": {
        "id": 1761842611,
        "kind": "poi",
        "crossing": "marked",
        "crossing:markings": "yes",
        "highway": "crossing"
      },
      "geometry": {
        "type": "Point",
        "coordinates": [
          -106.625521,
          35.0848735
        ]
      }
    },
    {
      "type": "Feature",
      "properties": {
        "id": 1761842822,
        "kind": "poi",
        "crossing:island": "no",
        "crossing:markings": "yes",
        "crossing:signals": "no",
        "highway": "crossing",
        "tactile_paving": "no"
      },
      "geometry": {
        "type": "Point",
        "coordinates": [
          -106.6221911,
          35.0816035
        ]
      }
    },
    {
      "type": "Feature",
      "properties": {
        "id": 1764746647,
        "kind": "poi",
        "crossing": "unmarked",
        "crossing:markings": "no",
        "highway": "crossing"
      },
      "geometry": {
        "type": "Point",
        "coordinates": [
          -106.6070138,
          35.0812803
        ]
      }
    },
    {
      "type": "Feature",
      "properties": {
        "id": 1765125872,
        "kind": "poi",
        "crossing": "unmarked",
        "crossing:markings": "no",
        "highway": "crossing"
      },
      "geometry": {
        "type": "Point",
        "coordinates": [
          -106.5876513,
          35.0603651
        ]
      }
    },
    {
      "type": "Feature",
      "properties": {
        "id": 1765196938,
        "kind": "poi",
        "crossing": "unmarked",
        "crossing:markings": "no",
        "highway": "crossing"
      },
      "geometry": {
        "type": "Point",
        "coordinates": [
          -106.5953212,
          35.0651973
        ]
      }
    },
    {
      "type": "Feature",
      "properties": {
        "id": 1765196946,
        "kind": "poi",
        "crossing": "unmarked",
        "crossing:markings": "no",
        "highway": "crossing"
      },
      "geometry": {
        "type": "Point",
        "coordinates": [
          -106.5881069,
          35.0674362
        ]
      }
    },
    {
      "type": "Feature",
      "properties": {
        "id": 1768520900,
        "kind": "poi",
        "crossing": "uncontrolled",
        "crossing:markings": "yes",
        "highway": "crossing"
      },
      "geometry": {
        "type": "Point",
        "coordinates": [
          -106.58799,
          35.1056708
        ]
      }
    },
    {
      "type": "Feature",
      "properties": {
        "id": 1768520902,
        "kind": "poi",
        "crossing": "unmarked",
        "crossing:markings": "no",
        "highway": "crossing"
      },
      "geometry": {
        "type": "Point",
        "coordinates": [
          -106.586479,
          35.1076928
        ]
      }
    },
    {
      "type": "Feature",
      "properties": {
        "id": 1770916538,
        "kind": "poi",
        "crossing": "uncontrolled",
        "crossing:markings": "yes",
        "highway": "crossing"
      },
      "geometry": {
        "type": "Point",
        "coordinates": [
          -106.5952588,
          35.0875771
        ]
      }
    },
    {
      "type": "Feature",
      "properties": {
        "id": 1770942543,
        "kind": "poi",
        "crossing": "unmarked",
        "crossing:markings": "no",
        "highway": "crossing"
      },
      "geometry": {
        "type": "Point",
        "coordinates": [
          -106.6023143,
          35.0722759
        ]
      }
    },
    {
      "type": "Feature",
      "properties": {
        "id": 1789178035,
        "kind": "poi",
        "addr:city": "Albuquerque",
        "addr:housenumber": "8201",
        "addr:postcode": "87109",
        "addr:street": "Osuna Road Northeast",
        "alt_name": "Albuquerque Police (Northeast Command)",
        "amenity": "police",
        "name": "John Carrillo Memorial Substation",
        "phone": "+1-505-823-4455",
        "source": "www.cabq.gov/police",
        "website": "https://www.cabq.gov/police/area-commands/northeast-area-command"
      },
      "geometry": {
        "type": "Point",
        "coordinates": [
          -106.5529135,
          35.1379393
        ]
      }
    },
    {
      "type": "Feature",
      "properties": {
        "id": 1791513656,
        "kind": "poi",
        "crossing": "unmarked",
        "crossing:markings": "no",
        "highway": "crossing"
      },
      "geometry": {
        "type": "Point",
        "coordinates": [
          -106.6565501,
          35.1179273
        ]
      }
    },
    {
      "type": "Feature",
      "properties": {
        "id": 1791513691,
        "kind": "poi",
        "crossing": "unmarked",
        "crossing:markings": "no",
        "highway": "crossing"
      },
      "geometry": {
        "type": "Point",
        "coordinates": [
          -106.6679735,
          35.1183702
        ]
      }
    },
    {
      "type": "Feature",
      "properties": {
        "id": 1791513770,
        "kind": "poi",
        "crossing": "unmarked",
        "crossing:markings": "no",
        "highway": "crossing"
      },
      "geometry": {
        "type": "Point",
        "coordinates": [
          -106.6657715,
          35.118128
        ]
      }
    },
    {
      "type": "Feature",
      "properties": {
        "id": 1791569768,
        "kind": "poi",
        "crossing": "traffic_signals",
        "crossing:markings": "zebra",
        "highway": "crossing"
      },
      "geometry": {
        "type": "Point",
        "coordinates": [
          -106.6706245,
          35.104606
        ]
      }
    },
    {
      "type": "Feature",
      "properties": {
        "id": 1797705404,
        "kind": "poi",
        "name": "La Mesa",
        "place": "hamlet",
        "source": "cabq.gov"
      },
      "geometry": {
        "type": "Point",
        "coordinates": [
          -106.5597419,
          35.080794
        ]
      }
    },
    {
      "type": "Feature",
      "properties": {
        "id": 1799759006,
        "kind": "poi",
        "crossing": "uncontrolled",
        "crossing:markings": "ladder",
        "crossing:signals": "no",
        "highway": "crossing"
      },
      "geometry": {
        "type": "Point",
        "coordinates": [
          -106.611351,
          35.1335015
        ]
      }
    },
    {
      "type": "Feature",
      "properties": {
        "id": 1803009575,
        "kind": "poi",
        "amenity": "drinking_water",
        "check_date": "2024-04-15",
        "fountain": "bubbler"
      },
      "geometry": {
        "type": "Point",
        "coordinates": [
          -106.6740122,
          35.0855193
        ]
      }
    },
    {
      "type": "Feature",
      "properties": {
        "id": 1803067175,
        "kind": "poi",
        "amenity": "drinking_water"
      },
      "geometry": {
        "type": "Point",
        "coordinates": [
          -106.6702123,
          35.0961054
        ]
      }
    },
    {
      "type": "Feature",
      "properties": {
        "id": 1805490248,
        "kind": "poi",
        "crossing": "uncontrolled",
        "highway": "crossing"
      },
      "geometry": {
        "type": "Point",
        "coordinates": [
          -106.577584,
          35.1035853
        ]
      }
    },
    {
      "type": "Feature",
      "properties": {
        "id": 1834863897,
        "kind": "poi",
        "highway": "crossing"
      },
      "geometry": {
        "type": "Point",
        "coordinates": [
          -106.5869182,
          35.1033239
        ]
      }
    },
    {
      "type": "Feature",
      "properties": {
        "id": 1834890315,
        "kind": "poi",
        "crossing": "uncontrolled",
        "crossing_ref": "zebra",
        "highway": "crossing"
      },
      "geometry": {
        "type": "Point",
        "coordinates": [
          -106.6308074,
          35.067458
        ]
      }
    },
    {
      "type": "Feature",
      "properties": {
        "id": 1838904393,
        "kind": "poi",
        "crossing": "unmarked",
        "crossing:markings": "no",
        "highway": "crossing"
      },
      "geometry": {
        "type": "Point",
        "coordinates": [
          -106.5575982,
          35.1072812
        ]
      }
    },
    {
      "type": "Feature",
      "properties": {
        "id": 1842143356,
        "kind": "poi",
        "crossing": "unmarked",
        "crossing:markings": "no",
        "highway": "crossing"
      },
      "geometry": {
        "type": "Point",
        "coordinates": [
          -106.5932992,
          35.0733284
        ]
      }
    },
    {
      "type": "Feature",
      "properties": {
        "id": 1842171064,
        "kind": "poi",
        "crossing": "uncontrolled",
        "crossing:markings": "yes",
        "highway": "crossing"
      },
      "geometry": {
        "type": "Point",
        "coordinates": [
          -106.613016,
          35.0875377
        ]
      }
    },
    {
      "type": "Feature",
      "properties": {
        "id": 1842171066,
        "kind": "poi",
        "crossing": "uncontrolled",
        "crossing:markings": "yes",
        "highway": "crossing"
      },
      "geometry": {
        "type": "Point",
        "coordinates": [
          -106.613297,
          35.0873798
        ]
      }
    },
    {
      "type": "Feature",
      "properties": {
        "id": 1842171078,
        "kind": "poi",
        "crossing": "uncontrolled",
        "crossing:markings": "yes",
        "highway": "crossing"
      },
      "geometry": {
        "type": "Point",
        "coordinates": [
          -106.613021,
          35.0874055
        ]
      }
    },
    {
      "type": "Feature",
      "properties": {
        "id": 1842171084,
        "kind": "poi",
        "crossing": "uncontrolled",
        "crossing:markings": "yes",
        "highway": "crossing"
      },
      "geometry": {
        "type": "Point",
        "coordinates": [
          -106.613281,
          35.0875298
        ]
      }
    },
    {
      "type": "Feature",
      "properties": {
        "id": 1842175342,
        "kind": "poi",
        "crossing": "uncontrolled",
        "crossing:markings": "yes",
        "highway": "crossing"
      },
      "geometry": {
        "type": "Point",
        "coordinates": [
          -106.595164,
          35.0874382
        ]
      }
    },
    {
      "type": "Feature",
      "properties": {
        "id": 1849349610,
        "kind": "poi",
        "crossing": "uncontrolled",
        "crossing:markings": "ladder",
        "highway": "crossing"
      },
      "geometry": {
        "type": "Point",
        "coordinates": [
          -106.6189531,
          35.1350818
        ]
      }
    },
    {
      "type": "Feature",
      "properties": {
        "id": 1850100669,
        "kind": "poi",
        "amenity": "drinking_water",
        "source": "survey"
      },
      "geometry": {
        "type": "Point",
        "coordinates": [
          -106.5611467,
          35.1283088
        ]
      }
    },
    {
      "type": "Feature",
      "properties": {
        "id": 1850100677,
        "kind": "poi",
        "amenity": "drinking_water",
        "source": "survey"
      },
      "geometry": {
        "type": "Point",
        "coordinates": [
          -106.5532852,
          35.1386753
        ]
      }
    },
    {
      "type": "Feature",
      "properties": {
        "id": 1850208316,
        "kind": "poi",
        "amenity": "drinking_water"
      },
      "geometry": {
        "type": "Point",
        "coordinates": [
          -106.5518933,
          35.137741
        ]
      }
    },
    {
      "type": "Feature",
      "properties": {
        "id": 1850821693,
        "kind": "poi",
        "crossing": "uncontrolled",
        "crossing:markings": "zebra",
        "highway": "crossing"
      },
      "geometry": {
        "type": "Point",
        "coordinates": [
          -106.6234138,
          35.1142184
        ]
      }
    },
    {
      "type": "Feature",
      "properties": {
        "id": 1850821715,
        "kind": "poi",
        "crossing": "uncontrolled",
        "crossing:markings": "zebra",
        "highway": "crossing"
      },
      "geometry": {
        "type": "Point",
        "coordinates": [
          -106.615187,
          35.115858
        ]
      }
    },
    {
      "type": "Feature",
      "properties": {
        "id": 1852152763,
        "kind": "poi",
        "amenity": "drinking_water"
      },
      "geometry": {
        "type": "Point",
        "coordinates": [
          -106.6333742,
          35.0766244
        ]
      }
    },
    {
      "type": "Feature",
      "properties": {
        "id": 1857987146,
        "kind": "poi",
        "crossing": "unmarked",
        "crossing:markings": "no",
        "highway": "crossing"
      },
      "geometry": {
        "type": "Point",
        "coordinates": [
          -106.555896,
          35.1256575
        ]
      }
    },
    {
      "type": "Feature",
      "properties": {
        "id": 1858003569,
        "kind": "poi",
        "addr:city": "Albuquerque",
        "addr:housenumber": "8400",
        "addr:postcode": "87111",
        "addr:state": "NM",
        "addr:street": "Montgomery Boulevard Northeast",
        "amenity": "pharmacy",
        "brand": "Walgreens",
        "brand:wikidata": "Q1591889",
        "dispensing": "yes",
        "healthcare": "pharmacy",
        "name": "Walgreens",
        "ref": "6121"
      },
      "geometry": {
        "type": "Point",
        "coordinates": [
          -106.5500569,
          35.130173
        ]
      }
    },
    {
      "type": "Feature",
      "properties": {
        "id": 1875074357,
        "kind": "poi",
        "crossing": "traffic_signals",
        "highway": "crossing"
      },
      "geometry": {
        "type": "Point",
        "coordinates": [
          -106.6652153,
          35.0902765
        ]
      }
    },
    {
      "type": "Feature",
      "properties": {
        "id": 1876247578,
        "kind": "poi",
        "amenity": "drinking_water",
        "source": "survey"
      },
      "geometry": {
        "type": "Point",
        "coordinates": [
          -106.5826455,
          35.1244863
        ]
      }
    },
    {
      "type": "Feature",
      "properties": {
        "id": 1880191374,
        "kind": "poi",
        "highway": "crossing"
      },
      "geometry": {
        "type": "Point",
        "coordinates": [
          -106.5944162,
          35.073885
        ]
      }
    },
    {
      "type": "Feature",
      "properties": {
        "id": 1880270076,
        "kind": "poi",
        "crossing": "traffic_signals",
        "crossing:markings": "zebra",
        "crossing:signals": "yes",
        "highway": "crossing"
      },
      "geometry": {
        "type": "Point",
        "coordinates": [
          -106.6443522,
          35.0861984
        ]
      }
    },
    {
      "type": "Feature",
      "properties": {
        "id": 1881630276,
        "kind": "poi",
        "addr:city": "Albuquerque",
        "addr:housenumber": "2950",
        "addr:postcode": "87106",
        "addr:state": "NM",
        "addr:street": "Central Avenue Southeast",
        "amenity": "pharmacy",
        "brand": "Walgreens",
        "brand:wikidata": "Q1591889",
        "dispensing": "yes",
        "drive_through": "no",
        "healthcare": "pharmacy",
        "name": "Walgreens"
      },
      "geometry": {
        "type": "Point",
        "coordinates": [
          -106.612475,
          35.0801544
        ]
      }
    },
    {
      "type": "Feature",
      "properties": {
        "id": 1882848237,
        "kind": "poi",
        "crossing": "unmarked",
        "crossing:markings": "no",
        "highway": "crossing"
      },
      "geometry": {
        "type": "Point",
        "coordinates": [
          -106.5674062,
          35.1020258
        ]
      }
    },
    {
      "type": "Feature",
      "properties": {
        "id": 1884592338,
        "kind": "poi",
        "crossing": "traffic_signals",
        "crossing:markings": "zebra",
        "crossing:signals": "yes",
        "highway": "crossing"
      },
      "geometry": {
        "type": "Point",
        "coordinates": [
          -106.644341,
          35.0863299
        ]
      }
    },
    {
      "type": "Feature",
      "properties": {
        "id": 1903218522,
        "kind": "poi",
        "crossing": "traffic_signals",
        "highway": "crossing"
      },
      "geometry": {
        "type": "Point",
        "coordinates": [
          -106.6043162,
          35.1236191
        ]
      }
    },
    {
      "type": "Feature",
      "properties": {
        "id": 1922078183,
        "kind": "poi",
        "crossing": "traffic_signals",
        "crossing:markings": "lines",
        "crossing:signals": "yes",
        "highway": "crossing"
      },
      "geometry": {
        "type": "Point",
        "coordinates": [
          -106.6455738,
          35.0856473
        ]
      }
    },
    {
      "type": "Feature",
      "properties": {
        "id": 1924671654,
        "kind": "poi",
        "addr:city": "Albuquerque",
        "addr:housenumber": "2901",
        "addr:postcode": "87106",
        "addr:state": "NM",
        "addr:street": "Central Avenue Northeast",
        "amenity": "police",
        "building:architecture": "art_deco",
        "name": "Triangle Park Police Substation",
        "operator": "Albuquerque Police Department"
      },
      "geometry": {
        "type": "Point",
        "coordinates": [
          -106.6122304,
          35.0810755
        ]
      }
    },
    {
      "type": "Feature",
      "properties": {
        "id": 1938185863,
        "kind": "poi",
        "crossing": "uncontrolled",
        "highway": "crossing"
      },
      "geometry": {
        "type": "Point",
        "coordinates": [
          -106.5775601,
          35.0999823
        ]
      }
    },
    {
      "type": "Feature",
      "properties": {
        "id": 1940966938,
        "kind": "poi",
        "crossing": "traffic_signals",
        "crossing:markings": "ladder",
        "crossing:signals": "yes",
        "highway": "crossing"
      },
      "geometry": {
        "type": "Point",
        "coordinates": [
          -106.61815,
          35.0873003
        ]
      }
    },
    {
      "type": "Feature",
      "properties": {
        "id": 1940966943,
        "kind": "poi",
        "crossing": "traffic_signals",
        "crossing:markings": "ladder",
        "crossing:signals": "yes",
        "highway": "crossing"
      },
      "geometry": {
        "type": "Point",
        "coordinates": [
          -106.618268,
          35.0873032
        ]
      }
    },
    {
      "type": "Feature",
      "properties": {
        "id": 1994089117,
        "kind": "poi",
        "crossing": "traffic_signals",
        "crossing_ref": "hawk",
        "highway": "crossing"
      },
      "geometry": {
        "type": "Point",
        "coordinates": [
          -106.60403,
          35.1275634
        ]
      }
    },
    {
      "type": "Feature",
      "properties": {
        "id": 1994089182,
        "kind": "poi",
        "highway": "crossing"
      },
      "geometry": {
        "type": "Point",
        "coordinates": [
          -106.6040361,
          35.1237544
        ]
      }
    },
    {
      "type": "Feature",
      "properties": {
        "id": 1994089221,
        "kind": "poi",
        "crossing": "traffic_signals",
        "crossing_ref": "hawk",
        "highway": "crossing"
      },
      "geometry": {
        "type": "Point",
        "coordinates": [
          -106.6042141,
          35.1275629
        ]
      }
    },
    {
      "type": "Feature",
      "properties": {
        "id": 2014685526,
        "kind": "poi",
        "crossing": "unmarked",
        "crossing:markings": "no",
        "highway": "crossing"
      },
      "geometry": {
        "type": "Point",
        "coordinates": [
          -106.6470773,
          35.0744958
        ]
      }
    },
    {
      "type": "Feature",
      "properties": {
        "id": 2017452382,
        "kind": "poi",
        "crossing": "unmarked",
        "crossing:markings": "no",
        "highway": "crossing"
      },
      "geometry": {
        "type": "Point",
        "coordinates": [
          -106.6598544,
          35.07965
        ]
      }
    },
    {
      "type": "Feature",
      "properties": {
        "id": 2039255034,
        "kind": "poi",
        "crossing": "uncontrolled",
        "highway": "crossing"
      },
      "geometry": {
        "type": "Point",
        "coordinates": [
          -106.6376667,
          35.0872374
        ]
      }
    },
    {
      "type": "Feature",
      "properties": {
        "id": 2039255082,
        "kind": "poi",
        "crossing": "unmarked",
        "crossing:markings": "no",
        "highway": "crossing"
      },
      "geometry": {
        "type": "Point",
        "coordinates": [
          -106.6383037,
          35.0873857
        ]
      }
    },
    {
      "type": "Feature",
      "properties": {
        "id": 2042971291,
        "kind": "poi",
        "crossing": "unmarked",
        "crossing:markings": "no",
        "highway": "crossing"
      },
      "geometry": {
        "type": "Point",
        "coordinates": [
          -106.6318972,
          35.079891
        ]
      }
    },
    {
      "type": "Feature",
      "properties": {
        "id": 2042971294,
        "kind": "poi",
        "crossing": "unmarked",
        "crossing:markings": "no",
        "highway": "crossing"
      },
      "geometry": {
        "type": "Point",
        "coordinates": [
          -106.6318616,
          35.0800848
        ]
      }
    },
    {
      "type": "Feature",
      "properties": {
        "id": 2045661531,
        "kind": "poi",
        "crossing": "unmarked",
        "crossing:markings": "no",
        "highway": "crossing"
      },
      "geometry": {
        "type": "Point",
        "coordinates": [
          -106.6364626,
          35.0930493
        ]
      }
    },
    {
      "type": "Feature",
      "properties": {
        "id": 2047303473,
        "kind": "poi",
        "crossing": "unmarked",
        "crossing:markings": "no",
        "highway": "crossing"
      },
      "geometry": {
        "type": "Point",
        "coordinates": [
          -106.6335647,
          35.0766236
        ]
      }
    },
    {
      "type": "Feature",
      "properties": {
        "id": 2078083126,
        "kind": "poi",
        "crossing": "unmarked",
        "crossing:markings": "no",
        "highway": "crossing"
      },
      "geometry": {
        "type": "Point",
        "coordinates": [
          -106.6695658,
          35.0950314
        ]
      }
    },
    {
      "type": "Feature",
      "properties": {
        "id": 2078083151,
        "kind": "poi",
        "crossing": "uncontrolled",
        "crossing:markings": "zebra",
        "crossing:signals": "no",
        "highway": "crossing"
      },
      "geometry": {
        "type": "Point",
        "coordinates": [
          -106.6707528,
          35.0949709
        ]
      }
    },
    {
      "type": "Feature",
      "properties": {
        "id": 2079977105,
        "kind": "poi",
        "highway": "crossing"
      },
      "geometry": {
        "type": "Point",
        "coordinates": [
          -106.58445,
          35.1127122
        ]
      }
    },
    {
      "type": "Feature",
      "properties": {
        "id": 2142009880,
        "kind": "poi",
        "crossing": "unmarked",
        "crossing:markings": "no",
        "highway": "crossing"
      },
      "geometry": {
        "type": "Point",
        "coordinates": [
          -106.6172806,
          35.0607082
        ]
      }
    },
    {
      "type": "Feature",
      "properties": {
        "id": 2146065431,
        "kind": "poi",
        "crossing": "unmarked",
        "crossing:markings": "no",
        "highway": "crossing"
      },
      "geometry": {
        "type": "Point",
        "coordinates": [
          -106.5550197,
          35.1047554
        ]
      }
    },
    {
      "type": "Feature",
      "properties": {
        "id": 2146065463,
        "kind": "poi",
        "crossing": "unmarked",
        "crossing:markings": "no",
        "highway": "crossing"
      },
      "geometry": {
        "type": "Point",
        "coordinates": [
          -106.5564528,
          35.107629
        ]
      }
    },
    {
      "type": "Feature",
      "properties": {
        "id": 2155393946,
        "kind": "poi",
        "highway": "crossing"
      },
      "geometry": {
        "type": "Point",
        "coordinates": [
          -106.595144,
          35.0771679
        ]
      }
    },
    {
      "type": "Feature",
      "properties": {
        "id": 2164022255,
        "kind": "poi",
        "amenity": "doctors",
        "healthcare": "doctor",
        "name": "Medicine@Downtown"
      },
      "geometry": {
        "type": "Point",
        "coordinates": [
          -106.6593368,
          35.0817122
        ]
      }
    },
    {
      "type": "Feature",
      "properties": {
        "id": 2167964803,
        "kind": "poi",
        "highway": "crossing"
      },
      "geometry": {
        "type": "Point",
        "coordinates": [
          -106.5968884,
          35.0759076
        ]
      }
    },
    {
      "type": "Feature",
      "properties": {
        "id": 2167964839,
        "kind": "poi",
        "highway": "crossing"
      },
      "geometry": {
        "type": "Point",
        "coordinates": [
          -106.5964483,
          35.0756745
        ]
      }
    },
    {
      "type": "Feature",
      "properties": {
        "id": 2183549143,
        "kind": "poi",
        "crossing": "uncontrolled",
        "highway": "crossing"
      },
      "geometry": {
        "type": "Point",
        "coordinates": [
          -106.6221775,
          35.0775675
        ]
      }
    },
    {
      "type": "Feature",
      "properties": {
        "id": 2187230649,
        "kind": "poi",
        "highway": "crossing"
      },
      "geometry": {
        "type": "Point",
        "coordinates": [
          -106.591702,
          35.075627
        ]
      }
    },
    {
      "type": "Feature",
      "properties": {
        "id": 2214631502,
        "kind": "poi",
        "highway": "crossing"
      },
      "geometry": {
        "type": "Point",
        "coordinates": [
          -106.5952814,
          35.0865236
        ]
      }
    },
    {
      "type": "Feature",
      "properties": {
        "id": 2232450229,
        "kind": "poi",
        "highway": "crossing"
      },
      "geometry": {
        "type": "Point",
        "coordinates": [
          -106.59752,
          35.1147464
        ]
      }
    },
    {
      "type": "Feature",
      "properties": {
        "id": 2247426138,
        "kind": "poi",
        "amenity": "drinking_water"
      },
      "geometry": {
        "type": "Point",
        "coordinates": [
          -106.5671316,
          35.0602565
        ]
      }
    },
    {
      "type": "Feature",
      "properties": {
        "id": 2247426145,
        "kind": "poi",
        "amenity": "drinking_water"
      },
      "geometry": {
        "type": "Point",
        "coordinates": [
          -106.5596698,
          35.0694342
        ]
      }
    },
    {
      "type": "Feature",
      "properties": {
        "id": 2247441226,
        "kind": "poi",
        "crossing": "unmarked",
        "crossing:markings": "no",
        "highway": "crossing"
      },
      "geometry": {
        "type": "Point",
        "coordinates": [
          -106.5594728,
          35.0689407
        ]
      }
    },
    {
      "type": "Feature",
      "properties": {
        "id": 2247443060,
        "kind": "poi",
        "amenity": "drinking_water"
      },
      "geometry": {
        "type": "Point",
        "coordinates": [
          -106.6209274,
          35.0638817
        ]
      }
    },
    {
      "type": "Feature",
      "properties": {
        "id": 2247443061,
        "kind": "poi",
        "amenity": "drinking_water"
      },
      "geometry": {
        "type": "Point",
        "coordinates": [
          -106.5995731,
          35.1193241
        ]
      }
    },
    {
      "type": "Feature",
      "properties": {
        "id": 2248997004,
        "kind": "poi",
        "crossing": "uncontrolled",
        "crossing:markings": "yes",
        "highway": "crossing"
      },
      "geometry": {
        "type": "Point",
        "coordinates": [
          -106.5676892,
          35.0603942
        ]
      }
    },
    {
      "type": "Feature",
      "properties": {
        "id": 2249643745,
        "kind": "poi",
        "amenity": "drinking_water",
        "source": "survey"
      },
      "geometry": {
        "type": "Point",
        "coordinates": [
          -106.5923171,
          35.0757775
        ]
      }
    },
    {
      "type": "Feature",
      "properties": {
        "id": 2260909927,
        "kind": "poi",
        "crossing": "unmarked",
        "crossing:markings": "no",
        "highway": "crossing"
      },
      "geometry": {
        "type": "Point",
        "coordinates": [
          -106.6438302,
          35.1051015
        ]
      }
    },
    {
      "type": "Feature",
      "properties": {
        "id": 2260909933,
        "kind": "poi",
        "crossing": "uncontrolled",
        "highway": "crossing"
      },
      "geometry": {
        "type": "Point",
        "coordinates": [
          -106.6473426,
          35.1055186
        ]
      }
    },
    {
      "type": "Feature",
      "properties": {
        "id": 2260909947,
        "kind": "poi",
        "crossing": "unmarked",
        "crossing:markings": "no",
        "highway": "crossing"
      },
      "geometry": {
        "type": "Point",
        "coordinates": [
          -106.6437826,
          35.1052051
        ]
      }
    },
    {
      "type": "Feature",
      "properties": {
        "id": 2270067891,
        "kind": "poi",
        "crossing": "unmarked",
        "crossing:markings": "no",
        "highway": "crossing"
      },
      "geometry": {
        "type": "Point",
        "coordinates": [
          -106.5852596,
          35.1092942
        ]
      }
    },
    {
      "type": "Feature",
      "properties": {
        "id": 2281243477,
        "kind": "poi",
        "crossing": "uncontrolled",
        "highway": "crossing"
      },
      "geometry": {
        "type": "Point",
        "coordinates": [
          -106.6387942,
          35.0819477
        ]
      }
    },
    {
      "type": "Feature",
      "properties": {
        "id": 2281243546,
        "kind": "poi",
        "crossing": "unmarked",
        "crossing:markings": "no",
        "highway": "crossing"
      },
      "geometry": {
        "type": "Point",
        "coordinates": [
          -106.6401816,
          35.0811286
        ]
      }
    },
    {
      "type": "Feature",
      "properties": {
        "id": 2318389671,
        "kind": "poi",
        "crossing": "unmarked",
        "crossing:markings": "no",
        "highway": "crossing"
      },
      "geometry": {
        "type": "Point",
        "coordinates": [
          -106.5509562,
          35.1383805
        ]
      }
    },
    {
      "type": "Feature",
      "properties": {
        "id": 2318389676,
        "kind": "poi",
        "crossing": "uncontrolled",
        "highway": "crossing"
      },
      "geometry": {
        "type": "Point",
        "coordinates": [
          -106.568662,
          35.138487
        ]
      }
    },
    {
      "type": "Feature",
      "properties": {
        "id": 2318389703,
        "kind": "poi",
        "crossing": "uncontrolled",
        "highway": "crossing"
      },
      "geometry": {
        "type": "Point",
        "coordinates": [
          -106.568791,
          35.1384841
        ]
      }
    },
    {
      "type": "Feature",
      "properties": {
        "id": 2370743532,
        "kind": "poi",
        "crossing": "unmarked",
        "crossing:markings": "no",
        "highway": "crossing"
      },
      "geometry": {
        "type": "Point",
        "coordinates": [
          -106.6214249,
          35.101903
        ]
      }
    },
    {
      "type": "Feature",
      "properties": {
        "id": 2370867115,
        "kind": "poi",
        "addr:housenumber": "1001",
        "addr:street": "Doctor Martin Luther King Junior Avenue Northeast",
        "amenity": "clinic",
        "healthcare": "clinic",
        "name": "UNM Center For Digestive Disease"
      },
      "geometry": {
        "type": "Point",
        "coordinates": [
          -106.634677,
          35.085369
        ]
      }
    },
    {
      "type": "Feature",
      "properties": {
        "id": 2385443080,
        "kind": "poi",
        "crossing": "uncontrolled",
        "highway": "crossing"
      },
      "geometry": {
        "type": "Point",
        "coordinates": [
          -106.559783,
          35.1384541
        ]
      }
    },
    {
      "type": "Feature",
      "properties": {
        "id": 2567989922,
        "kind": "poi",
        "crossing": "unmarked",
        "crossing:markings": "no",
        "highway": "crossing"
      },
      "geometry": {
        "type": "Point",
        "coordinates": [
          -106.6773267,
          35.0947605
        ]
      }
    },
    {
      "type": "Feature",
      "properties": {
        "id": 2625434730,
        "kind": "poi",
        "crossing": "uncontrolled",
        "highway": "crossing"
      },
      "geometry": {
        "type": "Point",
        "coordinates": [
          -106.6269613,
          35.0749548
        ]
      }
    },
    {
      "type": "Feature",
      "properties": {
        "id": 2632457879,
        "kind": "poi",
        "crossing": "unmarked",
        "crossing:markings": "no",
        "highway": "crossing"
      },
      "geometry": {
        "type": "Point",
        "coordinates": [
          -106.6201645,
          35.0657757
        ]
      }
    },
    {
      "type": "Feature",
      "properties": {
        "id": 2635919254,
        "kind": "poi",
        "highway": "crossing"
      },
      "geometry": {
        "type": "Point",
        "coordinates": [
          -106.6064873,
          35.1075292
        ]
      }
    },
    {
      "type": "Feature",
      "properties": {
        "id": 2635934694,
        "kind": "poi",
        "addr:city": "Albuquerque",
        "addr:housenumber": "2501",
        "addr:postcode": "87110",
        "addr:state": "NM",
        "addr:street": "Carlisle Boulevard Northeast",
        "amenity": "police",
        "check_date": "2025-06-13",
        "name": "New Mexico State Police",
        "operator": "New Mexico State Police",
        "operator:short": "NMSP",
        "operator:wikidata": "Q7010251",
        "operator:wikipedia": "en:New Mexico State Police"
      },
      "geometry": {
        "type": "Point",
        "coordinates": [
          -106.604701,
          35.1082747
        ]
      }
    },
    {
      "type": "Feature",
      "properties": {
        "id": 2652048047,
        "kind": "poi",
        "crossing": "unmarked",
        "crossing:markings": "no",
        "highway": "crossing"
      },
      "geometry": {
        "type": "Point",
        "coordinates": [
          -106.5668773,
          35.1035825
        ]
      }
    },
    {
      "type": "Feature",
      "properties": {
        "id": 2652048066,
        "kind": "poi",
        "crossing": "unmarked",
        "crossing:markings": "no",
        "highway": "crossing"
      },
      "geometry": {
        "type": "Point",
        "coordinates": [
          -106.5685711,
          35.1037456
        ]
      }
    },
    {
      "type": "Feature",
      "properties": {
        "id": 2652048093,
        "kind": "poi",
        "crossing": "unmarked",
        "crossing:markings": "no",
        "highway": "crossing"
      },
      "geometry": {
        "type": "Point",
        "coordinates": [
          -106.5673048,
          35.1036343
        ]
      }
    },
    {
      "type": "Feature",
      "properties": {
        "id": 2652048147,
        "kind": "poi",
        "crossing": "unmarked",
        "crossing:markings": "no",
        "highway": "crossing"
      },
      "geometry": {
        "type": "Point",
        "coordinates": [
          -106.5668855,
          35.1035494
        ]
      }
    },
    {
      "type": "Feature",
      "properties": {
        "id": 2652048344,
        "kind": "poi",
        "crossing": "unmarked",
        "crossing:markings": "no",
        "highway": "crossing"
      },
      "geometry": {
        "type": "Point",
        "coordinates": [
          -106.5673082,
          35.1036105
        ]
      }
    },
    {
      "type": "Feature",
      "properties": {
        "id": 2657869344,
        "kind": "poi",
        "crossing": "uncontrolled",
        "highway": "crossing"
      },
      "geometry": {
        "type": "Point",
        "coordinates": [
          -106.6312916,
          35.0644644
        ]
      }
    },
    {
      "type": "Feature",
      "properties": {
        "id": 2711476794,
        "kind": "poi",
        "crossing": "unmarked",
        "crossing:markings": "no",
        "highway": "crossing"
      },
      "geometry": {
        "type": "Point",
        "coordinates": [
          -106.6389577,
          35.080894
        ]
      }
    },
    {
      "type": "Feature",
      "properties": {
        "id": 2760088345,
        "kind": "poi",
        "addr:city": "Albuquerque",
        "addr:housenumber": "5000",
        "addr:postcode": "87110",
        "addr:street": "Cutler Avenue Northeast",
        "addr:unit": "A",
        "amenity": "clinic",
        "healthcare": "alternative",
        "name": "Yi Lin Medical Center",
        "phone": "+1 505 8886700",
        "website": "http://yilinmedical.com/"
      },
      "geometry": {
        "type": "Point",
        "coordinates": [
          -106.5893965,
          35.1047754
        ]
      }
    },
    {
      "type": "Feature",
      "properties": {
        "id": 2824734227,
        "kind": "poi",
        "highway": "crossing"
      },
      "geometry": {
        "type": "Point",
        "coordinates": [
          -106.61771,
          35.0772487
        ]
      }
    },
    {
      "type": "Feature",
      "properties": {
        "id": 2840018906,
        "kind": "poi",
        "highway": "crossing"
      },
      "geometry": {
        "type": "Point",
        "coordinates": [
          -106.62544,
          35.0849117
        ]
      }
    },
    {
      "type": "Feature",
      "properties": {
        "id": 2857377407,
        "kind": "poi",
        "crossing": "unmarked",
        "crossing:markings": "no",
        "highway": "crossing"
      },
      "geometry": {
        "type": "Point",
        "coordinates": [
          -106.6319376,
          35.0712591
        ]
      }
    },
    {
      "type": "Feature",
      "properties": {
        "id": 2880918319,
        "kind": "poi",
        "crossing": "marked",
        "crossing:markings": "yes",
        "highway": "crossing"
      },
      "geometry": {
        "type": "Point",
        "coordinates": [
          -106.6694832,
          35.096248
        ]
      }
    },
    {
      "type": "Feature",
      "properties": {
        "id": 2904469274,
        "kind": "poi",
        "crossing": "unmarked",
        "crossing:markings": "no",
        "highway": "crossing"
      },
      "geometry": {
        "type": "Point",
        "coordinates": [
          -106.5551066,
          35.0959555
        ]
      }
    },
    {
      "type": "Feature",
      "properties": {
        "id": 2921952746,
        "kind": "poi",
        "crossing": "unmarked",
        "crossing:markings": "no",
        "highway": "crossing"
      },
      "geometry": {
        "type": "Point",
        "coordinates": [
          -106.6257524,
          35.0771538
        ]
      }
    },
    {
      "type": "Feature",
      "properties": {
        "id": 2932078190,
        "kind": "poi",
        "crossing": "marked",
        "crossing:markings": "yes",
        "highway": "crossing"
      },
      "geometry": {
        "type": "Point",
        "coordinates": [
          -106.5686436,
          35.0725655
        ]
      }
    },
    {
      "type": "Feature",
      "properties": {
        "id": 2934334252,
        "kind": "poi",
        "crossing": "unmarked",
        "crossing:markings": "no",
        "highway": "crossing"
      },
      "geometry": {
        "type": "Point",
        "coordinates": [
          -106.5978405,
          35.0677388
        ]
      }
    },
    {
      "type": "Feature",
      "properties": {
        "id": 2957276725,
        "kind": "poi",
        "crossing": "unmarked",
        "crossing:markings": "no",
        "highway": "crossing"
      },
      "geometry": {
        "type": "Point",
        "coordinates": [
          -106.5916566,
          35.0632223
        ]
      }
    },
    {
      "type": "Feature",
      "properties": {
        "id": 3035004749,
        "kind": "poi",
        "amenity": "pharmacy",
        "dispensing": "yes",
        "healthcare": "pharmacy",
        "name": "Veterans Administration Cooperative Studies Program Clinical Research Pharmacy"
      },
      "geometry": {
        "type": "Point",
        "coordinates": [
          -106.6193595,
          35.0602488
        ]
      }
    },
    {
      "type": "Feature",
      "properties": {
        "id": 3055624667,
        "kind": "poi",
        "bicycle": "yes",
        "crossing:island": "yes",
        "crossing:markings": "no",
        "crossing:signals": "no",
        "highway": "crossing"
      },
      "geometry": {
        "type": "Point",
        "coordinates": [
          -106.6220497,
          35.0790826
        ]
      }
    },
    {
      "type": "Feature",
      "properties": {
        "id": 3057591722,
        "kind": "poi",
        "addr:city": "Albuquerque",
        "addr:housenumber": "724",
        "addr:postcode": "87102",
        "addr:state": "NM",
        "addr:street": "Silver Avenue Southwest",
        "amenity": "fire_station",
        "capacity": "3",
        "name": "Albuquerque Fire Station 1",
        "note": "Downtown",
        "operator": "Albuquerque Fire Rescue",
        "operator:wikidata": "Q106997936",
        "source": "survey"
      },
      "geometry": {
        "type": "Point",
        "coordinates": [
          -106.656467,
          35.0829383
        ]
      }
    },
    {
      "type": "Feature",
      "properties": {
        "id": 3071333015,
        "kind": "poi",
        "crossing": "uncontrolled",
        "crossing:markings": "ladder",
        "crossing:signals": "no",
        "highway": "crossing"
      },
      "geometry": {
        "type": "Point",
        "coordinates": [
          -106.6090396,
          35.1320616
        ]
      }
    },
    {
      "type": "Feature",
      "properties": {
        "id": 3071392123,
        "kind": "poi",
        "crossing": "uncontrolled",
        "highway": "crossing"
      },
      "geometry": {
        "type": "Point",
        "coordinates": [
          -106.6351822,
          35.0946651
        ]
      }
    },
    {
      "type": "Feature",
      "properties": {
        "id": 3077739219,
        "kind": "poi",
        "highway": "crossing"
      },
      "geometry": {
        "type": "Point",
        "coordinates": [
          -106.5903508,
          35.0724525
        ]
      }
    },
    {
      "type": "Feature",
      "properties": {
        "id": 3077739249,
        "kind": "poi",
        "highway": "crossing"
      },
      "geometry": {
        "type": "Point",
        "coordinates": [
          -106.5902679,
          35.07249
        ]
      }
    },
    {
      "type": "Feature",
      "properties": {
        "id": 3077739251,
        "kind": "poi",
        "highway": "crossing"
      },
      "geometry": {
        "type": "Point",
        "coordinates": [
          -106.5902424,
          35.0725209
        ]
      }
    },
    {
      "type": "Feature",
      "properties": {
        "id": 3077739355,
        "kind": "poi",
        "highway": "crossing"
      },
      "geometry": {
        "type": "Point",
        "coordinates": [
          -106.5924284,
          35.0727673
        ]
      }
    },
    {
      "type": "Feature",
      "properties": {
        "id": 3081911878,
        "kind": "poi",
        "highway": "crossing"
      },
      "geometry": {
        "type": "Point",
        "coordinates": [
          -106.6630911,
          35.0931403
        ]
      }
    },
    {
      "type": "Feature",
      "properties": {
        "id": 3096031116,
        "kind": "poi",
        "crossing": "unmarked",
        "crossing:markings": "no",
        "highway": "crossing"
      },
      "geometry": {
        "type": "Point",
        "coordinates": [
          -106.6041298,
          35.094637
        ]
      }
    },
    {
      "type": "Feature",
      "properties": {
        "id": 3098036859,
        "kind": "poi",
        "crossing": "unmarked",
        "crossing:markings": "no",
        "highway": "crossing"
      },
      "geometry": {
        "type": "Point",
        "coordinates": [
          -106.5908688,
          35.0836705
        ]
      }
    },
    {
      "type": "Feature",
      "properties": {
        "id": 3098036866,
        "kind": "poi",
        "crossing": "unmarked",
        "crossing:markings": "no",
        "highway": "crossing"
      },
      "geometry": {
        "type": "Point",
        "coordinates": [
          -106.5931096,
          35.0836696
        ]
      }
    },
    {
      "type": "Feature",
      "properties": {
        "id": 3112071448,
        "kind": "poi",
        "crossing": "uncontrolled",
        "crossing:markings": "ladder:skewed",
        "crossing:signals": "no",
        "highway": "crossing"
      },
      "geometry": {
        "type": "Point",
        "coordinates": [
          -106.5685339,
          35.1008124
        ]
      }
    },
    {
      "type": "Feature",
      "properties": {
        "id": 3119279830,
        "kind": "poi",
        "crossing": "uncontrolled",
        "highway": "crossing",
        "traffic_calming": "choker"
      },
      "geometry": {
        "type": "Point",
        "coordinates": [
          -106.6108282,
          35.1010627
        ]
      }
    },
    {
      "type": "Feature",
      "properties": {
        "id": 3136179330,
        "kind": "poi",
        "addr:housenumber": "1021",
        "addr:street": "Medical Arts Avenue Northeast",
        "amenity": "clinic",
        "healthcare": "clinic",
        "healthcare:speciality": "dermatology",
        "name": "University of New Mexico Dermatology Clinic"
      },
      "geometry": {
        "type": "Point",
        "coordinates": [
          -106.63101,
          35.0905795
        ]
      }
    },
    {
      "type": "Feature",
      "properties": {
        "id": 3155412653,
        "kind": "poi",
        "crossing": "marked",
        "crossing:markings": "yes",
        "highway": "crossing"
      },
      "geometry": {
        "type": "Point",
        "coordinates": [
          -106.609634,
          35.0884604
        ]
      }
    },
    {
      "type": "Feature",
      "properties": {
        "id": 3236664057,
        "kind": "poi",
        "crossing": "unmarked",
        "crossing:markings": "no",
        "highway": "crossing"
      },
      "geometry": {
        "type": "Point",
        "coordinates": [
          -106.6273385,
          35.0688129
        ]
      }
    },
    {
      "type": "Feature",
      "properties": {
        "id": 3250376702,
        "kind": "poi",
        "crossing": "uncontrolled",
        "crossing:markings": "no",
        "highway": "crossing"
      },
      "geometry": {
        "type": "Point",
        "coordinates": [
          -106.578562,
          35.1026005
        ]
      }
    },
    {
      "type": "Feature",
      "properties": {
        "id": 3250376742,
        "kind": "poi",
        "crossing": "unmarked",
        "crossing:markings": "no",
        "highway": "crossing"
      },
      "geometry": {
        "type": "Point",
        "coordinates": [
          -106.5787222,
          35.1054226
        ]
      }
    },
    {
      "type": "Feature",
      "properties": {
        "id": 3250377124,
        "kind": "poi",
        "crossing": "unmarked",
        "crossing:markings": "no",
        "highway": "crossing"
      },
      "geometry": {
        "type": "Point",
        "coordinates": [
          -106.5862157,
          35.110989
        ]
      }
    },
    {
      "type": "Feature",
      "properties": {
        "id": 3259984772,
        "kind": "poi",
        "highway": "crossing"
      },
      "geometry": {
        "type": "Point",
        "coordinates": [
          -106.5614881,
          35.135629
        ]
      }
    },
    {
      "type": "Feature",
      "properties": {
        "id": 3261745841,
        "kind": "poi",
        "crossing": "uncontrolled",
        "crossing:markings": "ladder:skewed",
        "highway": "crossing"
      },
      "geometry": {
        "type": "Point",
        "coordinates": [
          -106.6642529,
          35.1016921
        ]
      }
    },
    {
      "type": "Feature",
      "properties": {
        "id": 3261745852,
        "kind": "poi",
        "crossing": "uncontrolled",
        "crossing:markings": "zebra",
        "highway": "crossing"
      },
      "geometry": {
        "type": "Point",
        "coordinates": [
          -106.6644636,
          35.1008671
        ]
      }
    },
    {
      "type": "Feature",
      "properties": {
        "id": 3264569601,
        "kind": "poi",
        "highway": "crossing"
      },
      "geometry": {
        "type": "Point",
        "coordinates": [
          -106.5919379,
          35.0771665
        ]
      }
    },
    {
      "type": "Feature",
      "properties": {
        "id": 3264569637,
        "kind": "poi",
        "highway": "crossing"
      },
      "geometry": {
        "type": "Point",
        "coordinates": [
          -106.5914099,
          35.0781644
        ]
      }
    },
    {
      "type": "Feature",
      "properties": {
        "id": 3264578885,
        "kind": "poi",
        "highway": "crossing"
      },
      "geometry": {
        "type": "Point",
        "coordinates": [
          -106.5915461,
          35.0771651
        ]
      }
    },
    {
      "type": "Feature",
      "properties": {
        "id": 3264578993,
        "kind": "poi",
        "highway": "crossing"
      },
      "geometry": {
        "type": "Point",
        "coordinates": [
          -106.5922679,
          35.078259
        ]
      }
    },
    {
      "type": "Feature",
      "properties": {
        "id": 3275656236,
        "kind": "poi",
        "highway": "crossing"
      },
      "geometry": {
        "type": "Point",
        "coordinates": [
          -106.5855547,
          35.0600981
        ]
      }
    },
    {
      "type": "Feature",
      "properties": {
        "id": 3276784488,
        "kind": "poi",
        "highway": "crossing"
      },
      "geometry": {
        "type": "Point",
        "coordinates": [
          -106.6174452,
          35.0875772
        ]
      }
    },
    {
      "type": "Feature",
      "properties": {
        "id": 3276784496,
        "kind": "poi",
        "crossing": "traffic_signals",
        "crossing:markings": "lines",
        "crossing:signals": "yes",
        "highway": "crossing"
      },
      "geometry": {
        "type": "Point",
        "coordinates": [
          -106.618217,
          35.0875912
        ]
      }
    },
    {
      "type": "Feature",
      "properties": {
        "id": 3276820085,
        "kind": "poi",
        "crossing": "uncontrolled",
        "crossing:markings": "ladder",
        "crossing:signals": "no",
        "highway": "crossing"
      },
      "geometry": {
        "type": "Point",
        "coordinates": [
          -106.6180894,
          35.0869634
        ]
      }
    },
    {
      "type": "Feature",
      "properties": {
        "id": 3276941450,
        "kind": "poi",
        "button_operated": "yes",
        "crossing": "traffic_signals",
        "crossing:markings": "zebra",
        "crossing:signals": "yes",
        "highway": "crossing"
      },
      "geometry": {
        "type": "Point",
        "coordinates": [
          -106.5660344,
          35.1020282
        ]
      }
    },
    {
      "type": "Feature",
      "properties": {
        "id": 3290059139,
        "kind": "poi",
        "highway": "crossing"
      },
      "geometry": {
        "type": "Point",
        "coordinates": [
          -106.5863831,
          35.0798878
        ]
      }
    },
    {
      "type": "Feature",
      "properties": {
        "id": 3292760962,
        "kind": "poi",
        "crossing": "marked",
        "crossing:markings": "yes",
        "highway": "crossing",
        "tactile_paving": "yes"
      },
      "geometry": {
        "type": "Point",
        "coordinates": [
          -106.6629901,
          35.0757133
        ]
      }
    },
    {
      "type": "Feature",
      "properties": {
        "id": 3344028705,
        "kind": "poi",
        "highway": "crossing"
      },
      "geometry": {
        "type": "Point",
        "coordinates": [
          -106.6429207,
          35.0930561
        ]
      }
    },
    {
      "type": "Feature",
      "properties": {
        "id": 3344028746,
        "kind": "poi",
        "highway": "crossing"
      },
      "geometry": {
        "type": "Point",
        "coordinates": [
          -106.6428506,
          35.0934133
        ]
      }
    },
    {
      "type": "Feature",
      "properties": {
        "id": 3351880471,
        "kind": "poi",
        "crossing": "unmarked",
        "crossing:markings": "no",
        "highway": "crossing"
      },
      "geometry": {
        "type": "Point",
        "coordinates": [
          -106.6360329,
          35.0777183
        ]
      }
    },
    {
      "type": "Feature",
      "properties": {
        "id": 3381251862,
        "kind": "poi",
        "highway": "crossing"
      },
      "geometry": {
        "type": "Point",
        "coordinates": [
          -106.584704,
          35.0637273
        ]
      }
    },
    {
      "type": "Feature",
      "properties": {
        "id": 3382283329,
        "kind": "poi",
        "highway": "crossing"
      },
      "geometry": {
        "type": "Point",
        "coordinates": [
          -106.5850668,
          35.0655401
        ]
      }
    },
    {
      "type": "Feature",
      "properties": {
        "id": 3382283363,
        "kind": "poi",
        "highway": "crossing"
      },
      "geometry": {
        "type": "Point",
        "coordinates": [
          -106.584705,
          35.065538
        ]
      }
    },
    {
      "type": "Feature",
      "properties": {
        "id": 3386149006,
        "kind": "poi",
        "highway": "crossing"
      },
      "geometry": {
        "type": "Point",
        "coordinates": [
          -106.585106,
          35.0619185
        ]
      }
    },
    {
      "type": "Feature",
      "properties": {
        "id": 3386149023,
        "kind": "poi",
        "highway": "crossing"
      },
      "geometry": {
        "type": "Point",
        "coordinates": [
          -106.583925,
          35.0619043
        ]
      }
    },
    {
      "type": "Feature",
      "properties": {
        "id": 3386149029,
        "kind": "poi",
        "highway": "crossing"
      },
      "geometry": {
        "type": "Point",
        "coordinates": [
          -106.584567,
          35.063726
        ]
      }
    },
    {
      "type": "Feature",
      "properties": {
        "id": 3386149042,
        "kind": "poi",
        "highway": "crossing"
      },
      "geometry": {
        "type": "Point",
        "coordinates": [
          -106.5831939,
          35.0603021
        ]
      }
    },
    {
      "type": "Feature",
      "properties": {
        "id": 3386149052,
        "kind": "poi",
        "highway": "crossing"
      },
      "geometry": {
        "type": "Point",
        "coordinates": [
          -106.5846637,
          35.0619138
        ]
      }
    },
    {
      "type": "Feature",
      "properties": {
        "id": 3386149059,
        "kind": "poi",
        "highway": "crossing"
      },
      "geometry": {
        "type": "Point",
        "coordinates": [
          -106.583805,
          35.0619034
        ]
      }
    },
    {
      "type": "Feature",
      "properties": {
        "id": 3386149945,
        "kind": "poi",
        "highway": "crossing"
      },
      "geometry": {
        "type": "Point",
        "coordinates": [
          -106.584452,
          35.0619651
        ]
      }
    },
    {
      "type": "Feature",
      "properties": {
        "id": 3386149956,
        "kind": "poi",
        "highway": "crossing"
      },
      "geometry": {
        "type": "Point",
        "coordinates": [
          -106.583652,
          35.0619023
        ]
      }
    },
    {
      "type": "Feature",
      "properties": {
        "id": 3386149975,
        "kind": "poi",
        "highway": "crossing"
      },
      "geometry": {
        "type": "Point",
        "coordinates": [
          -106.5844299,
          35.0637246
        ]
      }
    },
    {
      "type": "Feature",
      "properties": {
        "id": 3386149980,
        "kind": "poi",
        "highway": "crossing"
      },
      "geometry": {
        "type": "Point",
        "coordinates": [
          -106.5831738,
          35.0615981
        ]
      }
    },
    {
      "type": "Feature",
      "properties": {
        "id": 3386149985,
        "kind": "poi",
        "highway": "crossing"
      },
      "geometry": {
        "type": "Point",
        "coordinates": [
          -106.5831839,
          35.0609475
        ]
      }
    },
    {
      "type": "Feature",
      "properties": {
        "id": 3386149994,
        "kind": "poi",
        "highway": "crossing"
      },
      "geometry": {
        "type": "Point",
        "coordinates": [
          -106.5835721,
          35.0620017
        ]
      }
    },
    {
      "type": "Feature",
      "properties": {
        "id": 3388092700,
        "kind": "poi",
        "highway": "crossing"
      },
      "geometry": {
        "type": "Point",
        "coordinates": [
          -106.579848,
          35.0627819
        ]
      }
    },
    {
      "type": "Feature",
      "properties": {
        "id": 3388092736,
        "kind": "poi",
        "highway": "crossing"
      },
      "geometry": {
        "type": "Point",
        "coordinates": [
          -106.5798501,
          35.0626479
        ]
      }
    },
    {
      "type": "Feature",
      "properties": {
        "id": 3388092748,
        "kind": "poi",
        "highway": "crossing"
      },
      "geometry": {
        "type": "Point",
        "coordinates": [
          -106.5798521,
          35.0625272
        ]
      }
    },
    {
      "type": "Feature",
      "properties": {
        "id": 3388111713,
        "kind": "poi",
        "highway": "crossing"
      },
      "geometry": {
        "type": "Point",
        "coordinates": [
          -106.579839,
          35.0633483
        ]
      }
    },
    {
      "type": "Feature",
      "properties": {
        "id": 3388111715,
        "kind": "poi",
        "highway": "crossing"
      },
      "geometry": {
        "type": "Point",
        "coordinates": [
          -106.5802459,
          35.0636797
        ]
      }
    },
    {
      "type": "Feature",
      "properties": {
        "id": 3388111721,
        "kind": "poi",
        "highway": "crossing"
      },
      "geometry": {
        "type": "Point",
        "coordinates": [
          -106.5809474,
          35.0628872
        ]
      }
    },
    {
      "type": "Feature",
      "properties": {
        "id": 3388111728,
        "kind": "poi",
        "highway": "crossing"
      },
      "geometry": {
        "type": "Point",
        "coordinates": [
          -106.5798442,
          35.0630234
        ]
      }
    },
    {
      "type": "Feature",
      "properties": {
        "id": 3388111732,
        "kind": "poi",
        "highway": "crossing"
      },
      "geometry": {
        "type": "Point",
        "coordinates": [
          -106.5799458,
          35.063677
        ]
      }
    },
    {
      "type": "Feature",
      "properties": {
        "id": 3388111741,
        "kind": "poi",
        "highway": "crossing"
      },
      "geometry": {
        "type": "Point",
        "coordinates": [
          -106.5803989,
          35.0636811
        ]
      }
    },
    {
      "type": "Feature",
      "properties": {
        "id": 3388111749,
        "kind": "poi",
        "highway": "crossing"
      },
      "geometry": {
        "type": "Point",
        "coordinates": [
          -106.5806829,
          35.0636838
        ]
      }
    },
    {
      "type": "Feature",
      "properties": {
        "id": 3388111755,
        "kind": "poi",
        "highway": "crossing"
      },
      "geometry": {
        "type": "Point",
        "coordinates": [
          -106.5809451,
          35.06303
        ]
      }
    },
    {
      "type": "Feature",
      "properties": {
        "id": 3392507073,
        "kind": "poi",
        "highway": "crossing"
      },
      "geometry": {
        "type": "Point",
        "coordinates": [
          -106.5820205,
          35.0649256
        ]
      }
    },
    {
      "type": "Feature",
      "properties": {
        "id": 3392508099,
        "kind": "poi",
        "highway": "crossing"
      },
      "geometry": {
        "type": "Point",
        "coordinates": [
          -106.5820173,
          35.0651808
        ]
      }
    },
    {
      "type": "Feature",
      "properties": {
        "id": 3392545818,
        "kind": "poi",
        "highway": "crossing"
      },
      "geometry": {
        "type": "Point",
        "coordinates": [
          -106.5820246,
          35.0645903
        ]
      }
    },
    {
      "type": "Feature",
      "properties": {
        "id": 3392545820,
        "kind": "poi",
        "highway": "crossing"
      },
      "geometry": {
        "type": "Point",
        "coordinates": [
          -106.5820229,
          35.0647242
        ]
      }
    },
    {
      "type": "Feature",
      "properties": {
        "id": 3409835701,
        "kind": "poi",
        "highway": "crossing"
      },
      "geometry": {
        "type": "Point",
        "coordinates": [
          -106.5831222,
          35.0654067
        ]
      }
    },
    {
      "type": "Feature",
      "properties": {
        "id": 3416881106,
        "kind": "poi",
        "highway": "crossing"
      },
      "geometry": {
        "type": "Point",
        "coordinates": [
          -106.5823047,
          35.072744
        ]
      }
    },
    {
      "type": "Feature",
      "properties": {
        "id": 3416881119,
        "kind": "poi",
        "crossing": "unmarked",
        "crossing:markings": "no",
        "highway": "crossing"
      },
      "geometry": {
        "type": "Point",
        "coordinates": [
          -106.5642531,
          35.07264
        ]
      }
    },
    {
      "type": "Feature",
      "properties": {
        "id": 3416881125,
        "kind": "poi",
        "crossing": "unmarked",
        "crossing:markings": "no",
        "highway": "crossing"
      },
      "geometry": {
        "type": "Point",
        "coordinates": [
          -106.5622038,
          35.0726672
        ]
      }
    },
    {
      "type": "Feature",
      "properties": {
        "id": 3418903444,
        "kind": "poi",
        "crossing": "uncontrolled",
        "crossing:markings": "yes",
        "highway": "crossing"
      },
      "geometry": {
        "type": "Point",
        "coordinates": [
          -106.5709257,
          35.0775339
        ]
      }
    },
    {
      "type": "Feature",
      "properties": {
        "id": 3419018216,
        "kind": "poi",
        "crossing": "unmarked",
        "crossing:markings": "no",
        "highway": "crossing"
      },
      "geometry": {
        "type": "Point",
        "coordinates": [
          -106.5908347,
          35.08024
        ]
      }
    },
    {
      "type": "Feature",
      "properties": {
        "id": 3452973833,
        "kind": "poi",
        "highway": "crossing"
      },
      "geometry": {
        "type": "Point",
        "coordinates": [
          -106.569396,
          35.1288453
        ]
      }
    },
    {
      "type": "Feature",
      "properties": {
        "id": 3480454133,
        "kind": "poi",
        "crossing": "unmarked",
        "crossing:markings": "no",
        "highway": "crossing"
      },
      "geometry": {
        "type": "Point",
        "coordinates": [
          -106.584591,
          35.1200928
        ]
      }
    },
    {
      "type": "Feature",
      "properties": {
        "id": 3512779896,
        "kind": "poi",
        "crossing": "uncontrolled",
        "crossing:markings": "lines",
        "crossing:signals": "no",
        "highway": "crossing"
      },
      "geometry": {
        "type": "Point",
        "coordinates": [
          -106.6613762,
          35.1107469
        ]
      }
    },
    {
      "type": "Feature",
      "properties": {
        "id": 3513622202,
        "kind": "poi",
        "crossing": "traffic_signals",
        "highway": "crossing",
        "traffic_calming": "island"
      },
      "geometry": {
        "type": "Point",
        "coordinates": [
          -106.613295,
          35.080838
        ]
      }
    },
    {
      "type": "Feature",
      "properties": {
        "id": 3513622241,
        "kind": "poi",
        "crossing": "traffic_signals",
        "highway": "crossing"
      },
      "geometry": {
        "type": "Point",
        "coordinates": [
          -106.613336,
          35.0811652
        ]
      }
    },
    {
      "type": "Feature",
      "properties": {
        "id": 3513622250,
        "kind": "poi",
        "crossing": "traffic_signals",
        "highway": "crossing"
      },
      "geometry": {
        "type": "Point",
        "coordinates": [
          -106.613429,
          35.0809274
        ]
      }
    },
    {
      "type": "Feature",
      "properties": {
        "id": 3513622261,
        "kind": "poi",
        "crossing": "traffic_signals",
        "highway": "crossing"
      },
      "geometry": {
        "type": "Point",
        "coordinates": [
          -106.613431,
          35.0810569
        ]
      }
    },
    {
      "type": "Feature",
      "properties": {
        "id": 3513622262,
        "kind": "poi",
        "crossing": "unmarked",
        "crossing:markings": "no",
        "highway": "crossing"
      },
      "geometry": {
        "type": "Point",
        "coordinates": [
          -106.631155,
          35.076639
        ]
      }
    },
    {
      "type": "Feature",
      "properties": {
        "id": 3513622292,
        "kind": "poi",
        "crossing": "traffic_signals",
        "crossing:markings": "yes",
        "highway": "crossing"
      },
      "geometry": {
        "type": "Point",
        "coordinates": [
          -106.613005,
          35.0811642
        ]
      }
    },
    {
      "type": "Feature",
      "properties": {
        "id": 3513622300,
        "kind": "poi",
        "crossing": "traffic_signals",
        "crossing:markings": "yes",
        "highway": "crossing"
      },
      "geometry": {
        "type": "Point",
        "coordinates": [
          -106.612888,
          35.0810949
        ]
      }
    },
    {
      "type": "Feature",
      "properties": {
        "id": 3513622322,
        "kind": "poi",
        "crossing": "traffic_signals",
        "crossing:markings": "yes",
        "highway": "crossing"
      },
      "geometry": {
        "type": "Point",
        "coordinates": [
          -106.613193,
          35.0811937
        ]
      }
    },
    {
      "type": "Feature",
      "properties": {
        "id": 3545767480,
        "kind": "poi",
        "highway": "crossing"
      },
      "geometry": {
        "type": "Point",
        "coordinates": [
          -106.567578,
          35.0723605
        ]
      }
    },
    {
      "type": "Feature",
      "properties": {
        "id": 3545767753,
        "kind": "poi",
        "highway": "crossing"
      },
      "geometry": {
        "type": "Point",
        "coordinates": [
          -106.5675785,
          35.0724964
        ]
      }
    },
    {
      "type": "Feature",
      "properties": {
        "id": 3545767952,
        "kind": "poi",
        "crossing": "unmarked",
        "crossing:markings": "no",
        "highway": "crossing"
      },
      "geometry": {
        "type": "Point",
        "coordinates": [
          -106.5674941,
          35.0727805
        ]
      }
    },
    {
      "type": "Feature",
      "properties": {
        "id": 3551998460,
        "kind": "poi",
        "highway": "crossing"
      },
      "geometry": {
        "type": "Point",
        "coordinates": [
          -106.5938266,
          35.118433
        ]
      }
    },
    {
      "type": "Feature",
      "properties": {
        "id": 3615584619,
        "kind": "poi",
        "highway": "crossing"
      },
      "geometry": {
        "type": "Point",
        "coordinates": [
          -106.679592,
          35.0912569
        ]
      }
    },
    {
      "type": "Feature",
      "properties": {
        "id": 3634906453,
        "kind": "poi",
        "highway": "crossing"
      },
      "geometry": {
        "type": "Point",
        "coordinates": [
          -106.6144517,
          35.0792759
        ]
      }
    },
    {
      "type": "Feature",
      "properties": {
        "id": 3634906456,
        "kind": "poi",
        "highway": "crossing"
      },
      "geometry": {
        "type": "Point",
        "coordinates": [
          -106.614451,
          35.0794515
        ]
      }
    },
    {
      "type": "Feature",
      "properties": {
        "id": 3672671391,
        "kind": "poi",
        "crossing": "unmarked",
        "crossing:markings": "no",
        "highway": "crossing"
      },
      "geometry": {
        "type": "Point",
        "coordinates": [
          -106.5885979,
          35.0802413
        ]
      }
    },
    {
      "type": "Feature",
      "properties": {
        "id": 3683150029,
        "kind": "poi",
        "crossing": "uncontrolled",
        "highway": "crossing"
      },
      "geometry": {
        "type": "Point",
        "coordinates": [
          -106.5954298,
          35.0801625
        ]
      }
    },
    {
      "type": "Feature",
      "properties": {
        "id": 3712987807,
        "kind": "poi",
        "crossing": "uncontrolled",
        "highway": "crossing"
      },
      "geometry": {
        "type": "Point",
        "coordinates": [
          -106.5817732,
          35.0874411
        ]
      }
    },
    {
      "type": "Feature",
      "properties": {
        "id": 3712995449,
        "kind": "poi",
        "crossing": "uncontrolled",
        "highway": "crossing"
      },
      "geometry": {
        "type": "Point",
        "coordinates": [
          -106.5749914,
          35.1062033
        ]
      }
    },
    {
      "type": "Feature",
      "properties": {
        "id": 3712995454,
        "kind": "poi",
        "crossing": "uncontrolled",
        "highway": "crossing"
      },
      "geometry": {
        "type": "Point",
        "coordinates": [
          -106.5754113,
          35.106242
        ]
      }
    },
    {
      "type": "Feature",
      "properties": {
        "id": 3756298324,
        "kind": "poi",
        "crossing": "uncontrolled",
        "highway": "crossing"
      },
      "geometry": {
        "type": "Point",
        "coordinates": [
          -106.5775651,
          35.1001936
        ]
      }
    },
    {
      "type": "Feature",
      "properties": {
        "id": 3756315725,
        "kind": "poi",
        "crossing": "uncontrolled",
        "highway": "crossing"
      },
      "geometry": {
        "type": "Point",
        "coordinates": [
          -106.578564,
          35.0999917
        ]
      }
    },
    {
      "type": "Feature",
      "properties": {
        "id": 3791843163,
        "kind": "poi",
        "addr:city": "Albuquerque",
        "addr:housenumber": "1220",
        "addr:postcode": "87102",
        "addr:state": "NM",
        "addr:street": "1st Street Northwest",
        "amenity": "doctors",
        "healthcare": "doctor",
        "healthcare:speciality": "homeless",
        "name": "Albuquerque Health Care for the Homeless"
      },
      "geometry": {
        "type": "Point",
        "coordinates": [
          -106.6456684,
          35.0954223
        ]
      }
    },
    {
      "type": "Feature",
      "properties": {
        "id": 3796234466,
        "kind": "poi",
        "highway": "crossing"
      },
      "geometry": {
        "type": "Point",
        "coordinates": [
          -106.598737,
          35.1071201
        ]
      }
    },
    {
      "type": "Feature",
      "properties": {
        "id": 3798833196,
        "kind": "poi",
        "highway": "crossing"
      },
      "geometry": {
        "type": "Point",
        "coordinates": [
          -106.5952819,
          35.0782238
        ]
      }
    },
    {
      "type": "Feature",
      "properties": {
        "id": 3802134728,
        "kind": "poi",
        "crossing": "unmarked",
        "crossing:markings": "no",
        "highway": "crossing"
      },
      "geometry": {
        "type": "Point",
        "coordinates": [
          -106.5892658,
          35.0796838
        ]
      }
    },
    {
      "type": "Feature",
      "properties": {
        "id": 3802950402,
        "kind": "poi",
        "highway": "crossing"
      },
      "geometry": {
        "type": "Point",
        "coordinates": [
          -106.587784,
          35.0817443
        ]
      }
    },
    {
      "type": "Feature",
      "properties": {
        "id": 3802950612,
        "kind": "poi",
        "highway": "crossing"
      },
      "geometry": {
        "type": "Point",
        "coordinates": [
          -106.5866185,
          35.0806779
        ]
      }
    },
    {
      "type": "Feature",
      "properties": {
        "id": 3802950623,
        "kind": "poi",
        "highway": "crossing"
      },
      "geometry": {
        "type": "Point",
        "coordinates": [
          -106.5863802,
          35.0810856
        ]
      }
    },
    {
      "type": "Feature",
      "properties": {
        "id": 3802950661,
        "kind": "poi",
        "highway": "crossing"
      },
      "geometry": {
        "type": "Point",
        "coordinates": [
          -106.586381,
          35.0809594
        ]
      }
    },
    {
      "type": "Feature",
      "properties": {
        "id": 3802950706,
        "kind": "poi",
        "highway": "crossing"
      },
      "geometry": {
        "type": "Point",
        "coordinates": [
          -106.5863794,
          35.0812283
        ]
      }
    },
    {
      "type": "Feature",
      "properties": {
        "id": 3823558808,
        "kind": "poi",
        "crossing": "unmarked",
        "crossing:markings": "no",
        "highway": "crossing"
      },
      "geometry": {
        "type": "Point",
        "coordinates": [
          -106.586442,
          35.1052463
        ]
      }
    },
    {
      "type": "Feature",
      "properties": {
        "id": 3840451013,
        "kind": "poi",
        "crossing": "traffic_signals",
        "highway": "crossing"
      },
      "geometry": {
        "type": "Point",
        "coordinates": [
          -106.5505897,
          35.0617771
        ]
      }
    },
    {
      "type": "Feature",
      "properties": {
        "id": 3840451019,
        "kind": "poi",
        "crossing": "traffic_signals;marked",
        "highway": "crossing"
      },
      "geometry": {
        "type": "Point",
        "coordinates": [
          -106.5506943,
          35.0618942
        ]
      }
    },
    {
      "type": "Feature",
      "properties": {
        "id": 3840451037,
        "kind": "poi",
        "crossing": "traffic_signals;marked",
        "highway": "crossing"
      },
      "geometry": {
        "type": "Point",
        "coordinates": [
          -106.550585,
          35.0620023
        ]
      }
    },
    {
      "type": "Feature",
      "properties": {
        "id": 3844500508,
        "kind": "poi",
        "highway": "crossing"
      },
      "geometry": {
        "type": "Point",
        "coordinates": [
          -106.5778251,
          35.1037336
        ]
      }
    },
    {
      "type": "Feature",
      "properties": {
        "id": 3855506116,
        "kind": "poi",
        "addr:city": "Albuquerque",
        "addr:housenumber": "717",
        "addr:postcode": "87102",
        "addr:state": "NM",
        "addr:street": "Encino Place Northeast",
        "amenity": "pharmacy",
        "dispensing": "yes",
        "healthcare": "pharmacy",
        "name": "Highland Pharmacy",
        "opening_hours": "Mo-Fr 08:00-18:00; Sa 09:00-12:00",
        "phone": "+1 505 243 3777",
        "website": "https://www.highlandpharmacy.com/"
      },
      "geometry": {
        "type": "Point",
        "coordinates": [
          -106.6319751,
          35.0887268
        ]
      }
    },
    {
      "type": "Feature",
      "properties": {
        "id": 3856737867,
        "kind": "poi",
        "crossing": "unmarked",
        "crossing:markings": "no",
        "highway": "crossing"
      },
      "geometry": {
        "type": "Point",
        "coordinates": [
          -106.6342026,
          35.0870952
        ]
      }
    },
    {
      "type": "Feature",
      "properties": {
        "id": 3961543321,
        "kind": "poi",
        "crossing": "unmarked",
        "crossing:markings": "no",
        "highway": "crossing"
      },
      "geometry": {
        "type": "Point",
        "coordinates": [
          -106.5685791,
          35.0647546
        ]
      }
    },
    {
      "type": "Feature",
      "properties": {
        "id": 4079031975,
        "kind": "poi",
        "highway": "crossing"
      },
      "geometry": {
        "type": "Point",
        "coordinates": [
          -106.5891185,
          35.0601396
        ]
      }
    },
    {
      "type": "Feature",
      "properties": {
        "id": 4173559075,
        "kind": "poi",
        "amenity": "drinking_water"
      },
      "geometry": {
        "type": "Point",
        "coordinates": [
          -106.5734416,
          35.0986596
        ]
      }
    },
    {
      "type": "Feature",
      "properties": {
        "id": 4194255781,
        "kind": "poi",
        "crossing": "uncontrolled",
        "highway": "crossing"
      },
      "geometry": {
        "type": "Point",
        "coordinates": [
          -106.578298,
          35.1101453
        ]
      }
    },
    {
      "type": "Feature",
      "properties": {
        "id": 4248010421,
        "kind": "poi",
        "crossing": "uncontrolled",
        "highway": "crossing"
      },
      "geometry": {
        "type": "Point",
        "coordinates": [
          -106.5636086,
          35.0703474
        ]
      }
    },
    {
      "type": "Feature",
      "properties": {
        "id": 4253353489,
        "kind": "poi",
        "amenity": "drinking_water"
      },
      "geometry": {
        "type": "Point",
        "coordinates": [
          -106.6479147,
          35.0836421
        ]
      }
    },
    {
      "type": "Feature",
      "properties": {
        "id": 4263691549,
        "kind": "poi",
        "crossing": "uncontrolled",
        "highway": "crossing"
      },
      "geometry": {
        "type": "Point",
        "coordinates": [
          -106.5707961,
          35.0675301
        ]
      }
    },
    {
      "type": "Feature",
      "properties": {
        "id": 4273744104,
        "kind": "poi",
        "crossing": "unmarked",
        "crossing:markings": "no",
        "highway": "crossing"
      },
      "geometry": {
        "type": "Point",
        "coordinates": [
          -106.5576251,
          35.1165212
        ]
      }
    },
    {
      "type": "Feature",
      "properties": {
        "id": 4273744105,
        "kind": "poi",
        "highway": "crossing"
      },
      "geometry": {
        "type": "Point",
        "coordinates": [
          -106.5597951,
          35.1188406
        ]
      }
    },
    {
      "type": "Feature",
      "properties": {
        "id": 4358609336,
        "kind": "poi",
        "crossing": "uncontrolled",
        "highway": "crossing"
      },
      "geometry": {
        "type": "Point",
        "coordinates": [
          -106.6356003,
          35.0675651
        ]
      }
    },
    {
      "type": "Feature",
      "properties": {
        "id": 4358609346,
        "kind": "poi",
        "crossing": "uncontrolled",
        "highway": "crossing"
      },
      "geometry": {
        "type": "Point",
        "coordinates": [
          -106.6352594,
          35.0673478
        ]
      }
    },
    {
      "type": "Feature",
      "properties": {
        "id": 4358609415,
        "kind": "poi",
        "crossing": "unmarked",
        "crossing:markings": "no",
        "highway": "crossing"
      },
      "geometry": {
        "type": "Point",
        "coordinates": [
          -106.6368561,
          35.0656619
        ]
      }
    },
    {
      "type": "Feature",
      "properties": {
        "id": 4359649020,
        "kind": "poi",
        "addr:city": "Albuquerque",
        "addr:housenumber": "1891",
        "addr:state": "NM",
        "addr:street": "Central Avenue Northeast",
        "amenity": "shelter"
      },
      "geometry": {
        "type": "Point",
        "coordinates": [
          -106.625247,
          35.0815107
        ]
      }
    },
    {
      "type": "Feature",
      "properties": {
        "id": 4388660341,
        "kind": "poi",
        "crossing": "unmarked",
        "crossing:markings": "no",
        "highway": "crossing"
      },
      "geometry": {
        "type": "Point",
        "coordinates": [
          -106.552734,
          35.1375653
        ]
      }
    },
    {
      "type": "Feature",
      "properties": {
        "id": 4405663694,
        "kind": "poi",
        "highway": "crossing"
      },
      "geometry": {
        "type": "Point",
        "coordinates": [
          -106.5866061,
          35.06554
        ]
      }
    },
    {
      "type": "Feature",
      "properties": {
        "id": 4405663706,
        "kind": "poi",
        "highway": "crossing"
      },
      "geometry": {
        "type": "Point",
        "coordinates": [
          -106.5867681,
          35.0655416
        ]
      }
    },
    {
      "type": "Feature",
      "properties": {
        "id": 4439899336,
        "kind": "poi",
        "highway": "crossing"
      },
      "geometry": {
        "type": "Point",
        "coordinates": [
          -106.5819582,
          35.1378725
        ]
      }
    },
    {
      "type": "Feature",
      "properties": {
        "id": 4455869392,
        "kind": "poi",
        "highway": "crossing"
      },
      "geometry": {
        "type": "Point",
        "coordinates": [
          -106.6209498,
          35.0770956
        ]
      }
    },
    {
      "type": "Feature",
      "properties": {
        "id": 4493517679,
        "kind": "poi",
        "crossing": "uncontrolled",
        "highway": "crossing"
      },
      "geometry": {
        "type": "Point",
        "coordinates": [
          -106.604209,
          35.1235438
        ]
      }
    },
    {
      "type": "Feature",
      "properties": {
        "id": 4493517680,
        "kind": "poi",
        "crossing": "uncontrolled",
        "highway": "crossing"
      },
      "geometry": {
        "type": "Point",
        "coordinates": [
          -106.6040732,
          35.1235313
        ]
      }
    },
    {
      "type": "Feature",
      "properties": {
        "id": 4493517681,
        "kind": "poi",
        "crossing": "traffic_signals",
        "highway": "crossing"
      },
      "geometry": {
        "type": "Point",
        "coordinates": [
          -106.6039434,
          35.1236284
        ]
      }
    },
    {
      "type": "Feature",
      "properties": {
        "id": 4493517682,
        "kind": "poi",
        "highway": "crossing"
      },
      "geometry": {
        "type": "Point",
        "coordinates": [
          -106.6042115,
          35.1237761
        ]
      }
    },
    {
      "type": "Feature",
      "properties": {
        "id": 4581469159,
        "kind": "poi",
        "crossing": "unmarked",
        "crossing:markings": "no",
        "highway": "crossing"
      },
      "geometry": {
        "type": "Point",
        "coordinates": [
          -106.6656269,
          35.0907714
        ]
      }
    },
    {
      "type": "Feature",
      "properties": {
        "id": 4592540576,
        "kind": "poi",
        "addr:housenumber": "4333",
        "addr:street": "Pan American Freeway Northeast",
        "amenity": "doctors",
        "healthcare": "doctor",
        "healthcare:speciality": "plastic_surgery",
        "name": "Mariposa Plastic Surgery"
      },
      "geometry": {
        "type": "Point",
        "coordinates": [
          -106.6189411,
          35.1279916
        ]
      }
    },
    {
      "type": "Feature",
      "properties": {
        "id": 4612649753,
        "kind": "poi",
        "crossing": "uncontrolled",
        "highway": "crossing"
      },
      "geometry": {
        "type": "Point",
        "coordinates": [
          -106.5620383,
          35.0968133
        ]
      }
    },
    {
      "type": "Feature",
      "properties": {
        "id": 4621993060,
        "kind": "poi",
        "crossing": "uncontrolled",
        "highway": "crossing"
      },
      "geometry": {
        "type": "Point",
        "coordinates": [
          -106.574748,
          35.1081167
        ]
      }
    },
    {
      "type": "Feature",
      "properties": {
        "id": 4621993068,
        "kind": "poi",
        "crossing": "uncontrolled",
        "highway": "crossing"
      },
      "geometry": {
        "type": "Point",
        "coordinates": [
          -106.5758979,
          35.1071563
        ]
      }
    },
    {
      "type": "Feature",
      "properties": {
        "id": 4621993074,
        "kind": "poi",
        "crossing": "uncontrolled",
        "highway": "crossing"
      },
      "geometry": {
        "type": "Point",
        "coordinates": [
          -106.5760267,
          35.1072398
        ]
      }
    },
    {
      "type": "Feature",
      "properties": {
        "id": 4621993217,
        "kind": "poi",
        "crossing": "uncontrolled",
        "crossing:markings": "yes",
        "highway": "crossing"
      },
      "geometry": {
        "type": "Point",
        "coordinates": [
          -106.57004,
          35.1077496
        ]
      }
    },
    {
      "type": "Feature",
      "properties": {
        "id": 4621993291,
        "kind": "poi",
        "crossing": "uncontrolled",
        "crossing:island": "no",
        "crossing:markings": "yes",
        "highway": "crossing",
        "tactile_paving": "no"
      },
      "geometry": {
        "type": "Point",
        "coordinates": [
          -106.569916,
          35.1077243
        ]
      }
    },
    {
      "type": "Feature",
      "properties": {
        "id": 4621993294,
        "kind": "poi",
        "crossing": "uncontrolled",
        "highway": "crossing"
      },
      "geometry": {
        "type": "Point",
        "coordinates": [
          -106.5697477,
          35.1068708
        ]
      }
    },
    {
      "type": "Feature",
      "properties": {
        "id": 4621993590,
        "kind": "poi",
        "crossing": "uncontrolled",
        "highway": "crossing"
      },
      "geometry": {
        "type": "Point",
        "coordinates": [
          -106.5699761,
          35.1058938
        ]
      }
    },
    {
      "type": "Feature",
      "properties": {
        "id": 4622098967,
        "kind": "poi",
        "crossing": "unmarked",
        "crossing:markings": "no",
        "highway": "crossing"
      },
      "geometry": {
        "type": "Point",
        "coordinates": [
          -106.5662358,
          35.0983456
        ]
      }
    },
    {
      "type": "Feature",
      "properties": {
        "id": 4657089057,
        "kind": "poi",
        "crossing": "marked",
        "crossing:island": "no",
        "crossing:markings": "zebra",
        "highway": "crossing",
        "tactile_paving": "yes"
      },
      "geometry": {
        "type": "Point",
        "coordinates": [
          -106.6219159,
          35.0815442
        ]
      }
    },
    {
      "type": "Feature",
      "properties": {
        "id": 4657303286,
        "kind": "poi",
        "crossing": "marked",
        "crossing:markings": "yes",
        "highway": "crossing"
      },
      "geometry": {
        "type": "Point",
        "coordinates": [
          -106.625342,
          35.0858083
        ]
      }
    },
    {
      "type": "Feature",
      "properties": {
        "id": 4716946826,
        "kind": "poi",
        "crossing": "uncontrolled",
        "crossing:markings": "yes",
        "highway": "crossing"
      },
      "geometry": {
        "type": "Point",
        "coordinates": [
          -106.5953895,
          35.0874781
        ]
      }
    },
    {
      "type": "Feature",
      "properties": {
        "id": 4716946827,
        "kind": "poi",
        "crossing": "uncontrolled",
        "crossing:markings": "yes",
        "highway": "crossing"
      },
      "geometry": {
        "type": "Point",
        "coordinates": [
          -106.5954034,
          35.0873912
        ]
      }
    },
    {
      "type": "Feature",
      "properties": {
        "id": 4716946828,
        "kind": "poi",
        "crossing": "uncontrolled",
        "crossing:markings": "yes",
        "highway": "crossing"
      },
      "geometry": {
        "type": "Point",
        "coordinates": [
          -106.595313,
          35.0873054
        ]
      }
    },
    {
      "type": "Feature",
      "properties": {
        "id": 4719280323,
        "kind": "poi",
        "crossing": "unmarked",
        "crossing:island": "no",
        "crossing:markings": "no",
        "highway": "crossing"
      },
      "geometry": {
        "type": "Point",
        "coordinates": [
          -106.60444,
          35.0784915
        ]
      }
    },
    {
      "type": "Feature",
      "properties": {
        "id": 4781730875,
        "kind": "poi",
        "crossing": "unmarked",
        "crossing:markings": "no",
        "highway": "crossing"
      },
      "geometry": {
        "type": "Point",
        "coordinates": [
          -106.5610629,
          35.1227313
        ]
      }
    },
    {
      "type": "Feature",
      "properties": {
        "id": 4858704189,
        "kind": "poi",
        "crossing": "unmarked",
        "crossing:markings": "no",
        "highway": "crossing"
      },
      "geometry": {
        "type": "Point",
        "coordinates": [
          -106.5663051,
          35.0754997
        ]
      }
    },
    {
      "type": "Feature",
      "properties": {
        "id": 4858704616,
        "kind": "poi",
        "crossing": "unmarked",
        "crossing:markings": "no",
        "highway": "crossing"
      },
      "geometry": {
        "type": "Point",
        "coordinates": [
          -106.5664463,
          35.0755163
        ]
      }
    },
    {
      "type": "Feature",
      "properties": {
        "id": 4884069300,
        "kind": "poi",
        "crossing": "uncontrolled",
        "highway": "crossing"
      },
      "geometry": {
        "type": "Point",
        "coordinates": [
          -106.5530737,
          35.0935476
        ]
      }
    },
    {
      "type": "Feature",
      "properties": {
        "id": 4908223461,
        "kind": "poi",
        "highway": "crossing"
      },
      "geometry": {
        "type": "Point",
        "coordinates": [
          -106.6132495,
          35.0880465
        ]
      }
    },
    {
      "type": "Feature",
      "properties": {
        "id": 4908223474,
        "kind": "poi",
        "crossing": "unmarked",
        "crossing:markings": "no",
        "highway": "crossing"
      },
      "geometry": {
        "type": "Point",
        "coordinates": [
          -106.6143733,
          35.0883605
        ]
      }
    },
    {
      "type": "Feature",
      "properties": {
        "id": 4908223503,
        "kind": "poi",
        "highway": "crossing"
      },
      "geometry": {
        "type": "Point",
        "coordinates": [
          -106.6132437,
          35.0882092
        ]
      }
    },
    {
      "type": "Feature",
      "properties": {
        "id": 4927008231,
        "kind": "poi",
        "crossing": "pedestrian",
        "highway": "crossing",
        "kerb": "flush",
        "tactile_paving": "yes"
      },
      "geometry": {
        "type": "Point",
        "coordinates": [
          -106.608761,
          35.0682588
        ]
      }
    },
    {
      "type": "Feature",
      "properties": {
        "id": 4933447595,
        "kind": "poi",
        "highway": "crossing"
      },
      "geometry": {
        "type": "Point",
        "coordinates": [
          -106.605961,
          35.1075271
        ]
      }
    },
    {
      "type": "Feature",
      "properties": {
        "id": 4999540699,
        "kind": "poi",
        "addr:city": "Albuquerque",
        "addr:housenumber": "301",
        "addr:postcode": "87102",
        "addr:state": "NM",
        "addr:street": "Mc Knight Avenue Northwest",
        "amenity": "fire_station",
        "capacity": "3",
        "name": "Albuquerque Fire Station 4",
        "note": "North Valley",
        "operator": "Albuquerque Fire Rescue"
      },
      "geometry": {
        "type": "Point",
        "coordinates": [
          -106.6469767,
          35.1041298
        ]
      }
    },
    {
      "type": "Feature",
      "properties": {
        "id": 5015574934,
        "kind": "poi",
        "crossing": "traffic_signals",
        "crossing:markings": "lines",
        "crossing:signals": "yes",
        "highway": "crossing"
      },
      "geometry": {
        "type": "Point",
        "coordinates": [
          -106.6510435,
          35.0882159
        ]
      }
    },
    {
      "type": "Feature",
      "properties": {
        "id": 5057459088,
        "kind": "poi",
        "crossing": "uncontrolled",
        "crossing:markings": "yes",
        "highway": "crossing"
      },
      "geometry": {
        "type": "Point",
        "coordinates": [
          -106.576157,
          35.1111248
        ]
      }
    },
    {
      "type": "Feature",
      "properties": {
        "id": 5057459093,
        "kind": "poi",
        "crossing": "uncontrolled",
        "highway": "crossing"
      },
      "geometry": {
        "type": "Point",
        "coordinates": [
          -106.5763046,
          35.1116013
        ]
      }
    },
    {
      "type": "Feature",
      "properties": {
        "id": 5057470186,
        "kind": "poi",
        "crossing": "uncontrolled",
        "highway": "crossing"
      },
      "geometry": {
        "type": "Point",
        "coordinates": [
          -106.5849598,
          35.1321658
        ]
      }
    },
    {
      "type": "Feature",
      "properties": {
        "id": 5144456009,
        "kind": "poi",
        "highway": "crossing"
      },
      "geometry": {
        "type": "Point",
        "coordinates": [
          -106.5985463,
          35.0616935
        ]
      }
    },
    {
      "type": "Feature",
      "properties": {
        "id": 5237673172,
        "kind": "poi",
        "crossing": "marked",
        "highway": "crossing"
      },
      "geometry": {
        "type": "Point",
        "coordinates": [
          -106.640459,
          35.1304178
        ]
      }
    },
    {
      "type": "Feature",
      "properties": {
        "id": 5237673179,
        "kind": "poi",
        "crossing": "marked",
        "highway": "crossing"
      },
      "geometry": {
        "type": "Point",
        "coordinates": [
          -106.640401,
          35.1304771
        ]
      }
    },
    {
      "type": "Feature",
      "properties": {
        "id": 5292349164,
        "kind": "poi",
        "addr:housenumber": "3911",
        "addr:street": "4th Street Northwest",
        "amenity": "clinic",
        "healthcare": "clinic",
        "healthcare:speciality": "family_medicine",
        "name": "UNM Hospital North Valley Center for Family and Community Health"
      },
      "geometry": {
        "type": "Point",
        "coordinates": [
          -106.645879,
          35.1172686
        ]
      }
    },
    {
      "type": "Feature",
      "properties": {
        "id": 5293648876,
        "kind": "poi",
        "crossing": "unmarked",
        "crossing:island": "no",
        "crossing:markings": "no",
        "highway": "crossing",
        "tactile_paving": "yes"
      },
      "geometry": {
        "type": "Point",
        "coordinates": [
          -106.6617102,
          35.1026785
        ]
      }
    },
    {
      "type": "Feature",
      "properties": {
        "id": 5359883060,
        "kind": "poi",
        "crossing": "unmarked",
        "crossing:markings": "no",
        "highway": "crossing"
      },
      "geometry": {
        "type": "Point",
        "coordinates": [
          -106.5695742,
          35.1047178
        ]
      }
    },
    {
      "type": "Feature",
      "properties": {
        "id": 5397323707,
        "kind": "poi",
        "crossing": "unmarked",
        "crossing:markings": "no",
        "highway": "crossing"
      },
      "geometry": {
        "type": "Point",
        "coordinates": [
          -106.5678858,
          35.0603509
        ]
      }
    },
    {
      "type": "Feature",
      "properties": {
        "id": 5425919314,
        "kind": "poi",
        "crossing": "unmarked",
        "crossing:markings": "no",
        "highway": "crossing"
      },
      "geometry": {
        "type": "Point",
        "coordinates": [
          -106.5676448,
          35.109279
        ]
      }
    },
    {
      "type": "Feature",
      "properties": {
        "id": 5434469161,
        "kind": "poi",
        "highway": "crossing"
      },
      "geometry": {
        "type": "Point",
        "coordinates": [
          -106.5775178,
          35.1027616
        ]
      }
    },
    {
      "type": "Feature",
      "properties": {
        "id": 5485261660,
        "kind": "poi",
        "crossing": "uncontrolled",
        "crossing:markings": "surface",
        "crossing:signals": "no",
        "highway": "crossing"
      },
      "geometry": {
        "type": "Point",
        "coordinates": [
          -106.5665788,
          35.1007002
        ]
      }
    },
    {
      "type": "Feature",
      "properties": {
        "id": 5627131669,
        "kind": "poi",
        "crossing": "uncontrolled",
        "crossing:markings": "zebra",
        "crossing:signals": "no",
        "highway": "crossing"
      },
      "geometry": {
        "type": "Point",
        "coordinates": [
          -106.5690651,
          35.1037345
        ]
      }
    },
    {
      "type": "Feature",
      "properties": {
        "id": 5686879011,
        "kind": "poi",
        "highway": "crossing"
      },
      "geometry": {
        "type": "Point",
        "coordinates": [
          -106.6244569,
          35.0867106
        ]
      }
    },
    {
      "type": "Feature",
      "properties": {
        "id": 5688474485,
        "kind": "poi",
        "crossing": "unmarked",
        "crossing:markings": "no",
        "highway": "crossing"
      },
      "geometry": {
        "type": "Point",
        "coordinates": [
          -106.608619,
          35.0823193
        ]
      }
    },
    {
      "type": "Feature",
      "properties": {
        "id": 5696701784,
        "kind": "poi",
        "highway": "crossing"
      },
      "geometry": {
        "type": "Point",
        "coordinates": [
          -106.6433427,
          35.0901375
        ]
      }
    },
    {
      "type": "Feature",
      "properties": {
        "id": 5696701785,
        "kind": "poi",
        "highway": "crossing"
      },
      "geometry": {
        "type": "Point",
        "coordinates": [
          -106.6431707,
          35.090197
        ]
      }
    },
    {
      "type": "Feature",
      "properties": {
        "id": 5696701786,
        "kind": "poi",
        "highway": "crossing"
      },
      "geometry": {
        "type": "Point",
        "coordinates": [
          -106.6431556,
          35.0903337
        ]
      }
    },
    {
      "type": "Feature",
      "properties": {
        "id": 5696701787,
        "kind": "poi",
        "highway": "crossing"
      },
      "geometry": {
        "type": "Point",
        "coordinates": [
          -106.6432839,
          35.0904248
        ]
      }
    },
    {
      "type": "Feature",
      "properties": {
        "id": 5696701788,
        "kind": "poi",
        "highway": "crossing"
      },
      "geometry": {
        "type": "Point",
        "coordinates": [
          -106.643449,
          35.090372
        ]
      }
    },
    {
      "type": "Feature",
      "properties": {
        "id": 5696701789,
        "kind": "poi",
        "highway": "crossing"
      },
      "geometry": {
        "type": "Point",
        "coordinates": [
          -106.6434745,
          35.0902357
        ]
      }
    },
    {
      "type": "Feature",
      "properties": {
        "id": 5696701798,
        "kind": "poi",
        "crossing": "traffic_signals",
        "highway": "crossing"
      },
      "geometry": {
        "type": "Point",
        "coordinates": [
          -106.6468751,
          35.0908066
        ]
      }
    },
    {
      "type": "Feature",
      "properties": {
        "id": 5696701799,
        "kind": "poi",
        "highway": "crossing"
      },
      "geometry": {
        "type": "Point",
        "coordinates": [
          -106.646897,
          35.0906718
        ]
      }
    },
    {
      "type": "Feature",
      "properties": {
        "id": 5696701800,
        "kind": "poi",
        "crossing": "traffic_signals",
        "highway": "crossing"
      },
      "geometry": {
        "type": "Point",
        "coordinates": [
          -106.6468128,
          35.0905929
        ]
      }
    },
    {
      "type": "Feature",
      "properties": {
        "id": 5696701801,
        "kind": "poi",
        "crossing": "marked",
        "crossing:markings": "yes",
        "highway": "crossing"
      },
      "geometry": {
        "type": "Point",
        "coordinates": [
          -106.6467198,
          35.0906485
        ]
      }
    },
    {
      "type": "Feature",
      "properties": {
        "id": 5696701802,
        "kind": "poi",
        "crossing": "traffic_signals",
        "highway": "crossing"
      },
      "geometry": {
        "type": "Point",
        "coordinates": [
          -106.6466903,
          35.0907834
        ]
      }
    },
    {
      "type": "Feature",
      "properties": {
        "id": 5696701803,
        "kind": "poi",
        "highway": "crossing"
      },
      "geometry": {
        "type": "Point",
        "coordinates": [
          -106.6467602,
          35.0908721
        ]
      }
    },
    {
      "type": "Feature",
      "properties": {
        "id": 5698314475,
        "kind": "poi",
        "crossing": "uncontrolled",
        "crossing:markings": "zebra",
        "highway": "crossing",
        "tactile_paving": "no"
      },
      "geometry": {
        "type": "Point",
        "coordinates": [
          -106.6199277,
          35.135513
        ]
      }
    },
    {
      "type": "Feature",
      "properties": {
        "id": 5700603239,
        "kind": "poi",
        "crossing": "traffic_signals",
        "crossing:markings": "zebra",
        "crossing:signals": "yes",
        "highway": "crossing"
      },
      "geometry": {
        "type": "Point",
        "coordinates": [
          -106.6793879,
          35.0910073
        ]
      }
    },
    {
      "type": "Feature",
      "properties": {
        "id": 5700603240,
        "kind": "poi",
        "crossing": "traffic_signals",
        "crossing:markings": "zebra",
        "crossing:signals": "yes",
        "highway": "crossing"
      },
      "geometry": {
        "type": "Point",
        "coordinates": [
          -106.679292,
          35.0909007
        ]
      }
    },
    {
      "type": "Feature",
      "properties": {
        "id": 5700603241,
        "kind": "poi",
        "crossing": "traffic_signals",
        "crossing:markings": "zebra",
        "crossing:signals": "yes",
        "highway": "crossing"
      },
      "geometry": {
        "type": "Point",
        "coordinates": [
          -106.6790246,
          35.0910205
        ]
      }
    },
    {
      "type": "Feature",
      "properties": {
        "id": 5700603242,
        "kind": "poi",
        "crossing": "traffic_signals",
        "crossing:markings": "zebra",
        "crossing:signals": "yes",
        "highway": "crossing"
      },
      "geometry": {
        "type": "Point",
        "coordinates": [
          -106.6790964,
          35.0909389
        ]
      }
    },
    {
      "type": "Feature",
      "properties": {
        "id": 5700603243,
        "kind": "poi",
        "crossing": "traffic_signals",
        "crossing:markings": "zebra",
        "crossing:signals": "yes",
        "highway": "crossing"
      },
      "geometry": {
        "type": "Point",
        "coordinates": [
          -106.6790364,
          35.0911967
        ]
      }
    },
    {
      "type": "Feature",
      "properties": {
        "id": 5700603244,
        "kind": "poi",
        "crossing": "traffic_signals",
        "crossing:markings": "zebra",
        "crossing:signals": "yes",
        "highway": "crossing"
      },
      "geometry": {
        "type": "Point",
        "coordinates": [
          -106.6791583,
          35.0912856
        ]
      }
    },
    {
      "type": "Feature",
      "properties": {
        "id": 5700603245,
        "kind": "poi",
        "crossing": "traffic_signals",
        "crossing:markings": "zebra",
        "crossing:signals": "yes",
        "highway": "crossing"
      },
      "geometry": {
        "type": "Point",
        "coordinates": [
          -106.6792834,
          35.091313
        ]
      }
    },
    {
      "type": "Feature",
      "properties": {
        "id": 5700603246,
        "kind": "poi",
        "crossing": "traffic_signals",
        "crossing:markings": "zebra",
        "crossing:signals": "yes",
        "highway": "crossing"
      },
      "geometry": {
        "type": "Point",
        "coordinates": [
          -106.6793604,
          35.0912332
        ]
      }
    },
    {
      "type": "Feature",
      "properties": {
        "id": 5700603247,
        "kind": "poi",
        "crossing": "traffic_signals",
        "crossing:markings": "zebra",
        "crossing:signals": "yes",
        "highway": "crossing"
      },
      "geometry": {
        "type": "Point",
        "coordinates": [
          -106.6776899,
          35.0942983
        ]
      }
    },
    {
      "type": "Feature",
      "properties": {
        "id": 5700603248,
        "kind": "poi",
        "crossing": "traffic_signals",
        "crossing:markings": "zebra",
        "crossing:signals": "yes",
        "highway": "crossing"
      },
      "geometry": {
        "type": "Point",
        "coordinates": [
          -106.6775146,
          35.0942198
        ]
      }
    },
    {
      "type": "Feature",
      "properties": {
        "id": 5700603249,
        "kind": "poi",
        "crossing": "traffic_signals",
        "crossing:markings": "zebra",
        "crossing:signals": "yes",
        "highway": "crossing"
      },
      "geometry": {
        "type": "Point",
        "coordinates": [
          -106.6773679,
          35.0943903
        ]
      }
    },
    {
      "type": "Feature",
      "properties": {
        "id": 5700603250,
        "kind": "poi",
        "crossing": "traffic_signals",
        "crossing:markings": "zebra",
        "crossing:signals": "yes",
        "highway": "crossing"
      },
      "geometry": {
        "type": "Point",
        "coordinates": [
          -106.6775252,
          35.0944842
        ]
      }
    },
    {
      "type": "Feature",
      "properties": {
        "id": 5700603251,
        "kind": "poi",
        "crossing": "traffic_signals",
        "crossing:markings": "zebra",
        "crossing:signals": "yes",
        "highway": "crossing"
      },
      "geometry": {
        "type": "Point",
        "coordinates": [
          -106.6776715,
          35.0944846
        ]
      }
    },
    {
      "type": "Feature",
      "properties": {
        "id": 5700603252,
        "kind": "poi",
        "crossing": "traffic_signals",
        "crossing:markings": "zebra",
        "crossing:signals": "yes",
        "highway": "crossing"
      },
      "geometry": {
        "type": "Point",
        "coordinates": [
          -106.6777101,
          35.094431
        ]
      }
    },
    {
      "type": "Feature",
      "properties": {
        "id": 5700603253,
        "kind": "poi",
        "crossing": "unmarked",
        "crossing:markings": "no",
        "highway": "crossing"
      },
      "geometry": {
        "type": "Point",
        "coordinates": [
          -106.6785215,
          35.0945133
        ]
      }
    },
    {
      "type": "Feature",
      "properties": {
        "id": 5700603254,
        "kind": "poi",
        "crossing": "unmarked",
        "crossing:markings": "no",
        "highway": "crossing"
      },
      "geometry": {
        "type": "Point",
        "coordinates": [
          -106.6791925,
          35.0945545
        ]
      }
    },
    {
      "type": "Feature",
      "properties": {
        "id": 5700603257,
        "kind": "poi",
        "crossing": "unmarked",
        "crossing:markings": "no",
        "highway": "crossing"
      },
      "geometry": {
        "type": "Point",
        "coordinates": [
          -106.6795697,
          35.0953692
        ]
      }
    },
    {
      "type": "Feature",
      "properties": {
        "id": 5709463374,
        "kind": "poi",
        "crossing": "marked",
        "crossing:markings": "yes",
        "highway": "crossing"
      },
      "geometry": {
        "type": "Point",
        "coordinates": [
          -106.610117,
          35.0891722
        ]
      }
    },
    {
      "type": "Feature",
      "properties": {
        "id": 5709463375,
        "kind": "poi",
        "crossing": "marked",
        "crossing:markings": "yes",
        "highway": "crossing"
      },
      "geometry": {
        "type": "Point",
        "coordinates": [
          -106.60985,
          35.0876095
        ]
      }
    },
    {
      "type": "Feature",
      "properties": {
        "id": 5722398188,
        "kind": "poi",
        "crossing": "uncontrolled",
        "crossing:markings": "ladder",
        "crossing:signals": "no",
        "highway": "crossing"
      },
      "geometry": {
        "type": "Point",
        "coordinates": [
          -106.6180999,
          35.086846
        ]
      }
    },
    {
      "type": "Feature",
      "properties": {
        "id": 5722409681,
        "kind": "poi",
        "crossing": "uncontrolled",
        "crossing:markings": "ladder",
        "crossing:signals": "no",
        "highway": "crossing"
      },
      "geometry": {
        "type": "Point",
        "coordinates": [
          -106.62422,
          35.0867337
        ]
      }
    },
    {
      "type": "Feature",
      "properties": {
        "id": 5722409682,
        "kind": "poi",
        "crossing": "uncontrolled",
        "crossing:markings": "ladder",
        "crossing:signals": "no",
        "highway": "crossing"
      },
      "geometry": {
        "type": "Point",
        "coordinates": [
          -106.624041,
          35.0867235
        ]
      }
    },
    {
      "type": "Feature",
      "properties": {
        "id": 5722409683,
        "kind": "poi",
        "crossing": "uncontrolled",
        "crossing:markings": "ladder",
        "crossing:signals": "no",
        "highway": "crossing"
      },
      "geometry": {
        "type": "Point",
        "coordinates": [
          -106.624136,
          35.0866657
        ]
      }
    },
    {
      "type": "Feature",
      "properties": {
        "id": 5722413607,
        "kind": "poi",
        "crossing": "marked",
        "crossing:markings": "yes",
        "highway": "crossing"
      },
      "geometry": {
        "type": "Point",
        "coordinates": [
          -106.621996,
          35.0858459
        ]
      }
    },
    {
      "type": "Feature",
      "properties": {
        "id": 5722417972,
        "kind": "poi",
        "crossing": "uncontrolled",
        "crossing:markings": "ladder",
        "crossing:signals": "no",
        "highway": "crossing"
      },
      "geometry": {
        "type": "Point",
        "coordinates": [
          -106.6208727,
          35.0868712
        ]
      }
    },
    {
      "type": "Feature",
      "properties": {
        "id": 5722418935,
        "kind": "poi",
        "crossing": "uncontrolled",
        "crossing:markings": "zebra",
        "crossing:signals": "no",
        "highway": "crossing"
      },
      "geometry": {
        "type": "Point",
        "coordinates": [
          -106.625057,
          35.086843
        ]
      }
    },
    {
      "type": "Feature",
      "properties": {
        "id": 5722418936,
        "kind": "poi",
        "crossing": "uncontrolled",
        "crossing:markings": "zebra",
        "crossing:signals": "no",
        "highway": "crossing"
      },
      "geometry": {
        "type": "Point",
        "coordinates": [
          -106.625165,
          35.0867957
        ]
      }
    },
    {
      "type": "Feature",
      "properties": {
        "id": 5722420443,
        "kind": "poi",
        "crossing": "marked",
        "crossing:markings": "yes",
        "highway": "crossing"
      },
      "geometry": {
        "type": "Point",
        "coordinates": [
          -106.625366,
          35.0868855
        ]
      }
    },
    {
      "type": "Feature",
      "properties": {
        "id": 5722420960,
        "kind": "poi",
        "crossing": "uncontrolled",
        "crossing:markings": "ladder",
        "crossing:signals": "no",
        "highway": "crossing"
      },
      "geometry": {
        "type": "Point",
        "coordinates": [
          -106.6183592,
          35.0868978
        ]
      }
    },
    {
      "type": "Feature",
      "properties": {
        "id": 5722420961,
        "kind": "poi",
        "crossing": "uncontrolled",
        "crossing:markings": "ladder",
        "crossing:signals": "no",
        "highway": "crossing"
      },
      "geometry": {
        "type": "Point",
        "coordinates": [
          -106.6183409,
          35.0870077
        ]
      }
    },
    {
      "type": "Feature",
      "properties": {
        "id": 5722421496,
        "kind": "poi",
        "crossing": "traffic_signals",
        "crossing:markings": "zebra",
        "crossing:signals": "yes",
        "highway": "crossing"
      },
      "geometry": {
        "type": "Point",
        "coordinates": [
          -106.6218003,
          35.0887304
        ]
      }
    },
    {
      "type": "Feature",
      "properties": {
        "id": 5722421845,
        "kind": "poi",
        "crossing": "marked",
        "crossing:markings": "yes",
        "highway": "crossing"
      },
      "geometry": {
        "type": "Point",
        "coordinates": [
          -106.625718,
          35.0839482
        ]
      }
    },
    {
      "type": "Feature",
      "properties": {
        "id": 5722421846,
        "kind": "poi",
        "crossing": "marked",
        "crossing:markings": "yes",
        "highway": "crossing"
      },
      "geometry": {
        "type": "Point",
        "coordinates": [
          -106.625659,
          35.0841072
        ]
      }
    },
    {
      "type": "Feature",
      "properties": {
        "id": 5722421847,
        "kind": "poi",
        "crossing": "marked",
        "crossing:markings": "yes",
        "highway": "crossing"
      },
      "geometry": {
        "type": "Point",
        "coordinates": [
          -106.612026,
          35.0840896
        ]
      }
    },
    {
      "type": "Feature",
      "properties": {
        "id": 5722421859,
        "kind": "poi",
        "crossing": "uncontrolled",
        "crossing:markings": "yes",
        "highway": "crossing"
      },
      "geometry": {
        "type": "Point",
        "coordinates": [
          -106.6385077,
          35.0896966
        ]
      }
    },
    {
      "type": "Feature",
      "properties": {
        "id": 5722429589,
        "kind": "poi",
        "crossing": "uncontrolled",
        "crossing:markings": "ladder",
        "highway": "crossing"
      },
      "geometry": {
        "type": "Point",
        "coordinates": [
          -106.6336615,
          35.0919063
        ]
      }
    },
    {
      "type": "Feature",
      "properties": {
        "id": 5722429590,
        "kind": "poi",
        "crossing": "uncontrolled",
        "crossing:markings": "ladder",
        "highway": "crossing"
      },
      "geometry": {
        "type": "Point",
        "coordinates": [
          -106.6335282,
          35.091837
        ]
      }
    },
    {
      "type": "Feature",
      "properties": {
        "id": 5722429591,
        "kind": "poi",
        "crossing": "uncontrolled",
        "crossing:markings": "ladder",
        "highway": "crossing",
        "tactile_paving": "no"
      },
      "geometry": {
        "type": "Point",
        "coordinates": [
          -106.6336755,
          35.0914554
        ]
      }
    },
    {
      "type": "Feature",
      "properties": {
        "id": 5722429592,
        "kind": "poi",
        "crossing": "uncontrolled",
        "crossing:markings": "ladder",
        "highway": "crossing"
      },
      "geometry": {
        "type": "Point",
        "coordinates": [
          -106.6335536,
          35.0916087
        ]
      }
    },
    {
      "type": "Feature",
      "properties": {
        "id": 5722439736,
        "kind": "poi",
        "crossing": "traffic_signals",
        "highway": "crossing"
      },
      "geometry": {
        "type": "Point",
        "coordinates": [
          -106.6183865,
          35.0811513
        ]
      }
    },
    {
      "type": "Feature",
      "properties": {
        "id": 5722439737,
        "kind": "poi",
        "crossing": "traffic_signals",
        "highway": "crossing"
      },
      "geometry": {
        "type": "Point",
        "coordinates": [
          -106.6181883,
          35.0809473
        ]
      }
    },
    {
      "type": "Feature",
      "properties": {
        "id": 5722439738,
        "kind": "poi",
        "crossing": "traffic_signals",
        "highway": "crossing",
        "tactile_paving": "yes"
      },
      "geometry": {
        "type": "Point",
        "coordinates": [
          -106.6184439,
          35.0809508
        ]
      }
    },
    {
      "type": "Feature",
      "properties": {
        "id": 5722439739,
        "kind": "poi",
        "crossing": "traffic_signals",
        "highway": "crossing"
      },
      "geometry": {
        "type": "Point",
        "coordinates": [
          -106.618255,
          35.0811483
        ]
      }
    },
    {
      "type": "Feature",
      "properties": {
        "id": 5722439740,
        "kind": "poi",
        "crossing": "traffic_signals",
        "highway": "crossing"
      },
      "geometry": {
        "type": "Point",
        "coordinates": [
          -106.618467,
          35.0810784
        ]
      }
    },
    {
      "type": "Feature",
      "properties": {
        "id": 5722439741,
        "kind": "poi",
        "crossing": "traffic_signals",
        "highway": "crossing"
      },
      "geometry": {
        "type": "Point",
        "coordinates": [
          -106.6181597,
          35.0810895
        ]
      }
    },
    {
      "type": "Feature",
      "properties": {
        "id": 5722474623,
        "kind": "poi",
        "crossing": "uncontrolled",
        "crossing:markings": "yes",
        "highway": "crossing"
      },
      "geometry": {
        "type": "Point",
        "coordinates": [
          -106.604443,
          35.0872629
        ]
      }
    },
    {
      "type": "Feature",
      "properties": {
        "id": 5722474624,
        "kind": "poi",
        "crossing": "uncontrolled",
        "crossing:markings": "yes",
        "highway": "crossing"
      },
      "geometry": {
        "type": "Point",
        "coordinates": [
          -106.60455,
          35.0873198
        ]
      }
    },
    {
      "type": "Feature",
      "properties": {
        "id": 5722481456,
        "kind": "poi",
        "crossing": "traffic_signals",
        "crossing:markings": "ladder",
        "crossing:signals": "yes",
        "highway": "crossing"
      },
      "geometry": {
        "type": "Point",
        "coordinates": [
          -106.6220191,
          35.0885784
        ]
      }
    },
    {
      "type": "Feature",
      "properties": {
        "id": 5722481457,
        "kind": "poi",
        "crossing": "traffic_signals",
        "crossing:markings": "zebra",
        "crossing:signals": "yes",
        "highway": "crossing"
      },
      "geometry": {
        "type": "Point",
        "coordinates": [
          -106.6218447,
          35.0886275
        ]
      }
    },
    {
      "type": "Feature",
      "properties": {
        "id": 5722481458,
        "kind": "poi",
        "crossing": "traffic_signals",
        "crossing:markings": "zebra",
        "crossing:signals": "yes",
        "highway": "crossing"
      },
      "geometry": {
        "type": "Point",
        "coordinates": [
          -106.6221444,
          35.0887718
        ]
      }
    },
    {
      "type": "Feature",
      "properties": {
        "id": 5722486836,
        "kind": "poi",
        "crossing": "unmarked",
        "crossing:markings": "no",
        "highway": "crossing"
      },
      "geometry": {
        "type": "Point",
        "coordinates": [
          -106.59987,
          35.0873293
        ]
      }
    },
    {
      "type": "Feature",
      "properties": {
        "id": 5722486837,
        "kind": "poi",
        "crossing": "uncontrolled",
        "crossing:markings": "yes",
        "highway": "crossing"
      },
      "geometry": {
        "type": "Point",
        "coordinates": [
          -106.599756,
          35.0875335
        ]
      }
    },
    {
      "type": "Feature",
      "properties": {
        "id": 5722486838,
        "kind": "poi",
        "crossing": "uncontrolled",
        "crossing:markings": "yes",
        "highway": "crossing"
      },
      "geometry": {
        "type": "Point",
        "coordinates": [
          -106.599779,
          35.0873916
        ]
      }
    },
    {
      "type": "Feature",
      "properties": {
        "id": 5722486998,
        "kind": "poi",
        "crossing": "uncontrolled",
        "crossing:markings": "yes",
        "highway": "crossing"
      },
      "geometry": {
        "type": "Point",
        "coordinates": [
          -106.593037,
          35.0873239
        ]
      }
    },
    {
      "type": "Feature",
      "properties": {
        "id": 5722486999,
        "kind": "poi",
        "crossing": "uncontrolled",
        "crossing:markings": "yes",
        "highway": "crossing"
      },
      "geometry": {
        "type": "Point",
        "coordinates": [
          -106.592958,
          35.0874485
        ]
      }
    },
    {
      "type": "Feature",
      "properties": {
        "id": 5722487000,
        "kind": "poi",
        "crossing": "unmarked",
        "crossing:markings": "no",
        "highway": "crossing"
      },
      "geometry": {
        "type": "Point",
        "coordinates": [
          -106.593038,
          35.0875376
        ]
      }
    },
    {
      "type": "Feature",
      "properties": {
        "id": 5722487336,
        "kind": "poi",
        "crossing": "uncontrolled",
        "crossing:markings": "yes",
        "highway": "crossing"
      },
      "geometry": {
        "type": "Point",
        "coordinates": [
          -106.604125,
          35.0875359
        ]
      }
    },
    {
      "type": "Feature",
      "properties": {
        "id": 5722487337,
        "kind": "poi",
        "crossing": "uncontrolled",
        "crossing:markings": "yes",
        "highway": "crossing"
      },
      "geometry": {
        "type": "Point",
        "coordinates": [
          -106.604143,
          35.0873957
        ]
      }
    },
    {
      "type": "Feature",
      "properties": {
        "id": 5722487338,
        "kind": "poi",
        "crossing": "uncontrolled",
        "crossing:markings": "yes",
        "highway": "crossing"
      },
      "geometry": {
        "type": "Point",
        "coordinates": [
          -106.604268,
          35.0872295
        ]
      }
    },
    {
      "type": "Feature",
      "properties": {
        "id": 5722490001,
        "kind": "poi",
        "crossing": "uncontrolled",
        "crossing:markings": "yes",
        "highway": "crossing"
      },
      "geometry": {
        "type": "Point",
        "coordinates": [
          -106.607823,
          35.0874124
        ]
      }
    },
    {
      "type": "Feature",
      "properties": {
        "id": 5722490002,
        "kind": "poi",
        "crossing": "uncontrolled",
        "crossing:markings": "yes",
        "highway": "crossing"
      },
      "geometry": {
        "type": "Point",
        "coordinates": [
          -106.607823,
          35.087556
        ]
      }
    },
    {
      "type": "Feature",
      "properties": {
        "id": 5722504455,
        "kind": "poi",
        "crossing": "uncontrolled",
        "crossing:markings": "ladder",
        "crossing:signals": "no",
        "highway": "crossing"
      },
      "geometry": {
        "type": "Point",
        "coordinates": [
          -106.6661276,
          35.093227
        ]
      }
    },
    {
      "type": "Feature",
      "properties": {
        "id": 5722504456,
        "kind": "poi",
        "crossing": "uncontrolled",
        "crossing:markings": "ladder",
        "crossing:signals": "no",
        "highway": "crossing"
      },
      "geometry": {
        "type": "Point",
        "coordinates": [
          -106.6661553,
          35.0930921
        ]
      }
    },
    {
      "type": "Feature",
      "properties": {
        "id": 5722508077,
        "kind": "poi",
        "button_operated": "yes",
        "crossing": "traffic_signals",
        "crossing:island": "yes",
        "crossing:markings": "zebra",
        "crossing:signals": "yes",
        "highway": "crossing",
        "tactile_paving": "yes"
      },
      "geometry": {
        "type": "Point",
        "coordinates": [
          -106.6686212,
          35.0936796
        ]
      }
    },
    {
      "type": "Feature",
      "properties": {
        "id": 5722513211,
        "kind": "poi",
        "crossing": "marked",
        "crossing:markings": "yes",
        "highway": "crossing"
      },
      "geometry": {
        "type": "Point",
        "coordinates": [
          -106.60592,
          35.079075
        ]
      }
    },
    {
      "type": "Feature",
      "properties": {
        "id": 5722513212,
        "kind": "poi",
        "crossing": "marked",
        "crossing:markings": "yes",
        "highway": "crossing"
      },
      "geometry": {
        "type": "Point",
        "coordinates": [
          -106.6057868,
          35.0790054
        ]
      }
    },
    {
      "type": "Feature",
      "properties": {
        "id": 5722513213,
        "kind": "poi",
        "crossing": "marked",
        "crossing:markings": "yes",
        "highway": "crossing"
      },
      "geometry": {
        "type": "Point",
        "coordinates": [
          -106.6056773,
          35.0790735
        ]
      }
    },
    {
      "type": "Feature",
      "properties": {
        "id": 5722513214,
        "kind": "poi",
        "crossing": "marked",
        "crossing:markings": "yes",
        "highway": "crossing"
      },
      "geometry": {
        "type": "Point",
        "coordinates": [
          -106.605785,
          35.0791496
        ]
      }
    },
    {
      "type": "Feature",
      "properties": {
        "id": 5722517711,
        "kind": "poi",
        "button_operated": "yes",
        "crossing": "traffic_signals",
        "crossing:island": "no",
        "crossing:markings": "zebra",
        "crossing:signals": "yes",
        "highway": "crossing",
        "tactile_paving": "yes"
      },
      "geometry": {
        "type": "Point",
        "coordinates": [
          -106.6688725,
          35.09322
        ]
      }
    },
    {
      "type": "Feature",
      "properties": {
        "id": 5732585473,
        "kind": "poi",
        "crossing": "unmarked",
        "crossing:markings": "no",
        "highway": "crossing"
      },
      "geometry": {
        "type": "Point",
        "coordinates": [
          -106.5577243,
          35.1165218
        ]
      }
    },
    {
      "type": "Feature",
      "properties": {
        "id": 5766552765,
        "kind": "poi",
        "crossing": "uncontrolled",
        "highway": "crossing"
      },
      "geometry": {
        "type": "Point",
        "coordinates": [
          -106.5864148,
          35.080535
        ]
      }
    },
    {
      "type": "Feature",
      "properties": {
        "id": 5766697385,
        "kind": "poi",
        "crossing": "uncontrolled",
        "highway": "crossing"
      },
      "geometry": {
        "type": "Point",
        "coordinates": [
          -106.6450696,
          35.0608595
        ]
      }
    },
    {
      "type": "Feature",
      "properties": {
        "id": 5766706388,
        "kind": "poi",
        "crossing": "uncontrolled",
        "crossing:markings": "zebra",
        "crossing:signals": "no",
        "highway": "crossing"
      },
      "geometry": {
        "type": "Point",
        "coordinates": [
          -106.631666,
          35.127337
        ]
      }
    },
    {
      "type": "Feature",
      "properties": {
        "id": 5767332273,
        "kind": "poi",
        "button_operated": "yes",
        "crossing": "traffic_signals",
        "crossing:island": "yes",
        "crossing:markings": "zebra",
        "highway": "crossing",
        "tactile_paving": "yes"
      },
      "geometry": {
        "type": "Point",
        "coordinates": [
          -106.6687668,
          35.0935077
        ]
      }
    },
    {
      "type": "Feature",
      "properties": {
        "id": 5769271112,
        "kind": "poi",
        "crossing": "traffic_signals",
        "crossing:markings": "ladder",
        "crossing:signals": "yes",
        "highway": "crossing"
      },
      "geometry": {
        "type": "Point",
        "coordinates": [
          -106.604391,
          35.0948427
        ]
      }
    },
    {
      "type": "Feature",
      "properties": {
        "id": 5803569062,
        "kind": "poi",
        "crossing": "traffic_signals",
        "crossing:markings": "zebra",
        "crossing:signals": "yes",
        "highway": "crossing"
      },
      "geometry": {
        "type": "Point",
        "coordinates": [
          -106.6781829,
          35.0932815
        ]
      }
    },
    {
      "type": "Feature",
      "properties": {
        "id": 5803569068,
        "kind": "poi",
        "crossing": "traffic_signals",
        "crossing:markings": "zebra",
        "crossing:signals": "yes",
        "highway": "crossing"
      },
      "geometry": {
        "type": "Point",
        "coordinates": [
          -106.6781144,
          35.092921
        ]
      }
    },
    {
      "type": "Feature",
      "properties": {
        "id": 5803569069,
        "kind": "poi",
        "button_operated": "yes",
        "crossing": "traffic_signals",
        "crossing:island": "yes",
        "crossing:markings": "zebra",
        "crossing:signals": "yes",
        "highway": "crossing",
        "tactile_paving": "yes"
      },
      "geometry": {
        "type": "Point",
        "coordinates": [
          -106.6686557,
          35.0935543
        ]
      }
    },
    {
      "type": "Feature",
      "properties": {
        "id": 5803569071,
        "kind": "poi",
        "crossing": "traffic_signals",
        "crossing:markings": "zebra",
        "highway": "crossing"
      },
      "geometry": {
        "type": "Point",
        "coordinates": [
          -106.6581286,
          35.105706
        ]
      }
    },
    {
      "type": "Feature",
      "properties": {
        "id": 5803569072,
        "kind": "poi",
        "crossing": "traffic_signals",
        "crossing:markings": "zebra",
        "highway": "crossing"
      },
      "geometry": {
        "type": "Point",
        "coordinates": [
          -106.6579167,
          35.1057169
        ]
      }
    },
    {
      "type": "Feature",
      "properties": {
        "id": 5929537629,
        "kind": "poi",
        "amenity": "drinking_water"
      },
      "geometry": {
        "type": "Point",
        "coordinates": [
          -106.6179413,
          35.0982014
        ]
      }
    },
    {
      "type": "Feature",
      "properties": {
        "id": 5929537630,
        "kind": "poi",
        "amenity": "drinking_water"
      },
      "geometry": {
        "type": "Point",
        "coordinates": [
          -106.6220329,
          35.0982756
        ]
      }
    },
    {
      "type": "Feature",
      "properties": {
        "id": 5929537631,
        "kind": "poi",
        "amenity": "drinking_water"
      },
      "geometry": {
        "type": "Point",
        "coordinates": [
          -106.6200805,
          35.0926772
        ]
      }
    },
    {
      "type": "Feature",
      "properties": {
        "id": 6028522098,
        "kind": "poi",
        "highway": "crossing"
      },
      "geometry": {
        "type": "Point",
        "coordinates": [
          -106.5719287,
          35.0922356
        ]
      }
    },
    {
      "type": "Feature",
      "properties": {
        "id": 6164500345,
        "kind": "poi",
        "crossing": "uncontrolled",
        "highway": "crossing"
      },
      "geometry": {
        "type": "Point",
        "coordinates": [
          -106.6762973,
          35.0754141
        ]
      }
    },
    {
      "type": "Feature",
      "properties": {
        "id": 6164500494,
        "kind": "poi",
        "crossing": "uncontrolled",
        "crossing:markings": "zebra",
        "crossing:signals": "no",
        "highway": "crossing"
      },
      "geometry": {
        "type": "Point",
        "coordinates": [
          -106.6783502,
          35.0812028
        ]
      }
    },
    {
      "type": "Feature",
      "properties": {
        "id": 6196414406,
        "kind": "poi",
        "highway": "crossing"
      },
      "geometry": {
        "type": "Point",
        "coordinates": [
          -106.5979196,
          35.0766163
        ]
      }
    },
    {
      "type": "Feature",
      "properties": {
        "id": 6196414422,
        "kind": "poi",
        "highway": "crossing"
      },
      "geometry": {
        "type": "Point",
        "coordinates": [
          -106.5960584,
          35.0764686
        ]
      }
    },
    {
      "type": "Feature",
      "properties": {
        "id": 6227402854,
        "kind": "poi",
        "highway": "crossing"
      },
      "geometry": {
        "type": "Point",
        "coordinates": [
          -106.5942717,
          35.0753366
        ]
      }
    },
    {
      "type": "Feature",
      "properties": {
        "id": 6295687415,
        "kind": "poi",
        "highway": "crossing"
      },
      "geometry": {
        "type": "Point",
        "coordinates": [
          -106.6145666,
          35.0982702
        ]
      }
    },
    {
      "type": "Feature",
      "properties": {
        "id": 6296802584,
        "kind": "poi",
        "crossing": "uncontrolled",
        "highway": "crossing"
      },
      "geometry": {
        "type": "Point",
        "coordinates": [
          -106.624966,
          35.0950598
        ]
      }
    },
    {
      "type": "Feature",
      "properties": {
        "id": 6316793789,
        "kind": "poi",
        "crossing": "marked",
        "crossing:markings": "yes",
        "highway": "crossing"
      },
      "geometry": {
        "type": "Point",
        "coordinates": [
          -106.5930387,
          35.0856107
        ]
      }
    },
    {
      "type": "Feature",
      "properties": {
        "id": 6316793792,
        "kind": "poi",
        "crossing": "marked",
        "crossing:markings": "yes",
        "highway": "crossing"
      },
      "geometry": {
        "type": "Point",
        "coordinates": [
          -106.5931176,
          35.0855434
        ]
      }
    },
    {
      "type": "Feature",
      "properties": {
        "id": 6316793807,
        "kind": "poi",
        "button_operated": "yes",
        "crossing": "traffic_signals",
        "crossing:island": "no",
        "highway": "crossing",
        "tactile_paving": "no",
        "traffic_signals:sound": "no"
      },
      "geometry": {
        "type": "Point",
        "coordinates": [
          -106.5907883,
          35.0873213
        ]
      }
    },
    {
      "type": "Feature",
      "properties": {
        "id": 6316793808,
        "kind": "poi",
        "highway": "crossing"
      },
      "geometry": {
        "type": "Point",
        "coordinates": [
          -106.5907394,
          35.0874378
        ]
      }
    },
    {
      "type": "Feature",
      "properties": {
        "id": 6316793809,
        "kind": "poi",
        "button_operated": "yes",
        "crossing": "traffic_signals",
        "crossing:island": "no",
        "highway": "crossing",
        "tactile_paving": "no",
        "traffic_signals:sound": "no"
      },
      "geometry": {
        "type": "Point",
        "coordinates": [
          -106.5908922,
          35.0874389
        ]
      }
    },
    {
      "type": "Feature",
      "properties": {
        "id": 6316793810,
        "kind": "poi",
        "highway": "crossing"
      },
      "geometry": {
        "type": "Point",
        "coordinates": [
          -106.590826,
          35.0875376
        ]
      }
    },
    {
      "type": "Feature",
      "properties": {
        "id": 6336829769,
        "kind": "poi",
        "crossing": "unmarked",
        "crossing:markings": "no",
        "highway": "crossing"
      },
      "geometry": {
        "type": "Point",
        "coordinates": [
          -106.604426,
          35.1262327
        ]
      }
    },
    {
      "type": "Feature",
      "properties": {
        "id": 6336829772,
        "kind": "poi",
        "crossing": "unmarked",
        "crossing:markings": "no",
        "highway": "crossing"
      },
      "geometry": {
        "type": "Point",
        "coordinates": [
          -106.604788,
          35.1262076
        ]
      }
    },
    {
      "type": "Feature",
      "properties": {
        "id": 6336829894,
        "kind": "poi",
        "crossing": "unmarked",
        "crossing:markings": "no",
        "highway": "crossing"
      },
      "geometry": {
        "type": "Point",
        "coordinates": [
          -106.604877,
          35.1269955
        ]
      }
    },
    {
      "type": "Feature",
      "properties": {
        "id": 6336829903,
        "kind": "poi",
        "crossing": "unmarked",
        "crossing:markings": "no",
        "highway": "crossing"
      },
      "geometry": {
        "type": "Point",
        "coordinates": [
          -106.6045413,
          35.1270178
        ]
      }
    },
    {
      "type": "Feature",
      "properties": {
        "id": 6336829909,
        "kind": "poi",
        "crossing": "unmarked",
        "crossing:markings": "no",
        "highway": "crossing"
      },
      "geometry": {
        "type": "Point",
        "coordinates": [
          -106.604274,
          35.1265747
        ]
      }
    },
    {
      "type": "Feature",
      "properties": {
        "id": 6336830160,
        "kind": "poi",
        "crossing": "uncontrolled",
        "crossing:markings": "yes",
        "highway": "crossing"
      },
      "geometry": {
        "type": "Point",
        "coordinates": [
          -106.604889,
          35.1240869
        ]
      }
    },
    {
      "type": "Feature",
      "properties": {
        "id": 6357383164,
        "kind": "poi",
        "crossing": "marked",
        "crossing:markings": "yes",
        "highway": "crossing"
      },
      "geometry": {
        "type": "Point",
        "coordinates": [
          -106.599889,
          35.0793956
        ]
      }
    },
    {
      "type": "Feature",
      "properties": {
        "id": 6357383167,
        "kind": "poi",
        "crossing": "marked",
        "crossing:markings": "yes",
        "highway": "crossing"
      },
      "geometry": {
        "type": "Point",
        "coordinates": [
          -106.600008,
          35.0793279
        ]
      }
    },
    {
      "type": "Feature",
      "properties": {
        "id": 6357383168,
        "kind": "poi",
        "crossing": "marked",
        "crossing:markings": "yes",
        "highway": "crossing"
      },
      "geometry": {
        "type": "Point",
        "coordinates": [
          -106.60004,
          35.0792237
        ]
      }
    },
    {
      "type": "Feature",
      "properties": {
        "id": 6357383170,
        "kind": "poi",
        "crossing": "marked",
        "crossing:markings": "yes",
        "highway": "crossing"
      },
      "geometry": {
        "type": "Point",
        "coordinates": [
          -106.59981,
          35.0793062
        ]
      }
    },
    {
      "type": "Feature",
      "properties": {
        "id": 6357383171,
        "kind": "poi",
        "crossing": "marked",
        "crossing:markings": "yes",
        "highway": "crossing"
      },
      "geometry": {
        "type": "Point",
        "coordinates": [
          -106.599837,
          35.0792013
        ]
      }
    },
    {
      "type": "Feature",
      "properties": {
        "id": 6357383185,
        "kind": "poi",
        "crossing": "unmarked",
        "crossing:markings": "no",
        "highway": "crossing"
      },
      "geometry": {
        "type": "Point",
        "coordinates": [
          -106.600034,
          35.0787716
        ]
      }
    },
    {
      "type": "Feature",
      "properties": {
        "id": 6357383194,
        "kind": "poi",
        "crossing": "marked",
        "crossing:markings": "yes",
        "highway": "crossing"
      },
      "geometry": {
        "type": "Point",
        "coordinates": [
          -106.599949,
          35.0791347
        ]
      }
    },
    {
      "type": "Feature",
      "properties": {
        "id": 6357383294,
        "kind": "poi",
        "crossing": "unmarked",
        "crossing:markings": "no",
        "highway": "crossing"
      },
      "geometry": {
        "type": "Point",
        "coordinates": [
          -106.599879,
          35.0788428
        ]
      }
    },
    {
      "type": "Feature",
      "properties": {
        "id": 6357383297,
        "kind": "poi",
        "crossing": "unmarked",
        "crossing:markings": "no",
        "highway": "crossing"
      },
      "geometry": {
        "type": "Point",
        "coordinates": [
          -106.59988,
          35.0789455
        ]
      }
    },
    {
      "type": "Feature",
      "properties": {
        "id": 6357383304,
        "kind": "poi",
        "crossing": "marked",
        "crossing:markings": "yes",
        "highway": "crossing"
      },
      "geometry": {
        "type": "Point",
        "coordinates": [
          -106.598822,
          35.0790156
        ]
      }
    },
    {
      "type": "Feature",
      "properties": {
        "id": 6357383316,
        "kind": "poi",
        "crossing": "unmarked",
        "crossing:markings": "no",
        "highway": "crossing"
      },
      "geometry": {
        "type": "Point",
        "coordinates": [
          -106.599878,
          35.0787532
        ]
      }
    },
    {
      "type": "Feature",
      "properties": {
        "id": 6371320334,
        "kind": "poi",
        "crossing": "uncontrolled",
        "crossing:markings": "yes",
        "highway": "crossing"
      },
      "geometry": {
        "type": "Point",
        "coordinates": [
          -106.6455259,
          35.1166839
        ]
      }
    },
    {
      "type": "Feature",
      "properties": {
        "id": 6403084393,
        "kind": "poi",
        "crossing": "marked",
        "crossing:markings": "yes",
        "highway": "crossing"
      },
      "geometry": {
        "type": "Point",
        "coordinates": [
          -106.5893348,
          35.0782563
        ]
      }
    },
    {
      "type": "Feature",
      "properties": {
        "id": 6403084434,
        "kind": "poi",
        "crossing": "marked",
        "crossing:markings": "yes",
        "highway": "crossing"
      },
      "geometry": {
        "type": "Point",
        "coordinates": [
          -106.590324,
          35.0783595
        ]
      }
    },
    {
      "type": "Feature",
      "properties": {
        "id": 6484949691,
        "kind": "poi",
        "amenity": "drinking_water",
        "check_date": "2025-11-18",
        "fountain": "bubbler",
        "level": "0"
      },
      "geometry": {
        "type": "Point",
        "coordinates": [
          -106.620373,
          35.0848587
        ]
      }
    },
    {
      "type": "Feature",
      "properties": {
        "id": 6487799329,
        "kind": "poi",
        "crossing": "unmarked",
        "crossing:markings": "no",
        "highway": "crossing"
      },
      "geometry": {
        "type": "Point",
        "coordinates": [
          -106.550978,
          35.1056262
        ]
      }
    },
    {
      "type": "Feature",
      "properties": {
        "id": 6488072932,
        "kind": "poi",
        "crossing": "unmarked",
        "crossing:markings": "no",
        "highway": "crossing"
      },
      "geometry": {
        "type": "Point",
        "coordinates": [
          -106.582286,
          35.1243687
        ]
      }
    },
    {
      "type": "Feature",
      "properties": {
        "id": 6513751139,
        "kind": "poi",
        "addr:city": "Albuquerque",
        "addr:housenumber": "1804",
        "addr:postcode": "87110",
        "addr:state": "NM",
        "addr:street": "Carlisle Boulevard Northeast",
        "amenity": "doctors",
        "healthcare": "doctor",
        "name": "Healthcare",
        "operator": "Andru Zeller, Rolando Hall",
        "source": "survey",
        "website": "https://simplysalud.com"
      },
      "geometry": {
        "type": "Point",
        "coordinates": [
          -106.6039981,
          35.0996281
        ]
      }
    },
    {
      "type": "Feature",
      "properties": {
        "id": 6515529833,
        "kind": "poi",
        "addr:city": "Albuquerque",
        "addr:housenumber": "2000",
        "addr:postcode": "87110",
        "addr:state": "NM",
        "addr:street": "Carlisle Boulevard Northeast",
        "addr:unit": "E",
        "amenity": "pharmacy",
        "drive_through": "no",
        "healthcare": "pharmacy",
        "name": "Benzer Pharmacy",
        "source": "survey"
      },
      "geometry": {
        "type": "Point",
        "coordinates": [
          -106.6038345,
          35.1011546
        ]
      }
    },
    {
      "type": "Feature",
      "properties": {
        "id": 6516359180,
        "kind": "poi",
        "addr:city": "Albuquerque",
        "addr:housenumber": "1805",
        "addr:postcode": "87110",
        "addr:state": "NM",
        "addr:street": "Carlisle Boulevard Northeast",
        "amenity": "doctors",
        "healthcare": "doctor",
        "name": "Healthy Families",
        "source": "survey",
        "website": "https://www.healthyfamiliesabq.com"
      },
      "geometry": {
        "type": "Point",
        "coordinates": [
          -106.6045101,
          35.0994419
        ]
      }
    },
    {
      "type": "Feature",
      "properties": {
        "id": 6516359181,
        "kind": "poi",
        "addr:city": "Albuquerque",
        "addr:housenumber": "1821",
        "addr:postcode": "87110",
        "addr:state": "NM",
        "addr:street": "Carlisle Boulevard Northeast",
        "amenity": "doctors",
        "healthcare": "doctor",
        "healthcare:speciality": "general",
        "name": "Midtown Family Medicine",
        "source": "survey",
        "website": "https://www.mfmfamily.com"
      },
      "geometry": {
        "type": "Point",
        "coordinates": [
          -106.6045128,
          35.0997909
        ]
      }
    },
    {
      "type": "Feature",
      "properties": {
        "id": 6518979817,
        "kind": "poi",
        "addr:city": "Albuquerque",
        "addr:housenumber": "8316",
        "addr:postcode": "87110",
        "addr:state": "NM",
        "addr:street": "Kaseman Court Northeast",
        "amenity": "doctors",
        "healthcare": "doctor",
        "healthcare:speciality": "dermatology",
        "name": "Epiphany Dermatology",
        "source": "survey",
        "website": "https://www.epiphanydermatology.com"
      },
      "geometry": {
        "type": "Point",
        "coordinates": [
          -106.5511573,
          35.09196
        ]
      }
    },
    {
      "type": "Feature",
      "properties": {
        "id": 6525343861,
        "kind": "poi",
        "crossing": "unmarked",
        "crossing:markings": "no",
        "highway": "crossing",
        "source": "survey"
      },
      "geometry": {
        "type": "Point",
        "coordinates": [
          -106.581821,
          35.0872435
        ]
      }
    },
    {
      "type": "Feature",
      "properties": {
        "id": 6525343862,
        "kind": "poi",
        "crossing": "unmarked",
        "crossing:markings": "no",
        "highway": "crossing",
        "source": "survey"
      },
      "geometry": {
        "type": "Point",
        "coordinates": [
          -106.581841,
          35.087495
        ]
      }
    },
    {
      "type": "Feature",
      "properties": {
        "id": 6535541201,
        "kind": "poi",
        "addr:city": "Albuquerque",
        "addr:housenumber": "1513",
        "addr:postcode": "87110",
        "addr:state": "NM",
        "addr:street": "Carlisle Boulevard Northeast",
        "amenity": "doctors",
        "healthcare": "doctor",
        "name": "Oral and Maxillofacial Surgery",
        "operator": "Timothy L. Gutierrez, DMD",
        "source": "survey",
        "website": "https://www.drtimgutierrez.com/"
      },
      "geometry": {
        "type": "Point",
        "coordinates": [
          -106.6046715,
          35.0974359
        ]
      }
    },
    {
      "type": "Feature",
      "properties": {
        "id": 6543134739,
        "kind": "poi",
        "crossing": "traffic_signals",
        "crossing:markings": "ladder",
        "crossing:signals": "yes",
        "highway": "crossing"
      },
      "geometry": {
        "type": "Point",
        "coordinates": [
          -106.618326,
          35.0875274
        ]
      }
    },
    {
      "type": "Feature",
      "properties": {
        "id": 6543134740,
        "kind": "poi",
        "crossing": "traffic_signals",
        "crossing:markings": "ladder",
        "crossing:signals": "yes",
        "highway": "crossing"
      },
      "geometry": {
        "type": "Point",
        "coordinates": [
          -106.618331,
          35.0873893
        ]
      }
    },
    {
      "type": "Feature",
      "properties": {
        "id": 6543134741,
        "kind": "poi",
        "crossing": "traffic_signals",
        "crossing:markings": "ladder",
        "crossing:signals": "yes",
        "highway": "crossing"
      },
      "geometry": {
        "type": "Point",
        "coordinates": [
          -106.618084,
          35.0873803
        ]
      }
    },
    {
      "type": "Feature",
      "properties": {
        "id": 6543134742,
        "kind": "poi",
        "crossing": "traffic_signals",
        "crossing:markings": "ladder",
        "crossing:signals": "yes",
        "highway": "crossing"
      },
      "geometry": {
        "type": "Point",
        "coordinates": [
          -106.6181,
          35.0875149
        ]
      }
    },
    {
      "type": "Feature",
      "properties": {
        "id": 6587120296,
        "kind": "poi",
        "addr:city": "Albuquerque",
        "addr:housenumber": "3500",
        "addr:postcode": "87106",
        "addr:state": "NM",
        "addr:street": "Constitution Avenue Northeast",
        "amenity": "clinic",
        "healthcare": "clinic",
        "name": "Duke City Urgent Care",
        "source": "survey",
        "website": "https://www.dukecityurgentcare.com"
      },
      "geometry": {
        "type": "Point",
        "coordinates": [
          -106.6048579,
          35.0944461
        ]
      }
    },
    {
      "type": "Feature",
      "properties": {
        "id": 6611187031,
        "kind": "poi",
        "crossing": "uncontrolled",
        "highway": "crossing"
      },
      "geometry": {
        "type": "Point",
        "coordinates": [
          -106.605019,
          35.079076
        ]
      }
    },
    {
      "type": "Feature",
      "properties": {
        "id": 6611376512,
        "kind": "poi",
        "addr:housenumber": "1213",
        "addr:street": "University Boulevard Northeast",
        "amenity": "clinic",
        "healthcare": "clinic",
        "healthcare:speciality": "radiology;diagnostic_radiology;surgery",
        "name": "UNM Outpatient Imaging and Surgery (OSIS)",
        "ref": "284"
      },
      "geometry": {
        "type": "Point",
        "coordinates": [
          -106.6272167,
          35.0958518
        ]
      }
    },
    {
      "type": "Feature",
      "properties": {
        "id": 6611376514,
        "kind": "poi",
        "addr:housenumber": "1213",
        "addr:street": "University Boulevard Northeast",
        "amenity": "doctors",
        "healthcare": "doctor",
        "healthcare:speciality": "general",
        "name": "UNM Family Health"
      },
      "geometry": {
        "type": "Point",
        "coordinates": [
          -106.6271579,
          35.0962777
        ]
      }
    },
    {
      "type": "Feature",
      "properties": {
        "id": 6611376515,
        "kind": "poi",
        "addr:housenumber": "1213",
        "addr:street": "University Boulevard Northeast",
        "amenity": "clinic",
        "healthcare": "clinic",
        "healthcare:speciality": "oncology",
        "name": "UNM Cancer Center",
        "ref": "284"
      },
      "geometry": {
        "type": "Point",
        "coordinates": [
          -106.6281017,
          35.0958829
        ]
      }
    },
    {
      "type": "Feature",
      "properties": {
        "id": 6631763225,
        "kind": "poi",
        "crossing": "unmarked",
        "crossing:markings": "no",
        "highway": "crossing"
      },
      "geometry": {
        "type": "Point",
        "coordinates": [
          -106.6178806,
          35.1373965
        ]
      }
    },
    {
      "type": "Feature",
      "properties": {
        "id": 6631763226,
        "kind": "poi",
        "crossing": "unmarked",
        "crossing:markings": "no",
        "highway": "crossing"
      },
      "geometry": {
        "type": "Point",
        "coordinates": [
          -106.6179615,
          35.1373929
        ]
      }
    },
    {
      "type": "Feature",
      "properties": {
        "id": 6631763537,
        "kind": "poi",
        "crossing": "uncontrolled",
        "crossing:markings": "zebra",
        "highway": "crossing"
      },
      "geometry": {
        "type": "Point",
        "coordinates": [
          -106.6191745,
          35.135658
        ]
      }
    },
    {
      "type": "Feature",
      "properties": {
        "id": 6631763538,
        "kind": "poi",
        "crossing": "traffic_signals",
        "crossing:markings": "zebra",
        "highway": "crossing"
      },
      "geometry": {
        "type": "Point",
        "coordinates": [
          -106.6193637,
          35.1354647
        ]
      }
    },
    {
      "type": "Feature",
      "properties": {
        "id": 6631763539,
        "kind": "poi",
        "crossing": "traffic_signals",
        "crossing:markings": "zebra",
        "highway": "crossing"
      },
      "geometry": {
        "type": "Point",
        "coordinates": [
          -106.6194577,
          35.1354636
        ]
      }
    },
    {
      "type": "Feature",
      "properties": {
        "id": 6631763558,
        "kind": "poi",
        "crossing": "traffic_signals",
        "crossing:markings": "zebra",
        "highway": "crossing"
      },
      "geometry": {
        "type": "Point",
        "coordinates": [
          -106.619564,
          35.1353808
        ]
      }
    },
    {
      "type": "Feature",
      "properties": {
        "id": 6631763559,
        "kind": "poi",
        "crossing": "traffic_signals",
        "crossing:markings": "zebra",
        "highway": "crossing"
      },
      "geometry": {
        "type": "Point",
        "coordinates": [
          -106.6195724,
          35.1352187
        ]
      }
    },
    {
      "type": "Feature",
      "properties": {
        "id": 6631763567,
        "kind": "poi",
        "crossing": "uncontrolled",
        "crossing:markings": "ladder",
        "highway": "crossing"
      },
      "geometry": {
        "type": "Point",
        "coordinates": [
          -106.6196891,
          35.1349543
        ]
      }
    },
    {
      "type": "Feature",
      "properties": {
        "id": 6631763579,
        "kind": "poi",
        "crossing": "traffic_signals",
        "crossing:markings": "zebra",
        "highway": "crossing"
      },
      "geometry": {
        "type": "Point",
        "coordinates": [
          -106.6192846,
          35.1352205
        ]
      }
    },
    {
      "type": "Feature",
      "properties": {
        "id": 6631763580,
        "kind": "poi",
        "crossing": "traffic_signals",
        "crossing:markings": "zebra",
        "highway": "crossing"
      },
      "geometry": {
        "type": "Point",
        "coordinates": [
          -106.6192787,
          35.135382
        ]
      }
    },
    {
      "type": "Feature",
      "properties": {
        "id": 6631763581,
        "kind": "poi",
        "crossing": "traffic_signals",
        "crossing:markings": "zebra",
        "highway": "crossing"
      },
      "geometry": {
        "type": "Point",
        "coordinates": [
          -106.6194027,
          35.1351429
        ]
      }
    },
    {
      "type": "Feature",
      "properties": {
        "id": 6631763582,
        "kind": "poi",
        "crossing": "traffic_signals",
        "crossing:markings": "zebra",
        "highway": "crossing"
      },
      "geometry": {
        "type": "Point",
        "coordinates": [
          -106.6194974,
          35.1351419
        ]
      }
    },
    {
      "type": "Feature",
      "properties": {
        "id": 6631763607,
        "kind": "poi",
        "crossing": "traffic_signals",
        "crossing:markings": "zebra",
        "crossing:signals": "yes",
        "highway": "crossing"
      },
      "geometry": {
        "type": "Point",
        "coordinates": [
          -106.6130026,
          35.1350016
        ]
      }
    },
    {
      "type": "Feature",
      "properties": {
        "id": 6631763608,
        "kind": "poi",
        "crossing": "traffic_signals",
        "crossing:markings": "zebra",
        "crossing:signals": "yes",
        "highway": "crossing"
      },
      "geometry": {
        "type": "Point",
        "coordinates": [
          -106.6129043,
          35.1349539
        ]
      }
    },
    {
      "type": "Feature",
      "properties": {
        "id": 6631763611,
        "kind": "poi",
        "crossing": "uncontrolled",
        "crossing:markings": "zebra",
        "crossing:signals": "no",
        "highway": "crossing"
      },
      "geometry": {
        "type": "Point",
        "coordinates": [
          -106.6127853,
          35.1349281
        ]
      }
    },
    {
      "type": "Feature",
      "properties": {
        "id": 6631763617,
        "kind": "poi",
        "crossing": "traffic_signals",
        "crossing:markings": "zebra",
        "crossing:signals": "yes",
        "highway": "crossing"
      },
      "geometry": {
        "type": "Point",
        "coordinates": [
          -106.6131139,
          35.1349599
        ]
      }
    },
    {
      "type": "Feature",
      "properties": {
        "id": 6631763618,
        "kind": "poi",
        "crossing": "traffic_signals",
        "crossing:markings": "zebra",
        "crossing:signals": "yes",
        "highway": "crossing"
      },
      "geometry": {
        "type": "Point",
        "coordinates": [
          -106.6131956,
          35.1348221
        ]
      }
    },
    {
      "type": "Feature",
      "properties": {
        "id": 6631763620,
        "kind": "poi",
        "crossing": "traffic_signals",
        "crossing:markings": "zebra",
        "crossing:signals": "yes",
        "highway": "crossing"
      },
      "geometry": {
        "type": "Point",
        "coordinates": [
          -106.6128791,
          35.1348598
        ]
      }
    },
    {
      "type": "Feature",
      "properties": {
        "id": 6631763621,
        "kind": "poi",
        "crossing": "traffic_signals",
        "crossing:markings": "zebra",
        "crossing:signals": "yes",
        "highway": "crossing"
      },
      "geometry": {
        "type": "Point",
        "coordinates": [
          -106.6129172,
          35.1346986
        ]
      }
    },
    {
      "type": "Feature",
      "properties": {
        "id": 6631763625,
        "kind": "poi",
        "crossing": "traffic_signals",
        "crossing:markings": "zebra",
        "crossing:signals": "yes",
        "highway": "crossing"
      },
      "geometry": {
        "type": "Point",
        "coordinates": [
          -106.613125,
          35.1346799
        ]
      }
    },
    {
      "type": "Feature",
      "properties": {
        "id": 6634609543,
        "kind": "poi",
        "highway": "crossing"
      },
      "geometry": {
        "type": "Point",
        "coordinates": [
          -106.6479121,
          35.0840309
        ]
      }
    },
    {
      "type": "Feature",
      "properties": {
        "id": 6634609544,
        "kind": "poi",
        "highway": "crossing"
      },
      "geometry": {
        "type": "Point",
        "coordinates": [
          -106.647897,
          35.0841022
        ]
      }
    },
    {
      "type": "Feature",
      "properties": {
        "id": 6639328026,
        "kind": "poi",
        "addr:city": "Albuquerque",
        "addr:housenumber": "7520",
        "addr:postcode": "87109",
        "addr:state": "NM",
        "addr:street": "Montgomery Boulevard Northeast",
        "addr:unit": "D2",
        "amenity": "doctors",
        "healthcare": "doctor",
        "name": "Albuquerque Craniofacial Center",
        "operator": "Paul M. Clifford, DDS",
        "source": "survey",
        "website": "https://tmjnm.com/index.php"
      },
      "geometry": {
        "type": "Point",
        "coordinates": [
          -106.5602109,
          35.1292222
        ]
      }
    },
    {
      "type": "Feature",
      "properties": {
        "id": 6639328028,
        "kind": "poi",
        "addr:city": "Albuquerque",
        "addr:housenumber": "7520",
        "addr:postcode": "87109",
        "addr:state": "NM",
        "addr:street": "Montgomery Boulevard Northeast",
        "addr:unit": "D4",
        "amenity": "doctors",
        "healthcare": "doctor",
        "healthcare:speciality": "dermatology",
        "name": "N.M. Dermatology Associates, P.A.",
        "operator": "Amanda Harper, M.D., Kenneth Harper, M.D., Heidi Fleischmann, M.D.",
        "source": "survey"
      },
      "geometry": {
        "type": "Point",
        "coordinates": [
          -106.5600822,
          35.1291388
        ]
      }
    },
    {
      "type": "Feature",
      "properties": {
        "id": 6669424175,
        "kind": "poi",
        "crossing": "marked",
        "crossing:markings": "yes",
        "highway": "crossing"
      },
      "geometry": {
        "type": "Point",
        "coordinates": [
          -106.6010791,
          35.0792622
        ]
      }
    },
    {
      "type": "Feature",
      "properties": {
        "id": 6669424178,
        "kind": "poi",
        "crossing": "unmarked",
        "crossing:markings": "no",
        "highway": "crossing"
      },
      "geometry": {
        "type": "Point",
        "coordinates": [
          -106.60116,
          35.0788961
        ]
      }
    },
    {
      "type": "Feature",
      "properties": {
        "id": 6669424183,
        "kind": "poi",
        "crossing": "unmarked",
        "crossing:markings": "no",
        "highway": "crossing"
      },
      "geometry": {
        "type": "Point",
        "coordinates": [
          -106.60177,
          35.0785333
        ]
      }
    },
    {
      "type": "Feature",
      "properties": {
        "id": 6669490238,
        "kind": "poi",
        "crossing": "uncontrolled",
        "crossing:markings": "yes",
        "highway": "crossing"
      },
      "geometry": {
        "type": "Point",
        "coordinates": [
          -106.605789,
          35.08005
        ]
      }
    },
    {
      "type": "Feature",
      "properties": {
        "id": 6669490248,
        "kind": "poi",
        "crossing": "unmarked",
        "crossing:markings": "no",
        "highway": "crossing"
      },
      "geometry": {
        "type": "Point",
        "coordinates": [
          -106.608085,
          35.0820299
        ]
      }
    },
    {
      "type": "Feature",
      "properties": {
        "id": 6669490251,
        "kind": "poi",
        "crossing": "unmarked",
        "crossing:markings": "no",
        "highway": "crossing"
      },
      "geometry": {
        "type": "Point",
        "coordinates": [
          -106.608226,
          35.0821072
        ]
      }
    },
    {
      "type": "Feature",
      "properties": {
        "id": 6669490259,
        "kind": "poi",
        "crossing": "unmarked",
        "crossing:markings": "no",
        "highway": "crossing"
      },
      "geometry": {
        "type": "Point",
        "coordinates": [
          -106.608357,
          35.082178
        ]
      }
    },
    {
      "type": "Feature",
      "properties": {
        "id": 6669490267,
        "kind": "poi",
        "crossing": "marked",
        "crossing:markings": "yes",
        "highway": "crossing"
      },
      "geometry": {
        "type": "Point",
        "coordinates": [
          -106.608982,
          35.0824484
        ]
      }
    },
    {
      "type": "Feature",
      "properties": {
        "id": 6669490270,
        "kind": "poi",
        "crossing": "marked",
        "crossing:island": "no",
        "crossing:markings": "yes",
        "highway": "crossing"
      },
      "geometry": {
        "type": "Point",
        "coordinates": [
          -106.609225,
          35.0824901
        ]
      }
    },
    {
      "type": "Feature",
      "properties": {
        "id": 6669490272,
        "kind": "poi",
        "crossing": "marked",
        "crossing:island": "no",
        "crossing:markings": "yes",
        "highway": "crossing"
      },
      "geometry": {
        "type": "Point",
        "coordinates": [
          -106.60925,
          35.0826121
        ]
      }
    },
    {
      "type": "Feature",
      "properties": {
        "id": 6669490282,
        "kind": "poi",
        "crossing": "traffic_signals",
        "crossing:markings": "yes",
        "highway": "crossing"
      },
      "geometry": {
        "type": "Point",
        "coordinates": [
          -106.608404,
          35.0802482
        ]
      }
    },
    {
      "type": "Feature",
      "properties": {
        "id": 6669490283,
        "kind": "poi",
        "crossing": "traffic_signals",
        "crossing:markings": "yes",
        "highway": "crossing"
      },
      "geometry": {
        "type": "Point",
        "coordinates": [
          -106.608406,
          35.08036
        ]
      }
    },
    {
      "type": "Feature",
      "properties": {
        "id": 6669490285,
        "kind": "poi",
        "crossing": "traffic_signals",
        "crossing:markings": "yes",
        "highway": "crossing"
      },
      "geometry": {
        "type": "Point",
        "coordinates": [
          -106.608297,
          35.0804226
        ]
      }
    },
    {
      "type": "Feature",
      "properties": {
        "id": 6669490288,
        "kind": "poi",
        "crossing": "traffic_signals",
        "highway": "crossing"
      },
      "geometry": {
        "type": "Point",
        "coordinates": [
          -106.608209,
          35.0803326
        ]
      }
    },
    {
      "type": "Feature",
      "properties": {
        "id": 6669490289,
        "kind": "poi",
        "crossing": "traffic_signals",
        "highway": "crossing"
      },
      "geometry": {
        "type": "Point",
        "coordinates": [
          -106.608211,
          35.080221
        ]
      }
    },
    {
      "type": "Feature",
      "properties": {
        "id": 6669490291,
        "kind": "poi",
        "crossing": "traffic_signals",
        "crossing:markings": "yes",
        "highway": "crossing"
      },
      "geometry": {
        "type": "Point",
        "coordinates": [
          -106.608293,
          35.0801664
        ]
      }
    },
    {
      "type": "Feature",
      "properties": {
        "id": 6669490331,
        "kind": "poi",
        "crossing": "unmarked",
        "crossing:markings": "no",
        "highway": "crossing"
      },
      "geometry": {
        "type": "Point",
        "coordinates": [
          -106.591766,
          35.0757576
        ]
      }
    },
    {
      "type": "Feature",
      "properties": {
        "id": 6669490340,
        "kind": "poi",
        "crossing": "unmarked",
        "crossing:markings": "no",
        "highway": "crossing"
      },
      "geometry": {
        "type": "Point",
        "coordinates": [
          -106.591759,
          35.0770196
        ]
      }
    },
    {
      "type": "Feature",
      "properties": {
        "id": 6669490352,
        "kind": "poi",
        "crossing": "unmarked",
        "crossing:markings": "no",
        "highway": "crossing"
      },
      "geometry": {
        "type": "Point",
        "coordinates": [
          -106.599876,
          35.0837133
        ]
      }
    },
    {
      "type": "Feature",
      "properties": {
        "id": 6669490362,
        "kind": "poi",
        "crossing": "unmarked",
        "crossing:markings": "no",
        "highway": "crossing"
      },
      "geometry": {
        "type": "Point",
        "coordinates": [
          -106.599792,
          35.0837922
        ]
      }
    },
    {
      "type": "Feature",
      "properties": {
        "id": 6669490413,
        "kind": "poi",
        "crossing": "unmarked",
        "crossing:markings": "no",
        "highway": "crossing"
      },
      "geometry": {
        "type": "Point",
        "coordinates": [
          -106.585111,
          35.0777943
        ]
      }
    },
    {
      "type": "Feature",
      "properties": {
        "id": 6669490414,
        "kind": "poi",
        "crossing": "unmarked",
        "crossing:markings": "no",
        "highway": "crossing"
      },
      "geometry": {
        "type": "Point",
        "coordinates": [
          -106.5852199,
          35.0778088
        ]
      }
    },
    {
      "type": "Feature",
      "properties": {
        "id": 6669490470,
        "kind": "poi",
        "crossing": "uncontrolled",
        "crossing:markings": "yes",
        "highway": "crossing"
      },
      "geometry": {
        "type": "Point",
        "coordinates": [
          -106.585742,
          35.0724643
        ]
      }
    },
    {
      "type": "Feature",
      "properties": {
        "id": 6672558009,
        "kind": "poi",
        "addr:city": "Albuquerque",
        "addr:housenumber": "717",
        "addr:postcode": "87102-2623",
        "addr:state": "NM",
        "addr:street": "Encino Place Northeast",
        "addr:unit": "3",
        "amenity": "doctors",
        "healthcare": "doctor",
        "healthcare:speciality": "internal;endocrinology",
        "name": "Julia Keating, MD & Marta Terlecki, MD",
        "source": "survey"
      },
      "geometry": {
        "type": "Point",
        "coordinates": [
          -106.6324913,
          35.0889135
        ]
      }
    },
    {
      "type": "Feature",
      "properties": {
        "id": 6672558010,
        "kind": "poi",
        "addr:city": "Albuquerque",
        "addr:housenumber": "717",
        "addr:postcode": "87102-2624",
        "addr:state": "NM",
        "addr:street": "Encino Place Northeast",
        "addr:unit": "4",
        "amenity": "doctors",
        "healthcare": "doctor",
        "name": "LIFE Family Healthcare, LLC",
        "source": "survey",
        "website": "https://www.lifefhc.com"
      },
      "geometry": {
        "type": "Point",
        "coordinates": [
          -106.6326388,
          35.0889399
        ]
      }
    },
    {
      "type": "Feature",
      "properties": {
        "id": 6672558014,
        "kind": "poi",
        "addr:city": "Albuquerque",
        "addr:housenumber": "717",
        "addr:postcode": "87102-2624",
        "addr:state": "NM",
        "addr:street": "Encino Place Northeast",
        "addr:unit": "8",
        "amenity": "doctors",
        "healthcare": "doctor",
        "healthcare:speciality": "phlebology",
        "name": "Southwest Vascular & Vein Center",
        "operator": "Chandran Vedamanikam, M.D.",
        "source": "survey",
        "website": "http://swvvein.com"
      },
      "geometry": {
        "type": "Point",
        "coordinates": [
          -106.6331055,
          35.0885799
        ]
      }
    },
    {
      "type": "Feature",
      "properties": {
        "id": 6672566039,
        "kind": "poi",
        "crossing": "marked",
        "crossing:markings": "yes",
        "highway": "crossing"
      },
      "geometry": {
        "type": "Point",
        "coordinates": [
          -106.625708,
          35.0869299
        ]
      }
    },
    {
      "type": "Feature",
      "properties": {
        "id": 6672566040,
        "kind": "poi",
        "crossing": "marked",
        "crossing:markings": "yes",
        "highway": "crossing"
      },
      "geometry": {
        "type": "Point",
        "coordinates": [
          -106.625587,
          35.0869926
        ]
      }
    },
    {
      "type": "Feature",
      "properties": {
        "id": 6672566041,
        "kind": "poi",
        "crossing": "marked",
        "crossing:markings": "yes",
        "highway": "crossing"
      },
      "geometry": {
        "type": "Point",
        "coordinates": [
          -106.62544,
          35.0869851
        ]
      }
    },
    {
      "type": "Feature",
      "properties": {
        "id": 6672566042,
        "kind": "poi",
        "crossing": "marked",
        "crossing:markings": "yes",
        "highway": "crossing"
      },
      "geometry": {
        "type": "Point",
        "coordinates": [
          -106.625469,
          35.0868311
        ]
      }
    },
    {
      "type": "Feature",
      "properties": {
        "id": 6672566043,
        "kind": "poi",
        "crossing": "marked",
        "crossing:markings": "yes",
        "highway": "crossing"
      },
      "geometry": {
        "type": "Point",
        "coordinates": [
          -106.625615,
          35.0868406
        ]
      }
    },
    {
      "type": "Feature",
      "properties": {
        "id": 6672566044,
        "kind": "poi",
        "crossing": "marked",
        "crossing:markings": "yes",
        "highway": "crossing",
        "tactile_paving": "no"
      },
      "geometry": {
        "type": "Point",
        "coordinates": [
          -106.625378,
          35.0901984
        ]
      }
    },
    {
      "type": "Feature",
      "properties": {
        "id": 6672566045,
        "kind": "poi",
        "crossing": "marked",
        "crossing:markings": "yes",
        "highway": "crossing"
      },
      "geometry": {
        "type": "Point",
        "coordinates": [
          -106.626041,
          35.0841795
        ]
      }
    },
    {
      "type": "Feature",
      "properties": {
        "id": 6672566046,
        "kind": "poi",
        "crossing": "marked",
        "crossing:markings": "yes",
        "highway": "crossing",
        "tactile_paving": "no"
      },
      "geometry": {
        "type": "Point",
        "coordinates": [
          -106.625239,
          35.0901296
        ]
      }
    },
    {
      "type": "Feature",
      "properties": {
        "id": 6672566047,
        "kind": "poi",
        "crossing": "marked",
        "crossing:markings": "yes",
        "highway": "crossing"
      },
      "geometry": {
        "type": "Point",
        "coordinates": [
          -106.626099,
          35.0840271
        ]
      }
    },
    {
      "type": "Feature",
      "properties": {
        "id": 6682123132,
        "kind": "poi",
        "addr:city": "Albuquerque",
        "addr:housenumber": "1815",
        "addr:postcode": "87104",
        "addr:state": "NM",
        "addr:street": "Central Avenue Northwest",
        "amenity": "pharmacy",
        "dispensing": "yes",
        "healthcare": "pharmacy",
        "name": "Duran's Central Pharmacy",
        "opening_hours": "Mo-Fr 09:00-18:30; Sa 09:00-14:00; Su 10:00-13:00",
        "start_date": "1942",
        "website": "https://duransrx.com/"
      },
      "geometry": {
        "type": "Point",
        "coordinates": [
          -106.6672626,
          35.0924205
        ]
      }
    },
    {
      "type": "Feature",
      "properties": {
        "id": 6682123168,
        "kind": "poi",
        "crossing": "unmarked",
        "crossing:markings": "no",
        "highway": "crossing"
      },
      "geometry": {
        "type": "Point",
        "coordinates": [
          -106.6711255,
          35.0980038
        ]
      }
    },
    {
      "type": "Feature",
      "properties": {
        "id": 6821807950,
        "kind": "poi",
        "crossing": "uncontrolled",
        "crossing:markings": "ladder",
        "crossing:signals": "no",
        "highway": "crossing"
      },
      "geometry": {
        "type": "Point",
        "coordinates": [
          -106.6203139,
          35.0869133
        ]
      }
    },
    {
      "type": "Feature",
      "properties": {
        "id": 6872000296,
        "kind": "poi",
        "highway": "crossing"
      },
      "geometry": {
        "type": "Point",
        "coordinates": [
          -106.6429695,
          35.0824905
        ]
      }
    },
    {
      "type": "Feature",
      "properties": {
        "id": 6872000297,
        "kind": "poi",
        "crossing": "unmarked",
        "crossing:markings": "no",
        "highway": "crossing",
        "tactile_paving": "no"
      },
      "geometry": {
        "type": "Point",
        "coordinates": [
          -106.64416,
          35.082646
        ]
      }
    },
    {
      "type": "Feature",
      "properties": {
        "id": 6872000298,
        "kind": "poi",
        "highway": "crossing"
      },
      "geometry": {
        "type": "Point",
        "coordinates": [
          -106.6417784,
          35.0823353
        ]
      }
    },
    {
      "type": "Feature",
      "properties": {
        "id": 6872000299,
        "kind": "poi",
        "highway": "crossing"
      },
      "geometry": {
        "type": "Point",
        "coordinates": [
          -106.6405839,
          35.0821823
        ]
      }
    },
    {
      "type": "Feature",
      "properties": {
        "id": 6872000300,
        "kind": "poi",
        "highway": "crossing"
      },
      "geometry": {
        "type": "Point",
        "coordinates": [
          -106.6394126,
          35.08203
        ]
      }
    },
    {
      "type": "Feature",
      "properties": {
        "id": 6872000338,
        "kind": "poi",
        "highway": "crossing"
      },
      "geometry": {
        "type": "Point",
        "coordinates": [
          -106.6394395,
          35.0818893
        ]
      }
    },
    {
      "type": "Feature",
      "properties": {
        "id": 6872000339,
        "kind": "poi",
        "highway": "crossing"
      },
      "geometry": {
        "type": "Point",
        "coordinates": [
          -106.6412084,
          35.0821166
        ]
      }
    },
    {
      "type": "Feature",
      "properties": {
        "id": 6872000340,
        "kind": "poi",
        "highway": "crossing"
      },
      "geometry": {
        "type": "Point",
        "coordinates": [
          -106.6423936,
          35.0822716
        ]
      }
    },
    {
      "type": "Feature",
      "properties": {
        "id": 6872000341,
        "kind": "poi",
        "crossing": "marked",
        "crossing:island": "no",
        "crossing:markings": "yes",
        "highway": "crossing",
        "tactile_paving": "yes"
      },
      "geometry": {
        "type": "Point",
        "coordinates": [
          -106.643596,
          35.0824249
        ]
      }
    },
    {
      "type": "Feature",
      "properties": {
        "id": 6872000342,
        "kind": "poi",
        "crossing": "unmarked",
        "crossing:island": "no",
        "crossing:markings": "no",
        "highway": "crossing",
        "tactile_paving": "no"
      },
      "geometry": {
        "type": "Point",
        "coordinates": [
          -106.646067,
          35.0827933
        ]
      }
    },
    {
      "type": "Feature",
      "properties": {
        "id": 6872680496,
        "kind": "poi",
        "crossing": "uncontrolled",
        "crossing:markings": "zebra",
        "highway": "crossing"
      },
      "geometry": {
        "type": "Point",
        "coordinates": [
          -106.5867889,
          35.1019221
        ]
      }
    },
    {
      "type": "Feature",
      "properties": {
        "id": 6872680497,
        "kind": "poi",
        "crossing": "uncontrolled",
        "crossing:markings": "zebra",
        "highway": "crossing"
      },
      "geometry": {
        "type": "Point",
        "coordinates": [
          -106.586681,
          35.1020844
        ]
      }
    },
    {
      "type": "Feature",
      "properties": {
        "id": 6872680498,
        "kind": "poi",
        "crossing": "uncontrolled",
        "crossing:markings": "zebra",
        "highway": "crossing"
      },
      "geometry": {
        "type": "Point",
        "coordinates": [
          -106.58648,
          35.1021046
        ]
      }
    },
    {
      "type": "Feature",
      "properties": {
        "id": 6872680500,
        "kind": "poi",
        "crossing": "uncontrolled",
        "crossing:markings": "zebra",
        "highway": "crossing"
      },
      "geometry": {
        "type": "Point",
        "coordinates": [
          -106.586296,
          35.1019206
        ]
      }
    },
    {
      "type": "Feature",
      "properties": {
        "id": 6872680502,
        "kind": "poi",
        "crossing": "uncontrolled",
        "crossing:markings": "zebra",
        "highway": "crossing"
      },
      "geometry": {
        "type": "Point",
        "coordinates": [
          -106.586401,
          35.1018123
        ]
      }
    },
    {
      "type": "Feature",
      "properties": {
        "id": 6872680503,
        "kind": "poi",
        "crossing": "uncontrolled",
        "crossing:markings": "zebra",
        "highway": "crossing"
      },
      "geometry": {
        "type": "Point",
        "coordinates": [
          -106.586589,
          35.1017864
        ]
      }
    },
    {
      "type": "Feature",
      "properties": {
        "id": 6872680510,
        "kind": "poi",
        "crossing": "uncontrolled",
        "crossing:markings": "yes",
        "highway": "crossing"
      },
      "geometry": {
        "type": "Point",
        "coordinates": [
          -106.587766,
          35.1056622
        ]
      }
    },
    {
      "type": "Feature",
      "properties": {
        "id": 6872680513,
        "kind": "poi",
        "crossing": "uncontrolled",
        "crossing:markings": "yes",
        "highway": "crossing"
      },
      "geometry": {
        "type": "Point",
        "coordinates": [
          -106.588161,
          35.1055386
        ]
      }
    },
    {
      "type": "Feature",
      "properties": {
        "id": 6872680532,
        "kind": "poi",
        "crossing": "uncontrolled",
        "crossing:markings": "yes",
        "highway": "crossing"
      },
      "geometry": {
        "type": "Point",
        "coordinates": [
          -106.579129,
          35.1030887
        ]
      }
    },
    {
      "type": "Feature",
      "properties": {
        "id": 6872680544,
        "kind": "poi",
        "crossing": "unmarked",
        "crossing:markings": "no",
        "highway": "crossing"
      },
      "geometry": {
        "type": "Point",
        "coordinates": [
          -106.579061,
          35.1027681
        ]
      }
    },
    {
      "type": "Feature",
      "properties": {
        "id": 6872680555,
        "kind": "poi",
        "crossing": "unmarked",
        "crossing:markings": "no",
        "highway": "crossing"
      },
      "geometry": {
        "type": "Point",
        "coordinates": [
          -106.578383,
          35.1028053
        ]
      }
    },
    {
      "type": "Feature",
      "properties": {
        "id": 6872681512,
        "kind": "poi",
        "highway": "crossing"
      },
      "geometry": {
        "type": "Point",
        "coordinates": [
          -106.5670841,
          35.0946102
        ]
      }
    },
    {
      "type": "Feature",
      "properties": {
        "id": 6872681513,
        "kind": "poi",
        "highway": "crossing"
      },
      "geometry": {
        "type": "Point",
        "coordinates": [
          -106.5662281,
          35.0946149
        ]
      }
    },
    {
      "type": "Feature",
      "properties": {
        "id": 6872681522,
        "kind": "poi",
        "crossing": "traffic_signals",
        "crossing:markings": "ladder",
        "crossing:signals": "yes",
        "highway": "crossing"
      },
      "geometry": {
        "type": "Point",
        "coordinates": [
          -106.60421,
          35.0949579
        ]
      }
    },
    {
      "type": "Feature",
      "properties": {
        "id": 6872681523,
        "kind": "poi",
        "crossing": "traffic_signals",
        "crossing:markings": "ladder",
        "crossing:signals": "yes",
        "highway": "crossing"
      },
      "geometry": {
        "type": "Point",
        "coordinates": [
          -106.604306,
          35.0949623
        ]
      }
    },
    {
      "type": "Feature",
      "properties": {
        "id": 6872681526,
        "kind": "poi",
        "crossing": "traffic_signals",
        "crossing:markings": "ladder",
        "crossing:signals": "yes",
        "highway": "crossing"
      },
      "geometry": {
        "type": "Point",
        "coordinates": [
          -106.60408,
          35.0948496
        ]
      }
    },
    {
      "type": "Feature",
      "properties": {
        "id": 6872681529,
        "kind": "poi",
        "crossing": "traffic_signals",
        "crossing:markings": "ladder",
        "crossing:signals": "yes",
        "highway": "crossing"
      },
      "geometry": {
        "type": "Point",
        "coordinates": [
          -106.604393,
          35.0947979
        ]
      }
    },
    {
      "type": "Feature",
      "properties": {
        "id": 6872681530,
        "kind": "poi",
        "crossing": "traffic_signals",
        "crossing:markings": "ladder",
        "crossing:signals": "yes",
        "highway": "crossing"
      },
      "geometry": {
        "type": "Point",
        "coordinates": [
          -106.604391,
          35.094871
        ]
      }
    },
    {
      "type": "Feature",
      "properties": {
        "id": 6872681532,
        "kind": "poi",
        "crossing": "traffic_signals",
        "crossing:markings": "ladder",
        "crossing:signals": "yes",
        "highway": "crossing"
      },
      "geometry": {
        "type": "Point",
        "coordinates": [
          -106.604395,
          35.0946841
        ]
      }
    },
    {
      "type": "Feature",
      "properties": {
        "id": 6872681544,
        "kind": "poi",
        "crossing": "marked",
        "crossing:markings": "yes",
        "highway": "crossing"
      },
      "geometry": {
        "type": "Point",
        "coordinates": [
          -106.611315,
          35.0891774
        ]
      }
    },
    {
      "type": "Feature",
      "properties": {
        "id": 6872681553,
        "kind": "poi",
        "highway": "crossing"
      },
      "geometry": {
        "type": "Point",
        "coordinates": [
          -106.6070936,
          35.0873681
        ]
      }
    },
    {
      "type": "Feature",
      "properties": {
        "id": 6872681554,
        "kind": "poi",
        "highway": "crossing"
      },
      "geometry": {
        "type": "Point",
        "coordinates": [
          -106.6071012,
          35.0861635
        ]
      }
    },
    {
      "type": "Feature",
      "properties": {
        "id": 6872681556,
        "kind": "poi",
        "crossing": "marked",
        "crossing:markings": "yes",
        "highway": "crossing"
      },
      "geometry": {
        "type": "Point",
        "coordinates": [
          -106.6122567,
          35.0891659
        ]
      }
    },
    {
      "type": "Feature",
      "properties": {
        "id": 6872681557,
        "kind": "poi",
        "highway": "crossing"
      },
      "geometry": {
        "type": "Point",
        "coordinates": [
          -106.6081917,
          35.0873709
        ]
      }
    },
    {
      "type": "Feature",
      "properties": {
        "id": 6872681558,
        "kind": "poi",
        "highway": "crossing"
      },
      "geometry": {
        "type": "Point",
        "coordinates": [
          -106.6082138,
          35.0861764
        ]
      }
    },
    {
      "type": "Feature",
      "properties": {
        "id": 6872681559,
        "kind": "poi",
        "crossing": "uncontrolled",
        "crossing:markings": "yes",
        "highway": "crossing"
      },
      "geometry": {
        "type": "Point",
        "coordinates": [
          -106.613086,
          35.0873338
        ]
      }
    },
    {
      "type": "Feature",
      "properties": {
        "id": 6872681560,
        "kind": "poi",
        "crossing": "uncontrolled",
        "crossing:markings": "yes",
        "highway": "crossing"
      },
      "geometry": {
        "type": "Point",
        "coordinates": [
          -106.613214,
          35.0873257
        ]
      }
    },
    {
      "type": "Feature",
      "properties": {
        "id": 6872681561,
        "kind": "poi",
        "crossing": "uncontrolled",
        "crossing:markings": "yes",
        "highway": "crossing"
      },
      "geometry": {
        "type": "Point",
        "coordinates": [
          -106.6132,
          35.0876108
        ]
      }
    },
    {
      "type": "Feature",
      "properties": {
        "id": 6872681562,
        "kind": "poi",
        "crossing": "uncontrolled",
        "crossing:markings": "yes",
        "highway": "crossing"
      },
      "geometry": {
        "type": "Point",
        "coordinates": [
          -106.613067,
          35.0876122
        ]
      }
    },
    {
      "type": "Feature",
      "properties": {
        "id": 6872681570,
        "kind": "poi",
        "crossing": "marked",
        "crossing:markings": "yes",
        "highway": "crossing"
      },
      "geometry": {
        "type": "Point",
        "coordinates": [
          -106.6162639,
          35.0861603
        ]
      }
    },
    {
      "type": "Feature",
      "properties": {
        "id": 6872681571,
        "kind": "poi",
        "crossing": "marked",
        "crossing:markings": "yes",
        "highway": "crossing"
      },
      "geometry": {
        "type": "Point",
        "coordinates": [
          -106.616609,
          35.0863212
        ]
      }
    },
    {
      "type": "Feature",
      "properties": {
        "id": 6872681625,
        "kind": "poi",
        "crossing": "marked",
        "crossing:markings": "yes",
        "highway": "crossing"
      },
      "geometry": {
        "type": "Point",
        "coordinates": [
          -106.615019,
          35.0838267
        ]
      }
    },
    {
      "type": "Feature",
      "properties": {
        "id": 6872681626,
        "kind": "poi",
        "crossing": "marked",
        "crossing:markings": "yes",
        "highway": "crossing"
      },
      "geometry": {
        "type": "Point",
        "coordinates": [
          -106.61502,
          35.0837107
        ]
      }
    },
    {
      "type": "Feature",
      "properties": {
        "id": 6872681627,
        "kind": "poi",
        "crossing": "marked",
        "crossing:markings": "yes",
        "highway": "crossing"
      },
      "geometry": {
        "type": "Point",
        "coordinates": [
          -106.6150951,
          35.0837624
        ]
      }
    },
    {
      "type": "Feature",
      "properties": {
        "id": 6872681629,
        "kind": "poi",
        "crossing": "traffic_signals",
        "crossing:markings": "yes",
        "highway": "crossing"
      },
      "geometry": {
        "type": "Point",
        "coordinates": [
          -106.6097488,
          35.0804217
        ]
      }
    },
    {
      "type": "Feature",
      "properties": {
        "id": 6872681646,
        "kind": "poi",
        "crossing": "marked",
        "crossing:markings": "yes",
        "highway": "crossing"
      },
      "geometry": {
        "type": "Point",
        "coordinates": [
          -106.609555,
          35.0803384
        ]
      }
    },
    {
      "type": "Feature",
      "properties": {
        "id": 6872681651,
        "kind": "poi",
        "crossing": "traffic_signals",
        "crossing:markings": "yes",
        "highway": "crossing"
      },
      "geometry": {
        "type": "Point",
        "coordinates": [
          -106.619456,
          35.0809505
        ]
      }
    },
    {
      "type": "Feature",
      "properties": {
        "id": 6872681652,
        "kind": "poi",
        "button_operated": "yes",
        "crossing": "traffic_signals",
        "crossing:markings": "yes",
        "highway": "crossing",
        "tactile_paving": "yes",
        "traffic_signals:sound": "yes",
        "traffic_signals:vibration": "yes"
      },
      "geometry": {
        "type": "Point",
        "coordinates": [
          -106.619687,
          35.0809496
        ]
      }
    },
    {
      "type": "Feature",
      "properties": {
        "id": 6872681655,
        "kind": "poi",
        "button_operated": "yes",
        "crossing": "traffic_signals",
        "crossing:island": "no",
        "highway": "crossing",
        "tactile_paving": "yes",
        "traffic_signals:sound": "yes",
        "traffic_signals:vibration": "yes"
      },
      "geometry": {
        "type": "Point",
        "coordinates": [
          -106.619557,
          35.0808711
        ]
      }
    },
    {
      "type": "Feature",
      "properties": {
        "id": 6872681656,
        "kind": "poi",
        "button_operated": "yes",
        "crossing": "traffic_signals",
        "crossing:markings": "yes",
        "highway": "crossing",
        "tactile_paving": "yes",
        "traffic_signals:sound": "yes",
        "traffic_signals:vibration": "yes"
      },
      "geometry": {
        "type": "Point",
        "coordinates": [
          -106.619473,
          35.0810821
        ]
      }
    },
    {
      "type": "Feature",
      "properties": {
        "id": 6872681657,
        "kind": "poi",
        "button_operated": "yes",
        "crossing": "traffic_signals",
        "crossing:markings": "yes",
        "highway": "crossing",
        "tactile_paving": "yes",
        "traffic_signals:sound": "yes",
        "traffic_signals:vibration": "yes"
      },
      "geometry": {
        "type": "Point",
        "coordinates": [
          -106.6196875,
          35.0810839
        ]
      }
    },
    {
      "type": "Feature",
      "properties": {
        "id": 6872681664,
        "kind": "poi",
        "crossing": "marked",
        "crossing:markings": "yes",
        "highway": "crossing"
      },
      "geometry": {
        "type": "Point",
        "coordinates": [
          -106.617294,
          35.0816485
        ]
      }
    },
    {
      "type": "Feature",
      "properties": {
        "id": 6872681678,
        "kind": "poi",
        "crossing": "uncontrolled",
        "crossing:markings": "ladder",
        "crossing:signals": "no",
        "highway": "crossing"
      },
      "geometry": {
        "type": "Point",
        "coordinates": [
          -106.621862,
          35.0884879
        ]
      }
    },
    {
      "type": "Feature",
      "properties": {
        "id": 6872681681,
        "kind": "poi",
        "crossing": "traffic_signals",
        "crossing:markings": "yes",
        "highway": "crossing"
      },
      "geometry": {
        "type": "Point",
        "coordinates": [
          -106.6109161,
          35.0806026
        ]
      }
    },
    {
      "type": "Feature",
      "properties": {
        "id": 6872681682,
        "kind": "poi",
        "crossing": "traffic_signals",
        "crossing:markings": "yes",
        "highway": "crossing"
      },
      "geometry": {
        "type": "Point",
        "coordinates": [
          -106.6109119,
          35.0807196
        ]
      }
    },
    {
      "type": "Feature",
      "properties": {
        "id": 6872681685,
        "kind": "poi",
        "crossing": "traffic_signals",
        "crossing:markings": "yes",
        "highway": "crossing"
      },
      "geometry": {
        "type": "Point",
        "coordinates": [
          -106.610796,
          35.080767
        ]
      }
    },
    {
      "type": "Feature",
      "properties": {
        "id": 6872681688,
        "kind": "poi",
        "crossing": "traffic_signals",
        "crossing:markings": "yes",
        "highway": "crossing"
      },
      "geometry": {
        "type": "Point",
        "coordinates": [
          -106.610683,
          35.0806765
        ]
      }
    },
    {
      "type": "Feature",
      "properties": {
        "id": 6872681689,
        "kind": "poi",
        "crossing": "traffic_signals",
        "crossing:markings": "yes",
        "highway": "crossing"
      },
      "geometry": {
        "type": "Point",
        "coordinates": [
          -106.6106816,
          35.0805648
        ]
      }
    },
    {
      "type": "Feature",
      "properties": {
        "id": 6872681692,
        "kind": "poi",
        "crossing": "traffic_signals",
        "crossing:markings": "yes",
        "highway": "crossing"
      },
      "geometry": {
        "type": "Point",
        "coordinates": [
          -106.610795,
          35.0805059
        ]
      }
    },
    {
      "type": "Feature",
      "properties": {
        "id": 6872681696,
        "kind": "poi",
        "crossing": "traffic_signals",
        "crossing:island": "no",
        "crossing:markings": "yes",
        "highway": "crossing",
        "tactile_paving": "yes"
      },
      "geometry": {
        "type": "Point",
        "coordinates": [
          -106.6183038,
          35.080864
        ]
      }
    },
    {
      "type": "Feature",
      "properties": {
        "id": 6872681705,
        "kind": "poi",
        "crossing": "unmarked",
        "crossing:markings": "no",
        "highway": "crossing",
        "tactile_paving": "no"
      },
      "geometry": {
        "type": "Point",
        "coordinates": [
          -106.621454,
          35.0790672
        ]
      }
    },
    {
      "type": "Feature",
      "properties": {
        "id": 6872681706,
        "kind": "poi",
        "crossing:markings": "no",
        "crossing:signals": "no",
        "highway": "crossing"
      },
      "geometry": {
        "type": "Point",
        "coordinates": [
          -106.6221206,
          35.0790559
        ]
      }
    },
    {
      "type": "Feature",
      "properties": {
        "id": 6872681708,
        "kind": "poi",
        "button_operated": "yes",
        "crossing": "traffic_signals",
        "highway": "crossing",
        "tactile_paving": "yes",
        "traffic_signals:sound": "no"
      },
      "geometry": {
        "type": "Point",
        "coordinates": [
          -106.6222207,
          35.0809662
        ]
      }
    },
    {
      "type": "Feature",
      "properties": {
        "id": 6872681709,
        "kind": "poi",
        "crossing": "traffic_signals",
        "highway": "crossing",
        "tactile_paving": "yes",
        "traffic_signals:sound": "no"
      },
      "geometry": {
        "type": "Point",
        "coordinates": [
          -106.6222274,
          35.0810944
        ]
      }
    },
    {
      "type": "Feature",
      "properties": {
        "id": 6872681711,
        "kind": "poi",
        "crossing": "traffic_signals",
        "crossing:island": "no",
        "highway": "crossing",
        "tactile_paving": "yes",
        "traffic_signals:sound": "no"
      },
      "geometry": {
        "type": "Point",
        "coordinates": [
          -106.62206,
          35.0808508
        ]
      }
    },
    {
      "type": "Feature",
      "properties": {
        "id": 6872681713,
        "kind": "poi",
        "button_operated": "yes",
        "crossing": "traffic_signals",
        "highway": "crossing",
        "tactile_paving": "yes",
        "traffic_signals:sound": "no"
      },
      "geometry": {
        "type": "Point",
        "coordinates": [
          -106.6218949,
          35.0810901
        ]
      }
    },
    {
      "type": "Feature",
      "properties": {
        "id": 6872681714,
        "kind": "poi",
        "button_operated": "yes",
        "crossing": "traffic_signals",
        "highway": "crossing",
        "tactile_paving": "yes",
        "traffic_signals:sound": "no"
      },
      "geometry": {
        "type": "Point",
        "coordinates": [
          -106.621898,
          35.0809659
        ]
      }
    },
    {
      "type": "Feature",
      "properties": {
        "id": 6872681732,
        "kind": "poi",
        "highway": "crossing"
      },
      "geometry": {
        "type": "Point",
        "coordinates": [
          -106.616811,
          35.0838387
        ]
      }
    },
    {
      "type": "Feature",
      "properties": {
        "id": 6872681737,
        "kind": "poi",
        "crossing": "marked",
        "highway": "crossing"
      },
      "geometry": {
        "type": "Point",
        "coordinates": [
          -106.6041943,
          35.0876099
        ]
      }
    },
    {
      "type": "Feature",
      "properties": {
        "id": 6872681738,
        "kind": "poi",
        "crossing": "marked",
        "highway": "crossing"
      },
      "geometry": {
        "type": "Point",
        "coordinates": [
          -106.6043002,
          35.0876128
        ]
      }
    },
    {
      "type": "Feature",
      "properties": {
        "id": 6872681739,
        "kind": "poi",
        "highway": "crossing"
      },
      "geometry": {
        "type": "Point",
        "coordinates": [
          -106.6048367,
          35.085661
        ]
      }
    },
    {
      "type": "Feature",
      "properties": {
        "id": 6872681741,
        "kind": "poi",
        "crossing": "uncontrolled",
        "crossing:markings": "yes",
        "highway": "crossing"
      },
      "geometry": {
        "type": "Point",
        "coordinates": [
          -106.5958306,
          35.0877215
        ]
      }
    },
    {
      "type": "Feature",
      "properties": {
        "id": 6872681768,
        "kind": "poi",
        "highway": "crossing"
      },
      "geometry": {
        "type": "Point",
        "coordinates": [
          -106.6100211,
          35.096576
        ]
      }
    },
    {
      "type": "Feature",
      "properties": {
        "id": 6872681777,
        "kind": "poi",
        "highway": "crossing"
      },
      "geometry": {
        "type": "Point",
        "coordinates": [
          -106.6235395,
          35.0866735
        ]
      }
    },
    {
      "type": "Feature",
      "properties": {
        "id": 6872681778,
        "kind": "poi",
        "highway": "crossing"
      },
      "geometry": {
        "type": "Point",
        "coordinates": [
          -106.6232603,
          35.0866848
        ]
      }
    },
    {
      "type": "Feature",
      "properties": {
        "id": 6872681783,
        "kind": "poi",
        "crossing": "marked",
        "crossing:markings": "yes",
        "highway": "crossing"
      },
      "geometry": {
        "type": "Point",
        "coordinates": [
          -106.625974,
          35.0840732
        ]
      }
    },
    {
      "type": "Feature",
      "properties": {
        "id": 6872681784,
        "kind": "poi",
        "crossing": "marked",
        "crossing:markings": "yes",
        "highway": "crossing"
      },
      "geometry": {
        "type": "Point",
        "coordinates": [
          -106.626209,
          35.0842087
        ]
      }
    },
    {
      "type": "Feature",
      "properties": {
        "id": 6872681787,
        "kind": "poi",
        "crossing": "marked",
        "crossing:markings": "yes",
        "highway": "crossing"
      },
      "geometry": {
        "type": "Point",
        "coordinates": [
          -106.626265,
          35.0840394
        ]
      }
    },
    {
      "type": "Feature",
      "properties": {
        "id": 6872681788,
        "kind": "poi",
        "crossing": "uncontrolled",
        "crossing:markings": "ladder",
        "crossing:signals": "no",
        "highway": "crossing"
      },
      "geometry": {
        "type": "Point",
        "coordinates": [
          -106.622138,
          35.0868091
        ]
      }
    },
    {
      "type": "Feature",
      "properties": {
        "id": 6872681789,
        "kind": "poi",
        "crossing": "uncontrolled",
        "crossing:markings": "ladder",
        "crossing:signals": "no",
        "highway": "crossing"
      },
      "geometry": {
        "type": "Point",
        "coordinates": [
          -106.622048,
          35.0869076
        ]
      }
    },
    {
      "type": "Feature",
      "properties": {
        "id": 6872681790,
        "kind": "poi",
        "crossing": "uncontrolled",
        "crossing:markings": "ladder",
        "crossing:signals": "no",
        "highway": "crossing"
      },
      "geometry": {
        "type": "Point",
        "coordinates": [
          -106.622055,
          35.0867267
        ]
      }
    },
    {
      "type": "Feature",
      "properties": {
        "id": 6872681792,
        "kind": "poi",
        "crossing": "uncontrolled",
        "crossing:markings": "ladder",
        "crossing:signals": "no",
        "highway": "crossing"
      },
      "geometry": {
        "type": "Point",
        "coordinates": [
          -106.621966,
          35.086816
        ]
      }
    },
    {
      "type": "Feature",
      "properties": {
        "id": 6872681793,
        "kind": "poi",
        "crossing": "marked",
        "crossing:markings": "yes",
        "highway": "crossing"
      },
      "geometry": {
        "type": "Point",
        "coordinates": [
          -106.616679,
          35.0862182
        ]
      }
    },
    {
      "type": "Feature",
      "properties": {
        "id": 6872681794,
        "kind": "poi",
        "crossing": "uncontrolled",
        "crossing:markings": "ladder",
        "crossing:signals": "no",
        "highway": "crossing"
      },
      "geometry": {
        "type": "Point",
        "coordinates": [
          -106.617125,
          35.0864239
        ]
      }
    },
    {
      "type": "Feature",
      "properties": {
        "id": 6872681795,
        "kind": "poi",
        "crossing": "traffic_signals",
        "highway": "crossing",
        "traffic_calming": "island"
      },
      "geometry": {
        "type": "Point",
        "coordinates": [
          -106.6158043,
          35.0811429
        ]
      }
    },
    {
      "type": "Feature",
      "properties": {
        "id": 6872681797,
        "kind": "poi",
        "crossing": "traffic_signals",
        "highway": "crossing"
      },
      "geometry": {
        "type": "Point",
        "coordinates": [
          -106.61581,
          35.0808623
        ]
      }
    },
    {
      "type": "Feature",
      "properties": {
        "id": 6872681800,
        "kind": "poi",
        "crossing": "traffic_signals",
        "highway": "crossing"
      },
      "geometry": {
        "type": "Point",
        "coordinates": [
          -106.6159197,
          35.0809412
        ]
      }
    },
    {
      "type": "Feature",
      "properties": {
        "id": 6872681801,
        "kind": "poi",
        "crossing": "traffic_signals",
        "highway": "crossing"
      },
      "geometry": {
        "type": "Point",
        "coordinates": [
          -106.6159169,
          35.0810723
        ]
      }
    },
    {
      "type": "Feature",
      "properties": {
        "id": 6872681804,
        "kind": "poi",
        "crossing": "traffic_signals",
        "highway": "crossing"
      },
      "geometry": {
        "type": "Point",
        "coordinates": [
          -106.6156952,
          35.0809399
        ]
      }
    },
    {
      "type": "Feature",
      "properties": {
        "id": 6872681805,
        "kind": "poi",
        "crossing": "traffic_signals",
        "highway": "crossing"
      },
      "geometry": {
        "type": "Point",
        "coordinates": [
          -106.6156936,
          35.081071
        ]
      }
    },
    {
      "type": "Feature",
      "properties": {
        "id": 6935618960,
        "kind": "poi",
        "crossing": "unmarked",
        "crossing:markings": "no",
        "highway": "crossing"
      },
      "geometry": {
        "type": "Point",
        "coordinates": [
          -106.582029,
          35.0600522
        ]
      }
    },
    {
      "type": "Feature",
      "properties": {
        "id": 6935618961,
        "kind": "poi",
        "crossing": "unmarked",
        "crossing:markings": "no",
        "highway": "crossing"
      },
      "geometry": {
        "type": "Point",
        "coordinates": [
          -106.5830519,
          35.0601258
        ]
      }
    },
    {
      "type": "Feature",
      "properties": {
        "id": 6935618989,
        "kind": "poi",
        "crossing": "uncontrolled",
        "crossing:markings": "yes",
        "highway": "crossing"
      },
      "geometry": {
        "type": "Point",
        "coordinates": [
          -106.625533,
          35.0750407
        ]
      }
    },
    {
      "type": "Feature",
      "properties": {
        "id": 6938418963,
        "kind": "poi",
        "button_operated": "yes",
        "crossing": "traffic_signals",
        "crossing:island": "no",
        "crossing:markings": "zebra",
        "highway": "crossing",
        "tactile_paving": "yes",
        "traffic_signals:sound": "no"
      },
      "geometry": {
        "type": "Point",
        "coordinates": [
          -106.6220168,
          35.0811783
        ]
      }
    },
    {
      "type": "Feature",
      "properties": {
        "id": 6938418964,
        "kind": "poi",
        "crossing": "marked",
        "crossing:island": "no",
        "crossing:markings": "yes",
        "highway": "crossing",
        "tactile_paving": "no"
      },
      "geometry": {
        "type": "Point",
        "coordinates": [
          -106.6220195,
          35.081485
        ]
      }
    },
    {
      "type": "Feature",
      "properties": {
        "id": 6969129844,
        "kind": "poi",
        "crossing": "uncontrolled",
        "highway": "crossing"
      },
      "geometry": {
        "type": "Point",
        "coordinates": [
          -106.6356688,
          35.097973
        ]
      }
    },
    {
      "type": "Feature",
      "properties": {
        "id": 7007040712,
        "kind": "poi",
        "crossing": "uncontrolled",
        "crossing:markings": "yes",
        "highway": "crossing"
      },
      "geometry": {
        "type": "Point",
        "coordinates": [
          -106.6045,
          35.1057238
        ]
      }
    },
    {
      "type": "Feature",
      "properties": {
        "id": 7007040718,
        "kind": "poi",
        "crossing": "uncontrolled",
        "crossing:markings": "yes",
        "highway": "crossing"
      },
      "geometry": {
        "type": "Point",
        "coordinates": [
          -106.603882,
          35.1055934
        ]
      }
    },
    {
      "type": "Feature",
      "properties": {
        "id": 7043811087,
        "kind": "poi",
        "crossing": "marked",
        "crossing:markings": "yes",
        "highway": "crossing",
        "tactile_paving": "no"
      },
      "geometry": {
        "type": "Point",
        "coordinates": [
          -106.6073388,
          35.1116875
        ]
      }
    },
    {
      "type": "Feature",
      "properties": {
        "id": 7044258953,
        "kind": "poi",
        "crossing": "marked",
        "crossing:markings": "yes",
        "highway": "crossing"
      },
      "geometry": {
        "type": "Point",
        "coordinates": [
          -106.6625847,
          35.1247139
        ]
      }
    },
    {
      "type": "Feature",
      "properties": {
        "id": 7061058587,
        "kind": "poi",
        "addr:housenumber": "401",
        "addr:postcode": "87102",
        "addr:street": "Edith Boulevard Northeast",
        "amenity": "clinic",
        "healthcare": "clinic",
        "name": "ENT and Sinus Center ABQ, PC Gerald N. Bart M.D., F.A.C.S",
        "opening_hours": "Mo-Su 09:00-16:00",
        "operator": "C Gerald N. Bart M.D., F.A.C.S",
        "phone": "+1-505-880-8118",
        "website": "http://drsinusnm.com/"
      },
      "geometry": {
        "type": "Point",
        "coordinates": [
          -106.6419945,
          35.0861862
        ]
      }
    },
    {
      "type": "Feature",
      "properties": {
        "id": 7142119048,
        "kind": "poi",
        "crossing": "marked",
        "crossing:markings": "yes",
        "highway": "crossing",
        "source": "Bing"
      },
      "geometry": {
        "type": "Point",
        "coordinates": [
          -106.559583,
          35.0602155
        ]
      }
    },
    {
      "type": "Feature",
      "properties": {
        "id": 7142119052,
        "kind": "poi",
        "crossing": "unmarked",
        "crossing:markings": "no",
        "highway": "crossing"
      },
      "geometry": {
        "type": "Point",
        "coordinates": [
          -106.560115,
          35.0601606
        ]
      }
    },
    {
      "type": "Feature",
      "properties": {
        "id": 7151297026,
        "kind": "poi",
        "crossing": "unmarked",
        "crossing:markings": "no",
        "highway": "crossing"
      },
      "geometry": {
        "type": "Point",
        "coordinates": [
          -106.623997,
          35.1077833
        ]
      }
    },
    {
      "type": "Feature",
      "properties": {
        "id": 7207569983,
        "kind": "poi",
        "crossing": "traffic_signals",
        "crossing:markings": "zebra",
        "crossing:signals": "yes",
        "highway": "crossing"
      },
      "geometry": {
        "type": "Point",
        "coordinates": [
          -106.6713918,
          35.0952928
        ]
      }
    },
    {
      "type": "Feature",
      "properties": {
        "id": 7250824215,
        "kind": "poi",
        "crossing": "unmarked",
        "crossing:markings": "no",
        "highway": "crossing"
      },
      "geometry": {
        "type": "Point",
        "coordinates": [
          -106.601562,
          35.1110388
        ]
      }
    },
    {
      "type": "Feature",
      "properties": {
        "id": 7253079044,
        "kind": "poi",
        "crossing:markings": "no",
        "highway": "crossing"
      },
      "geometry": {
        "type": "Point",
        "coordinates": [
          -106.587064,
          35.1020065
        ]
      }
    },
    {
      "type": "Feature",
      "properties": {
        "id": 7257058070,
        "kind": "poi",
        "crossing": "marked",
        "highway": "crossing"
      },
      "geometry": {
        "type": "Point",
        "coordinates": [
          -106.6353827,
          35.0911411
        ]
      }
    },
    {
      "type": "Feature",
      "properties": {
        "id": 7257058071,
        "kind": "poi",
        "crossing": "marked",
        "highway": "crossing"
      },
      "geometry": {
        "type": "Point",
        "coordinates": [
          -106.6354112,
          35.0906793
        ]
      }
    },
    {
      "type": "Feature",
      "properties": {
        "id": 7272714885,
        "kind": "poi",
        "amenity": "doctors",
        "healthcare": "doctor",
        "name": "Miguel Pupiales, M.D.",
        "website": "http://painfreenm.com"
      },
      "geometry": {
        "type": "Point",
        "coordinates": [
          -106.588185,
          35.0885953
        ]
      }
    },
    {
      "type": "Feature",
      "properties": {
        "id": 7321709934,
        "kind": "poi",
        "crossing": "traffic_signals",
        "crossing:island": "no",
        "crossing:markings": "zebra",
        "crossing:signals": "yes",
        "highway": "crossing",
        "tactile_paving": "yes"
      },
      "geometry": {
        "type": "Point",
        "coordinates": [
          -106.6712848,
          35.0950312
        ]
      }
    },
    {
      "type": "Feature",
      "properties": {
        "id": 7321709935,
        "kind": "poi",
        "crossing": "traffic_signals",
        "crossing:markings": "zebra",
        "crossing:signals": "yes",
        "highway": "crossing"
      },
      "geometry": {
        "type": "Point",
        "coordinates": [
          -106.671669,
          35.0951214
        ]
      }
    },
    {
      "type": "Feature",
      "properties": {
        "id": 7321709936,
        "kind": "poi",
        "crossing": "traffic_signals",
        "crossing:island": "no",
        "crossing:markings": "zebra",
        "crossing:signals": "yes",
        "highway": "crossing",
        "tactile_paving": "yes"
      },
      "geometry": {
        "type": "Point",
        "coordinates": [
          -106.6716566,
          35.0952585
        ]
      }
    },
    {
      "type": "Feature",
      "properties": {
        "id": 7321709937,
        "kind": "poi",
        "crossing": "traffic_signals",
        "crossing:markings": "zebra",
        "crossing:signals": "yes",
        "highway": "crossing"
      },
      "geometry": {
        "type": "Point",
        "coordinates": [
          -106.6712063,
          35.0951372
        ]
      }
    },
    {
      "type": "Feature",
      "properties": {
        "id": 7321709939,
        "kind": "poi",
        "crossing": "traffic_signals",
        "crossing:markings": "zebra",
        "crossing:signals": "yes",
        "highway": "crossing"
      },
      "geometry": {
        "type": "Point",
        "coordinates": [
          -106.6714395,
          35.0949903
        ]
      }
    },
    {
      "type": "Feature",
      "properties": {
        "id": 7321709960,
        "kind": "poi",
        "highway": "crossing"
      },
      "geometry": {
        "type": "Point",
        "coordinates": [
          -106.6706999,
          35.0946395
        ]
      }
    },
    {
      "type": "Feature",
      "properties": {
        "id": 7321709999,
        "kind": "poi",
        "crossing": "unmarked",
        "crossing:markings": "no",
        "highway": "crossing"
      },
      "geometry": {
        "type": "Point",
        "coordinates": [
          -106.6562646,
          35.0861852
        ]
      }
    },
    {
      "type": "Feature",
      "properties": {
        "id": 7321710003,
        "kind": "poi",
        "crossing": "unmarked",
        "crossing:markings": "no",
        "highway": "crossing"
      },
      "geometry": {
        "type": "Point",
        "coordinates": [
          -106.6532912,
          35.0872192
        ]
      }
    },
    {
      "type": "Feature",
      "properties": {
        "id": 7321710005,
        "kind": "poi",
        "crossing": "traffic_signals",
        "crossing:markings": "lines",
        "crossing:signals": "yes",
        "highway": "crossing"
      },
      "geometry": {
        "type": "Point",
        "coordinates": [
          -106.653445,
          35.0871847
        ]
      }
    },
    {
      "type": "Feature",
      "properties": {
        "id": 7321710007,
        "kind": "poi",
        "crossing": "traffic_signals",
        "crossing:markings": "lines",
        "crossing:signals": "yes",
        "highway": "crossing"
      },
      "geometry": {
        "type": "Point",
        "coordinates": [
          -106.65356,
          35.0871258
        ]
      }
    },
    {
      "type": "Feature",
      "properties": {
        "id": 7321710010,
        "kind": "poi",
        "crossing": "traffic_signals",
        "crossing:markings": "lines",
        "crossing:signals": "yes",
        "highway": "crossing"
      },
      "geometry": {
        "type": "Point",
        "coordinates": [
          -106.6536441,
          35.0872348
        ]
      }
    },
    {
      "type": "Feature",
      "properties": {
        "id": 7321710013,
        "kind": "poi",
        "crossing": "traffic_signals",
        "crossing:markings": "lines",
        "crossing:signals": "yes",
        "highway": "crossing"
      },
      "geometry": {
        "type": "Point",
        "coordinates": [
          -106.653528,
          35.0872893
        ]
      }
    },
    {
      "type": "Feature",
      "properties": {
        "id": 7321710016,
        "kind": "poi",
        "crossing": "unmarked",
        "crossing:markings": "no",
        "highway": "crossing"
      },
      "geometry": {
        "type": "Point",
        "coordinates": [
          -106.652366,
          35.0875062
        ]
      }
    },
    {
      "type": "Feature",
      "properties": {
        "id": 7321710020,
        "kind": "poi",
        "crossing": "unmarked",
        "crossing:markings": "no",
        "highway": "crossing"
      },
      "geometry": {
        "type": "Point",
        "coordinates": [
          -106.6533855,
          35.0876356
        ]
      }
    },
    {
      "type": "Feature",
      "properties": {
        "id": 7321710041,
        "kind": "poi",
        "crossing": "uncontrolled",
        "crossing:markings": "yes",
        "highway": "crossing"
      },
      "geometry": {
        "type": "Point",
        "coordinates": [
          -106.6427677,
          35.0899625
        ]
      }
    },
    {
      "type": "Feature",
      "properties": {
        "id": 7321710045,
        "kind": "poi",
        "crossing": "uncontrolled",
        "crossing:markings": "yes",
        "highway": "crossing"
      },
      "geometry": {
        "type": "Point",
        "coordinates": [
          -106.6430852,
          35.0894637
        ]
      }
    },
    {
      "type": "Feature",
      "properties": {
        "id": 7321710069,
        "kind": "poi",
        "crossing": "uncontrolled",
        "crossing:markings": "yes",
        "highway": "crossing"
      },
      "geometry": {
        "type": "Point",
        "coordinates": [
          -106.6403719,
          35.0899735
        ]
      }
    },
    {
      "type": "Feature",
      "properties": {
        "id": 7321710070,
        "kind": "poi",
        "crossing": "uncontrolled",
        "crossing:markings": "yes",
        "highway": "crossing"
      },
      "geometry": {
        "type": "Point",
        "coordinates": [
          -106.6404063,
          35.0898375
        ]
      }
    },
    {
      "type": "Feature",
      "properties": {
        "id": 7321710071,
        "kind": "poi",
        "crossing": "uncontrolled",
        "crossing:markings": "yes",
        "highway": "crossing"
      },
      "geometry": {
        "type": "Point",
        "coordinates": [
          -106.6405045,
          35.0897806
        ]
      }
    },
    {
      "type": "Feature",
      "properties": {
        "id": 7321710072,
        "kind": "poi",
        "crossing": "uncontrolled",
        "crossing:markings": "yes",
        "highway": "crossing"
      },
      "geometry": {
        "type": "Point",
        "coordinates": [
          -106.6405896,
          35.0898607
        ]
      }
    },
    {
      "type": "Feature",
      "properties": {
        "id": 7321710073,
        "kind": "poi",
        "crossing": "uncontrolled",
        "crossing:markings": "yes",
        "highway": "crossing"
      },
      "geometry": {
        "type": "Point",
        "coordinates": [
          -106.6405622,
          35.0899985
        ]
      }
    },
    {
      "type": "Feature",
      "properties": {
        "id": 7321710074,
        "kind": "poi",
        "crossing": "uncontrolled",
        "crossing:markings": "yes",
        "highway": "crossing"
      },
      "geometry": {
        "type": "Point",
        "coordinates": [
          -106.6404397,
          35.0900422
        ]
      }
    },
    {
      "type": "Feature",
      "properties": {
        "id": 7321710103,
        "kind": "poi",
        "highway": "crossing"
      },
      "geometry": {
        "type": "Point",
        "coordinates": [
          -106.648078,
          35.0839916
        ]
      }
    },
    {
      "type": "Feature",
      "properties": {
        "id": 7321710106,
        "kind": "poi",
        "highway": "crossing"
      },
      "geometry": {
        "type": "Point",
        "coordinates": [
          -106.6481916,
          35.0841077
        ]
      }
    },
    {
      "type": "Feature",
      "properties": {
        "id": 7321710109,
        "kind": "poi",
        "highway": "crossing"
      },
      "geometry": {
        "type": "Point",
        "coordinates": [
          -106.648038,
          35.0842122
        ]
      }
    },
    {
      "type": "Feature",
      "properties": {
        "id": 7347833504,
        "kind": "poi",
        "crossing": "uncontrolled",
        "crossing:markings": "yes",
        "highway": "crossing"
      },
      "geometry": {
        "type": "Point",
        "coordinates": [
          -106.57728,
          35.0750745
        ]
      }
    },
    {
      "type": "Feature",
      "properties": {
        "id": 7347833541,
        "kind": "poi",
        "crossing": "marked",
        "crossing:markings": "yes",
        "highway": "crossing"
      },
      "geometry": {
        "type": "Point",
        "coordinates": [
          -106.5751467,
          35.0764582
        ]
      }
    },
    {
      "type": "Feature",
      "properties": {
        "id": 7372897807,
        "kind": "poi",
        "crossing": "unmarked",
        "crossing:markings": "no",
        "highway": "crossing"
      },
      "geometry": {
        "type": "Point",
        "coordinates": [
          -106.579865,
          35.1089039
        ]
      }
    },
    {
      "type": "Feature",
      "properties": {
        "id": 7372919303,
        "kind": "poi",
        "crossing": "uncontrolled",
        "crossing:markings": "yes",
        "highway": "crossing"
      },
      "geometry": {
        "type": "Point",
        "coordinates": [
          -106.577607,
          35.1127146
        ]
      }
    },
    {
      "type": "Feature",
      "properties": {
        "id": 7372919304,
        "kind": "poi",
        "crossing": "uncontrolled",
        "crossing:markings": "yes",
        "highway": "crossing"
      },
      "geometry": {
        "type": "Point",
        "coordinates": [
          -106.5775,
          35.1127903
        ]
      }
    },
    {
      "type": "Feature",
      "properties": {
        "id": 7372919307,
        "kind": "poi",
        "crossing": "uncontrolled",
        "crossing:markings": "yes",
        "highway": "crossing"
      },
      "geometry": {
        "type": "Point",
        "coordinates": [
          -106.577499,
          35.1126347
        ]
      }
    },
    {
      "type": "Feature",
      "properties": {
        "id": 7415339697,
        "kind": "poi",
        "crossing": "unmarked",
        "crossing:markings": "no",
        "highway": "crossing"
      },
      "geometry": {
        "type": "Point",
        "coordinates": [
          -106.623997,
          35.1078813
        ]
      }
    },
    {
      "type": "Feature",
      "properties": {
        "id": 7415340654,
        "kind": "poi",
        "highway": "crossing"
      },
      "geometry": {
        "type": "Point",
        "coordinates": [
          -106.623249,
          35.1090476
        ]
      }
    },
    {
      "type": "Feature",
      "properties": {
        "id": 7415657535,
        "kind": "poi",
        "crossing": "uncontrolled",
        "crossing:markings": "yes",
        "highway": "crossing"
      },
      "geometry": {
        "type": "Point",
        "coordinates": [
          -106.5802741,
          35.1296536
        ]
      }
    },
    {
      "type": "Feature",
      "properties": {
        "id": 7450735503,
        "kind": "poi",
        "button_operated": "yes",
        "crossing": "traffic_signals",
        "crossing:island": "no",
        "crossing:markings": "zebra",
        "crossing:signals": "yes",
        "highway": "crossing",
        "tactile_paving": "yes"
      },
      "geometry": {
        "type": "Point",
        "coordinates": [
          -106.6700366,
          35.0944881
        ]
      }
    },
    {
      "type": "Feature",
      "properties": {
        "id": 7450735506,
        "kind": "poi",
        "button_operated": "yes",
        "crossing": "traffic_signals",
        "crossing:island": "no",
        "crossing:markings": "zebra",
        "crossing:signals": "yes",
        "highway": "crossing",
        "tactile_paving": "yes"
      },
      "geometry": {
        "type": "Point",
        "coordinates": [
          -106.6701857,
          35.0943979
        ]
      }
    },
    {
      "type": "Feature",
      "properties": {
        "id": 7450860840,
        "kind": "poi",
        "highway": "crossing"
      },
      "geometry": {
        "type": "Point",
        "coordinates": [
          -106.6695451,
          35.0953305
        ]
      }
    },
    {
      "type": "Feature",
      "properties": {
        "id": 7450860845,
        "kind": "poi",
        "crossing": "unmarked",
        "crossing:island": "no",
        "crossing:markings": "no",
        "highway": "crossing"
      },
      "geometry": {
        "type": "Point",
        "coordinates": [
          -106.6706895,
          35.0958492
        ]
      }
    },
    {
      "type": "Feature",
      "properties": {
        "id": 7450860848,
        "kind": "poi",
        "crossing": "marked",
        "crossing:markings": "yes",
        "highway": "crossing",
        "tactile_paving": "yes"
      },
      "geometry": {
        "type": "Point",
        "coordinates": [
          -106.6695589,
          35.0958712
        ]
      }
    },
    {
      "type": "Feature",
      "properties": {
        "id": 7450860851,
        "kind": "poi",
        "crossing": "marked",
        "crossing:island": "no",
        "crossing:markings": "yes",
        "highway": "crossing",
        "tactile_paving": "yes"
      },
      "geometry": {
        "type": "Point",
        "coordinates": [
          -106.6694822,
          35.0958105
        ]
      }
    },
    {
      "type": "Feature",
      "properties": {
        "id": 7450860861,
        "kind": "poi",
        "crossing": "marked",
        "crossing:markings": "yes",
        "highway": "crossing"
      },
      "geometry": {
        "type": "Point",
        "coordinates": [
          -106.6694707,
          35.0962901
        ]
      }
    },
    {
      "type": "Feature",
      "properties": {
        "id": 7450860863,
        "kind": "poi",
        "crossing": "marked",
        "crossing:markings": "yes",
        "highway": "crossing"
      },
      "geometry": {
        "type": "Point",
        "coordinates": [
          -106.6695392,
          35.0963287
        ]
      }
    },
    {
      "type": "Feature",
      "properties": {
        "id": 7450860870,
        "kind": "poi",
        "crossing": "marked",
        "crossing:markings": "yes",
        "highway": "crossing",
        "tactile_paving": "no"
      },
      "geometry": {
        "type": "Point",
        "coordinates": [
          -106.6702676,
          35.0962953
        ]
      }
    },
    {
      "type": "Feature",
      "properties": {
        "id": 7450860871,
        "kind": "poi",
        "crossing": "marked",
        "crossing:markings": "yes",
        "highway": "crossing",
        "tactile_paving": "no"
      },
      "geometry": {
        "type": "Point",
        "coordinates": [
          -106.6703769,
          35.0963639
        ]
      }
    },
    {
      "type": "Feature",
      "properties": {
        "id": 7450860874,
        "kind": "poi",
        "crossing": "marked",
        "crossing:markings": "yes",
        "highway": "crossing"
      },
      "geometry": {
        "type": "Point",
        "coordinates": [
          -106.6704006,
          35.0959827
        ]
      }
    },
    {
      "type": "Feature",
      "properties": {
        "id": 7450860875,
        "kind": "poi",
        "crossing": "unmarked",
        "crossing:markings": "no",
        "highway": "crossing"
      },
      "geometry": {
        "type": "Point",
        "coordinates": [
          -106.6704916,
          35.0962944
        ]
      }
    },
    {
      "type": "Feature",
      "properties": {
        "id": 7450875247,
        "kind": "poi",
        "crossing": "unmarked",
        "crossing:markings": "no",
        "highway": "crossing"
      },
      "geometry": {
        "type": "Point",
        "coordinates": [
          -106.6782315,
          35.0924864
        ]
      }
    },
    {
      "type": "Feature",
      "properties": {
        "id": 7450875250,
        "kind": "poi",
        "crossing": "unmarked",
        "crossing:markings": "no",
        "highway": "crossing"
      },
      "geometry": {
        "type": "Point",
        "coordinates": [
          -106.6783226,
          35.0922781
        ]
      }
    },
    {
      "type": "Feature",
      "properties": {
        "id": 7450876297,
        "kind": "poi",
        "crossing": "traffic_signals",
        "crossing:island": "no",
        "crossing:markings": "zebra",
        "crossing:signals": "yes",
        "highway": "crossing"
      },
      "geometry": {
        "type": "Point",
        "coordinates": [
          -106.6704484,
          35.098608
        ]
      }
    },
    {
      "type": "Feature",
      "properties": {
        "id": 7450876298,
        "kind": "poi",
        "crossing": "traffic_signals",
        "crossing:markings": "zebra",
        "crossing:signals": "yes",
        "highway": "crossing"
      },
      "geometry": {
        "type": "Point",
        "coordinates": [
          -106.6704731,
          35.0984755
        ]
      }
    },
    {
      "type": "Feature",
      "properties": {
        "id": 7450876299,
        "kind": "poi",
        "crossing": "traffic_signals",
        "crossing:island": "no",
        "crossing:markings": "zebra",
        "crossing:signals": "yes",
        "highway": "crossing"
      },
      "geometry": {
        "type": "Point",
        "coordinates": [
          -106.6705937,
          35.0987213
        ]
      }
    },
    {
      "type": "Feature",
      "properties": {
        "id": 7450876300,
        "kind": "poi",
        "crossing": "traffic_signals",
        "crossing:island": "no",
        "crossing:markings": "zebra",
        "crossing:signals": "yes",
        "highway": "crossing"
      },
      "geometry": {
        "type": "Point",
        "coordinates": [
          -106.6706821,
          35.0984784
        ]
      }
    },
    {
      "type": "Feature",
      "properties": {
        "id": 7450876301,
        "kind": "poi",
        "crossing": "traffic_signals",
        "crossing:island": "no",
        "crossing:markings": "zebra",
        "crossing:signals": "yes",
        "highway": "crossing"
      },
      "geometry": {
        "type": "Point",
        "coordinates": [
          -106.6707628,
          35.0986413
        ]
      }
    },
    {
      "type": "Feature",
      "properties": {
        "id": 7450876321,
        "kind": "poi",
        "crossing": "unmarked",
        "crossing:markings": "no",
        "highway": "crossing"
      },
      "geometry": {
        "type": "Point",
        "coordinates": [
          -106.6712392,
          35.0978204
        ]
      }
    },
    {
      "type": "Feature",
      "properties": {
        "id": 7450876326,
        "kind": "poi",
        "crossing": "unmarked",
        "crossing:markings": "no",
        "highway": "crossing"
      },
      "geometry": {
        "type": "Point",
        "coordinates": [
          -106.671328,
          35.0975747
        ]
      }
    },
    {
      "type": "Feature",
      "properties": {
        "id": 7450876331,
        "kind": "poi",
        "crossing": "unmarked",
        "crossing:markings": "no",
        "highway": "crossing"
      },
      "geometry": {
        "type": "Point",
        "coordinates": [
          -106.6713826,
          35.0974104
        ]
      }
    },
    {
      "type": "Feature",
      "properties": {
        "id": 7450876334,
        "kind": "poi",
        "crossing": "unmarked",
        "crossing:markings": "no",
        "highway": "crossing"
      },
      "geometry": {
        "type": "Point",
        "coordinates": [
          -106.6714108,
          35.0971349
        ]
      }
    },
    {
      "type": "Feature",
      "properties": {
        "id": 7450876341,
        "kind": "poi",
        "crossing": "unmarked",
        "crossing:markings": "no",
        "highway": "crossing"
      },
      "geometry": {
        "type": "Point",
        "coordinates": [
          -106.6714192,
          35.0969781
        ]
      }
    },
    {
      "type": "Feature",
      "properties": {
        "id": 7450876342,
        "kind": "poi",
        "crossing": "unmarked",
        "crossing:markings": "no",
        "highway": "crossing"
      },
      "geometry": {
        "type": "Point",
        "coordinates": [
          -106.6714482,
          35.0964305
        ]
      }
    },
    {
      "type": "Feature",
      "properties": {
        "id": 7450915155,
        "kind": "poi",
        "crossing": "uncontrolled",
        "crossing:markings": "zebra",
        "crossing:signals": "no",
        "highway": "crossing"
      },
      "geometry": {
        "type": "Point",
        "coordinates": [
          -106.6771392,
          35.094505
        ]
      }
    },
    {
      "type": "Feature",
      "properties": {
        "id": 7450915162,
        "kind": "poi",
        "crossing": "uncontrolled",
        "crossing:markings": "zebra",
        "crossing:signals": "no",
        "highway": "crossing"
      },
      "geometry": {
        "type": "Point",
        "coordinates": [
          -106.6764192,
          35.0950186
        ]
      }
    },
    {
      "type": "Feature",
      "properties": {
        "id": 7450915176,
        "kind": "poi",
        "crossing": "marked",
        "crossing:markings": "yes",
        "highway": "crossing"
      },
      "geometry": {
        "type": "Point",
        "coordinates": [
          -106.6730662,
          35.0951888
        ]
      }
    },
    {
      "type": "Feature",
      "properties": {
        "id": 7450963998,
        "kind": "poi",
        "crossing": "unmarked",
        "crossing:markings": "no",
        "highway": "crossing"
      },
      "geometry": {
        "type": "Point",
        "coordinates": [
          -106.669413,
          35.096274
        ]
      }
    },
    {
      "type": "Feature",
      "properties": {
        "id": 7450964004,
        "kind": "poi",
        "crossing": "uncontrolled",
        "crossing:markings": "zebra",
        "crossing:signals": "no",
        "highway": "crossing"
      },
      "geometry": {
        "type": "Point",
        "coordinates": [
          -106.6696429,
          35.094258
        ]
      }
    },
    {
      "type": "Feature",
      "properties": {
        "id": 7450964007,
        "kind": "poi",
        "crossing": "marked",
        "crossing:island": "no",
        "crossing:markings": "yes",
        "highway": "crossing"
      },
      "geometry": {
        "type": "Point",
        "coordinates": [
          -106.6695149,
          35.0949297
        ]
      }
    },
    {
      "type": "Feature",
      "properties": {
        "id": 7455602186,
        "kind": "poi",
        "crossing": "unmarked",
        "crossing:markings": "no",
        "highway": "crossing"
      },
      "geometry": {
        "type": "Point",
        "coordinates": [
          -106.6729901,
          35.0954373
        ]
      }
    },
    {
      "type": "Feature",
      "properties": {
        "id": 7455602189,
        "kind": "poi",
        "crossing": "unmarked",
        "crossing:markings": "no",
        "highway": "crossing"
      },
      "geometry": {
        "type": "Point",
        "coordinates": [
          -106.6733222,
          35.0954634
        ]
      }
    },
    {
      "type": "Feature",
      "properties": {
        "id": 7455602192,
        "kind": "poi",
        "crossing": "unmarked",
        "crossing:markings": "no",
        "highway": "crossing"
      },
      "geometry": {
        "type": "Point",
        "coordinates": [
          -106.6739016,
          35.0955033
        ]
      }
    },
    {
      "type": "Feature",
      "properties": {
        "id": 7455602193,
        "kind": "poi",
        "crossing": "unmarked",
        "crossing:markings": "no",
        "highway": "crossing"
      },
      "geometry": {
        "type": "Point",
        "coordinates": [
          -106.6739254,
          35.0955048
        ]
      }
    },
    {
      "type": "Feature",
      "properties": {
        "id": 7455602203,
        "kind": "poi",
        "crossing": "unmarked",
        "crossing:markings": "no",
        "highway": "crossing"
      },
      "geometry": {
        "type": "Point",
        "coordinates": [
          -106.676539,
          35.0952416
        ]
      }
    },
    {
      "type": "Feature",
      "properties": {
        "id": 7455602204,
        "kind": "poi",
        "crossing": "unmarked",
        "crossing:markings": "no",
        "highway": "crossing"
      },
      "geometry": {
        "type": "Point",
        "coordinates": [
          -106.6767282,
          35.0951473
        ]
      }
    },
    {
      "type": "Feature",
      "properties": {
        "id": 7455617808,
        "kind": "poi",
        "highway": "crossing"
      },
      "geometry": {
        "type": "Point",
        "coordinates": [
          -106.6786262,
          35.0936712
        ]
      }
    },
    {
      "type": "Feature",
      "properties": {
        "id": 7466939700,
        "kind": "poi",
        "highway": "crossing"
      },
      "geometry": {
        "type": "Point",
        "coordinates": [
          -106.5558263,
          35.0909641
        ]
      }
    },
    {
      "type": "Feature",
      "properties": {
        "id": 7467723354,
        "kind": "poi",
        "crossing": "unmarked",
        "crossing:markings": "no",
        "highway": "crossing"
      },
      "geometry": {
        "type": "Point",
        "coordinates": [
          -106.6142866,
          35.109343
        ]
      }
    },
    {
      "type": "Feature",
      "properties": {
        "id": 7477628932,
        "kind": "poi",
        "crossing": "unmarked",
        "crossing:markings": "no",
        "highway": "crossing"
      },
      "geometry": {
        "type": "Point",
        "coordinates": [
          -106.5508971,
          35.0868487
        ]
      }
    },
    {
      "type": "Feature",
      "properties": {
        "id": 7477838944,
        "kind": "poi",
        "highway": "crossing"
      },
      "geometry": {
        "type": "Point",
        "coordinates": [
          -106.6043111,
          35.1147881
        ]
      }
    },
    {
      "type": "Feature",
      "properties": {
        "id": 7477838952,
        "kind": "poi",
        "highway": "crossing"
      },
      "geometry": {
        "type": "Point",
        "coordinates": [
          -106.6043122,
          35.1146375
        ]
      }
    },
    {
      "type": "Feature",
      "properties": {
        "id": 7478132985,
        "kind": "poi",
        "highway": "crossing"
      },
      "geometry": {
        "type": "Point",
        "coordinates": [
          -106.5697229,
          35.1306064
        ]
      }
    },
    {
      "type": "Feature",
      "properties": {
        "id": 7484318096,
        "kind": "poi",
        "crossing": "marked",
        "highway": "crossing"
      },
      "geometry": {
        "type": "Point",
        "coordinates": [
          -106.6429365,
          35.089309
        ]
      }
    },
    {
      "type": "Feature",
      "properties": {
        "id": 7485281411,
        "kind": "poi",
        "crossing": "unmarked",
        "crossing:markings": "no",
        "highway": "crossing"
      },
      "geometry": {
        "type": "Point",
        "coordinates": [
          -106.586106,
          35.1096665
        ]
      }
    },
    {
      "type": "Feature",
      "properties": {
        "id": 7485281425,
        "kind": "poi",
        "crossing": "unmarked",
        "crossing:markings": "no",
        "highway": "crossing"
      },
      "geometry": {
        "type": "Point",
        "coordinates": [
          -106.585596,
          35.1093626
        ]
      }
    },
    {
      "type": "Feature",
      "properties": {
        "id": 7496598353,
        "kind": "poi",
        "crossing": "unmarked",
        "crossing:markings": "no",
        "highway": "crossing"
      },
      "geometry": {
        "type": "Point",
        "coordinates": [
          -106.6275325,
          35.1367337
        ]
      }
    },
    {
      "type": "Feature",
      "properties": {
        "id": 7496598364,
        "kind": "poi",
        "crossing": "unmarked",
        "crossing:markings": "no",
        "highway": "crossing"
      },
      "geometry": {
        "type": "Point",
        "coordinates": [
          -106.6255554,
          35.1362918
        ]
      }
    },
    {
      "type": "Feature",
      "properties": {
        "id": 7597050633,
        "kind": "poi",
        "crossing": "unmarked",
        "crossing:markings": "no",
        "highway": "crossing"
      },
      "geometry": {
        "type": "Point",
        "coordinates": [
          -106.604306,
          35.1160134
        ]
      }
    },
    {
      "type": "Feature",
      "properties": {
        "id": 7597050640,
        "kind": "poi",
        "crossing": "uncontrolled",
        "crossing:markings": "yes",
        "highway": "crossing"
      },
      "geometry": {
        "type": "Point",
        "coordinates": [
          -106.604232,
          35.1164118
        ]
      }
    },
    {
      "type": "Feature",
      "properties": {
        "id": 7597050641,
        "kind": "poi",
        "crossing": "uncontrolled",
        "crossing:markings": "yes",
        "highway": "crossing"
      },
      "geometry": {
        "type": "Point",
        "coordinates": [
          -106.604071,
          35.1164101
        ]
      }
    },
    {
      "type": "Feature",
      "properties": {
        "id": 7597050643,
        "kind": "poi",
        "crossing": "uncontrolled",
        "crossing:markings": "yes",
        "highway": "crossing"
      },
      "geometry": {
        "type": "Point",
        "coordinates": [
          -106.604316,
          35.1165179
        ]
      }
    },
    {
      "type": "Feature",
      "properties": {
        "id": 7597050645,
        "kind": "poi",
        "crossing": "uncontrolled",
        "crossing:markings": "yes",
        "highway": "crossing"
      },
      "geometry": {
        "type": "Point",
        "coordinates": [
          -106.604232,
          35.1166172
        ]
      }
    },
    {
      "type": "Feature",
      "properties": {
        "id": 7597050646,
        "kind": "poi",
        "crossing": "uncontrolled",
        "crossing:markings": "yes",
        "highway": "crossing"
      },
      "geometry": {
        "type": "Point",
        "coordinates": [
          -106.604071,
          35.1166188
        ]
      }
    },
    {
      "type": "Feature",
      "properties": {
        "id": 7597050648,
        "kind": "poi",
        "crossing": "uncontrolled",
        "crossing:markings": "yes",
        "highway": "crossing"
      },
      "geometry": {
        "type": "Point",
        "coordinates": [
          -106.60399,
          35.1165176
        ]
      }
    },
    {
      "type": "Feature",
      "properties": {
        "id": 7601173917,
        "kind": "poi",
        "highway": "crossing"
      },
      "geometry": {
        "type": "Point",
        "coordinates": [
          -106.5814795,
          35.1310282
        ]
      }
    },
    {
      "type": "Feature",
      "properties": {
        "id": 7609267999,
        "kind": "poi",
        "highway": "crossing"
      },
      "geometry": {
        "type": "Point",
        "coordinates": [
          -106.5864558,
          35.0704552
        ]
      }
    },
    {
      "type": "Feature",
      "properties": {
        "id": 7833712385,
        "kind": "poi",
        "crossing": "unmarked",
        "crossing:markings": "no",
        "highway": "crossing"
      },
      "geometry": {
        "type": "Point",
        "coordinates": [
          -106.569581,
          35.1038305
        ]
      }
    },
    {
      "type": "Feature",
      "properties": {
        "id": 7833812691,
        "kind": "poi",
        "crossing": "traffic_signals",
        "crossing:markings": "ladder",
        "crossing:signals": "yes",
        "highway": "crossing"
      },
      "geometry": {
        "type": "Point",
        "coordinates": [
          -106.5689698,
          35.1045427
        ]
      }
    },
    {
      "type": "Feature",
      "properties": {
        "id": 7833812692,
        "kind": "poi",
        "crossing": "traffic_signals",
        "crossing:markings": "ladder",
        "crossing:signals": "yes",
        "highway": "crossing"
      },
      "geometry": {
        "type": "Point",
        "coordinates": [
          -106.5687273,
          35.1044757
        ]
      }
    },
    {
      "type": "Feature",
      "properties": {
        "id": 7845004201,
        "kind": "poi",
        "highway": "crossing"
      },
      "geometry": {
        "type": "Point",
        "coordinates": [
          -106.6781854,
          35.0929438
        ]
      }
    },
    {
      "type": "Feature",
      "properties": {
        "id": 7845004244,
        "kind": "poi",
        "highway": "crossing"
      },
      "geometry": {
        "type": "Point",
        "coordinates": [
          -106.6774462,
          35.094437
        ]
      }
    },
    {
      "type": "Feature",
      "properties": {
        "id": 7845004247,
        "kind": "poi",
        "highway": "crossing"
      },
      "geometry": {
        "type": "Point",
        "coordinates": [
          -106.6776182,
          35.0942666
        ]
      }
    },
    {
      "type": "Feature",
      "properties": {
        "id": 7845004248,
        "kind": "poi",
        "highway": "crossing"
      },
      "geometry": {
        "type": "Point",
        "coordinates": [
          -106.6781345,
          35.0932659
        ]
      }
    },
    {
      "type": "Feature",
      "properties": {
        "id": 7845004275,
        "kind": "poi",
        "button_operated": "yes",
        "crossing": "traffic_signals",
        "crossing:island": "yes",
        "crossing:markings": "zebra",
        "crossing:signals": "yes",
        "highway": "crossing",
        "tactile_paving": "yes"
      },
      "geometry": {
        "type": "Point",
        "coordinates": [
          -106.668879,
          35.0935022
        ]
      }
    },
    {
      "type": "Feature",
      "properties": {
        "id": 7845055694,
        "kind": "poi",
        "crossing": "marked",
        "crossing:markings": "yes",
        "highway": "crossing"
      },
      "geometry": {
        "type": "Point",
        "coordinates": [
          -106.6479028,
          35.0840748
        ]
      }
    },
    {
      "type": "Feature",
      "properties": {
        "id": 7845055740,
        "kind": "poi",
        "crossing": "traffic_signals",
        "crossing:markings": "yes",
        "highway": "crossing"
      },
      "geometry": {
        "type": "Point",
        "coordinates": [
          -106.6328047,
          35.0821308
        ]
      }
    },
    {
      "type": "Feature",
      "properties": {
        "id": 7845055762,
        "kind": "poi",
        "crossing": "traffic_signals",
        "crossing:markings": "yes",
        "highway": "crossing"
      },
      "geometry": {
        "type": "Point",
        "coordinates": [
          -106.6327901,
          35.0822059
        ]
      }
    },
    {
      "type": "Feature",
      "properties": {
        "id": 7845055777,
        "kind": "poi",
        "crossing": "marked",
        "crossing:island": "no",
        "crossing:markings": "yes",
        "highway": "crossing"
      },
      "geometry": {
        "type": "Point",
        "coordinates": [
          -106.619464,
          35.081018
        ]
      }
    },
    {
      "type": "Feature",
      "properties": {
        "id": 7845055780,
        "kind": "poi",
        "button_operated": "yes",
        "crossing": "traffic_signals",
        "crossing:markings": "yes",
        "highway": "crossing",
        "traffic_signals:sound": "no"
      },
      "geometry": {
        "type": "Point",
        "coordinates": [
          -106.6218968,
          35.0810148
        ]
      }
    },
    {
      "type": "Feature",
      "properties": {
        "id": 7845055782,
        "kind": "poi",
        "button_operated": "yes",
        "crossing": "traffic_signals",
        "crossing:markings": "yes",
        "highway": "crossing",
        "traffic_signals:sound": "no"
      },
      "geometry": {
        "type": "Point",
        "coordinates": [
          -106.6222247,
          35.0810425
        ]
      }
    },
    {
      "type": "Feature",
      "properties": {
        "id": 7845057510,
        "kind": "poi",
        "crossing": "marked",
        "crossing:markings": "yes",
        "highway": "crossing"
      },
      "geometry": {
        "type": "Point",
        "coordinates": [
          -106.61343,
          35.081001
        ]
      }
    },
    {
      "type": "Feature",
      "properties": {
        "id": 7845057511,
        "kind": "poi",
        "crossing": "traffic_signals",
        "crossing:markings": "yes",
        "highway": "crossing"
      },
      "geometry": {
        "type": "Point",
        "coordinates": [
          -106.6156945,
          35.080994
        ]
      }
    },
    {
      "type": "Feature",
      "properties": {
        "id": 7845057513,
        "kind": "poi",
        "crossing": "traffic_signals",
        "crossing:markings": "yes",
        "highway": "crossing"
      },
      "geometry": {
        "type": "Point",
        "coordinates": [
          -106.6159181,
          35.0810166
        ]
      }
    },
    {
      "type": "Feature",
      "properties": {
        "id": 7845057514,
        "kind": "poi",
        "crossing": "traffic_signals",
        "crossing:markings": "yes",
        "highway": "crossing"
      },
      "geometry": {
        "type": "Point",
        "coordinates": [
          -106.6181767,
          35.0810046
        ]
      }
    },
    {
      "type": "Feature",
      "properties": {
        "id": 7845057517,
        "kind": "poi",
        "crossing": "traffic_signals",
        "crossing:markings": "yes",
        "highway": "crossing"
      },
      "geometry": {
        "type": "Point",
        "coordinates": [
          -106.6184578,
          35.0810274
        ]
      }
    },
    {
      "type": "Feature",
      "properties": {
        "id": 7845057518,
        "kind": "poi",
        "crossing": "marked",
        "crossing:island": "no",
        "crossing:markings": "yes",
        "highway": "crossing"
      },
      "geometry": {
        "type": "Point",
        "coordinates": [
          -106.619465,
          35.0810274
        ]
      }
    },
    {
      "type": "Feature",
      "properties": {
        "id": 7845057528,
        "kind": "poi",
        "crossing": "traffic_signals",
        "crossing:markings": "yes",
        "highway": "crossing"
      },
      "geometry": {
        "type": "Point",
        "coordinates": [
          -106.6097444,
          35.0804572
        ]
      }
    },
    {
      "type": "Feature",
      "properties": {
        "id": 7845057529,
        "kind": "poi",
        "crossing": "traffic_signals",
        "crossing:markings": "yes",
        "highway": "crossing"
      },
      "geometry": {
        "type": "Point",
        "coordinates": [
          -106.6106822,
          35.080609
        ]
      }
    },
    {
      "type": "Feature",
      "properties": {
        "id": 7845057531,
        "kind": "poi",
        "crossing": "traffic_signals",
        "crossing:markings": "yes",
        "highway": "crossing"
      },
      "geometry": {
        "type": "Point",
        "coordinates": [
          -106.6109137,
          35.0806681
        ]
      }
    },
    {
      "type": "Feature",
      "properties": {
        "id": 7845057550,
        "kind": "poi",
        "crossing": "traffic_signals",
        "crossing:markings": "yes",
        "highway": "crossing"
      },
      "geometry": {
        "type": "Point",
        "coordinates": [
          -106.60821,
          35.0802673
        ]
      }
    },
    {
      "type": "Feature",
      "properties": {
        "id": 7845057552,
        "kind": "poi",
        "crossing": "traffic_signals",
        "crossing:markings": "yes",
        "highway": "crossing"
      },
      "geometry": {
        "type": "Point",
        "coordinates": [
          -106.608405,
          35.0803182
        ]
      }
    },
    {
      "type": "Feature",
      "properties": {
        "id": 7845057566,
        "kind": "poi",
        "crossing": "marked",
        "crossing:markings": "yes",
        "highway": "crossing"
      },
      "geometry": {
        "type": "Point",
        "coordinates": [
          -106.5998247,
          35.0792491
        ]
      }
    },
    {
      "type": "Feature",
      "properties": {
        "id": 7845057568,
        "kind": "poi",
        "crossing": "marked",
        "crossing:markings": "yes",
        "highway": "crossing"
      },
      "geometry": {
        "type": "Point",
        "coordinates": [
          -106.6000203,
          35.0792879
        ]
      }
    },
    {
      "type": "Feature",
      "properties": {
        "id": 7845057582,
        "kind": "poi",
        "crossing": "uncontrolled",
        "crossing:markings": "yes",
        "highway": "crossing"
      },
      "geometry": {
        "type": "Point",
        "coordinates": [
          -106.586476,
          35.0778022
        ]
      }
    },
    {
      "type": "Feature",
      "properties": {
        "id": 7845057583,
        "kind": "poi",
        "crossing": "uncontrolled",
        "crossing:markings": "yes",
        "highway": "crossing"
      },
      "geometry": {
        "type": "Point",
        "coordinates": [
          -106.585997,
          35.0777491
        ]
      }
    },
    {
      "type": "Feature",
      "properties": {
        "id": 7845057591,
        "kind": "poi",
        "crossing": "uncontrolled",
        "crossing:markings": "yes",
        "highway": "crossing"
      },
      "geometry": {
        "type": "Point",
        "coordinates": [
          -106.586471,
          35.0778628
        ]
      }
    },
    {
      "type": "Feature",
      "properties": {
        "id": 7845057620,
        "kind": "poi",
        "crossing": "uncontrolled",
        "crossing:markings": "yes",
        "highway": "crossing"
      },
      "geometry": {
        "type": "Point",
        "coordinates": [
          -106.568746,
          35.0758776
        ]
      }
    },
    {
      "type": "Feature",
      "properties": {
        "id": 7845057634,
        "kind": "poi",
        "crossing": "uncontrolled",
        "crossing:markings": "yes",
        "highway": "crossing"
      },
      "geometry": {
        "type": "Point",
        "coordinates": [
          -106.568744,
          35.0759348
        ]
      }
    },
    {
      "type": "Feature",
      "properties": {
        "id": 7852215008,
        "kind": "poi",
        "crossing": "marked",
        "highway": "crossing"
      },
      "geometry": {
        "type": "Point",
        "coordinates": [
          -106.6355135,
          35.0909613
        ]
      }
    },
    {
      "type": "Feature",
      "properties": {
        "id": 7852215009,
        "kind": "poi",
        "crossing": "marked",
        "highway": "crossing"
      },
      "geometry": {
        "type": "Point",
        "coordinates": [
          -106.6354926,
          35.0907542
        ]
      }
    },
    {
      "type": "Feature",
      "properties": {
        "id": 7964467966,
        "kind": "poi",
        "crossing": "marked",
        "crossing:markings": "yes",
        "highway": "crossing"
      },
      "geometry": {
        "type": "Point",
        "coordinates": [
          -106.605849,
          35.1116932
        ]
      }
    },
    {
      "type": "Feature",
      "properties": {
        "id": 8025716889,
        "kind": "poi",
        "highway": "crossing"
      },
      "geometry": {
        "type": "Point",
        "coordinates": [
          -106.6746942,
          35.1350117
        ]
      }
    },
    {
      "type": "Feature",
      "properties": {
        "id": 8040129495,
        "kind": "poi",
        "highway": "crossing"
      },
      "geometry": {
        "type": "Point",
        "coordinates": [
          -106.561557,
          35.067081
        ]
      }
    },
    {
      "type": "Feature",
      "properties": {
        "id": 8040129496,
        "kind": "poi",
        "highway": "crossing"
      },
      "geometry": {
        "type": "Point",
        "coordinates": [
          -106.563016,
          35.0670971
        ]
      }
    },
    {
      "type": "Feature",
      "properties": {
        "id": 8040129537,
        "kind": "poi",
        "highway": "crossing"
      },
      "geometry": {
        "type": "Point",
        "coordinates": [
          -106.5655562,
          35.0651823
        ]
      }
    },
    {
      "type": "Feature",
      "properties": {
        "id": 8042754671,
        "kind": "poi",
        "crossing": "uncontrolled",
        "crossing:markings": "yes",
        "highway": "crossing"
      },
      "geometry": {
        "type": "Point",
        "coordinates": [
          -106.580957,
          35.0770798
        ]
      }
    },
    {
      "type": "Feature",
      "properties": {
        "id": 8042754679,
        "kind": "poi",
        "crossing": "marked",
        "crossing:markings": "yes",
        "highway": "crossing"
      },
      "geometry": {
        "type": "Point",
        "coordinates": [
          -106.575285,
          35.076737
        ]
      }
    },
    {
      "type": "Feature",
      "properties": {
        "id": 8042754681,
        "kind": "poi",
        "crossing": "unmarked",
        "crossing:markings": "no",
        "highway": "crossing"
      },
      "geometry": {
        "type": "Point",
        "coordinates": [
          -106.559461,
          35.0694962
        ]
      }
    },
    {
      "type": "Feature",
      "properties": {
        "id": 8042767696,
        "kind": "poi",
        "crossing": "unmarked",
        "crossing:markings": "no",
        "highway": "crossing"
      },
      "geometry": {
        "type": "Point",
        "coordinates": [
          -106.555691,
          35.0691272
        ]
      }
    },
    {
      "type": "Feature",
      "properties": {
        "id": 8042767699,
        "kind": "poi",
        "crossing": "uncontrolled",
        "crossing:markings": "yes",
        "highway": "crossing"
      },
      "geometry": {
        "type": "Point",
        "coordinates": [
          -106.568571,
          35.0757276
        ]
      }
    },
    {
      "type": "Feature",
      "properties": {
        "id": 8042767702,
        "kind": "poi",
        "crossing": "uncontrolled",
        "crossing:markings": "yes",
        "highway": "crossing"
      },
      "geometry": {
        "type": "Point",
        "coordinates": [
          -106.568748,
          35.0758301
        ]
      }
    },
    {
      "type": "Feature",
      "properties": {
        "id": 8042767703,
        "kind": "poi",
        "crossing": "uncontrolled",
        "crossing:markings": "yes",
        "highway": "crossing"
      },
      "geometry": {
        "type": "Point",
        "coordinates": [
          -106.568743,
          35.075956
        ]
      }
    },
    {
      "type": "Feature",
      "properties": {
        "id": 8048283349,
        "kind": "poi",
        "crossing": "uncontrolled",
        "crossing:markings": "zebra",
        "crossing:signals": "no",
        "highway": "crossing"
      },
      "geometry": {
        "type": "Point",
        "coordinates": [
          -106.6740326,
          35.1251858
        ]
      }
    },
    {
      "type": "Feature",
      "properties": {
        "id": 8048283351,
        "kind": "poi",
        "crossing": "uncontrolled",
        "crossing:markings": "zebra",
        "crossing:signals": "no",
        "highway": "crossing"
      },
      "geometry": {
        "type": "Point",
        "coordinates": [
          -106.6740862,
          35.1251392
        ]
      }
    },
    {
      "type": "Feature",
      "properties": {
        "id": 8080017266,
        "kind": "poi",
        "crossing": "uncontrolled",
        "crossing:markings": "yes",
        "highway": "crossing"
      },
      "geometry": {
        "type": "Point",
        "coordinates": [
          -106.5695065,
          35.0767879
        ]
      }
    },
    {
      "type": "Feature",
      "properties": {
        "id": 8080017268,
        "kind": "poi",
        "crossing": "uncontrolled",
        "crossing:markings": "yes",
        "highway": "crossing"
      },
      "geometry": {
        "type": "Point",
        "coordinates": [
          -106.5702017,
          35.0770051
        ]
      }
    },
    {
      "type": "Feature",
      "properties": {
        "id": 8080017269,
        "kind": "poi",
        "crossing": "uncontrolled",
        "crossing:markings": "yes",
        "highway": "crossing"
      },
      "geometry": {
        "type": "Point",
        "coordinates": [
          -106.5712615,
          35.0779763
        ]
      }
    },
    {
      "type": "Feature",
      "properties": {
        "id": 8080017270,
        "kind": "poi",
        "crossing": "uncontrolled",
        "crossing:markings": "yes",
        "highway": "crossing"
      },
      "geometry": {
        "type": "Point",
        "coordinates": [
          -106.571112,
          35.0777481
        ]
      }
    },
    {
      "type": "Feature",
      "properties": {
        "id": 8188116622,
        "kind": "poi",
        "highway": "crossing"
      },
      "geometry": {
        "type": "Point",
        "coordinates": [
          -106.6099518,
          35.0830404
        ]
      }
    },
    {
      "type": "Feature",
      "properties": {
        "id": 8188116623,
        "kind": "poi",
        "highway": "crossing"
      },
      "geometry": {
        "type": "Point",
        "coordinates": [
          -106.6112269,
          35.0822858
        ]
      }
    },
    {
      "type": "Feature",
      "properties": {
        "id": 8188183657,
        "kind": "poi",
        "highway": "crossing"
      },
      "geometry": {
        "type": "Point",
        "coordinates": [
          -106.6130527,
          35.0885358
        ]
      }
    },
    {
      "type": "Feature",
      "properties": {
        "id": 8191301645,
        "kind": "poi",
        "crossing": "unmarked",
        "crossing:markings": "no",
        "highway": "crossing"
      },
      "geometry": {
        "type": "Point",
        "coordinates": [
          -106.6101968,
          35.1002073
        ]
      }
    },
    {
      "type": "Feature",
      "properties": {
        "id": 8191301653,
        "kind": "poi",
        "crossing": "marked",
        "crossing:markings": "yes",
        "highway": "crossing"
      },
      "geometry": {
        "type": "Point",
        "coordinates": [
          -106.610913,
          35.1001528
        ]
      }
    },
    {
      "type": "Feature",
      "properties": {
        "id": 8191301656,
        "kind": "poi",
        "crossing": "marked",
        "crossing:markings": "yes",
        "highway": "crossing"
      },
      "geometry": {
        "type": "Point",
        "coordinates": [
          -106.610761,
          35.1001521
        ]
      }
    },
    {
      "type": "Feature",
      "properties": {
        "id": 8191301657,
        "kind": "poi",
        "crossing": "marked",
        "crossing:markings": "yes",
        "highway": "crossing"
      },
      "geometry": {
        "type": "Point",
        "coordinates": [
          -106.610821,
          35.1001035
        ]
      }
    },
    {
      "type": "Feature",
      "properties": {
        "id": 8191301658,
        "kind": "poi",
        "crossing": "marked",
        "crossing:markings": "yes",
        "highway": "crossing"
      },
      "geometry": {
        "type": "Point",
        "coordinates": [
          -106.610821,
          35.1002123
        ]
      }
    },
    {
      "type": "Feature",
      "properties": {
        "id": 8195332950,
        "kind": "poi",
        "crossing": "uncontrolled",
        "crossing:markings": "yes",
        "highway": "crossing"
      },
      "geometry": {
        "type": "Point",
        "coordinates": [
          -106.550817,
          35.094695
        ]
      }
    },
    {
      "type": "Feature",
      "properties": {
        "id": 8195332951,
        "kind": "poi",
        "crossing": "uncontrolled",
        "crossing:markings": "yes",
        "highway": "crossing"
      },
      "geometry": {
        "type": "Point",
        "coordinates": [
          -106.550658,
          35.0947046
        ]
      }
    },
    {
      "type": "Feature",
      "properties": {
        "id": 8195332954,
        "kind": "poi",
        "crossing": "uncontrolled",
        "crossing:markings": "yes",
        "highway": "crossing"
      },
      "geometry": {
        "type": "Point",
        "coordinates": [
          -106.550565,
          35.0946213
        ]
      }
    },
    {
      "type": "Feature",
      "properties": {
        "id": 8195332956,
        "kind": "poi",
        "crossing": "uncontrolled",
        "crossing:markings": "yes",
        "highway": "crossing"
      },
      "geometry": {
        "type": "Point",
        "coordinates": [
          -106.550655,
          35.0945344
        ]
      }
    },
    {
      "type": "Feature",
      "properties": {
        "id": 8195332957,
        "kind": "poi",
        "crossing": "uncontrolled",
        "crossing:markings": "yes",
        "highway": "crossing"
      },
      "geometry": {
        "type": "Point",
        "coordinates": [
          -106.550816,
          35.0945359
        ]
      }
    },
    {
      "type": "Feature",
      "properties": {
        "id": 8195332960,
        "kind": "poi",
        "crossing": "uncontrolled",
        "crossing:markings": "yes",
        "highway": "crossing"
      },
      "geometry": {
        "type": "Point",
        "coordinates": [
          -106.550913,
          35.0946165
        ]
      }
    },
    {
      "type": "Feature",
      "properties": {
        "id": 8202679192,
        "kind": "poi",
        "crossing": "unmarked",
        "crossing:markings": "no",
        "highway": "crossing"
      },
      "geometry": {
        "type": "Point",
        "coordinates": [
          -106.5773988,
          35.0814748
        ]
      }
    },
    {
      "type": "Feature",
      "properties": {
        "id": 8202679215,
        "kind": "poi",
        "crossing": "marked",
        "crossing:markings": "yes",
        "highway": "crossing"
      },
      "geometry": {
        "type": "Point",
        "coordinates": [
          -106.5760796,
          35.0808458
        ]
      }
    },
    {
      "type": "Feature",
      "properties": {
        "id": 8202679216,
        "kind": "poi",
        "crossing": "marked",
        "crossing:markings": "yes",
        "highway": "crossing"
      },
      "geometry": {
        "type": "Point",
        "coordinates": [
          -106.5760763,
          35.0807979
        ]
      }
    },
    {
      "type": "Feature",
      "properties": {
        "id": 8202698617,
        "kind": "poi",
        "crossing": "marked",
        "crossing:markings": "yes",
        "highway": "crossing"
      },
      "geometry": {
        "type": "Point",
        "coordinates": [
          -106.5759651,
          35.080761
        ]
      }
    },
    {
      "type": "Feature",
      "properties": {
        "id": 8202698622,
        "kind": "poi",
        "crossing": "marked",
        "crossing:markings": "ladder",
        "highway": "crossing"
      },
      "geometry": {
        "type": "Point",
        "coordinates": [
          -106.5759524,
          35.0809066
        ]
      }
    },
    {
      "type": "Feature",
      "properties": {
        "id": 8202698716,
        "kind": "poi",
        "crossing": "marked",
        "crossing:markings": "yes",
        "highway": "crossing"
      },
      "geometry": {
        "type": "Point",
        "coordinates": [
          -106.5723771,
          35.0797102
        ]
      }
    },
    {
      "type": "Feature",
      "properties": {
        "id": 8202698719,
        "kind": "poi",
        "crossing": "marked",
        "crossing:markings": "yes",
        "highway": "crossing"
      },
      "geometry": {
        "type": "Point",
        "coordinates": [
          -106.5726512,
          35.0798038
        ]
      }
    },
    {
      "type": "Feature",
      "properties": {
        "id": 8203985557,
        "kind": "poi",
        "amenity": "shelter",
        "shelter_type": "parking"
      },
      "geometry": {
        "type": "Point",
        "coordinates": [
          -106.5853218,
          35.129968
        ]
      }
    },
    {
      "type": "Feature",
      "properties": {
        "id": 8204037643,
        "kind": "poi",
        "crossing": "marked",
        "crossing:markings": "yes",
        "highway": "crossing"
      },
      "geometry": {
        "type": "Point",
        "coordinates": [
          -106.6328694,
          35.081228
        ]
      }
    },
    {
      "type": "Feature",
      "properties": {
        "id": 8220763853,
        "kind": "poi",
        "crossing": "marked",
        "crossing:island": "no",
        "crossing:markings": "yes",
        "highway": "crossing"
      },
      "geometry": {
        "type": "Point",
        "coordinates": [
          -106.613091,
          35.0846269
        ]
      }
    },
    {
      "type": "Feature",
      "properties": {
        "id": 8220763855,
        "kind": "poi",
        "crossing": "marked",
        "crossing:island": "no",
        "crossing:markings": "yes",
        "highway": "crossing"
      },
      "geometry": {
        "type": "Point",
        "coordinates": [
          -106.613187,
          35.0845652
        ]
      }
    },
    {
      "type": "Feature",
      "properties": {
        "id": 8220840834,
        "kind": "poi",
        "highway": "crossing"
      },
      "geometry": {
        "type": "Point",
        "coordinates": [
          -106.5925999,
          35.0875341
        ]
      }
    },
    {
      "type": "Feature",
      "properties": {
        "id": 8222859273,
        "kind": "poi",
        "crossing": "marked",
        "highway": "crossing"
      },
      "geometry": {
        "type": "Point",
        "coordinates": [
          -106.6077161,
          35.0713496
        ]
      }
    },
    {
      "type": "Feature",
      "properties": {
        "id": 8222859278,
        "kind": "poi",
        "crossing": "marked",
        "highway": "crossing"
      },
      "geometry": {
        "type": "Point",
        "coordinates": [
          -106.607047,
          35.0703283
        ]
      }
    },
    {
      "type": "Feature",
      "properties": {
        "id": 8222859281,
        "kind": "poi",
        "crossing": "marked",
        "crossing:markings": "yes",
        "highway": "crossing"
      },
      "geometry": {
        "type": "Point",
        "coordinates": [
          -106.607047,
          35.070078
        ]
      }
    },
    {
      "type": "Feature",
      "properties": {
        "id": 8222859284,
        "kind": "poi",
        "crossing": "marked",
        "crossing:markings": "yes",
        "highway": "crossing"
      },
      "geometry": {
        "type": "Point",
        "coordinates": [
          -106.606869,
          35.0700765
        ]
      }
    },
    {
      "type": "Feature",
      "properties": {
        "id": 8222859285,
        "kind": "poi",
        "crossing": "marked",
        "crossing:markings": "yes",
        "highway": "crossing"
      },
      "geometry": {
        "type": "Point",
        "coordinates": [
          -106.607191,
          35.070022
        ]
      }
    },
    {
      "type": "Feature",
      "properties": {
        "id": 8222859290,
        "kind": "poi",
        "crossing": "marked",
        "crossing:markings": "yes",
        "highway": "crossing"
      },
      "geometry": {
        "type": "Point",
        "coordinates": [
          -106.608361,
          35.0700981
        ]
      }
    },
    {
      "type": "Feature",
      "properties": {
        "id": 8222859291,
        "kind": "poi",
        "crossing": "marked",
        "crossing:markings": "yes",
        "highway": "crossing"
      },
      "geometry": {
        "type": "Point",
        "coordinates": [
          -106.608266,
          35.0700227
        ]
      }
    },
    {
      "type": "Feature",
      "properties": {
        "id": 8222859296,
        "kind": "poi",
        "crossing": "marked",
        "crossing:markings": "yes",
        "highway": "crossing"
      },
      "geometry": {
        "type": "Point",
        "coordinates": [
          -106.608319,
          35.0717768
        ]
      }
    },
    {
      "type": "Feature",
      "properties": {
        "id": 8222859298,
        "kind": "poi",
        "crossing": "marked",
        "crossing:markings": "yes",
        "highway": "crossing"
      },
      "geometry": {
        "type": "Point",
        "coordinates": [
          -106.608262,
          35.0718376
        ]
      }
    },
    {
      "type": "Feature",
      "properties": {
        "id": 8222859301,
        "kind": "poi",
        "crossing": "marked",
        "crossing:markings": "yes",
        "highway": "crossing"
      },
      "geometry": {
        "type": "Point",
        "coordinates": [
          -106.608318,
          35.0719046
        ]
      }
    },
    {
      "type": "Feature",
      "properties": {
        "id": 8222859304,
        "kind": "poi",
        "crossing": "marked",
        "crossing:markings": "yes",
        "highway": "crossing"
      },
      "geometry": {
        "type": "Point",
        "coordinates": [
          -106.608417,
          35.0718377
        ]
      }
    },
    {
      "type": "Feature",
      "properties": {
        "id": 8222859307,
        "kind": "poi",
        "crossing": "marked",
        "crossing:markings": "yes",
        "highway": "crossing"
      },
      "geometry": {
        "type": "Point",
        "coordinates": [
          -106.605581,
          35.0717685
        ]
      }
    },
    {
      "type": "Feature",
      "properties": {
        "id": 8222859310,
        "kind": "poi",
        "crossing": "marked",
        "crossing:markings": "yes",
        "highway": "crossing"
      },
      "geometry": {
        "type": "Point",
        "coordinates": [
          -106.604379,
          35.0700771
        ]
      }
    },
    {
      "type": "Feature",
      "properties": {
        "id": 8222859311,
        "kind": "poi",
        "crossing": "marked",
        "crossing:markings": "yes",
        "highway": "crossing"
      },
      "geometry": {
        "type": "Point",
        "coordinates": [
          -106.604604,
          35.0700796
        ]
      }
    },
    {
      "type": "Feature",
      "properties": {
        "id": 8225383686,
        "kind": "poi",
        "crossing": "marked",
        "crossing:markings": "yes",
        "highway": "crossing"
      },
      "geometry": {
        "type": "Point",
        "coordinates": [
          -106.6040277,
          35.1019348
        ]
      }
    },
    {
      "type": "Feature",
      "properties": {
        "id": 8225383687,
        "kind": "poi",
        "crossing": "marked",
        "crossing:markings": "yes",
        "highway": "crossing"
      },
      "geometry": {
        "type": "Point",
        "coordinates": [
          -106.6040207,
          35.1020436
        ]
      }
    },
    {
      "type": "Feature",
      "properties": {
        "id": 8225383689,
        "kind": "poi",
        "crossing": "marked",
        "crossing:markings": "yes",
        "highway": "crossing"
      },
      "geometry": {
        "type": "Point",
        "coordinates": [
          -106.6041345,
          35.1018688
        ]
      }
    },
    {
      "type": "Feature",
      "properties": {
        "id": 8225383690,
        "kind": "poi",
        "crossing": "marked",
        "crossing:markings": "yes",
        "highway": "crossing"
      },
      "geometry": {
        "type": "Point",
        "coordinates": [
          -106.60426,
          35.1018675
        ]
      }
    },
    {
      "type": "Feature",
      "properties": {
        "id": 8225383692,
        "kind": "poi",
        "crossing": "marked",
        "crossing:markings": "yes",
        "highway": "crossing"
      },
      "geometry": {
        "type": "Point",
        "coordinates": [
          -106.604363,
          35.1019288
        ]
      }
    },
    {
      "type": "Feature",
      "properties": {
        "id": 8225383693,
        "kind": "poi",
        "crossing": "marked",
        "crossing:markings": "yes",
        "highway": "crossing"
      },
      "geometry": {
        "type": "Point",
        "coordinates": [
          -106.604379,
          35.1020375
        ]
      }
    },
    {
      "type": "Feature",
      "properties": {
        "id": 8225383694,
        "kind": "poi",
        "crossing": "marked",
        "crossing:markings": "yes",
        "highway": "crossing"
      },
      "geometry": {
        "type": "Point",
        "coordinates": [
          -106.6041255,
          35.1021388
        ]
      }
    },
    {
      "type": "Feature",
      "properties": {
        "id": 8225383695,
        "kind": "poi",
        "crossing": "marked",
        "crossing:markings": "yes",
        "highway": "crossing"
      },
      "geometry": {
        "type": "Point",
        "coordinates": [
          -106.604258,
          35.1021312
        ]
      }
    },
    {
      "type": "Feature",
      "properties": {
        "id": 8225975139,
        "kind": "poi",
        "crossing": "unmarked",
        "crossing:markings": "no",
        "highway": "crossing"
      },
      "geometry": {
        "type": "Point",
        "coordinates": [
          -106.6756775,
          35.0952621
        ]
      }
    },
    {
      "type": "Feature",
      "properties": {
        "id": 8226004309,
        "kind": "poi",
        "crossing": "marked",
        "crossing:markings": "yes",
        "highway": "crossing"
      },
      "geometry": {
        "type": "Point",
        "coordinates": [
          -106.58714,
          35.1068699
        ]
      }
    },
    {
      "type": "Feature",
      "properties": {
        "id": 8226004310,
        "kind": "poi",
        "crossing": "marked",
        "crossing:markings": "yes",
        "highway": "crossing"
      },
      "geometry": {
        "type": "Point",
        "coordinates": [
          -106.587325,
          35.1069006
        ]
      }
    },
    {
      "type": "Feature",
      "properties": {
        "id": 8226004313,
        "kind": "poi",
        "crossing": "marked",
        "crossing:markings": "yes",
        "highway": "crossing"
      },
      "geometry": {
        "type": "Point",
        "coordinates": [
          -106.586945,
          35.1069416
        ]
      }
    },
    {
      "type": "Feature",
      "properties": {
        "id": 8226004316,
        "kind": "poi",
        "crossing": "marked",
        "crossing:markings": "yes",
        "highway": "crossing"
      },
      "geometry": {
        "type": "Point",
        "coordinates": [
          -106.587386,
          35.1070292
        ]
      }
    },
    {
      "type": "Feature",
      "properties": {
        "id": 8226116319,
        "kind": "poi",
        "crossing": "marked",
        "crossing:markings": "yes",
        "highway": "crossing"
      },
      "geometry": {
        "type": "Point",
        "coordinates": [
          -106.586958,
          35.1070994
        ]
      }
    },
    {
      "type": "Feature",
      "properties": {
        "id": 8226116320,
        "kind": "poi",
        "crossing": "marked",
        "crossing:markings": "yes",
        "highway": "crossing"
      },
      "geometry": {
        "type": "Point",
        "coordinates": [
          -106.587135,
          35.1071461
        ]
      }
    },
    {
      "type": "Feature",
      "properties": {
        "id": 8226116327,
        "kind": "poi",
        "crossing": "marked",
        "crossing:markings": "yes",
        "highway": "crossing"
      },
      "geometry": {
        "type": "Point",
        "coordinates": [
          -106.586285,
          35.1090004
        ]
      }
    },
    {
      "type": "Feature",
      "properties": {
        "id": 8226116328,
        "kind": "poi",
        "crossing": "marked",
        "crossing:markings": "yes",
        "highway": "crossing"
      },
      "geometry": {
        "type": "Point",
        "coordinates": [
          -106.586478,
          35.1090037
        ]
      }
    },
    {
      "type": "Feature",
      "properties": {
        "id": 8226116330,
        "kind": "poi",
        "crossing": "marked",
        "crossing:markings": "yes",
        "highway": "crossing"
      },
      "geometry": {
        "type": "Point",
        "coordinates": [
          -106.586567,
          35.1092449
        ]
      }
    },
    {
      "type": "Feature",
      "properties": {
        "id": 8226116331,
        "kind": "poi",
        "crossing": "marked",
        "crossing:markings": "yes",
        "highway": "crossing"
      },
      "geometry": {
        "type": "Point",
        "coordinates": [
          -106.58657,
          35.1090937
        ]
      }
    },
    {
      "type": "Feature",
      "properties": {
        "id": 8226116333,
        "kind": "poi",
        "crossing": "marked",
        "crossing:markings": "yes",
        "highway": "crossing",
        "tactile_paving": "yes"
      },
      "geometry": {
        "type": "Point",
        "coordinates": [
          -106.58627,
          35.1093113
        ]
      }
    },
    {
      "type": "Feature",
      "properties": {
        "id": 8226116334,
        "kind": "poi",
        "crossing": "marked",
        "crossing:markings": "yes",
        "highway": "crossing"
      },
      "geometry": {
        "type": "Point",
        "coordinates": [
          -106.586456,
          35.1093106
        ]
      }
    },
    {
      "type": "Feature",
      "properties": {
        "id": 8226116335,
        "kind": "poi",
        "crossing": "marked",
        "crossing:markings": "yes",
        "highway": "crossing"
      },
      "geometry": {
        "type": "Point",
        "coordinates": [
          -106.58618,
          35.10909
        ]
      }
    },
    {
      "type": "Feature",
      "properties": {
        "id": 8226116336,
        "kind": "poi",
        "crossing": "marked",
        "crossing:markings": "yes",
        "highway": "crossing",
        "tactile_paving": "yes"
      },
      "geometry": {
        "type": "Point",
        "coordinates": [
          -106.586181,
          35.1092202
        ]
      }
    },
    {
      "type": "Feature",
      "properties": {
        "id": 8226116343,
        "kind": "poi",
        "crossing": "unmarked",
        "crossing:markings": "no",
        "highway": "crossing"
      },
      "geometry": {
        "type": "Point",
        "coordinates": [
          -106.585936,
          35.1092942
        ]
      }
    },
    {
      "type": "Feature",
      "properties": {
        "id": 8226235433,
        "kind": "poi",
        "crossing": "marked",
        "crossing:markings": "yes",
        "highway": "crossing"
      },
      "geometry": {
        "type": "Point",
        "coordinates": [
          -106.6131547,
          35.1001628
        ]
      }
    },
    {
      "type": "Feature",
      "properties": {
        "id": 8226235436,
        "kind": "poi",
        "crossing": "marked",
        "crossing:markings": "yes",
        "highway": "crossing"
      },
      "geometry": {
        "type": "Point",
        "coordinates": [
          -106.6129489,
          35.1001624
        ]
      }
    },
    {
      "type": "Feature",
      "properties": {
        "id": 8226235473,
        "kind": "poi",
        "crossing": "marked",
        "crossing:markings": "yes",
        "highway": "crossing"
      },
      "geometry": {
        "type": "Point",
        "coordinates": [
          -106.6131278,
          35.1010656
        ]
      }
    },
    {
      "type": "Feature",
      "properties": {
        "id": 8226241448,
        "kind": "poi",
        "button_operated": "yes",
        "crossing": "traffic_signals",
        "crossing:island": "no",
        "crossing:markings": "zebra",
        "highway": "crossing",
        "tactile_paving": "yes",
        "traffic_signals:sound": "no",
        "traffic_signals:vibration": "no"
      },
      "geometry": {
        "type": "Point",
        "coordinates": [
          -106.6139258,
          35.1019669
        ]
      }
    },
    {
      "type": "Feature",
      "properties": {
        "id": 8226241449,
        "kind": "poi",
        "button_operated": "yes",
        "crossing": "traffic_signals",
        "crossing:island": "no",
        "crossing:markings": "zebra",
        "highway": "crossing",
        "tactile_paving": "yes",
        "traffic_signals:sound": "no",
        "traffic_signals:vibration": "no"
      },
      "geometry": {
        "type": "Point",
        "coordinates": [
          -106.6139618,
          35.1020592
        ]
      }
    },
    {
      "type": "Feature",
      "properties": {
        "id": 8226241452,
        "kind": "poi",
        "button_operated": "yes",
        "crossing": "traffic_signals",
        "crossing:island": "no",
        "crossing:markings": "zebra",
        "highway": "crossing",
        "tactile_paving": "yes",
        "traffic_signals:sound": "no",
        "traffic_signals:vibration": "no"
      },
      "geometry": {
        "type": "Point",
        "coordinates": [
          -106.6136749,
          35.1019686
        ]
      }
    },
    {
      "type": "Feature",
      "properties": {
        "id": 8226241453,
        "kind": "poi",
        "button_operated": "yes",
        "crossing": "traffic_signals",
        "crossing:island": "no",
        "crossing:markings": "zebra",
        "highway": "crossing",
        "tactile_paving": "yes",
        "traffic_signals:sound": "no",
        "traffic_signals:vibration": "no"
      },
      "geometry": {
        "type": "Point",
        "coordinates": [
          -106.6137283,
          35.1020586
        ]
      }
    },
    {
      "type": "Feature",
      "properties": {
        "id": 8226241454,
        "kind": "poi",
        "button_operated": "yes",
        "crossing": "traffic_signals",
        "crossing:island": "no",
        "crossing:markings": "zebra",
        "highway": "crossing",
        "tactile_paving": "yes",
        "traffic_signals:sound": "no",
        "traffic_signals:vibration": "no"
      },
      "geometry": {
        "type": "Point",
        "coordinates": [
          -106.6137832,
          35.101904
        ]
      }
    },
    {
      "type": "Feature",
      "properties": {
        "id": 8226241455,
        "kind": "poi",
        "button_operated": "yes",
        "crossing": "traffic_signals",
        "crossing:island": "no",
        "crossing:markings": "zebra",
        "highway": "crossing",
        "tactile_paving": "yes",
        "traffic_signals:sound": "no",
        "traffic_signals:vibration": "no"
      },
      "geometry": {
        "type": "Point",
        "coordinates": [
          -106.613875,
          35.102134
        ]
      }
    },
    {
      "type": "Feature",
      "properties": {
        "id": 8226241458,
        "kind": "poi",
        "crossing": "uncontrolled",
        "crossing:markings": "ladder",
        "crossing:signals": "no",
        "highway": "crossing"
      },
      "geometry": {
        "type": "Point",
        "coordinates": [
          -106.620567,
          35.0879354
        ]
      }
    },
    {
      "type": "Feature",
      "properties": {
        "id": 8226259124,
        "kind": "poi",
        "crossing": "marked",
        "crossing:markings": "yes",
        "highway": "crossing"
      },
      "geometry": {
        "type": "Point",
        "coordinates": [
          -106.558149,
          35.0748804
        ]
      }
    },
    {
      "type": "Feature",
      "properties": {
        "id": 8226259127,
        "kind": "poi",
        "crossing": "marked",
        "crossing:island": "yes",
        "crossing:markings": "yes",
        "highway": "crossing"
      },
      "geometry": {
        "type": "Point",
        "coordinates": [
          -106.555956,
          35.0746397
        ]
      }
    },
    {
      "type": "Feature",
      "properties": {
        "id": 8226259130,
        "kind": "poi",
        "crossing": "marked",
        "crossing:markings": "yes",
        "highway": "crossing"
      },
      "geometry": {
        "type": "Point",
        "coordinates": [
          -106.554843,
          35.0745206
        ]
      }
    },
    {
      "type": "Feature",
      "properties": {
        "id": 8226259133,
        "kind": "poi",
        "crossing": "marked",
        "crossing:markings": "yes",
        "highway": "crossing"
      },
      "geometry": {
        "type": "Point",
        "coordinates": [
          -106.553738,
          35.0743984
        ]
      }
    },
    {
      "type": "Feature",
      "properties": {
        "id": 8226259136,
        "kind": "poi",
        "crossing": "marked",
        "crossing:markings": "yes",
        "highway": "crossing"
      },
      "geometry": {
        "type": "Point",
        "coordinates": [
          -106.552644,
          35.0742785
        ]
      }
    },
    {
      "type": "Feature",
      "properties": {
        "id": 8226259139,
        "kind": "poi",
        "crossing": "marked",
        "crossing:markings": "yes",
        "highway": "crossing"
      },
      "geometry": {
        "type": "Point",
        "coordinates": [
          -106.551537,
          35.0741566
        ]
      }
    },
    {
      "type": "Feature",
      "properties": {
        "id": 8226259142,
        "kind": "poi",
        "crossing": "marked",
        "crossing:markings": "yes",
        "highway": "crossing"
      },
      "geometry": {
        "type": "Point",
        "coordinates": [
          -106.5549187,
          35.0727852
        ]
      }
    },
    {
      "type": "Feature",
      "properties": {
        "id": 8226259144,
        "kind": "poi",
        "crossing": "marked",
        "crossing:markings": "yes",
        "highway": "crossing"
      },
      "geometry": {
        "type": "Point",
        "coordinates": [
          -106.5548323,
          35.0727035
        ]
      }
    },
    {
      "type": "Feature",
      "properties": {
        "id": 8226259146,
        "kind": "poi",
        "crossing": "marked",
        "crossing:markings": "yes",
        "highway": "crossing"
      },
      "geometry": {
        "type": "Point",
        "coordinates": [
          -106.5547557,
          35.0727844
        ]
      }
    },
    {
      "type": "Feature",
      "properties": {
        "id": 8226259147,
        "kind": "poi",
        "crossing": "marked",
        "crossing:markings": "yes",
        "highway": "crossing"
      },
      "geometry": {
        "type": "Point",
        "coordinates": [
          -106.5548235,
          35.0728668
        ]
      }
    },
    {
      "type": "Feature",
      "properties": {
        "id": 8226259150,
        "kind": "poi",
        "crossing": "marked",
        "crossing:markings": "yes",
        "highway": "crossing"
      },
      "geometry": {
        "type": "Point",
        "coordinates": [
          -106.5633462,
          35.0727311
        ]
      }
    },
    {
      "type": "Feature",
      "properties": {
        "id": 8226259152,
        "kind": "poi",
        "crossing": "marked",
        "crossing:markings": "yes",
        "highway": "crossing"
      },
      "geometry": {
        "type": "Point",
        "coordinates": [
          -106.5632958,
          35.0728154
        ]
      }
    },
    {
      "type": "Feature",
      "properties": {
        "id": 8226259154,
        "kind": "poi",
        "crossing": "marked",
        "crossing:markings": "yes",
        "highway": "crossing"
      },
      "geometry": {
        "type": "Point",
        "coordinates": [
          -106.5631756,
          35.0727332
        ]
      }
    },
    {
      "type": "Feature",
      "properties": {
        "id": 8226259158,
        "kind": "poi",
        "crossing": "marked",
        "crossing:markings": "yes",
        "highway": "crossing"
      },
      "geometry": {
        "type": "Point",
        "coordinates": [
          -106.5687826,
          35.0726797
        ]
      }
    },
    {
      "type": "Feature",
      "properties": {
        "id": 8226259161,
        "kind": "poi",
        "crossing": "marked",
        "crossing:markings": "yes",
        "highway": "crossing"
      },
      "geometry": {
        "type": "Point",
        "coordinates": [
          -106.5686108,
          35.0727839
        ]
      }
    },
    {
      "type": "Feature",
      "properties": {
        "id": 8226259164,
        "kind": "poi",
        "crossing": "marked",
        "crossing:markings": "yes",
        "highway": "crossing"
      },
      "geometry": {
        "type": "Point",
        "coordinates": [
          -106.5684802,
          35.0726808
        ]
      }
    },
    {
      "type": "Feature",
      "properties": {
        "id": 8226259167,
        "kind": "poi",
        "crossing": "marked",
        "crossing:markings": "yes",
        "highway": "crossing"
      },
      "geometry": {
        "type": "Point",
        "coordinates": [
          -106.577605,
          35.0727852
        ]
      }
    },
    {
      "type": "Feature",
      "properties": {
        "id": 8226259170,
        "kind": "poi",
        "crossing": "marked",
        "crossing:markings": "yes",
        "highway": "crossing"
      },
      "geometry": {
        "type": "Point",
        "coordinates": [
          -106.577493,
          35.0728819
        ]
      }
    },
    {
      "type": "Feature",
      "properties": {
        "id": 8226259173,
        "kind": "poi",
        "crossing": "marked",
        "crossing:markings": "yes",
        "highway": "crossing"
      },
      "geometry": {
        "type": "Point",
        "coordinates": [
          -106.577347,
          35.0727822
        ]
      }
    },
    {
      "type": "Feature",
      "properties": {
        "id": 8226259176,
        "kind": "poi",
        "crossing": "marked",
        "crossing:markings": "yes",
        "highway": "crossing"
      },
      "geometry": {
        "type": "Point",
        "coordinates": [
          -106.577493,
          35.0726676
        ]
      }
    },
    {
      "type": "Feature",
      "properties": {
        "id": 8226259184,
        "kind": "poi",
        "crossing": "marked",
        "crossing:markings": "yes",
        "highway": "crossing"
      },
      "geometry": {
        "type": "Point",
        "coordinates": [
          -106.581951,
          35.072816
        ]
      }
    },
    {
      "type": "Feature",
      "properties": {
        "id": 8226259187,
        "kind": "poi",
        "crossing": "marked",
        "crossing:markings": "yes",
        "highway": "crossing"
      },
      "geometry": {
        "type": "Point",
        "coordinates": [
          -106.5817832,
          35.0728149
        ]
      }
    },
    {
      "type": "Feature",
      "properties": {
        "id": 8226259189,
        "kind": "poi",
        "crossing": "marked",
        "crossing:markings": "yes",
        "highway": "crossing"
      },
      "geometry": {
        "type": "Point",
        "coordinates": [
          -106.5818927,
          35.0727303
        ]
      }
    },
    {
      "type": "Feature",
      "properties": {
        "id": 8226259192,
        "kind": "poi",
        "crossing": "marked",
        "crossing:markings": "yes",
        "highway": "crossing"
      },
      "geometry": {
        "type": "Point",
        "coordinates": [
          -106.58183,
          35.0728932
        ]
      }
    },
    {
      "type": "Feature",
      "properties": {
        "id": 8226259195,
        "kind": "poi",
        "crossing": "marked",
        "crossing:markings": "yes",
        "highway": "crossing"
      },
      "geometry": {
        "type": "Point",
        "coordinates": [
          -106.586152,
          35.0727826
        ]
      }
    },
    {
      "type": "Feature",
      "properties": {
        "id": 8226259196,
        "kind": "poi",
        "crossing": "marked",
        "crossing:markings": "yes",
        "highway": "crossing"
      },
      "geometry": {
        "type": "Point",
        "coordinates": [
          -106.586333,
          35.0727863
        ]
      }
    },
    {
      "type": "Feature",
      "properties": {
        "id": 8226259198,
        "kind": "poi",
        "crossing": "marked",
        "crossing:markings": "yes",
        "highway": "crossing"
      },
      "geometry": {
        "type": "Point",
        "coordinates": [
          -106.586419,
          35.0728627
        ]
      }
    },
    {
      "type": "Feature",
      "properties": {
        "id": 8226259199,
        "kind": "poi",
        "crossing": "marked",
        "crossing:markings": "yes",
        "highway": "crossing"
      },
      "geometry": {
        "type": "Point",
        "coordinates": [
          -106.586425,
          35.0730084
        ]
      }
    },
    {
      "type": "Feature",
      "properties": {
        "id": 8226259201,
        "kind": "poi",
        "crossing": "marked",
        "crossing:markings": "yes",
        "highway": "crossing"
      },
      "geometry": {
        "type": "Point",
        "coordinates": [
          -106.586121,
          35.0731064
        ]
      }
    },
    {
      "type": "Feature",
      "properties": {
        "id": 8226259202,
        "kind": "poi",
        "crossing": "marked",
        "crossing:markings": "yes",
        "highway": "crossing"
      },
      "geometry": {
        "type": "Point",
        "coordinates": [
          -106.586331,
          35.0730999
        ]
      }
    },
    {
      "type": "Feature",
      "properties": {
        "id": 8226259203,
        "kind": "poi",
        "crossing": "marked",
        "crossing:markings": "yes",
        "highway": "crossing"
      },
      "geometry": {
        "type": "Point",
        "coordinates": [
          -106.586049,
          35.0730063
        ]
      }
    },
    {
      "type": "Feature",
      "properties": {
        "id": 8226259204,
        "kind": "poi",
        "crossing": "marked",
        "crossing:markings": "yes",
        "highway": "crossing"
      },
      "geometry": {
        "type": "Point",
        "coordinates": [
          -106.586049,
          35.0728588
        ]
      }
    },
    {
      "type": "Feature",
      "properties": {
        "id": 8226259207,
        "kind": "poi",
        "crossing": "marked",
        "crossing:markings": "yes",
        "highway": "crossing"
      },
      "geometry": {
        "type": "Point",
        "coordinates": [
          -106.591454,
          35.0730174
        ]
      }
    },
    {
      "type": "Feature",
      "properties": {
        "id": 8226259208,
        "kind": "poi",
        "crossing": "marked",
        "crossing:markings": "yes",
        "highway": "crossing"
      },
      "geometry": {
        "type": "Point",
        "coordinates": [
          -106.591458,
          35.0728735
        ]
      }
    },
    {
      "type": "Feature",
      "properties": {
        "id": 8227821878,
        "kind": "poi",
        "crossing": "marked",
        "crossing:markings": "yes",
        "highway": "crossing"
      },
      "geometry": {
        "type": "Point",
        "coordinates": [
          -106.583808,
          35.1127679
        ]
      }
    },
    {
      "type": "Feature",
      "properties": {
        "id": 8227821881,
        "kind": "poi",
        "crossing": "marked",
        "crossing:markings": "yes",
        "highway": "crossing"
      },
      "geometry": {
        "type": "Point",
        "coordinates": [
          -106.583677,
          35.11285
        ]
      }
    },
    {
      "type": "Feature",
      "properties": {
        "id": 8227821890,
        "kind": "poi",
        "crossing": "marked",
        "crossing:markings": "yes",
        "highway": "crossing"
      },
      "geometry": {
        "type": "Point",
        "coordinates": [
          -106.585151,
          35.1109733
        ]
      }
    },
    {
      "type": "Feature",
      "properties": {
        "id": 8228343882,
        "kind": "poi",
        "crossing": "marked",
        "crossing:markings": "yes",
        "highway": "crossing"
      },
      "geometry": {
        "type": "Point",
        "coordinates": [
          -106.6429116,
          35.0895277
        ]
      }
    },
    {
      "type": "Feature",
      "properties": {
        "id": 8228343884,
        "kind": "poi",
        "crossing": "marked",
        "highway": "crossing"
      },
      "geometry": {
        "type": "Point",
        "coordinates": [
          -106.6429213,
          35.0894743
        ]
      }
    },
    {
      "type": "Feature",
      "properties": {
        "id": 8228343887,
        "kind": "poi",
        "crossing": "marked",
        "crossing:markings": "yes",
        "highway": "crossing"
      },
      "geometry": {
        "type": "Point",
        "coordinates": [
          -106.6423283,
          35.0898167
        ]
      }
    },
    {
      "type": "Feature",
      "properties": {
        "id": 8228343888,
        "kind": "poi",
        "crossing": "marked",
        "crossing:markings": "yes",
        "highway": "crossing"
      },
      "geometry": {
        "type": "Point",
        "coordinates": [
          -106.6424675,
          35.0898336
        ]
      }
    },
    {
      "type": "Feature",
      "properties": {
        "id": 8228343889,
        "kind": "poi",
        "crossing": "marked",
        "crossing:markings": "yes",
        "highway": "crossing"
      },
      "geometry": {
        "type": "Point",
        "coordinates": [
          -106.6425148,
          35.0898394
        ]
      }
    },
    {
      "type": "Feature",
      "properties": {
        "id": 8229547142,
        "kind": "poi",
        "highway": "crossing"
      },
      "geometry": {
        "type": "Point",
        "coordinates": [
          -106.5863718,
          35.0863786
        ]
      }
    },
    {
      "type": "Feature",
      "properties": {
        "id": 8231573009,
        "kind": "poi",
        "crossing": "marked",
        "crossing:markings": "yes",
        "highway": "crossing"
      },
      "geometry": {
        "type": "Point",
        "coordinates": [
          -106.570772,
          35.0690692
        ]
      }
    },
    {
      "type": "Feature",
      "properties": {
        "id": 8231573011,
        "kind": "poi",
        "crossing": "marked",
        "crossing:markings": "yes",
        "highway": "crossing"
      },
      "geometry": {
        "type": "Point",
        "coordinates": [
          -106.570866,
          35.0691139
        ]
      }
    },
    {
      "type": "Feature",
      "properties": {
        "id": 8231573014,
        "kind": "poi",
        "crossing": "marked",
        "crossing:markings": "yes",
        "highway": "crossing"
      },
      "geometry": {
        "type": "Point",
        "coordinates": [
          -106.56976,
          35.0689878
        ]
      }
    },
    {
      "type": "Feature",
      "properties": {
        "id": 8231618017,
        "kind": "poi",
        "crossing": "marked",
        "crossing:markings": "yes",
        "highway": "crossing"
      },
      "geometry": {
        "type": "Point",
        "coordinates": [
          -106.569759,
          35.0691054
        ]
      }
    },
    {
      "type": "Feature",
      "properties": {
        "id": 8231618040,
        "kind": "poi",
        "crossing": "marked",
        "crossing:markings": "yes",
        "highway": "crossing"
      },
      "geometry": {
        "type": "Point",
        "coordinates": [
          -106.567532,
          35.0672142
        ]
      }
    },
    {
      "type": "Feature",
      "properties": {
        "id": 8231669109,
        "kind": "poi",
        "crossing": "marked",
        "crossing:markings": "yes",
        "highway": "crossing"
      },
      "geometry": {
        "type": "Point",
        "coordinates": [
          -106.5737652,
          35.0943669
        ]
      }
    },
    {
      "type": "Feature",
      "properties": {
        "id": 8231669115,
        "kind": "poi",
        "crossing": "marked",
        "crossing:markings": "yes",
        "highway": "crossing"
      },
      "geometry": {
        "type": "Point",
        "coordinates": [
          -106.5737599,
          35.0944098
        ]
      }
    },
    {
      "type": "Feature",
      "properties": {
        "id": 8231743230,
        "kind": "poi",
        "crossing": "marked",
        "crossing:markings": "yes",
        "highway": "crossing"
      },
      "geometry": {
        "type": "Point",
        "coordinates": [
          -106.5733195,
          35.0946528
        ]
      }
    },
    {
      "type": "Feature",
      "properties": {
        "id": 8231743232,
        "kind": "poi",
        "crossing": "marked",
        "crossing:markings": "yes",
        "highway": "crossing"
      },
      "geometry": {
        "type": "Point",
        "coordinates": [
          -106.573222,
          35.0947339
        ]
      }
    },
    {
      "type": "Feature",
      "properties": {
        "id": 8231743257,
        "kind": "poi",
        "crossing": "traffic_signals",
        "crossing:markings": "zebra",
        "crossing:signals": "yes",
        "highway": "crossing"
      },
      "geometry": {
        "type": "Point",
        "coordinates": [
          -106.5774285,
          35.0947503
        ]
      }
    },
    {
      "type": "Feature",
      "properties": {
        "id": 8231743259,
        "kind": "poi",
        "crossing": "traffic_signals",
        "crossing:markings": "zebra",
        "crossing:signals": "yes",
        "highway": "crossing"
      },
      "geometry": {
        "type": "Point",
        "coordinates": [
          -106.5775669,
          35.0946834
        ]
      }
    },
    {
      "type": "Feature",
      "properties": {
        "id": 8231743262,
        "kind": "poi",
        "crossing": "traffic_signals",
        "crossing:markings": "zebra",
        "crossing:signals": "yes",
        "highway": "crossing"
      },
      "geometry": {
        "type": "Point",
        "coordinates": [
          -106.5777085,
          35.0947493
        ]
      }
    },
    {
      "type": "Feature",
      "properties": {
        "id": 8232898010,
        "kind": "poi",
        "crossing": "marked",
        "crossing:markings": "yes",
        "highway": "crossing"
      },
      "geometry": {
        "type": "Point",
        "coordinates": [
          -106.625045,
          35.0818741
        ]
      }
    },
    {
      "type": "Feature",
      "properties": {
        "id": 8232902817,
        "kind": "poi",
        "crossing": "marked",
        "crossing:markings": "yes",
        "highway": "crossing"
      },
      "geometry": {
        "type": "Point",
        "coordinates": [
          -106.624363,
          35.0817844
        ]
      }
    },
    {
      "type": "Feature",
      "properties": {
        "id": 8232902820,
        "kind": "poi",
        "crossing": "marked",
        "crossing:markings": "yes",
        "highway": "crossing"
      },
      "geometry": {
        "type": "Point",
        "coordinates": [
          -106.624254,
          35.0817033
        ]
      }
    },
    {
      "type": "Feature",
      "properties": {
        "id": 8232902821,
        "kind": "poi",
        "crossing": "marked",
        "crossing:island": "no",
        "crossing:markings": "yes",
        "highway": "crossing"
      },
      "geometry": {
        "type": "Point",
        "coordinates": [
          -106.6234303,
          35.0818027
        ]
      }
    },
    {
      "type": "Feature",
      "properties": {
        "id": 8263384836,
        "kind": "poi",
        "crossing": "uncontrolled",
        "crossing:markings": "yes",
        "highway": "crossing"
      },
      "geometry": {
        "type": "Point",
        "coordinates": [
          -106.601822,
          35.123289
        ]
      }
    },
    {
      "type": "Feature",
      "properties": {
        "id": 8263384944,
        "kind": "poi",
        "crossing": "unmarked",
        "crossing:markings": "no",
        "highway": "crossing"
      },
      "geometry": {
        "type": "Point",
        "coordinates": [
          -106.6086239,
          35.1272357
        ]
      }
    },
    {
      "type": "Feature",
      "properties": {
        "id": 8263384998,
        "kind": "poi",
        "highway": "crossing"
      },
      "geometry": {
        "type": "Point",
        "coordinates": [
          -106.6108597,
          35.1374488
        ]
      }
    },
    {
      "type": "Feature",
      "properties": {
        "id": 8263384999,
        "kind": "poi",
        "highway": "crossing"
      },
      "geometry": {
        "type": "Point",
        "coordinates": [
          -106.6108574,
          35.1375546
        ]
      }
    },
    {
      "type": "Feature",
      "properties": {
        "id": 8263385001,
        "kind": "poi",
        "highway": "crossing"
      },
      "geometry": {
        "type": "Point",
        "coordinates": [
          -106.610787,
          35.1376242
        ]
      }
    },
    {
      "type": "Feature",
      "properties": {
        "id": 8263385002,
        "kind": "poi",
        "highway": "crossing"
      },
      "geometry": {
        "type": "Point",
        "coordinates": [
          -106.610651,
          35.1376221
        ]
      }
    },
    {
      "type": "Feature",
      "properties": {
        "id": 8263385004,
        "kind": "poi",
        "highway": "crossing"
      },
      "geometry": {
        "type": "Point",
        "coordinates": [
          -106.6105766,
          35.1375551
        ]
      }
    },
    {
      "type": "Feature",
      "properties": {
        "id": 8263385005,
        "kind": "poi",
        "highway": "crossing"
      },
      "geometry": {
        "type": "Point",
        "coordinates": [
          -106.610579,
          35.137449
        ]
      }
    },
    {
      "type": "Feature",
      "properties": {
        "id": 8263385007,
        "kind": "poi",
        "highway": "crossing"
      },
      "geometry": {
        "type": "Point",
        "coordinates": [
          -106.6106495,
          35.1373777
        ]
      }
    },
    {
      "type": "Feature",
      "properties": {
        "id": 8263385008,
        "kind": "poi",
        "highway": "crossing"
      },
      "geometry": {
        "type": "Point",
        "coordinates": [
          -106.6107796,
          35.1373796
        ]
      }
    },
    {
      "type": "Feature",
      "properties": {
        "id": 8265179382,
        "kind": "poi",
        "crossing": "marked",
        "crossing:markings": "yes",
        "highway": "crossing"
      },
      "geometry": {
        "type": "Point",
        "coordinates": [
          -106.562984,
          35.080052
        ]
      }
    },
    {
      "type": "Feature",
      "properties": {
        "id": 8265179384,
        "kind": "poi",
        "crossing": "marked",
        "crossing:markings": "yes",
        "highway": "crossing"
      },
      "geometry": {
        "type": "Point",
        "coordinates": [
          -106.56307,
          35.0801112
        ]
      }
    },
    {
      "type": "Feature",
      "properties": {
        "id": 8265179388,
        "kind": "poi",
        "crossing": "marked",
        "crossing:markings": "yes",
        "highway": "crossing"
      },
      "geometry": {
        "type": "Point",
        "coordinates": [
          -106.560804,
          35.0800682
        ]
      }
    },
    {
      "type": "Feature",
      "properties": {
        "id": 8265179390,
        "kind": "poi",
        "crossing": "marked",
        "crossing:markings": "yes",
        "highway": "crossing"
      },
      "geometry": {
        "type": "Point",
        "coordinates": [
          -106.560872,
          35.0800097
        ]
      }
    },
    {
      "type": "Feature",
      "properties": {
        "id": 8267590137,
        "kind": "poi",
        "crossing": "uncontrolled",
        "crossing:markings": "ladder",
        "highway": "crossing"
      },
      "geometry": {
        "type": "Point",
        "coordinates": [
          -106.5704482,
          35.1288073
        ]
      }
    },
    {
      "type": "Feature",
      "properties": {
        "id": 8267624383,
        "kind": "poi",
        "crossing": "uncontrolled",
        "crossing:markings": "yes",
        "highway": "crossing"
      },
      "geometry": {
        "type": "Point",
        "coordinates": [
          -106.5797751,
          35.1297822
        ]
      }
    },
    {
      "type": "Feature",
      "properties": {
        "id": 8267624384,
        "kind": "poi",
        "crossing": "uncontrolled",
        "crossing:markings": "yes",
        "highway": "crossing"
      },
      "geometry": {
        "type": "Point",
        "coordinates": [
          -106.5796766,
          35.1298351
        ]
      }
    },
    {
      "type": "Feature",
      "properties": {
        "id": 8311990376,
        "kind": "poi",
        "crossing": "marked",
        "crossing:markings": "yes",
        "highway": "crossing"
      },
      "geometry": {
        "type": "Point",
        "coordinates": [
          -106.6606037,
          35.1238324
        ]
      }
    },
    {
      "type": "Feature",
      "properties": {
        "id": 8311990385,
        "kind": "poi",
        "crossing": "marked",
        "crossing:markings": "ladder:skewed",
        "highway": "crossing"
      },
      "geometry": {
        "type": "Point",
        "coordinates": [
          -106.6606511,
          35.1241298
        ]
      }
    },
    {
      "type": "Feature",
      "properties": {
        "id": 8312021256,
        "kind": "poi",
        "crossing": "marked",
        "crossing:markings": "yes",
        "highway": "crossing"
      },
      "geometry": {
        "type": "Point",
        "coordinates": [
          -106.6593024,
          35.1256946
        ]
      }
    },
    {
      "type": "Feature",
      "properties": {
        "id": 8315648931,
        "kind": "poi",
        "highway": "crossing"
      },
      "geometry": {
        "type": "Point",
        "coordinates": [
          -106.599152,
          35.1085523
        ]
      }
    },
    {
      "type": "Feature",
      "properties": {
        "id": 8361866703,
        "kind": "poi",
        "crossing": "marked",
        "crossing:markings": "yes",
        "highway": "crossing"
      },
      "geometry": {
        "type": "Point",
        "coordinates": [
          -106.6457239,
          35.0744955
        ]
      }
    },
    {
      "type": "Feature",
      "properties": {
        "id": 8361866704,
        "kind": "poi",
        "crossing": "marked",
        "crossing:markings": "yes",
        "highway": "crossing"
      },
      "geometry": {
        "type": "Point",
        "coordinates": [
          -106.6458565,
          35.0745498
        ]
      }
    },
    {
      "type": "Feature",
      "properties": {
        "id": 8361866705,
        "kind": "poi",
        "crossing": "marked",
        "crossing:markings": "yes",
        "highway": "crossing"
      },
      "geometry": {
        "type": "Point",
        "coordinates": [
          -106.6455974,
          35.0745564
        ]
      }
    },
    {
      "type": "Feature",
      "properties": {
        "id": 8361866706,
        "kind": "poi",
        "crossing": "marked",
        "crossing:markings": "yes",
        "highway": "crossing"
      },
      "geometry": {
        "type": "Point",
        "coordinates": [
          -106.6457294,
          35.0746222
        ]
      }
    },
    {
      "type": "Feature",
      "properties": {
        "id": 8363772449,
        "kind": "poi",
        "crossing": "traffic_signals",
        "highway": "crossing"
      },
      "geometry": {
        "type": "Point",
        "coordinates": [
          -106.6398055,
          35.1299973
        ]
      }
    },
    {
      "type": "Feature",
      "properties": {
        "id": 8363772450,
        "kind": "poi",
        "crossing": "traffic_signals",
        "highway": "crossing"
      },
      "geometry": {
        "type": "Point",
        "coordinates": [
          -106.6397945,
          35.1301148
        ]
      }
    },
    {
      "type": "Feature",
      "properties": {
        "id": 8363803822,
        "kind": "poi",
        "crossing": "traffic_signals",
        "crossing:markings": "ladder",
        "highway": "crossing"
      },
      "geometry": {
        "type": "Point",
        "coordinates": [
          -106.6160243,
          35.1376262
        ]
      }
    },
    {
      "type": "Feature",
      "properties": {
        "id": 8363803823,
        "kind": "poi",
        "crossing": "traffic_signals",
        "crossing:markings": "ladder",
        "highway": "crossing"
      },
      "geometry": {
        "type": "Point",
        "coordinates": [
          -106.6158977,
          35.1376235
        ]
      }
    },
    {
      "type": "Feature",
      "properties": {
        "id": 8363803826,
        "kind": "poi",
        "crossing": "traffic_signals",
        "crossing:markings": "ladder",
        "highway": "crossing"
      },
      "geometry": {
        "type": "Point",
        "coordinates": [
          -106.6161086,
          35.1374479
        ]
      }
    },
    {
      "type": "Feature",
      "properties": {
        "id": 8363803827,
        "kind": "poi",
        "crossing": "traffic_signals",
        "crossing:markings": "ladder",
        "highway": "crossing"
      },
      "geometry": {
        "type": "Point",
        "coordinates": [
          -106.6161098,
          35.1375564
        ]
      }
    },
    {
      "type": "Feature",
      "properties": {
        "id": 8363803829,
        "kind": "poi",
        "crossing": "traffic_signals",
        "crossing:markings": "ladder",
        "highway": "crossing"
      },
      "geometry": {
        "type": "Point",
        "coordinates": [
          -106.6158166,
          35.1374479
        ]
      }
    },
    {
      "type": "Feature",
      "properties": {
        "id": 8363803830,
        "kind": "poi",
        "crossing": "traffic_signals",
        "crossing:markings": "ladder",
        "highway": "crossing"
      },
      "geometry": {
        "type": "Point",
        "coordinates": [
          -106.615819,
          35.1375557
        ]
      }
    },
    {
      "type": "Feature",
      "properties": {
        "id": 8363803831,
        "kind": "poi",
        "crossing": "traffic_signals",
        "crossing:markings": "ladder",
        "highway": "crossing"
      },
      "geometry": {
        "type": "Point",
        "coordinates": [
          -106.6158982,
          35.1373792
        ]
      }
    },
    {
      "type": "Feature",
      "properties": {
        "id": 8363803832,
        "kind": "poi",
        "crossing": "traffic_signals",
        "crossing:markings": "ladder",
        "highway": "crossing"
      },
      "geometry": {
        "type": "Point",
        "coordinates": [
          -106.6160271,
          35.1373751
        ]
      }
    },
    {
      "type": "Feature",
      "properties": {
        "id": 8365549654,
        "kind": "poi",
        "highway": "crossing"
      },
      "geometry": {
        "type": "Point",
        "coordinates": [
          -106.5777121,
          35.134453
        ]
      }
    },
    {
      "type": "Feature",
      "properties": {
        "id": 8402220651,
        "kind": "poi",
        "crossing": "marked",
        "crossing:markings": "yes",
        "highway": "crossing"
      },
      "geometry": {
        "type": "Point",
        "coordinates": [
          -106.6506737,
          35.1375123
        ]
      }
    },
    {
      "type": "Feature",
      "properties": {
        "id": 8423746041,
        "kind": "poi",
        "crossing": "uncontrolled",
        "crossing:markings": "ladder",
        "crossing:signals": "no",
        "highway": "crossing"
      },
      "geometry": {
        "type": "Point",
        "coordinates": [
          -106.617032,
          35.0865183
        ]
      }
    },
    {
      "type": "Feature",
      "properties": {
        "id": 8513794919,
        "kind": "poi",
        "highway": "crossing"
      },
      "geometry": {
        "type": "Point",
        "coordinates": [
          -106.5570659,
          35.1340098
        ]
      }
    },
    {
      "type": "Feature",
      "properties": {
        "id": 8552478036,
        "kind": "poi",
        "crossing": "traffic_signals",
        "crossing:markings": "zebra",
        "highway": "crossing"
      },
      "geometry": {
        "type": "Point",
        "coordinates": [
          -106.6110616,
          35.1334761
        ]
      }
    },
    {
      "type": "Feature",
      "properties": {
        "id": 8554431575,
        "kind": "poi",
        "crossing": "unmarked",
        "crossing:markings": "no",
        "highway": "crossing"
      },
      "geometry": {
        "type": "Point",
        "coordinates": [
          -106.6695509,
          35.0951831
        ]
      }
    },
    {
      "type": "Feature",
      "properties": {
        "id": 8572448895,
        "kind": "poi",
        "crossing": "uncontrolled",
        "highway": "crossing"
      },
      "geometry": {
        "type": "Point",
        "coordinates": [
          -106.6109968,
          35.081732
        ]
      }
    },
    {
      "type": "Feature",
      "properties": {
        "id": 8572448896,
        "kind": "poi",
        "crossing": "uncontrolled",
        "highway": "crossing"
      },
      "geometry": {
        "type": "Point",
        "coordinates": [
          -106.6111053,
          35.0819348
        ]
      }
    },
    {
      "type": "Feature",
      "properties": {
        "id": 8572448897,
        "kind": "poi",
        "crossing": "marked",
        "crossing:markings": "yes",
        "highway": "crossing"
      },
      "geometry": {
        "type": "Point",
        "coordinates": [
          -106.6120321,
          35.0815919
        ]
      }
    },
    {
      "type": "Feature",
      "properties": {
        "id": 8572448898,
        "kind": "poi",
        "crossing": "marked",
        "crossing:markings": "yes",
        "highway": "crossing"
      },
      "geometry": {
        "type": "Point",
        "coordinates": [
          -106.6120337,
          35.0813413
        ]
      }
    },
    {
      "type": "Feature",
      "properties": {
        "id": 8572448899,
        "kind": "poi",
        "crossing": "marked",
        "crossing:markings": "yes",
        "highway": "crossing"
      },
      "geometry": {
        "type": "Point",
        "coordinates": [
          -106.612044,
          35.0806829
        ]
      }
    },
    {
      "type": "Feature",
      "properties": {
        "id": 8572448900,
        "kind": "poi",
        "crossing": "traffic_signals",
        "crossing:markings": "yes",
        "highway": "crossing"
      },
      "geometry": {
        "type": "Point",
        "coordinates": [
          -106.6093408,
          35.0805076
        ]
      }
    },
    {
      "type": "Feature",
      "properties": {
        "id": 8572448901,
        "kind": "poi",
        "crossing": "marked",
        "crossing:markings": "yes",
        "highway": "crossing"
      },
      "geometry": {
        "type": "Point",
        "coordinates": [
          -106.610793,
          35.0791687
        ]
      }
    },
    {
      "type": "Feature",
      "properties": {
        "id": 8572448902,
        "kind": "poi",
        "crossing": "uncontrolled",
        "highway": "crossing"
      },
      "geometry": {
        "type": "Point",
        "coordinates": [
          -106.6046583,
          35.079075
        ]
      }
    },
    {
      "type": "Feature",
      "properties": {
        "id": 8572448908,
        "kind": "poi",
        "crossing": "marked",
        "crossing:markings": "yes",
        "highway": "crossing"
      },
      "geometry": {
        "type": "Point",
        "coordinates": [
          -106.603383,
          35.0795165
        ]
      }
    },
    {
      "type": "Feature",
      "properties": {
        "id": 8572448910,
        "kind": "poi",
        "crossing": "marked",
        "crossing:markings": "yes",
        "highway": "crossing"
      },
      "geometry": {
        "type": "Point",
        "coordinates": [
          -106.6023377,
          35.0796042
        ]
      }
    },
    {
      "type": "Feature",
      "properties": {
        "id": 8572448911,
        "kind": "poi",
        "crossing": "marked",
        "crossing:markings": "yes",
        "highway": "crossing"
      },
      "geometry": {
        "type": "Point",
        "coordinates": [
          -106.6020897,
          35.07963
        ]
      }
    },
    {
      "type": "Feature",
      "properties": {
        "id": 8572448912,
        "kind": "poi",
        "crossing": "marked",
        "crossing:markings": "yes",
        "highway": "crossing"
      },
      "geometry": {
        "type": "Point",
        "coordinates": [
          -106.6022319,
          35.0793937
        ]
      }
    },
    {
      "type": "Feature",
      "properties": {
        "id": 8572448913,
        "kind": "poi",
        "crossing": "marked;uncontrolled",
        "crossing:markings": "yes",
        "highway": "crossing"
      },
      "geometry": {
        "type": "Point",
        "coordinates": [
          -106.6019792,
          35.0794207
        ]
      }
    },
    {
      "type": "Feature",
      "properties": {
        "id": 8572448915,
        "kind": "poi",
        "crossing": "marked",
        "crossing:markings": "yes",
        "highway": "crossing"
      },
      "geometry": {
        "type": "Point",
        "coordinates": [
          -106.6009966,
          35.0795017
        ]
      }
    },
    {
      "type": "Feature",
      "properties": {
        "id": 8572448916,
        "kind": "poi",
        "crossing": "marked",
        "crossing:markings": "yes",
        "highway": "crossing"
      },
      "geometry": {
        "type": "Point",
        "coordinates": [
          -106.5987865,
          35.0792641
        ]
      }
    },
    {
      "type": "Feature",
      "properties": {
        "id": 8572501017,
        "kind": "poi",
        "crossing": "marked",
        "crossing:markings": "yes",
        "highway": "crossing"
      },
      "geometry": {
        "type": "Point",
        "coordinates": [
          -106.5975662,
          35.0791362
        ]
      }
    },
    {
      "type": "Feature",
      "properties": {
        "id": 8572501018,
        "kind": "poi",
        "crossing": "marked",
        "crossing:markings": "yes",
        "highway": "crossing"
      },
      "geometry": {
        "type": "Point",
        "coordinates": [
          -106.597607,
          35.0788916
        ]
      }
    },
    {
      "type": "Feature",
      "properties": {
        "id": 8572501019,
        "kind": "poi",
        "crossing": "marked",
        "crossing:markings": "yes",
        "highway": "crossing"
      },
      "geometry": {
        "type": "Point",
        "coordinates": [
          -106.596417,
          35.0787655
        ]
      }
    },
    {
      "type": "Feature",
      "properties": {
        "id": 8572501020,
        "kind": "poi",
        "crossing": "marked",
        "crossing:markings": "yes",
        "highway": "crossing"
      },
      "geometry": {
        "type": "Point",
        "coordinates": [
          -106.5963829,
          35.0790073
        ]
      }
    },
    {
      "type": "Feature",
      "properties": {
        "id": 8572501021,
        "kind": "poi",
        "crossing": "marked",
        "crossing:markings": "yes",
        "highway": "crossing"
      },
      "geometry": {
        "type": "Point",
        "coordinates": [
          -106.5954601,
          35.0787332
        ]
      }
    },
    {
      "type": "Feature",
      "properties": {
        "id": 8572501022,
        "kind": "poi",
        "crossing": "marked",
        "crossing:markings": "yes",
        "highway": "crossing"
      },
      "geometry": {
        "type": "Point",
        "coordinates": [
          -106.5954491,
          35.0788586
        ]
      }
    },
    {
      "type": "Feature",
      "properties": {
        "id": 8572501023,
        "kind": "poi",
        "crossing": "marked",
        "crossing:markings": "yes",
        "highway": "crossing"
      },
      "geometry": {
        "type": "Point",
        "coordinates": [
          -106.5953525,
          35.0789111
        ]
      }
    },
    {
      "type": "Feature",
      "properties": {
        "id": 8572501024,
        "kind": "poi",
        "crossing": "marked",
        "crossing:markings": "yes",
        "highway": "crossing"
      },
      "geometry": {
        "type": "Point",
        "coordinates": [
          -106.5953533,
          35.0786485
        ]
      }
    },
    {
      "type": "Feature",
      "properties": {
        "id": 8572501025,
        "kind": "poi",
        "crossing": "marked",
        "crossing:markings": "yes",
        "highway": "crossing"
      },
      "geometry": {
        "type": "Point",
        "coordinates": [
          -106.595264,
          35.0787101
        ]
      }
    },
    {
      "type": "Feature",
      "properties": {
        "id": 8572501026,
        "kind": "poi",
        "crossing": "marked",
        "crossing:markings": "yes",
        "highway": "crossing"
      },
      "geometry": {
        "type": "Point",
        "coordinates": [
          -106.5952597,
          35.0788371
        ]
      }
    },
    {
      "type": "Feature",
      "properties": {
        "id": 8572501027,
        "kind": "poi",
        "crossing": "marked",
        "crossing:markings": "yes",
        "highway": "crossing"
      },
      "geometry": {
        "type": "Point",
        "coordinates": [
          -106.594338,
          35.0787921
        ]
      }
    },
    {
      "type": "Feature",
      "properties": {
        "id": 8572501028,
        "kind": "poi",
        "crossing": "marked",
        "crossing:markings": "yes",
        "highway": "crossing"
      },
      "geometry": {
        "type": "Point",
        "coordinates": [
          -106.5943507,
          35.0785404
        ]
      }
    },
    {
      "type": "Feature",
      "properties": {
        "id": 8572501029,
        "kind": "poi",
        "crossing": "marked",
        "crossing:markings": "yes",
        "highway": "crossing"
      },
      "geometry": {
        "type": "Point",
        "coordinates": [
          -106.5933421,
          35.0784431
        ]
      }
    },
    {
      "type": "Feature",
      "properties": {
        "id": 8572501030,
        "kind": "poi",
        "crossing": "marked",
        "crossing:markings": "yes",
        "highway": "crossing"
      },
      "geometry": {
        "type": "Point",
        "coordinates": [
          -106.5933425,
          35.078666
        ]
      }
    },
    {
      "type": "Feature",
      "properties": {
        "id": 8572501031,
        "kind": "poi",
        "crossing": "marked",
        "crossing:markings": "yes",
        "highway": "crossing"
      },
      "geometry": {
        "type": "Point",
        "coordinates": [
          -106.592325,
          35.0783259
        ]
      }
    },
    {
      "type": "Feature",
      "properties": {
        "id": 8572501032,
        "kind": "poi",
        "crossing": "marked",
        "crossing:markings": "yes",
        "highway": "crossing"
      },
      "geometry": {
        "type": "Point",
        "coordinates": [
          -106.5923261,
          35.0785728
        ]
      }
    },
    {
      "type": "Feature",
      "properties": {
        "id": 8572501033,
        "kind": "poi",
        "crossing": "uncontrolled",
        "crossing:markings": "yes",
        "highway": "crossing",
        "tactile_paving": "yes"
      },
      "geometry": {
        "type": "Point",
        "coordinates": [
          -106.5914444,
          35.0782834
        ]
      }
    },
    {
      "type": "Feature",
      "properties": {
        "id": 8572501034,
        "kind": "poi",
        "crossing": "marked",
        "crossing:island": "no",
        "crossing:markings": "yes",
        "highway": "crossing"
      },
      "geometry": {
        "type": "Point",
        "coordinates": [
          -106.591332,
          35.0782202
        ]
      }
    },
    {
      "type": "Feature",
      "properties": {
        "id": 8572501035,
        "kind": "poi",
        "crossing": "uncontrolled",
        "crossing:markings": "yes",
        "highway": "crossing",
        "tactile_paving": "yes"
      },
      "geometry": {
        "type": "Point",
        "coordinates": [
          -106.5912433,
          35.0782618
        ]
      }
    },
    {
      "type": "Feature",
      "properties": {
        "id": 8572501036,
        "kind": "poi",
        "crossing": "uncontrolled",
        "crossing:markings": "yes",
        "highway": "crossing",
        "tactile_paving": "yes"
      },
      "geometry": {
        "type": "Point",
        "coordinates": [
          -106.5912367,
          35.0783808
        ]
      }
    },
    {
      "type": "Feature",
      "properties": {
        "id": 8572501037,
        "kind": "poi",
        "crossing": "uncontrolled",
        "crossing:markings": "yes",
        "highway": "crossing",
        "tactile_paving": "yes"
      },
      "geometry": {
        "type": "Point",
        "coordinates": [
          -106.5914496,
          35.0784037
        ]
      }
    },
    {
      "type": "Feature",
      "properties": {
        "id": 8572501038,
        "kind": "poi",
        "crossing": "marked",
        "crossing:markings": "yes",
        "highway": "crossing"
      },
      "geometry": {
        "type": "Point",
        "coordinates": [
          -106.591333,
          35.078489
        ]
      }
    },
    {
      "type": "Feature",
      "properties": {
        "id": 8572501039,
        "kind": "poi",
        "crossing": "marked",
        "crossing:markings": "yes",
        "highway": "crossing"
      },
      "geometry": {
        "type": "Point",
        "coordinates": [
          -106.590325,
          35.0781022
        ]
      }
    },
    {
      "type": "Feature",
      "properties": {
        "id": 8572501040,
        "kind": "poi",
        "crossing": "marked",
        "crossing:markings": "yes",
        "highway": "crossing"
      },
      "geometry": {
        "type": "Point",
        "coordinates": [
          -106.5893348,
          35.0779899
        ]
      }
    },
    {
      "type": "Feature",
      "properties": {
        "id": 8572501041,
        "kind": "poi",
        "crossing": "marked",
        "crossing:markings": "yes",
        "highway": "crossing"
      },
      "geometry": {
        "type": "Point",
        "coordinates": [
          -106.588326,
          35.078149
        ]
      }
    },
    {
      "type": "Feature",
      "properties": {
        "id": 8572501042,
        "kind": "poi",
        "crossing": "marked",
        "crossing:markings": "yes",
        "highway": "crossing"
      },
      "geometry": {
        "type": "Point",
        "coordinates": [
          -106.5873303,
          35.0780587
        ]
      }
    },
    {
      "type": "Feature",
      "properties": {
        "id": 8572501051,
        "kind": "poi",
        "crossing": "uncontrolled",
        "crossing:markings": "yes",
        "highway": "crossing"
      },
      "geometry": {
        "type": "Point",
        "coordinates": [
          -106.584444,
          35.0774538
        ]
      }
    },
    {
      "type": "Feature",
      "properties": {
        "id": 8572501053,
        "kind": "poi",
        "crossing": "marked",
        "crossing:markings": "yes",
        "highway": "crossing"
      },
      "geometry": {
        "type": "Point",
        "coordinates": [
          -106.5835764,
          35.0776299
        ]
      }
    },
    {
      "type": "Feature",
      "properties": {
        "id": 8572501054,
        "kind": "poi",
        "crossing": "marked",
        "crossing:markings": "yes",
        "highway": "crossing"
      },
      "geometry": {
        "type": "Point",
        "coordinates": [
          -106.582697,
          35.0775351
        ]
      }
    },
    {
      "type": "Feature",
      "properties": {
        "id": 8572501055,
        "kind": "poi",
        "crossing": "uncontrolled",
        "crossing:markings": "yes",
        "highway": "crossing"
      },
      "geometry": {
        "type": "Point",
        "coordinates": [
          -106.5819408,
          35.0772589
        ]
      }
    },
    {
      "type": "Feature",
      "properties": {
        "id": 8572501056,
        "kind": "poi",
        "crossing": "uncontrolled",
        "crossing:markings": "yes",
        "highway": "crossing"
      },
      "geometry": {
        "type": "Point",
        "coordinates": [
          -106.5819196,
          35.0773913
        ]
      }
    },
    {
      "type": "Feature",
      "properties": {
        "id": 8572501057,
        "kind": "poi",
        "crossing": "uncontrolled",
        "crossing:markings": "yes",
        "highway": "crossing"
      },
      "geometry": {
        "type": "Point",
        "coordinates": [
          -106.5818121,
          35.0774361
        ]
      }
    },
    {
      "type": "Feature",
      "properties": {
        "id": 8572501058,
        "kind": "poi",
        "crossing": "uncontrolled",
        "crossing:markings": "yes",
        "highway": "crossing"
      },
      "geometry": {
        "type": "Point",
        "coordinates": [
          -106.5817441,
          35.0773734
        ]
      }
    },
    {
      "type": "Feature",
      "properties": {
        "id": 8572501059,
        "kind": "poi",
        "crossing": "uncontrolled",
        "crossing:markings": "yes",
        "highway": "crossing"
      },
      "geometry": {
        "type": "Point",
        "coordinates": [
          -106.5817402,
          35.0772369
        ]
      }
    },
    {
      "type": "Feature",
      "properties": {
        "id": 8572501060,
        "kind": "poi",
        "crossing": "uncontrolled",
        "crossing:markings": "yes",
        "highway": "crossing"
      },
      "geometry": {
        "type": "Point",
        "coordinates": [
          -106.581831,
          35.077172
        ]
      }
    },
    {
      "type": "Feature",
      "properties": {
        "id": 8572501061,
        "kind": "poi",
        "crossing": "marked",
        "crossing:markings": "yes",
        "highway": "crossing"
      },
      "geometry": {
        "type": "Point",
        "coordinates": [
          -106.5809605,
          35.0773542
        ]
      }
    },
    {
      "type": "Feature",
      "properties": {
        "id": 8572501062,
        "kind": "poi",
        "crossing": "marked",
        "crossing:markings": "yes",
        "highway": "crossing"
      },
      "geometry": {
        "type": "Point",
        "coordinates": [
          -106.5800878,
          35.0772476
        ]
      }
    },
    {
      "type": "Feature",
      "properties": {
        "id": 8572501063,
        "kind": "poi",
        "crossing": "uncontrolled",
        "highway": "crossing"
      },
      "geometry": {
        "type": "Point",
        "coordinates": [
          -106.579218,
          35.0771644
        ]
      }
    },
    {
      "type": "Feature",
      "properties": {
        "id": 8572501064,
        "kind": "poi",
        "crossing": "uncontrolled",
        "highway": "crossing"
      },
      "geometry": {
        "type": "Point",
        "coordinates": [
          -106.5783579,
          35.0770683
        ]
      }
    },
    {
      "type": "Feature",
      "properties": {
        "id": 8572501065,
        "kind": "poi",
        "crossing": "uncontrolled",
        "crossing:markings": "yes",
        "highway": "crossing"
      },
      "geometry": {
        "type": "Point",
        "coordinates": [
          -106.578356,
          35.0768029
        ]
      }
    },
    {
      "type": "Feature",
      "properties": {
        "id": 8572501066,
        "kind": "poi",
        "crossing": "uncontrolled",
        "crossing:markings": "yes",
        "highway": "crossing"
      },
      "geometry": {
        "type": "Point",
        "coordinates": [
          -106.577492,
          35.0766834
        ]
      }
    },
    {
      "type": "Feature",
      "properties": {
        "id": 8572501067,
        "kind": "poi",
        "crossing": "uncontrolled",
        "crossing:markings": "yes",
        "highway": "crossing"
      },
      "geometry": {
        "type": "Point",
        "coordinates": [
          -106.57749,
          35.0769965
        ]
      }
    },
    {
      "type": "Feature",
      "properties": {
        "id": 8572501068,
        "kind": "poi",
        "crossing": "uncontrolled",
        "crossing:markings": "yes",
        "highway": "crossing"
      },
      "geometry": {
        "type": "Point",
        "coordinates": [
          -106.5776639,
          35.0769309
        ]
      }
    },
    {
      "type": "Feature",
      "properties": {
        "id": 8572501069,
        "kind": "poi",
        "crossing": "uncontrolled",
        "crossing:markings": "yes",
        "highway": "crossing"
      },
      "geometry": {
        "type": "Point",
        "coordinates": [
          -106.5776654,
          35.0767916
        ]
      }
    },
    {
      "type": "Feature",
      "properties": {
        "id": 8572501070,
        "kind": "poi",
        "crossing": "uncontrolled",
        "crossing:markings": "yes",
        "highway": "crossing"
      },
      "geometry": {
        "type": "Point",
        "coordinates": [
          -106.577349,
          35.076758
        ]
      }
    },
    {
      "type": "Feature",
      "properties": {
        "id": 8572501071,
        "kind": "poi",
        "crossing": "uncontrolled",
        "crossing:markings": "yes",
        "highway": "crossing"
      },
      "geometry": {
        "type": "Point",
        "coordinates": [
          -106.5773418,
          35.076895
        ]
      }
    },
    {
      "type": "Feature",
      "properties": {
        "id": 8587006790,
        "kind": "poi",
        "crossing": "marked",
        "crossing:markings": "yes",
        "highway": "crossing"
      },
      "geometry": {
        "type": "Point",
        "coordinates": [
          -106.625324,
          35.0859214
        ]
      }
    },
    {
      "type": "Feature",
      "properties": {
        "id": 8587006791,
        "kind": "poi",
        "crossing": "marked",
        "crossing:markings": "yes",
        "highway": "crossing"
      },
      "geometry": {
        "type": "Point",
        "coordinates": [
          -106.624205,
          35.0857337
        ]
      }
    },
    {
      "type": "Feature",
      "properties": {
        "id": 8587006792,
        "kind": "poi",
        "crossing": "marked",
        "crossing:markings": "yes",
        "highway": "crossing"
      },
      "geometry": {
        "type": "Point",
        "coordinates": [
          -106.624129,
          35.0858041
        ]
      }
    },
    {
      "type": "Feature",
      "properties": {
        "id": 8587038502,
        "kind": "poi",
        "crossing": "unmarked",
        "crossing:markings": "no",
        "highway": "crossing"
      },
      "geometry": {
        "type": "Point",
        "coordinates": [
          -106.6270015,
          35.084053
        ]
      }
    },
    {
      "type": "Feature",
      "properties": {
        "id": 8777713106,
        "kind": "poi",
        "highway": "crossing"
      },
      "geometry": {
        "type": "Point",
        "coordinates": [
          -106.6464478,
          35.0957372
        ]
      }
    },
    {
      "type": "Feature",
      "properties": {
        "id": 8777713111,
        "kind": "poi",
        "highway": "crossing"
      },
      "geometry": {
        "type": "Point",
        "coordinates": [
          -106.6463991,
          35.0957293
        ]
      }
    },
    {
      "type": "Feature",
      "properties": {
        "id": 8777713316,
        "kind": "poi",
        "crossing": "uncontrolled",
        "crossing:markings": "yes",
        "highway": "crossing"
      },
      "geometry": {
        "type": "Point",
        "coordinates": [
          -106.618094,
          35.0920648
        ]
      }
    },
    {
      "type": "Feature",
      "properties": {
        "id": 8777713358,
        "kind": "poi",
        "crossing": "traffic_signals",
        "crossing:markings": "zebra",
        "crossing:signals": "yes",
        "highway": "crossing"
      },
      "geometry": {
        "type": "Point",
        "coordinates": [
          -106.6443096,
          35.0864239
        ]
      }
    },
    {
      "type": "Feature",
      "properties": {
        "id": 8777713360,
        "kind": "poi",
        "crossing": "traffic_signals",
        "crossing:markings": "zebra",
        "crossing:signals": "yes",
        "highway": "crossing"
      },
      "geometry": {
        "type": "Point",
        "coordinates": [
          -106.644206,
          35.0860803
        ]
      }
    },
    {
      "type": "Feature",
      "properties": {
        "id": 8777713361,
        "kind": "poi",
        "crossing": "traffic_signals",
        "crossing:markings": "zebra",
        "crossing:signals": "yes",
        "highway": "crossing"
      },
      "geometry": {
        "type": "Point",
        "coordinates": [
          -106.644076,
          35.0860892
        ]
      }
    },
    {
      "type": "Feature",
      "properties": {
        "id": 8777713363,
        "kind": "poi",
        "crossing": "traffic_signals",
        "crossing:markings": "zebra",
        "crossing:signals": "yes",
        "highway": "crossing"
      },
      "geometry": {
        "type": "Point",
        "coordinates": [
          -106.6439842,
          35.0862127
        ]
      }
    },
    {
      "type": "Feature",
      "properties": {
        "id": 8777713364,
        "kind": "poi",
        "crossing": "traffic_signals",
        "crossing:markings": "zebra",
        "crossing:signals": "yes",
        "highway": "crossing"
      },
      "geometry": {
        "type": "Point",
        "coordinates": [
          -106.6439432,
          35.0863533
        ]
      }
    },
    {
      "type": "Feature",
      "properties": {
        "id": 8777713427,
        "kind": "poi",
        "crossing": "uncontrolled",
        "crossing:markings": "yes",
        "highway": "crossing"
      },
      "geometry": {
        "type": "Point",
        "coordinates": [
          -106.559984,
          35.1091076
        ]
      }
    },
    {
      "type": "Feature",
      "properties": {
        "id": 8777713428,
        "kind": "poi",
        "crossing": "uncontrolled",
        "crossing:markings": "yes",
        "highway": "crossing"
      },
      "geometry": {
        "type": "Point",
        "coordinates": [
          -106.559974,
          35.1092392
        ]
      }
    },
    {
      "type": "Feature",
      "properties": {
        "id": 8777713431,
        "kind": "poi",
        "crossing": "uncontrolled",
        "crossing:markings": "yes",
        "highway": "crossing"
      },
      "geometry": {
        "type": "Point",
        "coordinates": [
          -106.559834,
          35.1090224
        ]
      }
    },
    {
      "type": "Feature",
      "properties": {
        "id": 8777713433,
        "kind": "poi",
        "crossing": "uncontrolled",
        "crossing:markings": "yes",
        "highway": "crossing"
      },
      "geometry": {
        "type": "Point",
        "coordinates": [
          -106.5597273,
          35.1091078
        ]
      }
    },
    {
      "type": "Feature",
      "properties": {
        "id": 8777713434,
        "kind": "poi",
        "crossing": "uncontrolled",
        "crossing:markings": "yes",
        "highway": "crossing"
      },
      "geometry": {
        "type": "Point",
        "coordinates": [
          -106.5597275,
          35.1092405
        ]
      }
    },
    {
      "type": "Feature",
      "properties": {
        "id": 8777713437,
        "kind": "poi",
        "crossing": "uncontrolled",
        "crossing:markings": "yes",
        "highway": "crossing"
      },
      "geometry": {
        "type": "Point",
        "coordinates": [
          -106.559836,
          35.1093223
        ]
      }
    },
    {
      "type": "Feature",
      "properties": {
        "id": 8777713446,
        "kind": "poi",
        "highway": "crossing"
      },
      "geometry": {
        "type": "Point",
        "coordinates": [
          -106.5597653,
          35.1103133
        ]
      }
    },
    {
      "type": "Feature",
      "properties": {
        "id": 8777713475,
        "kind": "poi",
        "crossing": "traffic_signals",
        "crossing:markings": "zebra",
        "crossing:signals": "yes",
        "highway": "crossing"
      },
      "geometry": {
        "type": "Point",
        "coordinates": [
          -106.568898,
          35.0995525
        ]
      }
    },
    {
      "type": "Feature",
      "properties": {
        "id": 8777713476,
        "kind": "poi",
        "crossing": "traffic_signals",
        "crossing:markings": "zebra",
        "crossing:signals": "yes",
        "highway": "crossing"
      },
      "geometry": {
        "type": "Point",
        "coordinates": [
          -106.568643,
          35.0995536
        ]
      }
    },
    {
      "type": "Feature",
      "properties": {
        "id": 8777713479,
        "kind": "poi",
        "crossing": "traffic_signals",
        "crossing:markings": "zebra",
        "crossing:signals": "yes",
        "highway": "crossing"
      },
      "geometry": {
        "type": "Point",
        "coordinates": [
          -106.5685342,
          35.0997072
        ]
      }
    },
    {
      "type": "Feature",
      "properties": {
        "id": 8777713481,
        "kind": "poi",
        "crossing": "traffic_signals",
        "crossing:markings": "zebra",
        "crossing:signals": "yes",
        "highway": "crossing"
      },
      "geometry": {
        "type": "Point",
        "coordinates": [
          -106.568653,
          35.0999304
        ]
      }
    },
    {
      "type": "Feature",
      "properties": {
        "id": 8777713482,
        "kind": "poi",
        "crossing": "traffic_signals",
        "crossing:markings": "zebra",
        "crossing:signals": "yes",
        "highway": "crossing"
      },
      "geometry": {
        "type": "Point",
        "coordinates": [
          -106.568909,
          35.0999065
        ]
      }
    },
    {
      "type": "Feature",
      "properties": {
        "id": 8777713484,
        "kind": "poi",
        "crossing": "traffic_signals",
        "crossing:markings": "zebra",
        "crossing:signals": "yes",
        "highway": "crossing"
      },
      "geometry": {
        "type": "Point",
        "coordinates": [
          -106.5690205,
          35.0998334
        ]
      }
    },
    {
      "type": "Feature",
      "properties": {
        "id": 8777713485,
        "kind": "poi",
        "crossing": "traffic_signals",
        "crossing:markings": "zebra",
        "crossing:signals": "yes",
        "highway": "crossing"
      },
      "geometry": {
        "type": "Point",
        "coordinates": [
          -106.5690312,
          35.0997142
        ]
      }
    },
    {
      "type": "Feature",
      "properties": {
        "id": 8777713580,
        "kind": "poi",
        "crossing": "unmarked",
        "crossing:markings": "no",
        "highway": "crossing"
      },
      "geometry": {
        "type": "Point",
        "coordinates": [
          -106.602933,
          35.1056368
        ]
      }
    },
    {
      "type": "Feature",
      "properties": {
        "id": 8808209927,
        "kind": "poi",
        "crossing": "unmarked",
        "crossing:markings": "no",
        "highway": "crossing"
      },
      "geometry": {
        "type": "Point",
        "coordinates": [
          -106.615291,
          35.1149726
        ]
      }
    },
    {
      "type": "Feature",
      "properties": {
        "id": 8808223439,
        "kind": "poi",
        "crossing": "unmarked",
        "crossing:markings": "no",
        "highway": "crossing"
      },
      "geometry": {
        "type": "Point",
        "coordinates": [
          -106.61105,
          35.1125405
        ]
      }
    },
    {
      "type": "Feature",
      "properties": {
        "id": 8808223451,
        "kind": "poi",
        "crossing": "unmarked",
        "crossing:markings": "no",
        "highway": "crossing"
      },
      "geometry": {
        "type": "Point",
        "coordinates": [
          -106.611037,
          35.1111263
        ]
      }
    },
    {
      "type": "Feature",
      "properties": {
        "id": 8808223457,
        "kind": "poi",
        "crossing": "unmarked",
        "crossing:markings": "no",
        "highway": "crossing"
      },
      "geometry": {
        "type": "Point",
        "coordinates": [
          -106.611142,
          35.1124401
        ]
      }
    },
    {
      "type": "Feature",
      "properties": {
        "id": 8808223469,
        "kind": "poi",
        "crossing": "unmarked",
        "crossing:markings": "no",
        "highway": "crossing"
      },
      "geometry": {
        "type": "Point",
        "coordinates": [
          -106.611144,
          35.1112294
        ]
      }
    },
    {
      "type": "Feature",
      "properties": {
        "id": 8808223524,
        "kind": "poi",
        "crossing": "uncontrolled",
        "crossing:markings": "yes",
        "highway": "crossing"
      },
      "geometry": {
        "type": "Point",
        "coordinates": [
          -106.61115,
          35.1102783
        ]
      }
    },
    {
      "type": "Feature",
      "properties": {
        "id": 8808223558,
        "kind": "poi",
        "crossing": "unmarked",
        "crossing:markings": "no",
        "highway": "crossing"
      },
      "geometry": {
        "type": "Point",
        "coordinates": [
          -106.615295,
          35.1146236
        ]
      }
    },
    {
      "type": "Feature",
      "properties": {
        "id": 8808223561,
        "kind": "poi",
        "crossing": "unmarked",
        "crossing:markings": "no",
        "highway": "crossing"
      },
      "geometry": {
        "type": "Point",
        "coordinates": [
          -106.615292,
          35.1139207
        ]
      }
    },
    {
      "type": "Feature",
      "properties": {
        "id": 8808223647,
        "kind": "poi",
        "crossing": "unmarked",
        "crossing:markings": "no",
        "highway": "crossing"
      },
      "geometry": {
        "type": "Point",
        "coordinates": [
          -106.605371,
          35.1020751
        ]
      }
    },
    {
      "type": "Feature",
      "properties": {
        "id": 8808223746,
        "kind": "poi",
        "crossing": "unmarked",
        "crossing:markings": "no",
        "highway": "crossing"
      },
      "geometry": {
        "type": "Point",
        "coordinates": [
          -106.6063433,
          35.1020925
        ]
      }
    },
    {
      "type": "Feature",
      "properties": {
        "id": 8808350364,
        "kind": "poi",
        "highway": "crossing"
      },
      "geometry": {
        "type": "Point",
        "coordinates": [
          -106.6139013,
          35.112253
        ]
      }
    },
    {
      "type": "Feature",
      "properties": {
        "id": 8808350402,
        "kind": "poi",
        "crossing": "uncontrolled",
        "crossing:markings": "zebra",
        "highway": "crossing"
      },
      "geometry": {
        "type": "Point",
        "coordinates": [
          -106.615301,
          35.1159219
        ]
      }
    },
    {
      "type": "Feature",
      "properties": {
        "id": 8808350404,
        "kind": "poi",
        "crossing": "uncontrolled",
        "crossing:markings": "zebra",
        "highway": "crossing"
      },
      "geometry": {
        "type": "Point",
        "coordinates": [
          -106.615187,
          35.1160916
        ]
      }
    },
    {
      "type": "Feature",
      "properties": {
        "id": 8808350407,
        "kind": "poi",
        "crossing": "uncontrolled",
        "crossing:markings": "zebra",
        "highway": "crossing"
      },
      "geometry": {
        "type": "Point",
        "coordinates": [
          -106.615105,
          35.1159709
        ]
      }
    },
    {
      "type": "Feature",
      "properties": {
        "id": 8808376645,
        "kind": "poi",
        "crossing": "unmarked",
        "crossing:markings": "no",
        "highway": "crossing"
      },
      "geometry": {
        "type": "Point",
        "coordinates": [
          -106.611053,
          35.1163228
        ]
      }
    },
    {
      "type": "Feature",
      "properties": {
        "id": 8808376647,
        "kind": "poi",
        "crossing": "unmarked",
        "crossing:markings": "no",
        "highway": "crossing"
      },
      "geometry": {
        "type": "Point",
        "coordinates": [
          -106.611855,
          35.1166282
        ]
      }
    },
    {
      "type": "Feature",
      "properties": {
        "id": 8808376659,
        "kind": "poi",
        "crossing": "unmarked",
        "crossing:markings": "no",
        "highway": "crossing"
      },
      "geometry": {
        "type": "Point",
        "coordinates": [
          -106.61163,
          35.1166326
        ]
      }
    },
    {
      "type": "Feature",
      "properties": {
        "id": 8808376665,
        "kind": "poi",
        "crossing": "unmarked",
        "crossing:markings": "no",
        "highway": "crossing"
      },
      "geometry": {
        "type": "Point",
        "coordinates": [
          -106.611306,
          35.1166264
        ]
      }
    },
    {
      "type": "Feature",
      "properties": {
        "id": 8808376668,
        "kind": "poi",
        "crossing": "unmarked",
        "crossing:markings": "no",
        "highway": "crossing"
      },
      "geometry": {
        "type": "Point",
        "coordinates": [
          -106.610989,
          35.1166295
        ]
      }
    },
    {
      "type": "Feature",
      "properties": {
        "id": 8808376672,
        "kind": "poi",
        "crossing": "uncontrolled",
        "crossing:markings": "yes",
        "highway": "crossing"
      },
      "geometry": {
        "type": "Point",
        "coordinates": [
          -106.6109,
          35.1165314
        ]
      }
    },
    {
      "type": "Feature",
      "properties": {
        "id": 8808376681,
        "kind": "poi",
        "crossing": "unmarked",
        "crossing:markings": "no",
        "highway": "crossing"
      },
      "geometry": {
        "type": "Point",
        "coordinates": [
          -106.599298,
          35.1187833
        ]
      }
    },
    {
      "type": "Feature",
      "properties": {
        "id": 8808376685,
        "kind": "poi",
        "crossing": "unmarked",
        "crossing:markings": "no",
        "highway": "crossing"
      },
      "geometry": {
        "type": "Point",
        "coordinates": [
          -106.5990345,
          35.1188739
        ]
      }
    },
    {
      "type": "Feature",
      "properties": {
        "id": 8808376695,
        "kind": "poi",
        "crossing": "unmarked",
        "crossing:markings": "no",
        "highway": "crossing"
      },
      "geometry": {
        "type": "Point",
        "coordinates": [
          -106.5989071,
          35.1183071
        ]
      }
    },
    {
      "type": "Feature",
      "properties": {
        "id": 8808376713,
        "kind": "poi",
        "highway": "crossing"
      },
      "geometry": {
        "type": "Point",
        "coordinates": [
          -106.5966933,
          35.1172941
        ]
      }
    },
    {
      "type": "Feature",
      "properties": {
        "id": 8823208608,
        "kind": "poi",
        "crossing": "uncontrolled",
        "highway": "crossing"
      },
      "geometry": {
        "type": "Point",
        "coordinates": [
          -106.6299697,
          35.0728757
        ]
      }
    },
    {
      "type": "Feature",
      "properties": {
        "id": 8862679764,
        "kind": "poi",
        "crossing": "unmarked",
        "crossing:island": "yes",
        "crossing:markings": "no",
        "highway": "crossing",
        "tactile_paving": "no"
      },
      "geometry": {
        "type": "Point",
        "coordinates": [
          -106.6699217,
          35.0941133
        ]
      }
    },
    {
      "type": "Feature",
      "properties": {
        "id": 8868974200,
        "kind": "poi",
        "crossing": "uncontrolled",
        "crossing:markings": "yes",
        "highway": "crossing"
      },
      "geometry": {
        "type": "Point",
        "coordinates": [
          -106.604248,
          35.1130342
        ]
      }
    },
    {
      "type": "Feature",
      "properties": {
        "id": 8868974201,
        "kind": "poi",
        "crossing": "uncontrolled",
        "crossing:markings": "yes",
        "highway": "crossing"
      },
      "geometry": {
        "type": "Point",
        "coordinates": [
          -106.604093,
          35.1130057
        ]
      }
    },
    {
      "type": "Feature",
      "properties": {
        "id": 8868974204,
        "kind": "poi",
        "crossing": "uncontrolled",
        "crossing:markings": "yes",
        "highway": "crossing"
      },
      "geometry": {
        "type": "Point",
        "coordinates": [
          -106.60425,
          35.1128564
        ]
      }
    },
    {
      "type": "Feature",
      "properties": {
        "id": 8868974205,
        "kind": "poi",
        "crossing": "uncontrolled",
        "crossing:markings": "yes",
        "highway": "crossing"
      },
      "geometry": {
        "type": "Point",
        "coordinates": [
          -106.604095,
          35.1128377
        ]
      }
    },
    {
      "type": "Feature",
      "properties": {
        "id": 8873291593,
        "kind": "poi",
        "crossing": "uncontrolled",
        "highway": "crossing"
      },
      "geometry": {
        "type": "Point",
        "coordinates": [
          -106.6249471,
          35.1011471
        ]
      }
    },
    {
      "type": "Feature",
      "properties": {
        "id": 8938054114,
        "kind": "poi",
        "highway": "crossing"
      },
      "geometry": {
        "type": "Point",
        "coordinates": [
          -106.6229415,
          35.0890693
        ]
      }
    },
    {
      "type": "Feature",
      "properties": {
        "id": 8938054115,
        "kind": "poi",
        "highway": "crossing"
      },
      "geometry": {
        "type": "Point",
        "coordinates": [
          -106.6234363,
          35.0893013
        ]
      }
    },
    {
      "type": "Feature",
      "properties": {
        "id": 8938370081,
        "kind": "poi",
        "highway": "crossing"
      },
      "geometry": {
        "type": "Point",
        "coordinates": [
          -106.6233945,
          35.0867997
        ]
      }
    },
    {
      "type": "Feature",
      "properties": {
        "id": 8938370082,
        "kind": "poi",
        "highway": "crossing"
      },
      "geometry": {
        "type": "Point",
        "coordinates": [
          -106.6227686,
          35.0868365
        ]
      }
    },
    {
      "type": "Feature",
      "properties": {
        "id": 8938370087,
        "kind": "poi",
        "crossing": "unmarked",
        "crossing:markings": "no",
        "highway": "crossing"
      },
      "geometry": {
        "type": "Point",
        "coordinates": [
          -106.6241402,
          35.0867886
        ]
      }
    },
    {
      "type": "Feature",
      "properties": {
        "id": 8943831585,
        "kind": "poi",
        "highway": "crossing"
      },
      "geometry": {
        "type": "Point",
        "coordinates": [
          -106.6194784,
          35.0870358
        ]
      }
    },
    {
      "type": "Feature",
      "properties": {
        "id": 8943836923,
        "kind": "poi",
        "highway": "crossing"
      },
      "geometry": {
        "type": "Point",
        "coordinates": [
          -106.6199527,
          35.0870104
        ]
      }
    },
    {
      "type": "Feature",
      "properties": {
        "id": 8943836924,
        "kind": "poi",
        "highway": "crossing"
      },
      "geometry": {
        "type": "Point",
        "coordinates": [
          -106.6196335,
          35.0870275
        ]
      }
    },
    {
      "type": "Feature",
      "properties": {
        "id": 8950550086,
        "kind": "poi",
        "highway": "crossing"
      },
      "geometry": {
        "type": "Point",
        "coordinates": [
          -106.6208435,
          35.0815423
        ]
      }
    },
    {
      "type": "Feature",
      "properties": {
        "id": 8950768095,
        "kind": "poi",
        "highway": "crossing"
      },
      "geometry": {
        "type": "Point",
        "coordinates": [
          -106.6168354,
          35.0864869
        ]
      }
    },
    {
      "type": "Feature",
      "properties": {
        "id": 8951059601,
        "kind": "poi",
        "highway": "crossing"
      },
      "geometry": {
        "type": "Point",
        "coordinates": [
          -106.6177097,
          35.0866654
        ]
      }
    },
    {
      "type": "Feature",
      "properties": {
        "id": 8951059605,
        "kind": "poi",
        "highway": "crossing"
      },
      "geometry": {
        "type": "Point",
        "coordinates": [
          -106.6172748,
          35.0863246
        ]
      }
    },
    {
      "type": "Feature",
      "properties": {
        "id": 8951059610,
        "kind": "poi",
        "highway": "crossing"
      },
      "geometry": {
        "type": "Point",
        "coordinates": [
          -106.6173965,
          35.0862163
        ]
      }
    },
    {
      "type": "Feature",
      "properties": {
        "id": 8951059633,
        "kind": "poi",
        "highway": "crossing"
      },
      "geometry": {
        "type": "Point",
        "coordinates": [
          -106.6181744,
          35.0868291
        ]
      }
    },
    {
      "type": "Feature",
      "properties": {
        "id": 8964270537,
        "kind": "poi",
        "crossing": "uncontrolled",
        "crossing:markings": "yes",
        "highway": "crossing"
      },
      "geometry": {
        "type": "Point",
        "coordinates": [
          -106.623657,
          35.1070218
        ]
      }
    },
    {
      "type": "Feature",
      "properties": {
        "id": 8964270538,
        "kind": "poi",
        "crossing": "uncontrolled",
        "crossing:markings": "yes",
        "highway": "crossing"
      },
      "geometry": {
        "type": "Point",
        "coordinates": [
          -106.623934,
          35.1070707
        ]
      }
    },
    {
      "type": "Feature",
      "properties": {
        "id": 8964270539,
        "kind": "poi",
        "crossing": "uncontrolled",
        "crossing:markings": "yes",
        "highway": "crossing"
      },
      "geometry": {
        "type": "Point",
        "coordinates": [
          -106.623736,
          35.1071069
        ]
      }
    },
    {
      "type": "Feature",
      "properties": {
        "id": 8964270542,
        "kind": "poi",
        "crossing": "uncontrolled",
        "crossing:markings": "yes",
        "highway": "crossing"
      },
      "geometry": {
        "type": "Point",
        "coordinates": [
          -106.624047,
          35.1069752
        ]
      }
    },
    {
      "type": "Feature",
      "properties": {
        "id": 8964270554,
        "kind": "poi",
        "crossing": "unmarked",
        "crossing:markings": "no",
        "highway": "crossing"
      },
      "geometry": {
        "type": "Point",
        "coordinates": [
          -106.62399,
          35.1083401
        ]
      }
    },
    {
      "type": "Feature",
      "properties": {
        "id": 8997146913,
        "kind": "poi",
        "crossing": "uncontrolled",
        "crossing:markings": "yes",
        "highway": "crossing"
      },
      "geometry": {
        "type": "Point",
        "coordinates": [
          -106.6239686,
          35.1090769
        ]
      }
    },
    {
      "type": "Feature",
      "properties": {
        "id": 8997146914,
        "kind": "poi",
        "crossing": "uncontrolled",
        "crossing:markings": "yes",
        "highway": "crossing"
      },
      "geometry": {
        "type": "Point",
        "coordinates": [
          -106.6239825,
          35.1092437
        ]
      }
    },
    {
      "type": "Feature",
      "properties": {
        "id": 8997147617,
        "kind": "poi",
        "crossing": "uncontrolled",
        "crossing:markings": "yes",
        "highway": "crossing"
      },
      "geometry": {
        "type": "Point",
        "coordinates": [
          -106.623819,
          35.1093289
        ]
      }
    },
    {
      "type": "Feature",
      "properties": {
        "id": 9002148946,
        "kind": "poi",
        "crossing": "uncontrolled",
        "crossing:markings": "yes",
        "highway": "crossing"
      },
      "geometry": {
        "type": "Point",
        "coordinates": [
          -106.604383,
          35.1093187
        ]
      }
    },
    {
      "type": "Feature",
      "properties": {
        "id": 9002148947,
        "kind": "poi",
        "crossing": "uncontrolled",
        "crossing:markings": "yes",
        "highway": "crossing"
      },
      "geometry": {
        "type": "Point",
        "coordinates": [
          -106.604382,
          35.1091842
        ]
      }
    },
    {
      "type": "Feature",
      "properties": {
        "id": 9002148948,
        "kind": "poi",
        "crossing": "uncontrolled",
        "crossing:markings": "yes",
        "highway": "crossing"
      },
      "geometry": {
        "type": "Point",
        "coordinates": [
          -106.604281,
          35.1094063
        ]
      }
    },
    {
      "type": "Feature",
      "properties": {
        "id": 9002148949,
        "kind": "poi",
        "crossing": "uncontrolled",
        "crossing:markings": "yes",
        "highway": "crossing"
      },
      "geometry": {
        "type": "Point",
        "coordinates": [
          -106.604107,
          35.1094071
        ]
      }
    },
    {
      "type": "Feature",
      "properties": {
        "id": 9002148950,
        "kind": "poi",
        "crossing": "uncontrolled",
        "crossing:markings": "yes",
        "highway": "crossing"
      },
      "geometry": {
        "type": "Point",
        "coordinates": [
          -106.604005,
          35.1093201
        ]
      }
    },
    {
      "type": "Feature",
      "properties": {
        "id": 9002148951,
        "kind": "poi",
        "crossing": "uncontrolled",
        "crossing:markings": "yes",
        "highway": "crossing"
      },
      "geometry": {
        "type": "Point",
        "coordinates": [
          -106.604004,
          35.1091859
        ]
      }
    },
    {
      "type": "Feature",
      "properties": {
        "id": 9002148952,
        "kind": "poi",
        "crossing": "uncontrolled",
        "crossing:markings": "yes",
        "highway": "crossing"
      },
      "geometry": {
        "type": "Point",
        "coordinates": [
          -106.604288,
          35.1091024
        ]
      }
    },
    {
      "type": "Feature",
      "properties": {
        "id": 9002148953,
        "kind": "poi",
        "crossing": "uncontrolled",
        "crossing:markings": "yes",
        "highway": "crossing"
      },
      "geometry": {
        "type": "Point",
        "coordinates": [
          -106.604109,
          35.1091032
        ]
      }
    },
    {
      "type": "Feature",
      "properties": {
        "id": 9002415895,
        "kind": "poi",
        "crossing": "uncontrolled",
        "crossing:markings": "yes",
        "highway": "crossing",
        "tactile_paving": "yes"
      },
      "geometry": {
        "type": "Point",
        "coordinates": [
          -106.5509514,
          35.1093528
        ]
      }
    },
    {
      "type": "Feature",
      "properties": {
        "id": 9002415896,
        "kind": "poi",
        "crossing": "uncontrolled",
        "crossing:markings": "yes",
        "highway": "crossing",
        "tactile_paving": "yes"
      },
      "geometry": {
        "type": "Point",
        "coordinates": [
          -106.550767,
          35.1093507
        ]
      }
    },
    {
      "type": "Feature",
      "properties": {
        "id": 9002415897,
        "kind": "poi",
        "crossing": "uncontrolled",
        "crossing:markings": "yes",
        "highway": "crossing",
        "tactile_paving": "yes"
      },
      "geometry": {
        "type": "Point",
        "coordinates": [
          -106.5510209,
          35.1092873
        ]
      }
    },
    {
      "type": "Feature",
      "properties": {
        "id": 9002415898,
        "kind": "poi",
        "crossing": "uncontrolled",
        "crossing:markings": "yes",
        "highway": "crossing",
        "tactile_paving": "yes"
      },
      "geometry": {
        "type": "Point",
        "coordinates": [
          -106.5510249,
          35.1091343
        ]
      }
    },
    {
      "type": "Feature",
      "properties": {
        "id": 9002415899,
        "kind": "poi",
        "crossing": "uncontrolled",
        "crossing:markings": "yes",
        "highway": "crossing"
      },
      "geometry": {
        "type": "Point",
        "coordinates": [
          -106.550924,
          35.1090663
        ]
      }
    },
    {
      "type": "Feature",
      "properties": {
        "id": 9002415900,
        "kind": "poi",
        "crossing": "uncontrolled",
        "crossing:markings": "yes",
        "highway": "crossing"
      },
      "geometry": {
        "type": "Point",
        "coordinates": [
          -106.550769,
          35.1090661
        ]
      }
    },
    {
      "type": "Feature",
      "properties": {
        "id": 9002415901,
        "kind": "poi",
        "crossing": "uncontrolled",
        "crossing:markings": "yes",
        "highway": "crossing"
      },
      "geometry": {
        "type": "Point",
        "coordinates": [
          -106.550677,
          35.1091292
        ]
      }
    },
    {
      "type": "Feature",
      "properties": {
        "id": 9002415902,
        "kind": "poi",
        "crossing": "uncontrolled",
        "crossing:markings": "yes",
        "highway": "crossing"
      },
      "geometry": {
        "type": "Point",
        "coordinates": [
          -106.550676,
          35.1092818
        ]
      }
    },
    {
      "type": "Feature",
      "properties": {
        "id": 9033806767,
        "kind": "poi",
        "crossing": "unmarked",
        "crossing:markings": "no",
        "highway": "crossing"
      },
      "geometry": {
        "type": "Point",
        "coordinates": [
          -106.6203861,
          35.0656203
        ]
      }
    },
    {
      "type": "Feature",
      "properties": {
        "id": 9033806788,
        "kind": "poi",
        "highway": "crossing"
      },
      "geometry": {
        "type": "Point",
        "coordinates": [
          -106.6192202,
          35.0656297
        ]
      }
    },
    {
      "type": "Feature",
      "properties": {
        "id": 9095702260,
        "kind": "poi",
        "amenity": "shelter"
      },
      "geometry": {
        "type": "Point",
        "coordinates": [
          -106.6472234,
          35.0837489
        ]
      }
    },
    {
      "type": "Feature",
      "properties": {
        "id": 9095744669,
        "kind": "poi",
        "crossing": "uncontrolled",
        "crossing:markings": "no",
        "highway": "crossing"
      },
      "geometry": {
        "type": "Point",
        "coordinates": [
          -106.55866,
          35.1001086
        ]
      }
    },
    {
      "type": "Feature",
      "properties": {
        "id": 9095744672,
        "kind": "poi",
        "crossing": "uncontrolled",
        "crossing:markings": "no",
        "highway": "crossing"
      },
      "geometry": {
        "type": "Point",
        "coordinates": [
          -106.559117,
          35.1001016
        ]
      }
    },
    {
      "type": "Feature",
      "properties": {
        "id": 9095744697,
        "kind": "poi",
        "crossing": "uncontrolled",
        "crossing:markings": "yes",
        "highway": "crossing"
      },
      "geometry": {
        "type": "Point",
        "coordinates": [
          -106.559654,
          35.1019362
        ]
      }
    },
    {
      "type": "Feature",
      "properties": {
        "id": 9095744699,
        "kind": "poi",
        "crossing": "uncontrolled",
        "crossing:markings": "yes",
        "highway": "crossing"
      },
      "geometry": {
        "type": "Point",
        "coordinates": [
          -106.559787,
          35.1020317
        ]
      }
    },
    {
      "type": "Feature",
      "properties": {
        "id": 9095744701,
        "kind": "poi",
        "crossing": "uncontrolled",
        "crossing:markings": "yes",
        "highway": "crossing"
      },
      "geometry": {
        "type": "Point",
        "coordinates": [
          -106.5598867,
          35.1019344
        ]
      }
    },
    {
      "type": "Feature",
      "properties": {
        "id": 9095744703,
        "kind": "poi",
        "crossing": "uncontrolled",
        "crossing:markings": "yes",
        "highway": "crossing"
      },
      "geometry": {
        "type": "Point",
        "coordinates": [
          -106.559784,
          35.1018066
        ]
      }
    },
    {
      "type": "Feature",
      "properties": {
        "id": 9095766095,
        "kind": "poi",
        "crossing": "uncontrolled",
        "crossing:markings": "yes",
        "highway": "crossing"
      },
      "geometry": {
        "type": "Point",
        "coordinates": [
          -106.559373,
          35.1007661
        ]
      }
    },
    {
      "type": "Feature",
      "properties": {
        "id": 9095766097,
        "kind": "poi",
        "crossing": "uncontrolled",
        "crossing:markings": "yes",
        "highway": "crossing"
      },
      "geometry": {
        "type": "Point",
        "coordinates": [
          -106.558692,
          35.1007421
        ]
      }
    },
    {
      "type": "Feature",
      "properties": {
        "id": 9095772458,
        "kind": "poi",
        "crossing": "uncontrolled",
        "crossing:markings": "no",
        "highway": "crossing"
      },
      "geometry": {
        "type": "Point",
        "coordinates": [
          -106.558404,
          35.1001095
        ]
      }
    },
    {
      "type": "Feature",
      "properties": {
        "id": 9122815740,
        "kind": "poi",
        "amenity": "clinic",
        "healthcare": "clinic",
        "healthcare:speciality": "addiction",
        "name": "Central New Mexico Treatment Center"
      },
      "geometry": {
        "type": "Point",
        "coordinates": [
          -106.6521576,
          35.1033169
        ]
      }
    },
    {
      "type": "Feature",
      "properties": {
        "id": 9194679083,
        "kind": "poi",
        "crossing:island": "no",
        "crossing:markings": "yes",
        "crossing:signals": "no",
        "highway": "crossing"
      },
      "geometry": {
        "type": "Point",
        "coordinates": [
          -106.656836,
          35.0832025
        ]
      }
    },
    {
      "type": "Feature",
      "properties": {
        "id": 9194679084,
        "kind": "poi",
        "crossing:island": "no",
        "crossing:markings": "yes",
        "crossing:signals": "no",
        "highway": "crossing"
      },
      "geometry": {
        "type": "Point",
        "coordinates": [
          -106.6567336,
          35.0832541
        ]
      }
    },
    {
      "type": "Feature",
      "properties": {
        "id": 9194679085,
        "kind": "poi",
        "crossing:island": "no",
        "crossing:markings": "yes",
        "crossing:signals": "no",
        "highway": "crossing"
      },
      "geometry": {
        "type": "Point",
        "coordinates": [
          -106.6566445,
          35.0831781
        ]
      }
    },
    {
      "type": "Feature",
      "properties": {
        "id": 9194679086,
        "kind": "poi",
        "crossing:island": "no",
        "crossing:markings": "yes",
        "crossing:signals": "no",
        "highway": "crossing"
      },
      "geometry": {
        "type": "Point",
        "coordinates": [
          -106.6567615,
          35.0831097
        ]
      }
    },
    {
      "type": "Feature",
      "properties": {
        "id": 9239636899,
        "kind": "poi",
        "crossing": "unmarked",
        "crossing:markings": "no",
        "highway": "crossing"
      },
      "geometry": {
        "type": "Point",
        "coordinates": [
          -106.602165,
          35.0790014
        ]
      }
    },
    {
      "type": "Feature",
      "properties": {
        "id": 9313366286,
        "kind": "poi",
        "crossing": "uncontrolled",
        "crossing:markings": "zebra",
        "crossing:signals": "no",
        "highway": "crossing"
      },
      "geometry": {
        "type": "Point",
        "coordinates": [
          -106.6441623,
          35.0853042
        ]
      }
    },
    {
      "type": "Feature",
      "properties": {
        "id": 9313366295,
        "kind": "poi",
        "crossing": "uncontrolled",
        "crossing:markings": "zebra",
        "crossing:signals": "no",
        "highway": "crossing"
      },
      "geometry": {
        "type": "Point",
        "coordinates": [
          -106.6445824,
          35.0846896
        ]
      }
    },
    {
      "type": "Feature",
      "properties": {
        "id": 9313373017,
        "kind": "poi",
        "crossing": "unmarked",
        "crossing:markings": "no",
        "highway": "crossing"
      },
      "geometry": {
        "type": "Point",
        "coordinates": [
          -106.6443524,
          35.0857955
        ]
      }
    },
    {
      "type": "Feature",
      "properties": {
        "id": 9313373141,
        "kind": "poi",
        "crossing": "unmarked",
        "crossing:markings": "no",
        "highway": "crossing"
      },
      "geometry": {
        "type": "Point",
        "coordinates": [
          -106.6452582,
          35.0853618
        ]
      }
    },
    {
      "type": "Feature",
      "properties": {
        "id": 9313373154,
        "kind": "poi",
        "crossing": "traffic_signals",
        "crossing:markings": "lines",
        "crossing:signals": "yes",
        "highway": "crossing"
      },
      "geometry": {
        "type": "Point",
        "coordinates": [
          -106.6455052,
          35.0855858
        ]
      }
    },
    {
      "type": "Feature",
      "properties": {
        "id": 9313373163,
        "kind": "poi",
        "crossing": "traffic_signals",
        "crossing:markings": "zebra",
        "crossing:signals": "yes",
        "highway": "crossing"
      },
      "geometry": {
        "type": "Point",
        "coordinates": [
          -106.645506,
          35.0857153
        ]
      }
    },
    {
      "type": "Feature",
      "properties": {
        "id": 9313373165,
        "kind": "poi",
        "crossing": "traffic_signals",
        "crossing:markings": "lines",
        "crossing:signals": "yes",
        "highway": "crossing"
      },
      "geometry": {
        "type": "Point",
        "coordinates": [
          -106.645344,
          35.0856741
        ]
      }
    },
    {
      "type": "Feature",
      "properties": {
        "id": 9411537419,
        "kind": "poi",
        "crossing": "unmarked",
        "crossing:markings": "no",
        "highway": "crossing"
      },
      "geometry": {
        "type": "Point",
        "coordinates": [
          -106.600991,
          35.0801006
        ]
      }
    },
    {
      "type": "Feature",
      "properties": {
        "id": 9411537444,
        "kind": "poi",
        "crossing": "unmarked",
        "crossing:markings": "no",
        "highway": "crossing"
      },
      "geometry": {
        "type": "Point",
        "coordinates": [
          -106.6040161,
          35.0798341
        ]
      }
    },
    {
      "type": "Feature",
      "properties": {
        "id": 9411537445,
        "kind": "poi",
        "crossing": "unmarked",
        "crossing:markings": "no",
        "highway": "crossing"
      },
      "geometry": {
        "type": "Point",
        "coordinates": [
          -106.603742,
          35.0797954
        ]
      }
    },
    {
      "type": "Feature",
      "properties": {
        "id": 9411537455,
        "kind": "poi",
        "crossing": "uncontrolled",
        "crossing:markings": "yes",
        "highway": "crossing"
      },
      "geometry": {
        "type": "Point",
        "coordinates": [
          -106.603189,
          35.0797502
        ]
      }
    },
    {
      "type": "Feature",
      "properties": {
        "id": 9411537456,
        "kind": "poi",
        "crossing": "traffic_signals",
        "highway": "crossing"
      },
      "geometry": {
        "type": "Point",
        "coordinates": [
          -106.604521,
          35.079922
        ]
      }
    },
    {
      "type": "Feature",
      "properties": {
        "id": 9411537457,
        "kind": "poi",
        "crossing": "traffic_signals",
        "highway": "crossing"
      },
      "geometry": {
        "type": "Point",
        "coordinates": [
          -106.604405,
          35.0798019
        ]
      }
    },
    {
      "type": "Feature",
      "properties": {
        "id": 9411537458,
        "kind": "poi",
        "crossing": "traffic_signals",
        "highway": "crossing"
      },
      "geometry": {
        "type": "Point",
        "coordinates": [
          -106.604641,
          35.0798491
        ]
      }
    },
    {
      "type": "Feature",
      "properties": {
        "id": 9411537459,
        "kind": "poi",
        "crossing": "traffic_signals",
        "highway": "crossing"
      },
      "geometry": {
        "type": "Point",
        "coordinates": [
          -106.604648,
          35.0797282
        ]
      }
    },
    {
      "type": "Feature",
      "properties": {
        "id": 9411537460,
        "kind": "poi",
        "crossing": "traffic_signals",
        "highway": "crossing"
      },
      "geometry": {
        "type": "Point",
        "coordinates": [
          -106.604417,
          35.0796972
        ]
      }
    },
    {
      "type": "Feature",
      "properties": {
        "id": 9411537461,
        "kind": "poi",
        "crossing": "traffic_signals",
        "highway": "crossing"
      },
      "geometry": {
        "type": "Point",
        "coordinates": [
          -106.604533,
          35.0796335
        ]
      }
    },
    {
      "type": "Feature",
      "properties": {
        "id": 9411537500,
        "kind": "poi",
        "crossing": "unmarked",
        "crossing:markings": "no",
        "highway": "crossing"
      },
      "geometry": {
        "type": "Point",
        "coordinates": [
          -106.6032643,
          35.080174
        ]
      }
    },
    {
      "type": "Feature",
      "properties": {
        "id": 9411537519,
        "kind": "poi",
        "crossing": "unmarked",
        "crossing:markings": "no",
        "highway": "crossing"
      },
      "geometry": {
        "type": "Point",
        "coordinates": [
          -106.604807,
          35.0872187
        ]
      }
    },
    {
      "type": "Feature",
      "properties": {
        "id": 9435350332,
        "kind": "poi",
        "crossing": "uncontrolled",
        "crossing:markings": "yes",
        "highway": "crossing"
      },
      "geometry": {
        "type": "Point",
        "coordinates": [
          -106.585324,
          35.0771513
        ]
      }
    },
    {
      "type": "Feature",
      "properties": {
        "id": 9435350370,
        "kind": "poi",
        "crossing": "unmarked",
        "crossing:markings": "no",
        "highway": "crossing"
      },
      "geometry": {
        "type": "Point",
        "coordinates": [
          -106.58452,
          35.0771516
        ]
      }
    },
    {
      "type": "Feature",
      "properties": {
        "id": 9435350379,
        "kind": "poi",
        "crossing": "unmarked",
        "crossing:markings": "no",
        "highway": "crossing"
      },
      "geometry": {
        "type": "Point",
        "coordinates": [
          -106.584771,
          35.0765442
        ]
      }
    },
    {
      "type": "Feature",
      "properties": {
        "id": 9435350382,
        "kind": "poi",
        "crossing": "unmarked",
        "crossing:markings": "no",
        "highway": "crossing"
      },
      "geometry": {
        "type": "Point",
        "coordinates": [
          -106.5845,
          35.0766598
        ]
      }
    },
    {
      "type": "Feature",
      "properties": {
        "id": 9435350395,
        "kind": "poi",
        "crossing": "unmarked",
        "crossing:markings": "no",
        "highway": "crossing"
      },
      "geometry": {
        "type": "Point",
        "coordinates": [
          -106.585695,
          35.0765454
        ]
      }
    },
    {
      "type": "Feature",
      "properties": {
        "id": 9435350405,
        "kind": "poi",
        "crossing": "unmarked",
        "crossing:markings": "no",
        "highway": "crossing"
      },
      "geometry": {
        "type": "Point",
        "coordinates": [
          -106.585066,
          35.0765454
        ]
      }
    },
    {
      "type": "Feature",
      "properties": {
        "id": 9435350406,
        "kind": "poi",
        "crossing": "unmarked",
        "crossing:markings": "no",
        "highway": "crossing"
      },
      "geometry": {
        "type": "Point",
        "coordinates": [
          -106.58606,
          35.0770979
        ]
      }
    },
    {
      "type": "Feature",
      "properties": {
        "id": 9435350415,
        "kind": "poi",
        "crossing": "uncontrolled",
        "crossing:markings": "yes",
        "highway": "crossing"
      },
      "geometry": {
        "type": "Point",
        "coordinates": [
          -106.586326,
          35.0780115
        ]
      }
    },
    {
      "type": "Feature",
      "properties": {
        "id": 9435350416,
        "kind": "poi",
        "crossing": "uncontrolled",
        "crossing:markings": "yes",
        "highway": "crossing"
      },
      "geometry": {
        "type": "Point",
        "coordinates": [
          -106.586,
          35.0776934
        ]
      }
    },
    {
      "type": "Feature",
      "properties": {
        "id": 9435370817,
        "kind": "poi",
        "crossing": "uncontrolled",
        "crossing:markings": "yes",
        "highway": "crossing"
      },
      "geometry": {
        "type": "Point",
        "coordinates": [
          -106.585993,
          35.0778291
        ]
      }
    },
    {
      "type": "Feature",
      "properties": {
        "id": 9435370818,
        "kind": "poi",
        "crossing": "uncontrolled",
        "crossing:markings": "yes",
        "highway": "crossing"
      },
      "geometry": {
        "type": "Point",
        "coordinates": [
          -106.586129,
          35.0779685
        ]
      }
    },
    {
      "type": "Feature",
      "properties": {
        "id": 9435370819,
        "kind": "poi",
        "crossing": "uncontrolled",
        "crossing:markings": "yes",
        "highway": "crossing"
      },
      "geometry": {
        "type": "Point",
        "coordinates": [
          -106.586469,
          35.0778815
        ]
      }
    },
    {
      "type": "Feature",
      "properties": {
        "id": 9435370820,
        "kind": "poi",
        "crossing": "uncontrolled",
        "crossing:markings": "yes",
        "highway": "crossing"
      },
      "geometry": {
        "type": "Point",
        "coordinates": [
          -106.586481,
          35.0777439
        ]
      }
    },
    {
      "type": "Feature",
      "properties": {
        "id": 9435370829,
        "kind": "poi",
        "crossing": "uncontrolled",
        "crossing:markings": "yes",
        "highway": "crossing"
      },
      "geometry": {
        "type": "Point",
        "coordinates": [
          -106.586132,
          35.0776035
        ]
      }
    },
    {
      "type": "Feature",
      "properties": {
        "id": 9435370830,
        "kind": "poi",
        "crossing": "uncontrolled",
        "crossing:markings": "yes",
        "highway": "crossing"
      },
      "geometry": {
        "type": "Point",
        "coordinates": [
          -106.586326,
          35.0776169
        ]
      }
    },
    {
      "type": "Feature",
      "properties": {
        "id": 9435370836,
        "kind": "poi",
        "crossing": "unmarked",
        "crossing:markings": "no",
        "highway": "crossing"
      },
      "geometry": {
        "type": "Point",
        "coordinates": [
          -106.5857732,
          35.0776116
        ]
      }
    },
    {
      "type": "Feature",
      "properties": {
        "id": 9435370838,
        "kind": "poi",
        "crossing": "unmarked",
        "crossing:markings": "no",
        "highway": "crossing"
      },
      "geometry": {
        "type": "Point",
        "coordinates": [
          -106.585573,
          35.0775836
        ]
      }
    },
    {
      "type": "Feature",
      "properties": {
        "id": 9435370850,
        "kind": "poi",
        "crossing": "unmarked",
        "crossing:markings": "no",
        "highway": "crossing"
      },
      "geometry": {
        "type": "Point",
        "coordinates": [
          -106.585054,
          35.0774973
        ]
      }
    },
    {
      "type": "Feature",
      "properties": {
        "id": 9435370871,
        "kind": "poi",
        "highway": "crossing"
      },
      "geometry": {
        "type": "Point",
        "coordinates": [
          -106.5819258,
          35.0767226
        ]
      }
    },
    {
      "type": "Feature",
      "properties": {
        "id": 9435909048,
        "kind": "poi",
        "crossing": "unmarked",
        "crossing:markings": "no",
        "highway": "crossing"
      },
      "geometry": {
        "type": "Point",
        "coordinates": [
          -106.585824,
          35.1073924
        ]
      }
    },
    {
      "type": "Feature",
      "properties": {
        "id": 9435909049,
        "kind": "poi",
        "crossing": "unmarked",
        "crossing:markings": "no",
        "highway": "crossing"
      },
      "geometry": {
        "type": "Point",
        "coordinates": [
          -106.586302,
          35.1080125
        ]
      }
    },
    {
      "type": "Feature",
      "properties": {
        "id": 9435909068,
        "kind": "poi",
        "crossing": "unmarked",
        "crossing:markings": "no",
        "highway": "crossing"
      },
      "geometry": {
        "type": "Point",
        "coordinates": [
          -106.585492,
          35.1092902
        ]
      }
    },
    {
      "type": "Feature",
      "properties": {
        "id": 9435909084,
        "kind": "poi",
        "crossing": "unmarked",
        "crossing:markings": "no",
        "highway": "crossing"
      },
      "geometry": {
        "type": "Point",
        "coordinates": [
          -106.586192,
          35.1097478
        ]
      }
    },
    {
      "type": "Feature",
      "properties": {
        "id": 9438960293,
        "kind": "poi",
        "crossing": "unmarked",
        "crossing:markings": "no",
        "highway": "crossing"
      },
      "geometry": {
        "type": "Point",
        "coordinates": [
          -106.558226,
          35.1093008
        ]
      }
    },
    {
      "type": "Feature",
      "properties": {
        "id": 9438960295,
        "kind": "poi",
        "crossing": "unmarked",
        "crossing:markings": "no",
        "highway": "crossing"
      },
      "geometry": {
        "type": "Point",
        "coordinates": [
          -106.558513,
          35.1093004
        ]
      }
    },
    {
      "type": "Feature",
      "properties": {
        "id": 9438960302,
        "kind": "poi",
        "crossing": "unmarked",
        "crossing:markings": "no",
        "highway": "crossing"
      },
      "geometry": {
        "type": "Point",
        "coordinates": [
          -106.558658,
          35.1095983
        ]
      }
    },
    {
      "type": "Feature",
      "properties": {
        "id": 9438960305,
        "kind": "poi",
        "crossing": "unmarked",
        "crossing:markings": "no",
        "highway": "crossing"
      },
      "geometry": {
        "type": "Point",
        "coordinates": [
          -106.558664,
          35.1097436
        ]
      }
    },
    {
      "type": "Feature",
      "properties": {
        "id": 9438978898,
        "kind": "poi",
        "crossing": "unmarked",
        "crossing:markings": "no",
        "highway": "crossing"
      },
      "geometry": {
        "type": "Point",
        "coordinates": [
          -106.5671425,
          35.1034261
        ]
      }
    },
    {
      "type": "Feature",
      "properties": {
        "id": 9438978899,
        "kind": "poi",
        "crossing": "unmarked",
        "crossing:markings": "no",
        "highway": "crossing"
      },
      "geometry": {
        "type": "Point",
        "coordinates": [
          -106.5671025,
          35.1034194
        ]
      }
    },
    {
      "type": "Feature",
      "properties": {
        "id": 9438978925,
        "kind": "poi",
        "crossing": "unmarked",
        "crossing:markings": "no",
        "highway": "crossing"
      },
      "geometry": {
        "type": "Point",
        "coordinates": [
          -106.567093,
          35.1037729
        ]
      }
    },
    {
      "type": "Feature",
      "properties": {
        "id": 9438978926,
        "kind": "poi",
        "crossing": "unmarked",
        "crossing:markings": "no",
        "highway": "crossing"
      },
      "geometry": {
        "type": "Point",
        "coordinates": [
          -106.5670677,
          35.1037712
        ]
      }
    },
    {
      "type": "Feature",
      "properties": {
        "id": 9438978960,
        "kind": "poi",
        "crossing": "unmarked",
        "crossing:markings": "no",
        "highway": "crossing"
      },
      "geometry": {
        "type": "Point",
        "coordinates": [
          -106.557821,
          35.109307
        ]
      }
    },
    {
      "type": "Feature",
      "properties": {
        "id": 9438978966,
        "kind": "poi",
        "crossing": "unmarked",
        "crossing:markings": "no",
        "highway": "crossing"
      },
      "geometry": {
        "type": "Point",
        "coordinates": [
          -106.557699,
          35.1097519
        ]
      }
    },
    {
      "type": "Feature",
      "properties": {
        "id": 9447078991,
        "kind": "poi",
        "highway": "crossing"
      },
      "geometry": {
        "type": "Point",
        "coordinates": [
          -106.6042871,
          35.1216497
        ]
      }
    },
    {
      "type": "Feature",
      "properties": {
        "id": 9447078992,
        "kind": "poi",
        "highway": "crossing"
      },
      "geometry": {
        "type": "Point",
        "coordinates": [
          -106.6042866,
          35.1218287
        ]
      }
    },
    {
      "type": "Feature",
      "properties": {
        "id": 9465014807,
        "kind": "poi",
        "crossing": "unmarked",
        "crossing:markings": "no",
        "highway": "crossing"
      },
      "geometry": {
        "type": "Point",
        "coordinates": [
          -106.604052,
          35.1014929
        ]
      }
    },
    {
      "type": "Feature",
      "properties": {
        "id": 9465014810,
        "kind": "poi",
        "crossing": "unmarked",
        "crossing:markings": "no",
        "highway": "crossing"
      },
      "geometry": {
        "type": "Point",
        "coordinates": [
          -106.604085,
          35.1010347
        ]
      }
    },
    {
      "type": "Feature",
      "properties": {
        "id": 9465036086,
        "kind": "poi",
        "crossing": "uncontrolled",
        "crossing:markings": "yes",
        "highway": "crossing"
      },
      "geometry": {
        "type": "Point",
        "coordinates": [
          -106.604498,
          35.1045097
        ]
      }
    },
    {
      "type": "Feature",
      "properties": {
        "id": 9465036091,
        "kind": "poi",
        "crossing": "uncontrolled",
        "crossing:markings": "yes",
        "highway": "crossing"
      },
      "geometry": {
        "type": "Point",
        "coordinates": [
          -106.604041,
          35.1043292
        ]
      }
    },
    {
      "type": "Feature",
      "properties": {
        "id": 9465036094,
        "kind": "poi",
        "crossing": "uncontrolled",
        "crossing:markings": "yes",
        "highway": "crossing"
      },
      "geometry": {
        "type": "Point",
        "coordinates": [
          -106.603845,
          35.1044169
        ]
      }
    },
    {
      "type": "Feature",
      "properties": {
        "id": 9465036142,
        "kind": "poi",
        "crossing": "uncontrolled",
        "crossing:markings": "yes",
        "highway": "crossing"
      },
      "geometry": {
        "type": "Point",
        "coordinates": [
          -106.604339,
          35.1058048
        ]
      }
    },
    {
      "type": "Feature",
      "properties": {
        "id": 9465036155,
        "kind": "poi",
        "crossing": "unmarked",
        "crossing:markings": "no",
        "highway": "crossing"
      },
      "geometry": {
        "type": "Point",
        "coordinates": [
          -106.60447,
          35.1060541
        ]
      }
    },
    {
      "type": "Feature",
      "properties": {
        "id": 9465036199,
        "kind": "poi",
        "crossing": "uncontrolled",
        "crossing:markings": "yes",
        "highway": "crossing"
      },
      "geometry": {
        "type": "Point",
        "coordinates": [
          -106.60428,
          35.0988352
        ]
      }
    },
    {
      "type": "Feature",
      "properties": {
        "id": 9465036202,
        "kind": "poi",
        "crossing": "uncontrolled",
        "crossing:markings": "yes",
        "highway": "crossing"
      },
      "geometry": {
        "type": "Point",
        "coordinates": [
          -106.604168,
          35.0988333
        ]
      }
    },
    {
      "type": "Feature",
      "properties": {
        "id": 9465036215,
        "kind": "poi",
        "crossing": "unmarked",
        "crossing:markings": "no",
        "highway": "crossing"
      },
      "geometry": {
        "type": "Point",
        "coordinates": [
          -106.604092,
          35.0989897
        ]
      }
    },
    {
      "type": "Feature",
      "properties": {
        "id": 9465036229,
        "kind": "poi",
        "crossing": "uncontrolled",
        "crossing:markings": "yes",
        "highway": "crossing"
      },
      "geometry": {
        "type": "Point",
        "coordinates": [
          -106.604513,
          35.0972902
        ]
      }
    },
    {
      "type": "Feature",
      "properties": {
        "id": 9465036241,
        "kind": "poi",
        "crossing": "unmarked",
        "crossing:markings": "no",
        "highway": "crossing"
      },
      "geometry": {
        "type": "Point",
        "coordinates": [
          -106.6043515,
          35.0971687
        ]
      }
    },
    {
      "type": "Feature",
      "properties": {
        "id": 9465036360,
        "kind": "poi",
        "crossing": "unmarked",
        "crossing:markings": "no",
        "highway": "crossing"
      },
      "geometry": {
        "type": "Point",
        "coordinates": [
          -106.611303,
          35.0940402
        ]
      }
    },
    {
      "type": "Feature",
      "properties": {
        "id": 9465036363,
        "kind": "poi",
        "crossing": "unmarked",
        "crossing:markings": "no",
        "highway": "crossing"
      },
      "geometry": {
        "type": "Point",
        "coordinates": [
          -106.611207,
          35.0939497
        ]
      }
    },
    {
      "type": "Feature",
      "properties": {
        "id": 9465036364,
        "kind": "poi",
        "crossing": "unmarked",
        "crossing:markings": "no",
        "highway": "crossing"
      },
      "geometry": {
        "type": "Point",
        "coordinates": [
          -106.611304,
          35.0938785
        ]
      }
    },
    {
      "type": "Feature",
      "properties": {
        "id": 9465036366,
        "kind": "poi",
        "crossing": "unmarked",
        "crossing:markings": "no",
        "highway": "crossing"
      },
      "geometry": {
        "type": "Point",
        "coordinates": [
          -106.611395,
          35.0939517
        ]
      }
    },
    {
      "type": "Feature",
      "properties": {
        "id": 9509756608,
        "kind": "poi",
        "crossing": "unmarked",
        "crossing:markings": "no",
        "highway": "crossing"
      },
      "geometry": {
        "type": "Point",
        "coordinates": [
          -106.5604787,
          35.0602148
        ]
      }
    },
    {
      "type": "Feature",
      "properties": {
        "id": 9509813332,
        "kind": "poi",
        "amenity": "drinking_water",
        "fee": "no"
      },
      "geometry": {
        "type": "Point",
        "coordinates": [
          -106.5595475,
          35.0624561
        ]
      }
    },
    {
      "type": "Feature",
      "properties": {
        "id": 9515605730,
        "kind": "poi",
        "amenity": "drinking_water",
        "fee": "no"
      },
      "geometry": {
        "type": "Point",
        "coordinates": [
          -106.5586105,
          35.0633212
        ]
      }
    },
    {
      "type": "Feature",
      "properties": {
        "id": 9515608782,
        "kind": "poi",
        "crossing": "unmarked",
        "crossing:markings": "no",
        "highway": "crossing"
      },
      "geometry": {
        "type": "Point",
        "coordinates": [
          -106.5597335,
          35.0608783
        ]
      }
    },
    {
      "type": "Feature",
      "properties": {
        "id": 9515608785,
        "kind": "poi",
        "crossing": "unmarked",
        "crossing:markings": "no",
        "highway": "crossing"
      },
      "geometry": {
        "type": "Point",
        "coordinates": [
          -106.5596571,
          35.0609457
        ]
      }
    },
    {
      "type": "Feature",
      "properties": {
        "id": 9515608786,
        "kind": "poi",
        "crossing": "unmarked",
        "crossing:markings": "no",
        "highway": "crossing"
      },
      "geometry": {
        "type": "Point",
        "coordinates": [
          -106.559553,
          35.0610255
        ]
      }
    },
    {
      "type": "Feature",
      "properties": {
        "id": 9515608787,
        "kind": "poi",
        "crossing": "marked",
        "highway": "crossing"
      },
      "geometry": {
        "type": "Point",
        "coordinates": [
          -106.5596641,
          35.0636683
        ]
      }
    },
    {
      "type": "Feature",
      "properties": {
        "id": 9515608789,
        "kind": "poi",
        "crossing": "marked",
        "highway": "crossing"
      },
      "geometry": {
        "type": "Point",
        "coordinates": [
          -106.5597334,
          35.063741
        ]
      }
    },
    {
      "type": "Feature",
      "properties": {
        "id": 9515608791,
        "kind": "poi",
        "crossing": "unmarked",
        "crossing:markings": "no",
        "highway": "crossing"
      },
      "geometry": {
        "type": "Point",
        "coordinates": [
          -106.559736,
          35.0618562
        ]
      }
    },
    {
      "type": "Feature",
      "properties": {
        "id": 9515608793,
        "kind": "poi",
        "crossing": "unmarked",
        "crossing:markings": "no",
        "highway": "crossing"
      },
      "geometry": {
        "type": "Point",
        "coordinates": [
          -106.559658,
          35.0619082
        ]
      }
    },
    {
      "type": "Feature",
      "properties": {
        "id": 9515608795,
        "kind": "poi",
        "crossing": "unmarked",
        "crossing:markings": "no",
        "highway": "crossing"
      },
      "geometry": {
        "type": "Point",
        "coordinates": [
          -106.5597477,
          35.0628045
        ]
      }
    },
    {
      "type": "Feature",
      "properties": {
        "id": 9515608797,
        "kind": "poi",
        "crossing": "unmarked",
        "crossing:markings": "no",
        "highway": "crossing"
      },
      "geometry": {
        "type": "Point",
        "coordinates": [
          -106.5596631,
          35.0628726
        ]
      }
    },
    {
      "type": "Feature",
      "properties": {
        "id": 9515791715,
        "kind": "poi",
        "crossing": "marked",
        "highway": "crossing"
      },
      "geometry": {
        "type": "Point",
        "coordinates": [
          -106.5514771,
          35.0620031
        ]
      }
    },
    {
      "type": "Feature",
      "properties": {
        "id": 9515799720,
        "kind": "poi",
        "crossing": "marked",
        "highway": "crossing"
      },
      "geometry": {
        "type": "Point",
        "coordinates": [
          -106.5505892,
          35.06177
        ]
      }
    },
    {
      "type": "Feature",
      "properties": {
        "id": 9553257762,
        "kind": "poi",
        "crossing": "uncontrolled",
        "crossing:markings": "zebra",
        "crossing:signals": "no",
        "highway": "crossing"
      },
      "geometry": {
        "type": "Point",
        "coordinates": [
          -106.6221631,
          35.0890359
        ]
      }
    },
    {
      "type": "Feature",
      "properties": {
        "id": 9553257764,
        "kind": "poi",
        "crossing": "traffic_signals",
        "crossing:markings": "zebra",
        "crossing:signals": "yes",
        "highway": "crossing"
      },
      "geometry": {
        "type": "Point",
        "coordinates": [
          -106.6221308,
          35.0889119
        ]
      }
    },
    {
      "type": "Feature",
      "properties": {
        "id": 9783878813,
        "kind": "poi",
        "crossing": "marked",
        "crossing:markings": "yes",
        "highway": "crossing",
        "tactile_paving": "yes"
      },
      "geometry": {
        "type": "Point",
        "coordinates": [
          -106.645843,
          35.0839142
        ]
      }
    },
    {
      "type": "Feature",
      "properties": {
        "id": 9793896529,
        "kind": "poi",
        "crossing": "pavement",
        "highway": "crossing"
      },
      "geometry": {
        "type": "Point",
        "coordinates": [
          -106.6512543,
          35.1396208
        ]
      }
    },
    {
      "type": "Feature",
      "properties": {
        "id": 9793896534,
        "kind": "poi",
        "crossing": "unmarked",
        "crossing:island": "yes",
        "crossing:markings": "no",
        "highway": "crossing",
        "tactile_paving": "yes"
      },
      "geometry": {
        "type": "Point",
        "coordinates": [
          -106.6511213,
          35.1396482
        ]
      }
    },
    {
      "type": "Feature",
      "properties": {
        "id": 9793896535,
        "kind": "poi",
        "crossing": "unmarked",
        "crossing:island": "yes",
        "crossing:markings": "no",
        "highway": "crossing",
        "tactile_paving": "yes"
      },
      "geometry": {
        "type": "Point",
        "coordinates": [
          -106.6510853,
          35.1397449
        ]
      }
    },
    {
      "type": "Feature",
      "properties": {
        "id": 9793902348,
        "kind": "poi",
        "crossing": "uncontrolled",
        "crossing:markings": "zebra",
        "crossing:signals": "no",
        "highway": "crossing"
      },
      "geometry": {
        "type": "Point",
        "coordinates": [
          -106.6739326,
          35.1249559
        ]
      }
    },
    {
      "type": "Feature",
      "properties": {
        "id": 9793902349,
        "kind": "poi",
        "crossing": "uncontrolled",
        "crossing:markings": "zebra",
        "crossing:signals": "no",
        "highway": "crossing"
      },
      "geometry": {
        "type": "Point",
        "coordinates": [
          -106.6738502,
          35.1249112
        ]
      }
    },
    {
      "type": "Feature",
      "properties": {
        "id": 9799019321,
        "kind": "poi",
        "crossing": "uncontrolled",
        "crossing:markings": "yes",
        "highway": "crossing"
      },
      "geometry": {
        "type": "Point",
        "coordinates": [
          -106.6236839,
          35.1092448
        ]
      }
    },
    {
      "type": "Feature",
      "properties": {
        "id": 9799019322,
        "kind": "poi",
        "crossing": "uncontrolled",
        "crossing:markings": "yes",
        "highway": "crossing"
      },
      "geometry": {
        "type": "Point",
        "coordinates": [
          -106.6236942,
          35.1090815
        ]
      }
    },
    {
      "type": "Feature",
      "properties": {
        "id": 9799019324,
        "kind": "poi",
        "crossing": "uncontrolled",
        "crossing:markings": "yes",
        "highway": "crossing"
      },
      "geometry": {
        "type": "Point",
        "coordinates": [
          -106.623816,
          35.1090376
        ]
      }
    },
    {
      "type": "Feature",
      "properties": {
        "id": 9816644287,
        "kind": "poi",
        "crossing:signals": "yes",
        "highway": "crossing"
      },
      "geometry": {
        "type": "Point",
        "coordinates": [
          -106.6515151,
          35.0845417
        ]
      }
    },
    {
      "type": "Feature",
      "properties": {
        "id": 9816644288,
        "kind": "poi",
        "crossing:signals": "yes",
        "highway": "crossing"
      },
      "geometry": {
        "type": "Point",
        "coordinates": [
          -106.651632,
          35.0844755
        ]
      }
    },
    {
      "type": "Feature",
      "properties": {
        "id": 9816644289,
        "kind": "poi",
        "crossing:signals": "yes",
        "highway": "crossing"
      },
      "geometry": {
        "type": "Point",
        "coordinates": [
          -106.6516839,
          35.0845634
        ]
      }
    },
    {
      "type": "Feature",
      "properties": {
        "id": 9816644290,
        "kind": "poi",
        "crossing:signals": "yes",
        "highway": "crossing"
      },
      "geometry": {
        "type": "Point",
        "coordinates": [
          -106.6515992,
          35.0846482
        ]
      }
    },
    {
      "type": "Feature",
      "properties": {
        "id": 9821362383,
        "kind": "poi",
        "crossing": "uncontrolled",
        "crossing:markings": "yes",
        "highway": "crossing"
      },
      "geometry": {
        "type": "Point",
        "coordinates": [
          -106.575386,
          35.1109524
        ]
      }
    },
    {
      "type": "Feature",
      "properties": {
        "id": 9821362386,
        "kind": "poi",
        "crossing": "uncontrolled",
        "crossing:markings": "yes",
        "highway": "crossing"
      },
      "geometry": {
        "type": "Point",
        "coordinates": [
          -106.575304,
          35.1110173
        ]
      }
    },
    {
      "type": "Feature",
      "properties": {
        "id": 9821362474,
        "kind": "poi",
        "crossing": "unmarked",
        "crossing:markings": "no",
        "highway": "crossing"
      },
      "geometry": {
        "type": "Point",
        "coordinates": [
          -106.576368,
          35.1110067
        ]
      }
    },
    {
      "type": "Feature",
      "properties": {
        "id": 9831686561,
        "kind": "poi",
        "crossing": "uncontrolled",
        "highway": "crossing"
      },
      "geometry": {
        "type": "Point",
        "coordinates": [
          -106.586355,
          35.0945806
        ]
      }
    },
    {
      "type": "Feature",
      "properties": {
        "id": 9831686562,
        "kind": "poi",
        "crossing": "uncontrolled",
        "highway": "crossing"
      },
      "geometry": {
        "type": "Point",
        "coordinates": [
          -106.586186,
          35.094573
        ]
      }
    },
    {
      "type": "Feature",
      "properties": {
        "id": 9831686563,
        "kind": "poi",
        "crossing": "uncontrolled",
        "highway": "crossing"
      },
      "geometry": {
        "type": "Point",
        "coordinates": [
          -106.586471,
          35.0946569
        ]
      }
    },
    {
      "type": "Feature",
      "properties": {
        "id": 9831686564,
        "kind": "poi",
        "crossing": "uncontrolled",
        "highway": "crossing"
      },
      "geometry": {
        "type": "Point",
        "coordinates": [
          -106.586356,
          35.0947395
        ]
      }
    },
    {
      "type": "Feature",
      "properties": {
        "id": 9831686565,
        "kind": "poi",
        "crossing": "uncontrolled",
        "highway": "crossing"
      },
      "geometry": {
        "type": "Point",
        "coordinates": [
          -106.586188,
          35.0947491
        ]
      }
    },
    {
      "type": "Feature",
      "properties": {
        "id": 9831686566,
        "kind": "poi",
        "crossing": "uncontrolled",
        "highway": "crossing"
      },
      "geometry": {
        "type": "Point",
        "coordinates": [
          -106.586076,
          35.0946552
        ]
      }
    },
    {
      "type": "Feature",
      "properties": {
        "id": 9831686583,
        "kind": "poi",
        "crossing": "unmarked",
        "crossing:markings": "no",
        "highway": "crossing"
      },
      "geometry": {
        "type": "Point",
        "coordinates": [
          -106.586436,
          35.0950944
        ]
      }
    },
    {
      "type": "Feature",
      "properties": {
        "id": 9831686585,
        "kind": "poi",
        "crossing": "unmarked",
        "crossing:markings": "no",
        "highway": "crossing"
      },
      "geometry": {
        "type": "Point",
        "coordinates": [
          -106.587006,
          35.0947329
        ]
      }
    },
    {
      "type": "Feature",
      "properties": {
        "id": 9865303302,
        "kind": "poi",
        "crossing": "marked",
        "crossing:markings": "yes",
        "highway": "crossing"
      },
      "geometry": {
        "type": "Point",
        "coordinates": [
          -106.6694881,
          35.0963288
        ]
      }
    },
    {
      "type": "Feature",
      "properties": {
        "id": 9867173773,
        "kind": "poi",
        "crossing": "uncontrolled",
        "crossing:markings": "zebra",
        "crossing:signals": "no",
        "highway": "crossing"
      },
      "geometry": {
        "type": "Point",
        "coordinates": [
          -106.67927,
          35.091457
        ]
      }
    },
    {
      "type": "Feature",
      "properties": {
        "id": 9939611438,
        "kind": "poi",
        "addr:city": "Albuquerque",
        "addr:housenumber": "3602",
        "addr:postcode": "87106",
        "addr:state": "NM",
        "addr:street": "Campus Boulevard Northeast",
        "amenity": "doctors",
        "healthcare": "doctor",
        "healthcare:speciality": "gynaecology",
        "name": "Shamarie Sais MD"
      },
      "geometry": {
        "type": "Point",
        "coordinates": [
          -106.6068387,
          35.0809956
        ]
      }
    },
    {
      "type": "Feature",
      "properties": {
        "id": 9939633932,
        "kind": "poi",
        "crossing": "marked",
        "crossing:markings": "yes",
        "highway": "crossing"
      },
      "geometry": {
        "type": "Point",
        "coordinates": [
          -106.6095743,
          35.0805961
        ]
      }
    },
    {
      "type": "Feature",
      "properties": {
        "id": 9939633935,
        "kind": "poi",
        "crossing": "marked",
        "crossing:markings": "yes",
        "highway": "crossing"
      },
      "geometry": {
        "type": "Point",
        "coordinates": [
          -106.612042,
          35.0809668
        ]
      }
    },
    {
      "type": "Feature",
      "properties": {
        "id": 9939633942,
        "kind": "poi",
        "crossing": "marked",
        "crossing:island": "no",
        "crossing:markings": "yes",
        "highway": "crossing"
      },
      "geometry": {
        "type": "Point",
        "coordinates": [
          -106.613202,
          35.0791052
        ]
      }
    },
    {
      "type": "Feature",
      "properties": {
        "id": 9939633945,
        "kind": "poi",
        "crossing": "marked",
        "crossing:island": "no",
        "crossing:markings": "yes",
        "highway": "crossing"
      },
      "geometry": {
        "type": "Point",
        "coordinates": [
          -106.613425,
          35.079106
        ]
      }
    },
    {
      "type": "Feature",
      "properties": {
        "id": 9949524162,
        "kind": "poi",
        "addr:housenumber": "1823",
        "addr:street": "Camino de Salud",
        "amenity": "clinic",
        "construction": "yes",
        "healthcare": "clinic",
        "healthcare:speciality": "geriatrics",
        "name": "UNMH Senior Health Center",
        "operator": "UNMH",
        "ref": "282A"
      },
      "geometry": {
        "type": "Point",
        "coordinates": [
          -106.622298,
          35.0916581
        ]
      }
    },
    {
      "type": "Feature",
      "properties": {
        "id": 9980762097,
        "kind": "poi",
        "crossing": "uncontrolled",
        "crossing:markings": "yes",
        "highway": "crossing"
      },
      "geometry": {
        "type": "Point",
        "coordinates": [
          -106.569643,
          35.0767551
        ]
      }
    },
    {
      "type": "Feature",
      "properties": {
        "id": 9980762098,
        "kind": "poi",
        "crossing": "unmarked",
        "crossing:markings": "no",
        "highway": "crossing"
      },
      "geometry": {
        "type": "Point",
        "coordinates": [
          -106.5763561,
          35.0710014
        ]
      }
    },
    {
      "type": "Feature",
      "properties": {
        "id": 9980762106,
        "kind": "poi",
        "crossing": "uncontrolled",
        "crossing:markings": "yes",
        "highway": "crossing"
      },
      "geometry": {
        "type": "Point",
        "coordinates": [
          -106.568722,
          35.0673025
        ]
      }
    },
    {
      "type": "Feature",
      "properties": {
        "id": 9980762107,
        "kind": "poi",
        "crossing": "uncontrolled",
        "crossing:markings": "yes",
        "highway": "crossing"
      },
      "geometry": {
        "type": "Point",
        "coordinates": [
          -106.5688589,
          35.0672245
        ]
      }
    },
    {
      "type": "Feature",
      "properties": {
        "id": 9980762108,
        "kind": "poi",
        "crossing": "uncontrolled",
        "crossing:markings": "yes",
        "highway": "crossing"
      },
      "geometry": {
        "type": "Point",
        "coordinates": [
          -106.568721,
          35.0671595
        ]
      }
    },
    {
      "type": "Feature",
      "properties": {
        "id": 9980762109,
        "kind": "poi",
        "crossing": "uncontrolled",
        "crossing:markings": "yes",
        "highway": "crossing"
      },
      "geometry": {
        "type": "Point",
        "coordinates": [
          -106.568588,
          35.0672226
        ]
      }
    },
    {
      "type": "Feature",
      "properties": {
        "id": 9980809820,
        "kind": "poi",
        "crossing": "unmarked",
        "crossing:markings": "no",
        "highway": "crossing"
      },
      "geometry": {
        "type": "Point",
        "coordinates": [
          -106.568588,
          35.068265
        ]
      }
    },
    {
      "type": "Feature",
      "properties": {
        "id": 9980809821,
        "kind": "poi",
        "crossing": "uncontrolled",
        "crossing:markings": "yes",
        "highway": "crossing"
      },
      "geometry": {
        "type": "Point",
        "coordinates": [
          -106.568552,
          35.0690416
        ]
      }
    },
    {
      "type": "Feature",
      "properties": {
        "id": 9980809822,
        "kind": "poi",
        "crossing": "uncontrolled",
        "crossing:markings": "yes",
        "highway": "crossing"
      },
      "geometry": {
        "type": "Point",
        "coordinates": [
          -106.568829,
          35.0690441
        ]
      }
    },
    {
      "type": "Feature",
      "properties": {
        "id": 9980809823,
        "kind": "poi",
        "crossing": "uncontrolled",
        "crossing:markings": "yes",
        "highway": "crossing"
      },
      "geometry": {
        "type": "Point",
        "coordinates": [
          -106.568688,
          35.0691067
        ]
      }
    },
    {
      "type": "Feature",
      "properties": {
        "id": 9980809824,
        "kind": "poi",
        "crossing": "uncontrolled",
        "crossing:markings": "yes",
        "highway": "crossing"
      },
      "geometry": {
        "type": "Point",
        "coordinates": [
          -106.56869,
          35.068973
        ]
      }
    },
    {
      "type": "Feature",
      "properties": {
        "id": 9980809839,
        "kind": "poi",
        "crossing": "unmarked",
        "crossing:markings": "no",
        "highway": "crossing"
      },
      "geometry": {
        "type": "Point",
        "coordinates": [
          -106.568823,
          35.0681017
        ]
      }
    },
    {
      "type": "Feature",
      "properties": {
        "id": 9980809855,
        "kind": "poi",
        "crossing": "unmarked",
        "crossing:markings": "no",
        "highway": "crossing"
      },
      "geometry": {
        "type": "Point",
        "coordinates": [
          -106.556972,
          35.08184
        ]
      }
    },
    {
      "type": "Feature",
      "properties": {
        "id": 9980809907,
        "kind": "poi",
        "crossing": "uncontrolled",
        "crossing:markings": "yes",
        "highway": "crossing"
      },
      "geometry": {
        "type": "Point",
        "coordinates": [
          -106.551283,
          35.0950408
        ]
      }
    },
    {
      "type": "Feature",
      "properties": {
        "id": 9980809908,
        "kind": "poi",
        "crossing": "uncontrolled",
        "crossing:markings": "yes",
        "highway": "crossing"
      },
      "geometry": {
        "type": "Point",
        "coordinates": [
          -106.551055,
          35.0950337
        ]
      }
    },
    {
      "type": "Feature",
      "properties": {
        "id": 10002293830,
        "kind": "poi",
        "crossing": "uncontrolled",
        "crossing:markings": "surface",
        "highway": "crossing"
      },
      "geometry": {
        "type": "Point",
        "coordinates": [
          -106.6584567,
          35.1076588
        ]
      }
    },
    {
      "type": "Feature",
      "properties": {
        "id": 10005807757,
        "kind": "poi",
        "highway": "crossing"
      },
      "geometry": {
        "type": "Point",
        "coordinates": [
          -106.5955478,
          35.1069291
        ]
      }
    },
    {
      "type": "Feature",
      "properties": {
        "id": 10028939735,
        "kind": "poi",
        "crossing": "unmarked",
        "crossing:markings": "no",
        "highway": "crossing"
      },
      "geometry": {
        "type": "Point",
        "coordinates": [
          -106.6704733,
          35.0873087
        ]
      }
    },
    {
      "type": "Feature",
      "properties": {
        "id": 10028939743,
        "kind": "poi",
        "crossing": "unmarked",
        "crossing:markings": "no",
        "highway": "crossing"
      },
      "geometry": {
        "type": "Point",
        "coordinates": [
          -106.670189,
          35.0885758
        ]
      }
    },
    {
      "type": "Feature",
      "properties": {
        "id": 10035866262,
        "kind": "poi",
        "crossing": "uncontrolled",
        "crossing:markings": "surface",
        "highway": "crossing"
      },
      "geometry": {
        "type": "Point",
        "coordinates": [
          -106.6581238,
          35.1082241
        ]
      }
    },
    {
      "type": "Feature",
      "properties": {
        "id": 10153348381,
        "kind": "poi",
        "amenity": "pharmacy",
        "brand": "Walgreens",
        "brand:wikidata": "Q1591889",
        "dispensing": "yes",
        "drive_through": "yes",
        "healthcare": "pharmacy",
        "name": "Walgreens"
      },
      "geometry": {
        "type": "Point",
        "coordinates": [
          -106.6717441,
          35.0959935
        ]
      }
    },
    {
      "type": "Feature",
      "properties": {
        "id": 10153348387,
        "kind": "poi",
        "crossing": "uncontrolled",
        "crossing:markings": "lines",
        "highway": "crossing"
      },
      "geometry": {
        "type": "Point",
        "coordinates": [
          -106.6672816,
          35.0958882
        ]
      }
    },
    {
      "type": "Feature",
      "properties": {
        "id": 10158072797,
        "kind": "poi",
        "crossing": "unmarked",
        "crossing:markings": "no",
        "highway": "crossing"
      },
      "geometry": {
        "type": "Point",
        "coordinates": [
          -106.6707805,
          35.0951269
        ]
      }
    },
    {
      "type": "Feature",
      "properties": {
        "id": 10164836550,
        "kind": "poi",
        "crossing": "uncontrolled",
        "crossing:markings": "zebra",
        "crossing:signals": "no",
        "highway": "crossing"
      },
      "geometry": {
        "type": "Point",
        "coordinates": [
          -106.659639,
          35.087266
        ]
      }
    },
    {
      "type": "Feature",
      "properties": {
        "id": 10171416448,
        "kind": "poi",
        "highway": "crossing"
      },
      "geometry": {
        "type": "Point",
        "coordinates": [
          -106.6544951,
          35.0827019
        ]
      }
    },
    {
      "type": "Feature",
      "properties": {
        "id": 10174128684,
        "kind": "poi",
        "amenity": "shelter"
      },
      "geometry": {
        "type": "Point",
        "coordinates": [
          -106.6176239,
          35.0900353
        ]
      }
    },
    {
      "type": "Feature",
      "properties": {
        "id": 10174128688,
        "kind": "poi",
        "amenity": "shelter"
      },
      "geometry": {
        "type": "Point",
        "coordinates": [
          -106.6176746,
          35.0898964
        ]
      }
    },
    {
      "type": "Feature",
      "properties": {
        "id": 10194928795,
        "kind": "poi",
        "barrier": "gate",
        "highway": "crossing"
      },
      "geometry": {
        "type": "Point",
        "coordinates": [
          -106.6147877,
          35.1084567
        ]
      }
    },
    {
      "type": "Feature",
      "properties": {
        "id": 10219996669,
        "kind": "poi",
        "highway": "crossing"
      },
      "geometry": {
        "type": "Point",
        "coordinates": [
          -106.625311,
          35.085609
        ]
      }
    },
    {
      "type": "Feature",
      "properties": {
        "id": 10219996671,
        "kind": "poi",
        "highway": "crossing"
      },
      "geometry": {
        "type": "Point",
        "coordinates": [
          -106.6206562,
          35.0934571
        ]
      }
    },
    {
      "type": "Feature",
      "properties": {
        "id": 10230891669,
        "kind": "poi",
        "addr:city": "Albuquerque",
        "addr:housenumber": "909",
        "addr:state": "NM",
        "addr:street": "Yale Boulevard Northeast",
        "amenity": "clinic",
        "healthcare": "clinic",
        "healthcare:speciality": "neurology",
        "name": "Nene and Jamie Koch Comprehensive Movement Disorder Center",
        "operator": "UNMH",
        "ref": "282"
      },
      "geometry": {
        "type": "Point",
        "coordinates": [
          -106.62192,
          35.09158
        ]
      }
    },
    {
      "type": "Feature",
      "properties": {
        "id": 10230891689,
        "kind": "poi",
        "crossing": "unmarked",
        "crossing:markings": "no",
        "highway": "crossing"
      },
      "geometry": {
        "type": "Point",
        "coordinates": [
          -106.62141,
          35.0911903
        ]
      }
    },
    {
      "type": "Feature",
      "properties": {
        "id": 10230891700,
        "kind": "poi",
        "crossing": "unmarked",
        "crossing:markings": "no",
        "highway": "crossing"
      },
      "geometry": {
        "type": "Point",
        "coordinates": [
          -106.621869,
          35.091951
        ]
      }
    },
    {
      "type": "Feature",
      "properties": {
        "id": 10230918055,
        "kind": "poi",
        "crossing": "unmarked",
        "crossing:markings": "no",
        "highway": "crossing"
      },
      "geometry": {
        "type": "Point",
        "coordinates": [
          -106.622541,
          35.0909923
        ]
      }
    },
    {
      "type": "Feature",
      "properties": {
        "id": 10245687643,
        "kind": "poi",
        "crossing": "unmarked",
        "crossing:markings": "no",
        "highway": "crossing"
      },
      "geometry": {
        "type": "Point",
        "coordinates": [
          -106.6685526,
          35.0983494
        ]
      }
    },
    {
      "type": "Feature",
      "properties": {
        "id": 10286764105,
        "kind": "poi",
        "amenity": "animal_shelter",
        "level": "1",
        "name": "Lucky Paws"
      },
      "geometry": {
        "type": "Point",
        "coordinates": [
          -106.5715269,
          35.1065224
        ]
      }
    },
    {
      "type": "Feature",
      "properties": {
        "id": 10538633063,
        "kind": "poi",
        "crossing": "unmarked",
        "crossing:markings": "no",
        "highway": "crossing"
      },
      "geometry": {
        "type": "Point",
        "coordinates": [
          -106.598538,
          35.1307569
        ]
      }
    },
    {
      "type": "Feature",
      "properties": {
        "id": 10585728174,
        "kind": "poi",
        "addr:housenumber": "1001",
        "addr:street": "Yale Boulevard Northeast",
        "amenity": "clinic",
        "healthcare": "clinic",
        "healthcare:speciality": "child_psychiatry",
        "name": "Cimarron Clinic"
      },
      "geometry": {
        "type": "Point",
        "coordinates": [
          -106.6220316,
          35.0933744
        ]
      }
    },
    {
      "type": "Feature",
      "properties": {
        "id": 10586309923,
        "kind": "poi",
        "addr:housenumber": "801",
        "addr:street": "Encino Place Northeast",
        "addr:unit": "A",
        "amenity": "clinic",
        "healthcare": "clinic",
        "name": "UNM Truman Health Services",
        "ref": "1052A"
      },
      "geometry": {
        "type": "Point",
        "coordinates": [
          -106.6314527,
          35.0900567
        ]
      }
    },
    {
      "type": "Feature",
      "properties": {
        "id": 10586309924,
        "kind": "poi",
        "addr:housenumber": "801",
        "addr:street": "Encino Place Northeast",
        "addr:unit": "B",
        "amenity": "clinic",
        "healthcare": "clinic",
        "name": "UNMH Care One Program & UNM Medical Group Truman",
        "ref": "1052B"
      },
      "geometry": {
        "type": "Point",
        "coordinates": [
          -106.6319662,
          35.0901697
        ]
      }
    },
    {
      "type": "Feature",
      "properties": {
        "id": 10586309927,
        "kind": "poi",
        "addr:housenumber": "801",
        "addr:street": "Encino Place Northeast",
        "addr:unit": "E",
        "amenity": "clinic",
        "healthcare": "clinic",
        "name": "UNMH Women's Faculty & Midwife Clinic",
        "ref": "1052E"
      },
      "geometry": {
        "type": "Point",
        "coordinates": [
          -106.6319238,
          35.0892462
        ]
      }
    },
    {
      "type": "Feature",
      "properties": {
        "id": 10586309928,
        "kind": "poi",
        "addr:housenumber": "801",
        "addr:street": "Encino Place Northeast",
        "addr:unit": "F",
        "amenity": "clinic",
        "healthcare": "clinic",
        "name": "UNMH Truman Health Services",
        "ref": "1052F"
      },
      "geometry": {
        "type": "Point",
        "coordinates": [
          -106.6314588,
          35.089595
        ]
      }
    },
    {
      "type": "Feature",
      "properties": {
        "id": 10586424157,
        "kind": "poi",
        "amenity": "shelter",
        "shelter_type": "public_transport"
      },
      "geometry": {
        "type": "Point",
        "coordinates": [
          -106.6189214,
          35.0908451
        ]
      }
    },
    {
      "type": "Feature",
      "properties": {
        "id": 10587972393,
        "kind": "poi",
        "crossing": "unmarked",
        "crossing:markings": "no",
        "highway": "crossing"
      },
      "geometry": {
        "type": "Point",
        "coordinates": [
          -106.6293303,
          35.073504
        ]
      }
    },
    {
      "type": "Feature",
      "properties": {
        "id": 10611599724,
        "kind": "poi",
        "highway": "crossing"
      },
      "geometry": {
        "type": "Point",
        "coordinates": [
          -106.551756,
          35.1280158
        ]
      }
    },
    {
      "type": "Feature",
      "properties": {
        "id": 10656389404,
        "kind": "poi",
        "crossing:signals": "yes",
        "highway": "crossing"
      },
      "geometry": {
        "type": "Point",
        "coordinates": [
          -106.6515141,
          35.0855766
        ]
      }
    },
    {
      "type": "Feature",
      "properties": {
        "id": 10656392305,
        "kind": "poi",
        "crossing:signals": "yes",
        "highway": "crossing"
      },
      "geometry": {
        "type": "Point",
        "coordinates": [
          -106.6514005,
          35.0856343
        ]
      }
    },
    {
      "type": "Feature",
      "properties": {
        "id": 10656392306,
        "kind": "poi",
        "crossing:signals": "yes",
        "highway": "crossing"
      },
      "geometry": {
        "type": "Point",
        "coordinates": [
          -106.6513309,
          35.0855539
        ]
      }
    },
    {
      "type": "Feature",
      "properties": {
        "id": 10656392307,
        "kind": "poi",
        "crossing:island": "no",
        "crossing:signals": "yes",
        "highway": "crossing"
      },
      "geometry": {
        "type": "Point",
        "coordinates": [
          -106.6514312,
          35.0854785
        ]
      }
    },
    {
      "type": "Feature",
      "properties": {
        "id": 10656392308,
        "kind": "poi",
        "highway": "crossing"
      },
      "geometry": {
        "type": "Point",
        "coordinates": [
          -106.6527107,
          35.0857275
        ]
      }
    },
    {
      "type": "Feature",
      "properties": {
        "id": 10656392309,
        "kind": "poi",
        "crossing:signals": "yes",
        "highway": "crossing"
      },
      "geometry": {
        "type": "Point",
        "coordinates": [
          -106.6525863,
          35.0857935
        ]
      }
    },
    {
      "type": "Feature",
      "properties": {
        "id": 10656392310,
        "kind": "poi",
        "highway": "crossing"
      },
      "geometry": {
        "type": "Point",
        "coordinates": [
          -106.6525189,
          35.0857033
        ]
      }
    },
    {
      "type": "Feature",
      "properties": {
        "id": 10656392311,
        "kind": "poi",
        "highway": "crossing"
      },
      "geometry": {
        "type": "Point",
        "coordinates": [
          -106.6526184,
          35.08563
        ]
      }
    },
    {
      "type": "Feature",
      "properties": {
        "id": 10656392459,
        "kind": "poi",
        "highway": "crossing"
      },
      "geometry": {
        "type": "Point",
        "coordinates": [
          -106.6525924,
          35.0863293
        ]
      }
    },
    {
      "type": "Feature",
      "properties": {
        "id": 10656392460,
        "kind": "poi",
        "highway": "crossing"
      },
      "geometry": {
        "type": "Point",
        "coordinates": [
          -106.652579,
          35.0863745
        ]
      }
    },
    {
      "type": "Feature",
      "properties": {
        "id": 10656392463,
        "kind": "poi",
        "highway": "crossing"
      },
      "geometry": {
        "type": "Point",
        "coordinates": [
          -106.6535781,
          35.0865993
        ]
      }
    },
    {
      "type": "Feature",
      "properties": {
        "id": 10656392556,
        "kind": "poi",
        "highway": "crossing"
      },
      "geometry": {
        "type": "Point",
        "coordinates": [
          -106.6517852,
          35.0836274
        ]
      }
    },
    {
      "type": "Feature",
      "properties": {
        "id": 10656392558,
        "kind": "poi",
        "highway": "crossing"
      },
      "geometry": {
        "type": "Point",
        "coordinates": [
          -106.6518141,
          35.083473
        ]
      }
    },
    {
      "type": "Feature",
      "properties": {
        "id": 10656392599,
        "kind": "poi",
        "crossing:signals": "yes",
        "highway": "crossing"
      },
      "geometry": {
        "type": "Point",
        "coordinates": [
          -106.6490208,
          35.0853206
        ]
      }
    },
    {
      "type": "Feature",
      "properties": {
        "id": 10656392600,
        "kind": "poi",
        "crossing:signals": "yes",
        "highway": "crossing",
        "tactile_paving": "yes"
      },
      "geometry": {
        "type": "Point",
        "coordinates": [
          -106.6491331,
          35.0852782
        ]
      }
    },
    {
      "type": "Feature",
      "properties": {
        "id": 10656392601,
        "kind": "poi",
        "crossing:signals": "yes",
        "highway": "crossing"
      },
      "geometry": {
        "type": "Point",
        "coordinates": [
          -106.6490498,
          35.0851712
        ]
      }
    },
    {
      "type": "Feature",
      "properties": {
        "id": 10656392602,
        "kind": "poi",
        "crossing:signals": "yes",
        "highway": "crossing"
      },
      "geometry": {
        "type": "Point",
        "coordinates": [
          -106.648956,
          35.0852527
        ]
      }
    },
    {
      "type": "Feature",
      "properties": {
        "id": 10656392610,
        "kind": "poi",
        "crossing": "traffic_signals",
        "crossing:markings": "lines",
        "crossing:signals": "yes",
        "highway": "crossing"
      },
      "geometry": {
        "type": "Point",
        "coordinates": [
          -106.649999,
          35.086616
        ]
      }
    },
    {
      "type": "Feature",
      "properties": {
        "id": 10656392611,
        "kind": "poi",
        "crossing": "traffic_signals",
        "crossing:markings": "lines",
        "crossing:signals": "yes",
        "highway": "crossing"
      },
      "geometry": {
        "type": "Point",
        "coordinates": [
          -106.649919,
          35.0865271
        ]
      }
    },
    {
      "type": "Feature",
      "properties": {
        "id": 10656392612,
        "kind": "poi",
        "crossing": "traffic_signals",
        "crossing:markings": "lines",
        "crossing:signals": "yes",
        "highway": "crossing"
      },
      "geometry": {
        "type": "Point",
        "coordinates": [
          -106.6501324,
          35.0865428
        ]
      }
    },
    {
      "type": "Feature",
      "properties": {
        "id": 10656392613,
        "kind": "poi",
        "crossing": "traffic_signals",
        "crossing:markings": "lines",
        "crossing:signals": "yes",
        "highway": "crossing"
      },
      "geometry": {
        "type": "Point",
        "coordinates": [
          -106.6500253,
          35.0864477
        ]
      }
    },
    {
      "type": "Feature",
      "properties": {
        "id": 10656392618,
        "kind": "poi",
        "crossing": "traffic_signals",
        "crossing:markings": "lines",
        "crossing:signals": "yes",
        "highway": "crossing"
      },
      "geometry": {
        "type": "Point",
        "coordinates": [
          -106.6523973,
          35.0868242
        ]
      }
    },
    {
      "type": "Feature",
      "properties": {
        "id": 10656392619,
        "kind": "poi",
        "crossing": "traffic_signals",
        "crossing:markings": "lines",
        "crossing:signals": "yes",
        "highway": "crossing"
      },
      "geometry": {
        "type": "Point",
        "coordinates": [
          -106.6524891,
          35.0869458
        ]
      }
    },
    {
      "type": "Feature",
      "properties": {
        "id": 10656392620,
        "kind": "poi",
        "crossing": "traffic_signals",
        "crossing:markings": "lines",
        "crossing:signals": "yes",
        "highway": "crossing"
      },
      "geometry": {
        "type": "Point",
        "coordinates": [
          -106.652366,
          35.0869955
        ]
      }
    },
    {
      "type": "Feature",
      "properties": {
        "id": 10656392621,
        "kind": "poi",
        "crossing": "traffic_signals",
        "crossing:markings": "lines",
        "crossing:signals": "yes",
        "highway": "crossing"
      },
      "geometry": {
        "type": "Point",
        "coordinates": [
          -106.6522824,
          35.0868923
        ]
      }
    },
    {
      "type": "Feature",
      "properties": {
        "id": 10656392622,
        "kind": "poi",
        "crossing": "uncontrolled",
        "crossing:markings": "zebra",
        "crossing:signals": "no",
        "highway": "crossing"
      },
      "geometry": {
        "type": "Point",
        "coordinates": [
          -106.6513148,
          35.0866451
        ]
      }
    },
    {
      "type": "Feature",
      "properties": {
        "id": 10656392623,
        "kind": "poi",
        "crossing": "uncontrolled",
        "crossing:markings": "zebra",
        "crossing:signals": "no",
        "highway": "crossing"
      },
      "geometry": {
        "type": "Point",
        "coordinates": [
          -106.6512326,
          35.0865126
        ]
      }
    },
    {
      "type": "Feature",
      "properties": {
        "id": 10656392624,
        "kind": "poi",
        "highway": "crossing"
      },
      "geometry": {
        "type": "Point",
        "coordinates": [
          -106.6531698,
          35.0870367
        ]
      }
    },
    {
      "type": "Feature",
      "properties": {
        "id": 10656392625,
        "kind": "poi",
        "highway": "crossing"
      },
      "geometry": {
        "type": "Point",
        "coordinates": [
          -106.6535576,
          35.0866806
        ]
      }
    },
    {
      "type": "Feature",
      "properties": {
        "id": 10656392626,
        "kind": "poi",
        "crossing": "traffic_signals",
        "crossing:markings": "lines",
        "crossing:signals": "yes",
        "highway": "crossing"
      },
      "geometry": {
        "type": "Point",
        "coordinates": [
          -106.6522196,
          35.0883423
        ]
      }
    },
    {
      "type": "Feature",
      "properties": {
        "id": 10656392627,
        "kind": "poi",
        "crossing": "traffic_signals",
        "crossing:markings": "lines",
        "crossing:signals": "yes",
        "highway": "crossing"
      },
      "geometry": {
        "type": "Point",
        "coordinates": [
          -106.6521097,
          35.0884024
        ]
      }
    },
    {
      "type": "Feature",
      "properties": {
        "id": 10656392628,
        "kind": "poi",
        "crossing": "traffic_signals",
        "crossing:markings": "lines",
        "crossing:signals": "yes",
        "highway": "crossing"
      },
      "geometry": {
        "type": "Point",
        "coordinates": [
          -106.6520403,
          35.0883212
        ]
      }
    },
    {
      "type": "Feature",
      "properties": {
        "id": 10656392629,
        "kind": "poi",
        "crossing": "traffic_signals",
        "crossing:markings": "lines",
        "crossing:signals": "yes",
        "highway": "crossing"
      },
      "geometry": {
        "type": "Point",
        "coordinates": [
          -106.6521376,
          35.0882426
        ]
      }
    },
    {
      "type": "Feature",
      "properties": {
        "id": 10656392701,
        "kind": "poi",
        "highway": "crossing"
      },
      "geometry": {
        "type": "Point",
        "coordinates": [
          -106.6520013,
          35.0825014
        ]
      }
    },
    {
      "type": "Feature",
      "properties": {
        "id": 10656392721,
        "kind": "poi",
        "highway": "crossing"
      },
      "geometry": {
        "type": "Point",
        "coordinates": [
          -106.6520791,
          35.0815841
        ]
      }
    },
    {
      "type": "Feature",
      "properties": {
        "id": 10656392738,
        "kind": "poi",
        "crossing:signals": "yes",
        "highway": "crossing"
      },
      "geometry": {
        "type": "Point",
        "coordinates": [
          -106.6502439,
          35.0853348
        ]
      }
    },
    {
      "type": "Feature",
      "properties": {
        "id": 10656392739,
        "kind": "poi",
        "highway": "crossing"
      },
      "geometry": {
        "type": "Point",
        "coordinates": [
          -106.6501383,
          35.0854091
        ]
      }
    },
    {
      "type": "Feature",
      "properties": {
        "id": 10656392740,
        "kind": "poi",
        "highway": "crossing"
      },
      "geometry": {
        "type": "Point",
        "coordinates": [
          -106.6502179,
          35.0854821
        ]
      }
    },
    {
      "type": "Feature",
      "properties": {
        "id": 10656392741,
        "kind": "poi",
        "crossing:island": "no",
        "crossing:signals": "yes",
        "highway": "crossing",
        "tactile_paving": "yes"
      },
      "geometry": {
        "type": "Point",
        "coordinates": [
          -106.6503227,
          35.085432
        ]
      }
    },
    {
      "type": "Feature",
      "properties": {
        "id": 10656392746,
        "kind": "poi",
        "crossing:signals": "no",
        "highway": "crossing"
      },
      "geometry": {
        "type": "Point",
        "coordinates": [
          -106.6508264,
          35.0891816
        ]
      }
    },
    {
      "type": "Feature",
      "properties": {
        "id": 10656392747,
        "kind": "poi",
        "crossing:signals": "no",
        "highway": "crossing"
      },
      "geometry": {
        "type": "Point",
        "coordinates": [
          -106.6507278,
          35.0892508
        ]
      }
    },
    {
      "type": "Feature",
      "properties": {
        "id": 10656392748,
        "kind": "poi",
        "crossing:signals": "no",
        "highway": "crossing"
      },
      "geometry": {
        "type": "Point",
        "coordinates": [
          -106.6506555,
          35.089162
        ]
      }
    },
    {
      "type": "Feature",
      "properties": {
        "id": 10656392749,
        "kind": "poi",
        "crossing:signals": "no",
        "highway": "crossing"
      },
      "geometry": {
        "type": "Point",
        "coordinates": [
          -106.650757,
          35.0890996
        ]
      }
    },
    {
      "type": "Feature",
      "properties": {
        "id": 10656392757,
        "kind": "poi",
        "crossing": "traffic_signals",
        "crossing:markings": "lines",
        "crossing:signals": "yes",
        "highway": "crossing"
      },
      "geometry": {
        "type": "Point",
        "coordinates": [
          -106.6497612,
          35.0879651
        ]
      }
    },
    {
      "type": "Feature",
      "properties": {
        "id": 10656392759,
        "kind": "poi",
        "crossing": "traffic_signals",
        "crossing:markings": "lines",
        "crossing:signals": "yes",
        "highway": "crossing"
      },
      "geometry": {
        "type": "Point",
        "coordinates": [
          -106.649637,
          35.0880409
        ]
      }
    },
    {
      "type": "Feature",
      "properties": {
        "id": 10656392760,
        "kind": "poi",
        "crossing": "traffic_signals",
        "crossing:markings": "lines",
        "crossing:signals": "yes",
        "highway": "crossing"
      },
      "geometry": {
        "type": "Point",
        "coordinates": [
          -106.6497077,
          35.088133
        ]
      }
    },
    {
      "type": "Feature",
      "properties": {
        "id": 10656392761,
        "kind": "poi",
        "crossing": "traffic_signals",
        "crossing:markings": "lines",
        "crossing:signals": "yes",
        "highway": "crossing"
      },
      "geometry": {
        "type": "Point",
        "coordinates": [
          -106.649857,
          35.08807
        ]
      }
    },
    {
      "type": "Feature",
      "properties": {
        "id": 10656448285,
        "kind": "poi",
        "crossing": "uncontrolled",
        "crossing:markings": "yes",
        "highway": "crossing"
      },
      "geometry": {
        "type": "Point",
        "coordinates": [
          -106.607036,
          35.0802433
        ]
      }
    },
    {
      "type": "Feature",
      "properties": {
        "id": 10656449235,
        "kind": "poi",
        "crossing": "uncontrolled",
        "crossing:markings": "yes",
        "highway": "crossing"
      },
      "geometry": {
        "type": "Point",
        "coordinates": [
          -106.607041,
          35.0799874
        ]
      }
    },
    {
      "type": "Feature",
      "properties": {
        "id": 10656449239,
        "kind": "poi",
        "crossing": "uncontrolled",
        "crossing:markings": "yes",
        "highway": "crossing"
      },
      "geometry": {
        "type": "Point",
        "coordinates": [
          -106.605788,
          35.0798256
        ]
      }
    },
    {
      "type": "Feature",
      "properties": {
        "id": 10656449274,
        "kind": "poi",
        "crossing": "uncontrolled",
        "crossing:markings": "yes",
        "highway": "crossing"
      },
      "geometry": {
        "type": "Point",
        "coordinates": [
          -106.61705,
          35.0808631
        ]
      }
    },
    {
      "type": "Feature",
      "properties": {
        "id": 10656449285,
        "kind": "poi",
        "crossing": "uncontrolled",
        "crossing:markings": "yes",
        "highway": "crossing"
      },
      "geometry": {
        "type": "Point",
        "coordinates": [
          -106.620818,
          35.0808821
        ]
      }
    },
    {
      "type": "Feature",
      "properties": {
        "id": 10656449293,
        "kind": "poi",
        "crossing": "uncontrolled",
        "crossing:markings": "yes",
        "highway": "crossing"
      },
      "geometry": {
        "type": "Point",
        "coordinates": [
          -106.624016,
          35.0809002
        ]
      }
    },
    {
      "type": "Feature",
      "properties": {
        "id": 10656449296,
        "kind": "poi",
        "crossing": "uncontrolled",
        "crossing:markings": "yes",
        "highway": "crossing"
      },
      "geometry": {
        "type": "Point",
        "coordinates": [
          -106.624384,
          35.0809507
        ]
      }
    },
    {
      "type": "Feature",
      "properties": {
        "id": 10656449306,
        "kind": "poi",
        "crossing": "traffic_signals",
        "highway": "crossing"
      },
      "geometry": {
        "type": "Point",
        "coordinates": [
          -106.6267607,
          35.0812495
        ]
      }
    },
    {
      "type": "Feature",
      "properties": {
        "id": 10656449307,
        "kind": "poi",
        "crossing": "traffic_signals",
        "highway": "crossing"
      },
      "geometry": {
        "type": "Point",
        "coordinates": [
          -106.6269129,
          35.0812589
        ]
      }
    },
    {
      "type": "Feature",
      "properties": {
        "id": 10656449310,
        "kind": "poi",
        "crossing": "traffic_signals",
        "highway": "crossing"
      },
      "geometry": {
        "type": "Point",
        "coordinates": [
          -106.6270165,
          35.0813403
        ]
      }
    },
    {
      "type": "Feature",
      "properties": {
        "id": 10656449313,
        "kind": "poi",
        "crossing": "traffic_signals",
        "highway": "crossing"
      },
      "geometry": {
        "type": "Point",
        "coordinates": [
          -106.6269985,
          35.0814492
        ]
      }
    },
    {
      "type": "Feature",
      "properties": {
        "id": 10656449316,
        "kind": "poi",
        "crossing": "traffic_signals",
        "highway": "crossing"
      },
      "geometry": {
        "type": "Point",
        "coordinates": [
          -106.626859,
          35.0815324
        ]
      }
    },
    {
      "type": "Feature",
      "properties": {
        "id": 10656449317,
        "kind": "poi",
        "crossing": "traffic_signals",
        "highway": "crossing"
      },
      "geometry": {
        "type": "Point",
        "coordinates": [
          -106.6267092,
          35.0815347
        ]
      }
    },
    {
      "type": "Feature",
      "properties": {
        "id": 10656449319,
        "kind": "poi",
        "crossing": "traffic_signals",
        "highway": "crossing"
      },
      "geometry": {
        "type": "Point",
        "coordinates": [
          -106.6266293,
          35.081423
        ]
      }
    },
    {
      "type": "Feature",
      "properties": {
        "id": 10656449322,
        "kind": "poi",
        "crossing": "traffic_signals",
        "highway": "crossing"
      },
      "geometry": {
        "type": "Point",
        "coordinates": [
          -106.6266557,
          35.0812926
        ]
      }
    },
    {
      "type": "Feature",
      "properties": {
        "id": 10656449327,
        "kind": "poi",
        "crossing": "uncontrolled",
        "crossing:markings": "yes",
        "highway": "crossing"
      },
      "geometry": {
        "type": "Point",
        "coordinates": [
          -106.6279536,
          35.081408
        ]
      }
    },
    {
      "type": "Feature",
      "properties": {
        "id": 10656449332,
        "kind": "poi",
        "crossing": "uncontrolled",
        "crossing:markings": "yes",
        "highway": "crossing"
      },
      "geometry": {
        "type": "Point",
        "coordinates": [
          -106.6291385,
          35.0815641
        ]
      }
    },
    {
      "type": "Feature",
      "properties": {
        "id": 10656449338,
        "kind": "poi",
        "crossing": "uncontrolled",
        "crossing:markings": "yes",
        "highway": "crossing"
      },
      "geometry": {
        "type": "Point",
        "coordinates": [
          -106.6303261,
          35.0817163
        ]
      }
    },
    {
      "type": "Feature",
      "properties": {
        "id": 10656449346,
        "kind": "poi",
        "crossing": "uncontrolled",
        "crossing:markings": "yes",
        "highway": "crossing"
      },
      "geometry": {
        "type": "Point",
        "coordinates": [
          -106.6325516,
          35.0819664
        ]
      }
    },
    {
      "type": "Feature",
      "properties": {
        "id": 10656449348,
        "kind": "poi",
        "crossing": "traffic_signals",
        "crossing:markings": "yes",
        "highway": "crossing"
      },
      "geometry": {
        "type": "Point",
        "coordinates": [
          -106.6326491,
          35.0819976
        ]
      }
    },
    {
      "type": "Feature",
      "properties": {
        "id": 10656449350,
        "kind": "poi",
        "crossing": "traffic_signals",
        "crossing:markings": "yes",
        "highway": "crossing"
      },
      "geometry": {
        "type": "Point",
        "coordinates": [
          -106.6327734,
          35.0820075
        ]
      }
    },
    {
      "type": "Feature",
      "properties": {
        "id": 10656449360,
        "kind": "poi",
        "crossing": "traffic_signals",
        "crossing:markings": "yes",
        "highway": "crossing"
      },
      "geometry": {
        "type": "Point",
        "coordinates": [
          -106.6362847,
          35.0824899
        ]
      }
    },
    {
      "type": "Feature",
      "properties": {
        "id": 10656449361,
        "kind": "poi",
        "crossing": "traffic_signals",
        "crossing:markings": "yes",
        "highway": "crossing"
      },
      "geometry": {
        "type": "Point",
        "coordinates": [
          -106.636171,
          35.0825271
        ]
      }
    },
    {
      "type": "Feature",
      "properties": {
        "id": 10656449362,
        "kind": "poi",
        "crossing": "traffic_signals",
        "crossing:markings": "yes",
        "highway": "crossing"
      },
      "geometry": {
        "type": "Point",
        "coordinates": [
          -106.6361554,
          35.0825953
        ]
      }
    },
    {
      "type": "Feature",
      "properties": {
        "id": 10656449363,
        "kind": "poi",
        "crossing": "traffic_signals",
        "crossing:markings": "yes",
        "highway": "crossing"
      },
      "geometry": {
        "type": "Point",
        "coordinates": [
          -106.6361335,
          35.0826907
        ]
      }
    },
    {
      "type": "Feature",
      "properties": {
        "id": 10656449374,
        "kind": "poi",
        "crossing": "uncontrolled",
        "crossing:markings": "yes",
        "highway": "crossing"
      },
      "geometry": {
        "type": "Point",
        "coordinates": [
          -106.6348703,
          35.0825651
        ]
      }
    },
    {
      "type": "Feature",
      "properties": {
        "id": 10656449377,
        "kind": "poi",
        "crossing": "uncontrolled",
        "crossing:markings": "yes",
        "highway": "crossing"
      },
      "geometry": {
        "type": "Point",
        "coordinates": [
          -106.6336367,
          35.0823871
        ]
      }
    },
    {
      "type": "Feature",
      "properties": {
        "id": 10656449482,
        "kind": "poi",
        "crossing": "traffic_signals",
        "crossing:markings": "yes",
        "highway": "crossing"
      },
      "geometry": {
        "type": "Point",
        "coordinates": [
          -106.6326595,
          35.0822947
        ]
      }
    },
    {
      "type": "Feature",
      "properties": {
        "id": 10656449483,
        "kind": "poi",
        "crossing": "uncontrolled",
        "crossing:markings": "yes",
        "highway": "crossing"
      },
      "geometry": {
        "type": "Point",
        "coordinates": [
          -106.6311525,
          35.0820281
        ]
      }
    },
    {
      "type": "Feature",
      "properties": {
        "id": 10656449485,
        "kind": "poi",
        "crossing": "uncontrolled",
        "crossing:markings": "yes",
        "highway": "crossing"
      },
      "geometry": {
        "type": "Point",
        "coordinates": [
          -106.6286796,
          35.0817085
        ]
      }
    },
    {
      "type": "Feature",
      "properties": {
        "id": 10656449492,
        "kind": "poi",
        "crossing": "traffic_signals",
        "crossing:markings": "yes",
        "highway": "crossing"
      },
      "geometry": {
        "type": "Point",
        "coordinates": [
          -106.6374581,
          35.0826989
        ]
      }
    },
    {
      "type": "Feature",
      "properties": {
        "id": 10656449493,
        "kind": "poi",
        "crossing": "traffic_signals",
        "crossing:markings": "yes",
        "highway": "crossing"
      },
      "geometry": {
        "type": "Point",
        "coordinates": [
          -106.6374524,
          35.0827952
        ]
      }
    },
    {
      "type": "Feature",
      "properties": {
        "id": 10656449494,
        "kind": "poi",
        "crossing": "traffic_signals",
        "crossing:markings": "yes",
        "highway": "crossing"
      },
      "geometry": {
        "type": "Point",
        "coordinates": [
          -106.637448,
          35.082871
        ]
      }
    },
    {
      "type": "Feature",
      "properties": {
        "id": 10656449570,
        "kind": "poi",
        "crossing": "traffic_signals",
        "crossing:markings": "yes",
        "highway": "crossing"
      },
      "geometry": {
        "type": "Point",
        "coordinates": [
          -106.6362139,
          35.0828136
        ]
      }
    },
    {
      "type": "Feature",
      "properties": {
        "id": 10656449571,
        "kind": "poi",
        "crossing": "uncontrolled",
        "crossing:markings": "yes",
        "highway": "crossing"
      },
      "geometry": {
        "type": "Point",
        "coordinates": [
          -106.6373587,
          35.0826221
        ]
      }
    },
    {
      "type": "Feature",
      "properties": {
        "id": 10656449572,
        "kind": "poi",
        "crossing": "uncontrolled",
        "crossing:markings": "yes",
        "highway": "crossing"
      },
      "geometry": {
        "type": "Point",
        "coordinates": [
          -106.6373153,
          35.0829173
        ]
      }
    },
    {
      "type": "Feature",
      "properties": {
        "id": 10656483927,
        "kind": "poi",
        "highway": "crossing"
      },
      "geometry": {
        "type": "Point",
        "coordinates": [
          -106.6452652,
          35.0807968
        ]
      }
    },
    {
      "type": "Feature",
      "properties": {
        "id": 10656483928,
        "kind": "poi",
        "highway": "crossing"
      },
      "geometry": {
        "type": "Point",
        "coordinates": [
          -106.6451276,
          35.0807767
        ]
      }
    },
    {
      "type": "Feature",
      "properties": {
        "id": 10656484002,
        "kind": "poi",
        "crossing": "unmarked",
        "crossing:markings": "no",
        "highway": "crossing"
      },
      "geometry": {
        "type": "Point",
        "coordinates": [
          -106.6424827,
          35.0813562
        ]
      }
    },
    {
      "type": "Feature",
      "properties": {
        "id": 10656484044,
        "kind": "poi",
        "crossing:signals": "yes",
        "highway": "crossing",
        "tactile_paving": "yes"
      },
      "geometry": {
        "type": "Point",
        "coordinates": [
          -106.6450503,
          35.0806865
        ]
      }
    },
    {
      "type": "Feature",
      "properties": {
        "id": 10656484048,
        "kind": "poi",
        "crossing": "traffic_signals",
        "crossing:markings": "ladder",
        "crossing:signals": "yes",
        "highway": "crossing"
      },
      "geometry": {
        "type": "Point",
        "coordinates": [
          -106.6553574,
          35.0840866
        ]
      }
    },
    {
      "type": "Feature",
      "properties": {
        "id": 10656484049,
        "kind": "poi",
        "crossing": "traffic_signals",
        "crossing:markings": "lines",
        "crossing:signals": "yes",
        "highway": "crossing"
      },
      "geometry": {
        "type": "Point",
        "coordinates": [
          -106.6554569,
          35.0840271
        ]
      }
    },
    {
      "type": "Feature",
      "properties": {
        "id": 10656484050,
        "kind": "poi",
        "crossing": "traffic_signals",
        "crossing:markings": "ladder",
        "crossing:signals": "yes",
        "highway": "crossing"
      },
      "geometry": {
        "type": "Point",
        "coordinates": [
          -106.655388,
          35.083933
        ]
      }
    },
    {
      "type": "Feature",
      "properties": {
        "id": 10656484051,
        "kind": "poi",
        "crossing": "traffic_signals",
        "crossing:markings": "ladder",
        "crossing:signals": "yes",
        "highway": "crossing"
      },
      "geometry": {
        "type": "Point",
        "coordinates": [
          -106.65529,
          35.084005
        ]
      }
    },
    {
      "type": "Feature",
      "properties": {
        "id": 10656484063,
        "kind": "poi",
        "crossing": "traffic_signals",
        "crossing:markings": "zebra",
        "crossing:signals": "yes",
        "highway": "crossing"
      },
      "geometry": {
        "type": "Point",
        "coordinates": [
          -106.6552564,
          35.0850359
        ]
      }
    },
    {
      "type": "Feature",
      "properties": {
        "id": 10656484064,
        "kind": "poi",
        "crossing": "traffic_signals",
        "crossing:markings": "zebra",
        "crossing:signals": "yes",
        "highway": "crossing"
      },
      "geometry": {
        "type": "Point",
        "coordinates": [
          -106.655177,
          35.0850963
        ]
      }
    },
    {
      "type": "Feature",
      "properties": {
        "id": 10656484065,
        "kind": "poi",
        "crossing": "traffic_signals",
        "crossing:markings": "zebra",
        "crossing:signals": "yes",
        "highway": "crossing"
      },
      "geometry": {
        "type": "Point",
        "coordinates": [
          -106.6550893,
          35.0850141
        ]
      }
    },
    {
      "type": "Feature",
      "properties": {
        "id": 10656484066,
        "kind": "poi",
        "crossing": "traffic_signals",
        "crossing:markings": "zebra",
        "crossing:signals": "yes",
        "highway": "crossing"
      },
      "geometry": {
        "type": "Point",
        "coordinates": [
          -106.6552073,
          35.0849355
        ]
      }
    },
    {
      "type": "Feature",
      "properties": {
        "id": 10656493552,
        "kind": "poi",
        "highway": "crossing"
      },
      "geometry": {
        "type": "Point",
        "coordinates": [
          -106.653783,
          35.0864164
        ]
      }
    },
    {
      "type": "Feature",
      "properties": {
        "id": 10656499263,
        "kind": "poi",
        "crossing": "unmarked",
        "crossing:markings": "no",
        "highway": "crossing"
      },
      "geometry": {
        "type": "Point",
        "coordinates": [
          -106.6438282,
          35.088266
        ]
      }
    },
    {
      "type": "Feature",
      "properties": {
        "id": 10656499267,
        "kind": "poi",
        "crossing": "unmarked",
        "crossing:markings": "no",
        "highway": "crossing"
      },
      "geometry": {
        "type": "Point",
        "coordinates": [
          -106.6440495,
          35.0873083
        ]
      }
    },
    {
      "type": "Feature",
      "properties": {
        "id": 10656499285,
        "kind": "poi",
        "crossing": "traffic_signals",
        "crossing:markings": "zebra",
        "crossing:signals": "yes",
        "highway": "crossing"
      },
      "geometry": {
        "type": "Point",
        "coordinates": [
          -106.6441302,
          35.0864694
        ]
      }
    },
    {
      "type": "Feature",
      "properties": {
        "id": 10656499286,
        "kind": "poi",
        "crossing": "traffic_signals",
        "crossing:markings": "zebra",
        "crossing:signals": "yes",
        "highway": "crossing"
      },
      "geometry": {
        "type": "Point",
        "coordinates": [
          -106.6439983,
          35.0864533
        ]
      }
    },
    {
      "type": "Feature",
      "properties": {
        "id": 10656499290,
        "kind": "poi",
        "highway": "crossing"
      },
      "geometry": {
        "type": "Point",
        "coordinates": [
          -106.642916,
          35.0861855
        ]
      }
    },
    {
      "type": "Feature",
      "properties": {
        "id": 10656499292,
        "kind": "poi",
        "highway": "crossing"
      },
      "geometry": {
        "type": "Point",
        "coordinates": [
          -106.6422699,
          35.0860494
        ]
      }
    },
    {
      "type": "Feature",
      "properties": {
        "id": 10656499296,
        "kind": "poi",
        "crossing": "traffic_signals",
        "crossing:markings": "zebra",
        "crossing:signals": "yes",
        "highway": "crossing"
      },
      "geometry": {
        "type": "Point",
        "coordinates": [
          -106.6417986,
          35.0857662
        ]
      }
    },
    {
      "type": "Feature",
      "properties": {
        "id": 10656499297,
        "kind": "poi",
        "crossing": "traffic_signals",
        "crossing:markings": "zebra",
        "crossing:signals": "yes",
        "highway": "crossing"
      },
      "geometry": {
        "type": "Point",
        "coordinates": [
          -106.6417799,
          35.0858901
        ]
      }
    },
    {
      "type": "Feature",
      "properties": {
        "id": 10656499299,
        "kind": "poi",
        "crossing": "traffic_signals",
        "crossing:markings": "zebra",
        "crossing:signals": "yes",
        "highway": "crossing"
      },
      "geometry": {
        "type": "Point",
        "coordinates": [
          -106.6416036,
          35.0858591
        ]
      }
    },
    {
      "type": "Feature",
      "properties": {
        "id": 10656499300,
        "kind": "poi",
        "crossing": "traffic_signals",
        "crossing:markings": "zebra",
        "crossing:signals": "yes",
        "highway": "crossing"
      },
      "geometry": {
        "type": "Point",
        "coordinates": [
          -106.6416368,
          35.0857392
        ]
      }
    },
    {
      "type": "Feature",
      "properties": {
        "id": 10656499302,
        "kind": "poi",
        "crossing": "traffic_signals",
        "crossing:markings": "zebra",
        "crossing:signals": "yes",
        "highway": "crossing"
      },
      "geometry": {
        "type": "Point",
        "coordinates": [
          -106.6416844,
          35.085953
        ]
      }
    },
    {
      "type": "Feature",
      "properties": {
        "id": 10656499303,
        "kind": "poi",
        "crossing": "traffic_signals",
        "crossing:markings": "zebra",
        "crossing:signals": "yes",
        "highway": "crossing"
      },
      "geometry": {
        "type": "Point",
        "coordinates": [
          -106.6417424,
          35.0856768
        ]
      }
    },
    {
      "type": "Feature",
      "properties": {
        "id": 10656499340,
        "kind": "poi",
        "crossing": "uncontrolled",
        "crossing:markings": "lines",
        "crossing:signals": "no",
        "highway": "crossing"
      },
      "geometry": {
        "type": "Point",
        "coordinates": [
          -106.6455619,
          35.0854445
        ]
      }
    },
    {
      "type": "Feature",
      "properties": {
        "id": 10656499357,
        "kind": "poi",
        "crossing": "traffic_signals",
        "crossing:markings": "lines",
        "crossing:signals": "yes",
        "highway": "crossing"
      },
      "geometry": {
        "type": "Point",
        "coordinates": [
          -106.6509136,
          35.0882888
        ]
      }
    },
    {
      "type": "Feature",
      "properties": {
        "id": 10697846083,
        "kind": "poi",
        "highway": "crossing"
      },
      "geometry": {
        "type": "Point",
        "coordinates": [
          -106.5766165,
          35.0948004
        ]
      }
    },
    {
      "type": "Feature",
      "properties": {
        "id": 10697846084,
        "kind": "poi",
        "highway": "crossing"
      },
      "geometry": {
        "type": "Point",
        "coordinates": [
          -106.5774153,
          35.0954794
        ]
      }
    },
    {
      "type": "Feature",
      "properties": {
        "id": 10697846085,
        "kind": "poi",
        "highway": "crossing"
      },
      "geometry": {
        "type": "Point",
        "coordinates": [
          -106.5774178,
          35.0956162
        ]
      }
    },
    {
      "type": "Feature",
      "properties": {
        "id": 10697846086,
        "kind": "poi",
        "highway": "crossing"
      },
      "geometry": {
        "type": "Point",
        "coordinates": [
          -106.5774222,
          35.095858
        ]
      }
    },
    {
      "type": "Feature",
      "properties": {
        "id": 10697846104,
        "kind": "poi",
        "highway": "crossing"
      },
      "geometry": {
        "type": "Point",
        "coordinates": [
          -106.5776288,
          35.094954
        ]
      }
    },
    {
      "type": "Feature",
      "properties": {
        "id": 10697867305,
        "kind": "poi",
        "highway": "crossing"
      },
      "geometry": {
        "type": "Point",
        "coordinates": [
          -106.57785,
          35.0948047
        ]
      }
    },
    {
      "type": "Feature",
      "properties": {
        "id": 10697867306,
        "kind": "poi",
        "highway": "crossing"
      },
      "geometry": {
        "type": "Point",
        "coordinates": [
          -106.5778059,
          35.0956319
        ]
      }
    },
    {
      "type": "Feature",
      "properties": {
        "id": 10697867307,
        "kind": "poi",
        "highway": "crossing"
      },
      "geometry": {
        "type": "Point",
        "coordinates": [
          -106.5781244,
          35.0948012
        ]
      }
    },
    {
      "type": "Feature",
      "properties": {
        "id": 10697867308,
        "kind": "poi",
        "highway": "crossing"
      },
      "geometry": {
        "type": "Point",
        "coordinates": [
          -106.5781155,
          35.0956269
        ]
      }
    },
    {
      "type": "Feature",
      "properties": {
        "id": 10697867322,
        "kind": "poi",
        "highway": "crossing"
      },
      "geometry": {
        "type": "Point",
        "coordinates": [
          -106.57768,
          35.0936
        ]
      }
    },
    {
      "type": "Feature",
      "properties": {
        "id": 10697867323,
        "kind": "poi",
        "highway": "crossing"
      },
      "geometry": {
        "type": "Point",
        "coordinates": [
          -106.5776903,
          35.0941791
        ]
      }
    },
    {
      "type": "Feature",
      "properties": {
        "id": 10697867324,
        "kind": "poi",
        "highway": "crossing"
      },
      "geometry": {
        "type": "Point",
        "coordinates": [
          -106.5777912,
          35.0929935
        ]
      }
    },
    {
      "type": "Feature",
      "properties": {
        "id": 10697867325,
        "kind": "poi",
        "highway": "crossing"
      },
      "geometry": {
        "type": "Point",
        "coordinates": [
          -106.5778218,
          35.0946782
        ]
      }
    },
    {
      "type": "Feature",
      "properties": {
        "id": 10697867326,
        "kind": "poi",
        "highway": "crossing"
      },
      "geometry": {
        "type": "Point",
        "coordinates": [
          -106.5781467,
          35.0929862
        ]
      }
    },
    {
      "type": "Feature",
      "properties": {
        "id": 10697867327,
        "kind": "poi",
        "highway": "crossing"
      },
      "geometry": {
        "type": "Point",
        "coordinates": [
          -106.5781662,
          35.094675
        ]
      }
    },
    {
      "type": "Feature",
      "properties": {
        "id": 10697867344,
        "kind": "poi",
        "highway": "crossing"
      },
      "geometry": {
        "type": "Point",
        "coordinates": [
          -106.5763396,
          35.0942014
        ]
      }
    },
    {
      "type": "Feature",
      "properties": {
        "id": 10697867345,
        "kind": "poi",
        "highway": "crossing"
      },
      "geometry": {
        "type": "Point",
        "coordinates": [
          -106.5767783,
          35.0946832
        ]
      }
    },
    {
      "type": "Feature",
      "properties": {
        "id": 10697867346,
        "kind": "poi",
        "highway": "crossing"
      },
      "geometry": {
        "type": "Point",
        "coordinates": [
          -106.5774893,
          35.0928522
        ]
      }
    },
    {
      "type": "Feature",
      "properties": {
        "id": 10697867347,
        "kind": "poi",
        "highway": "crossing"
      },
      "geometry": {
        "type": "Point",
        "coordinates": [
          -106.5774918,
          35.0930067
        ]
      }
    },
    {
      "type": "Feature",
      "properties": {
        "id": 10697867349,
        "kind": "poi",
        "crossing": "unmarked",
        "crossing:markings": "no",
        "highway": "crossing"
      },
      "geometry": {
        "type": "Point",
        "coordinates": [
          -106.5762864,
          35.0946597
        ]
      }
    },
    {
      "type": "Feature",
      "properties": {
        "id": 10697867361,
        "kind": "poi",
        "highway": "crossing"
      },
      "geometry": {
        "type": "Point",
        "coordinates": [
          -106.5757793,
          35.0946553
        ]
      }
    },
    {
      "type": "Feature",
      "properties": {
        "id": 10697867362,
        "kind": "poi",
        "highway": "crossing"
      },
      "geometry": {
        "type": "Point",
        "coordinates": [
          -106.5762043,
          35.0928157
        ]
      }
    },
    {
      "type": "Feature",
      "properties": {
        "id": 10697867363,
        "kind": "poi",
        "highway": "crossing"
      },
      "geometry": {
        "type": "Point",
        "coordinates": [
          -106.5762083,
          35.0936418
        ]
      }
    },
    {
      "type": "Feature",
      "properties": {
        "id": 10697867365,
        "kind": "poi",
        "crossing": "unmarked",
        "crossing:markings": "no",
        "highway": "crossing"
      },
      "geometry": {
        "type": "Point",
        "coordinates": [
          -106.5751987,
          35.0946331
        ]
      }
    },
    {
      "type": "Feature",
      "properties": {
        "id": 10697867377,
        "kind": "poi",
        "highway": "crossing"
      },
      "geometry": {
        "type": "Point",
        "coordinates": [
          -106.5725613,
          35.0927533
        ]
      }
    },
    {
      "type": "Feature",
      "properties": {
        "id": 10697867378,
        "kind": "poi",
        "highway": "crossing"
      },
      "geometry": {
        "type": "Point",
        "coordinates": [
          -106.5726328,
          35.0945748
        ]
      }
    },
    {
      "type": "Feature",
      "properties": {
        "id": 10697867379,
        "kind": "poi",
        "highway": "crossing"
      },
      "geometry": {
        "type": "Point",
        "coordinates": [
          -106.5737408,
          35.0946052
        ]
      }
    },
    {
      "type": "Feature",
      "properties": {
        "id": 10697867380,
        "kind": "poi",
        "highway": "crossing"
      },
      "geometry": {
        "type": "Point",
        "coordinates": [
          -106.5746111,
          35.0946274
        ]
      }
    },
    {
      "type": "Feature",
      "properties": {
        "id": 10697867382,
        "kind": "poi",
        "crossing": "unmarked",
        "crossing:markings": "no",
        "highway": "crossing"
      },
      "geometry": {
        "type": "Point",
        "coordinates": [
          -106.5776749,
          35.0929296
        ]
      }
    },
    {
      "type": "Feature",
      "properties": {
        "id": 10697867399,
        "kind": "poi",
        "highway": "crossing"
      },
      "geometry": {
        "type": "Point",
        "coordinates": [
          -106.5776483,
          35.0918262
        ]
      }
    },
    {
      "type": "Feature",
      "properties": {
        "id": 10697867400,
        "kind": "poi",
        "highway": "crossing"
      },
      "geometry": {
        "type": "Point",
        "coordinates": [
          -106.5776567,
          35.0923168
        ]
      }
    },
    {
      "type": "Feature",
      "properties": {
        "id": 10697867401,
        "kind": "poi",
        "highway": "crossing"
      },
      "geometry": {
        "type": "Point",
        "coordinates": [
          -106.5776644,
          35.0927667
        ]
      }
    },
    {
      "type": "Feature",
      "properties": {
        "id": 10697867402,
        "kind": "poi",
        "highway": "crossing"
      },
      "geometry": {
        "type": "Point",
        "coordinates": [
          -106.5777893,
          35.0911933
        ]
      }
    },
    {
      "type": "Feature",
      "properties": {
        "id": 10697867403,
        "kind": "poi",
        "highway": "crossing"
      },
      "geometry": {
        "type": "Point",
        "coordinates": [
          -106.5780064,
          35.0911912
        ]
      }
    },
    {
      "type": "Feature",
      "properties": {
        "id": 10697867404,
        "kind": "poi",
        "highway": "crossing"
      },
      "geometry": {
        "type": "Point",
        "coordinates": [
          -106.5781851,
          35.0911789
        ]
      }
    },
    {
      "type": "Feature",
      "properties": {
        "id": 10697867405,
        "kind": "poi",
        "highway": "crossing"
      },
      "geometry": {
        "type": "Point",
        "coordinates": [
          -106.5782151,
          35.0928759
        ]
      }
    },
    {
      "type": "Feature",
      "properties": {
        "id": 10697883035,
        "kind": "poi",
        "crossing": "unmarked",
        "crossing:markings": "no",
        "highway": "crossing"
      },
      "geometry": {
        "type": "Point",
        "coordinates": [
          -106.5787439,
          35.0946563
        ]
      }
    },
    {
      "type": "Feature",
      "properties": {
        "id": 10697883052,
        "kind": "poi",
        "crossing": "unmarked",
        "crossing:markings": "no",
        "highway": "crossing"
      },
      "geometry": {
        "type": "Point",
        "coordinates": [
          -106.5798074,
          35.0946473
        ]
      }
    },
    {
      "type": "Feature",
      "properties": {
        "id": 10697883071,
        "kind": "poi",
        "crossing": "unmarked",
        "crossing:markings": "no",
        "highway": "crossing"
      },
      "geometry": {
        "type": "Point",
        "coordinates": [
          -106.5786345,
          35.0929238
        ]
      }
    },
    {
      "type": "Feature",
      "properties": {
        "id": 10697883072,
        "kind": "poi",
        "crossing": "unmarked",
        "crossing:markings": "no",
        "highway": "crossing"
      },
      "geometry": {
        "type": "Point",
        "coordinates": [
          -106.5787161,
          35.0928676
        ]
      }
    },
    {
      "type": "Feature",
      "properties": {
        "id": 10697883073,
        "kind": "poi",
        "crossing": "unmarked",
        "crossing:markings": "no",
        "highway": "crossing"
      },
      "geometry": {
        "type": "Point",
        "coordinates": [
          -106.5787191,
          35.092994
        ]
      }
    },
    {
      "type": "Feature",
      "properties": {
        "id": 10697883074,
        "kind": "poi",
        "crossing": "unmarked",
        "crossing:markings": "no",
        "highway": "crossing"
      },
      "geometry": {
        "type": "Point",
        "coordinates": [
          -106.5787896,
          35.0929226
        ]
      }
    },
    {
      "type": "Feature",
      "properties": {
        "id": 10697883088,
        "kind": "poi",
        "crossing": "unmarked",
        "crossing:markings": "no",
        "highway": "crossing"
      },
      "geometry": {
        "type": "Point",
        "coordinates": [
          -106.5797016,
          35.0929139
        ]
      }
    },
    {
      "type": "Feature",
      "properties": {
        "id": 10697883089,
        "kind": "poi",
        "crossing": "unmarked",
        "crossing:markings": "no",
        "highway": "crossing"
      },
      "geometry": {
        "type": "Point",
        "coordinates": [
          -106.5797711,
          35.0928557
        ]
      }
    },
    {
      "type": "Feature",
      "properties": {
        "id": 10697883090,
        "kind": "poi",
        "crossing": "unmarked",
        "crossing:markings": "no",
        "highway": "crossing"
      },
      "geometry": {
        "type": "Point",
        "coordinates": [
          -106.5797734,
          35.0929818
        ]
      }
    },
    {
      "type": "Feature",
      "properties": {
        "id": 10697883091,
        "kind": "poi",
        "crossing": "unmarked",
        "crossing:markings": "no",
        "highway": "crossing"
      },
      "geometry": {
        "type": "Point",
        "coordinates": [
          -106.5798583,
          35.0929127
        ]
      }
    },
    {
      "type": "Feature",
      "properties": {
        "id": 10697883104,
        "kind": "poi",
        "crossing": "unmarked",
        "crossing:markings": "no",
        "highway": "crossing"
      },
      "geometry": {
        "type": "Point",
        "coordinates": [
          -106.5790008,
          35.0948069
        ]
      }
    },
    {
      "type": "Feature",
      "properties": {
        "id": 10697898741,
        "kind": "poi",
        "crossing": "unmarked",
        "crossing:markings": "no",
        "highway": "crossing"
      },
      "geometry": {
        "type": "Point",
        "coordinates": [
          -106.5799801,
          35.0948063
        ]
      }
    },
    {
      "type": "Feature",
      "properties": {
        "id": 10697898764,
        "kind": "poi",
        "crossing": "unmarked",
        "crossing:markings": "no",
        "highway": "crossing"
      },
      "geometry": {
        "type": "Point",
        "coordinates": [
          -106.5773859,
          35.0964794
        ]
      }
    },
    {
      "type": "Feature",
      "properties": {
        "id": 10697898765,
        "kind": "poi",
        "crossing": "unmarked",
        "crossing:markings": "no",
        "highway": "crossing"
      },
      "geometry": {
        "type": "Point",
        "coordinates": [
          -106.5775047,
          35.0964073
        ]
      }
    },
    {
      "type": "Feature",
      "properties": {
        "id": 10697898766,
        "kind": "poi",
        "crossing": "unmarked",
        "crossing:markings": "no",
        "highway": "crossing"
      },
      "geometry": {
        "type": "Point",
        "coordinates": [
          -106.577506,
          35.0965484
        ]
      }
    },
    {
      "type": "Feature",
      "properties": {
        "id": 10697898767,
        "kind": "poi",
        "crossing": "unmarked",
        "crossing:markings": "no",
        "highway": "crossing"
      },
      "geometry": {
        "type": "Point",
        "coordinates": [
          -106.5776327,
          35.0964766
        ]
      }
    },
    {
      "type": "Feature",
      "properties": {
        "id": 10697898822,
        "kind": "poi",
        "crossing": "unmarked",
        "crossing:markings": "no",
        "highway": "crossing"
      },
      "geometry": {
        "type": "Point",
        "coordinates": [
          -106.5776169,
          35.0956818
        ]
      }
    },
    {
      "type": "Feature",
      "properties": {
        "id": 10697898824,
        "kind": "poi",
        "crossing": "unmarked",
        "crossing:markings": "no",
        "highway": "crossing"
      },
      "geometry": {
        "type": "Point",
        "coordinates": [
          -106.5761018,
          35.0948265
        ]
      }
    },
    {
      "type": "Feature",
      "properties": {
        "id": 10697898846,
        "kind": "poi",
        "crossing": "unmarked",
        "crossing:markings": "no",
        "highway": "crossing"
      },
      "geometry": {
        "type": "Point",
        "coordinates": [
          -106.5761151,
          35.0963862
        ]
      }
    },
    {
      "type": "Feature",
      "properties": {
        "id": 10697898848,
        "kind": "poi",
        "crossing": "unmarked",
        "crossing:markings": "no",
        "highway": "crossing"
      },
      "geometry": {
        "type": "Point",
        "coordinates": [
          -106.5751359,
          35.094793
        ]
      }
    },
    {
      "type": "Feature",
      "properties": {
        "id": 10697898870,
        "kind": "poi",
        "crossing": "unmarked",
        "crossing:markings": "no",
        "highway": "crossing"
      },
      "geometry": {
        "type": "Point",
        "coordinates": [
          -106.5751444,
          35.0964237
        ]
      }
    },
    {
      "type": "Feature",
      "properties": {
        "id": 10697898871,
        "kind": "poi",
        "crossing": "unmarked",
        "crossing:markings": "no",
        "highway": "crossing"
      },
      "geometry": {
        "type": "Point",
        "coordinates": [
          -106.5750586,
          35.0965021
        ]
      }
    },
    {
      "type": "Feature",
      "properties": {
        "id": 10697898872,
        "kind": "poi",
        "crossing": "unmarked",
        "crossing:markings": "no",
        "highway": "crossing"
      },
      "geometry": {
        "type": "Point",
        "coordinates": [
          -106.5751436,
          35.0965742
        ]
      }
    },
    {
      "type": "Feature",
      "properties": {
        "id": 10697898873,
        "kind": "poi",
        "crossing": "unmarked",
        "crossing:markings": "no",
        "highway": "crossing"
      },
      "geometry": {
        "type": "Point",
        "coordinates": [
          -106.5752525,
          35.0965006
        ]
      }
    },
    {
      "type": "Feature",
      "properties": {
        "id": 10697898927,
        "kind": "poi",
        "crossing": "unmarked",
        "crossing:markings": "no",
        "highway": "crossing"
      },
      "geometry": {
        "type": "Point",
        "coordinates": [
          -106.5742624,
          35.096509
        ]
      }
    },
    {
      "type": "Feature",
      "properties": {
        "id": 10697956356,
        "kind": "poi",
        "highway": "crossing"
      },
      "geometry": {
        "type": "Point",
        "coordinates": [
          -106.5795803,
          35.1010266
        ]
      }
    },
    {
      "type": "Feature",
      "properties": {
        "id": 10697956357,
        "kind": "poi",
        "highway": "crossing"
      },
      "geometry": {
        "type": "Point",
        "coordinates": [
          -106.5795813,
          35.1012595
        ]
      }
    },
    {
      "type": "Feature",
      "properties": {
        "id": 10697956358,
        "kind": "poi",
        "highway": "crossing"
      },
      "geometry": {
        "type": "Point",
        "coordinates": [
          -106.5796739,
          35.1009353
        ]
      }
    },
    {
      "type": "Feature",
      "properties": {
        "id": 10697956359,
        "kind": "poi",
        "highway": "crossing"
      },
      "geometry": {
        "type": "Point",
        "coordinates": [
          -106.5798926,
          35.1013843
        ]
      }
    },
    {
      "type": "Feature",
      "properties": {
        "id": 10697956360,
        "kind": "poi",
        "highway": "crossing"
      },
      "geometry": {
        "type": "Point",
        "coordinates": [
          -106.5808507,
          35.1009195
        ]
      }
    },
    {
      "type": "Feature",
      "properties": {
        "id": 10697956361,
        "kind": "poi",
        "highway": "crossing"
      },
      "geometry": {
        "type": "Point",
        "coordinates": [
          -106.5808551,
          35.101159
        ]
      }
    },
    {
      "type": "Feature",
      "properties": {
        "id": 10697956362,
        "kind": "poi",
        "highway": "crossing"
      },
      "geometry": {
        "type": "Point",
        "coordinates": [
          -106.5808619,
          35.1015303
        ]
      }
    },
    {
      "type": "Feature",
      "properties": {
        "id": 10697956365,
        "kind": "poi",
        "crossing": "unmarked",
        "crossing:markings": "no",
        "highway": "crossing"
      },
      "geometry": {
        "type": "Point",
        "coordinates": [
          -106.5795448,
          35.1000156
        ]
      }
    },
    {
      "type": "Feature",
      "properties": {
        "id": 10697956366,
        "kind": "poi",
        "crossing": "unmarked",
        "crossing:markings": "no",
        "highway": "crossing"
      },
      "geometry": {
        "type": "Point",
        "coordinates": [
          -106.5794684,
          35.1000865
        ]
      }
    },
    {
      "type": "Feature",
      "properties": {
        "id": 10697956367,
        "kind": "poi",
        "crossing": "unmarked",
        "crossing:markings": "no",
        "highway": "crossing"
      },
      "geometry": {
        "type": "Point",
        "coordinates": [
          -106.5795469,
          35.1001524
        ]
      }
    },
    {
      "type": "Feature",
      "properties": {
        "id": 10697956368,
        "kind": "poi",
        "crossing": "unmarked",
        "crossing:markings": "no",
        "highway": "crossing"
      },
      "geometry": {
        "type": "Point",
        "coordinates": [
          -106.5796166,
          35.1000866
        ]
      }
    },
    {
      "type": "Feature",
      "properties": {
        "id": 10697959836,
        "kind": "poi",
        "crossing": "unmarked",
        "crossing:markings": "no",
        "highway": "crossing"
      },
      "geometry": {
        "type": "Point",
        "coordinates": [
          -106.5741506,
          35.0947723
        ]
      }
    },
    {
      "type": "Feature",
      "properties": {
        "id": 10697959838,
        "kind": "poi",
        "crossing": "unmarked",
        "crossing:markings": "no",
        "highway": "crossing"
      },
      "geometry": {
        "type": "Point",
        "coordinates": [
          -106.5740752,
          35.0973
        ]
      }
    },
    {
      "type": "Feature",
      "properties": {
        "id": 10697959874,
        "kind": "poi",
        "crossing": "unmarked",
        "crossing:markings": "no",
        "highway": "crossing"
      },
      "geometry": {
        "type": "Point",
        "coordinates": [
          -106.5759175,
          35.0983025
        ]
      }
    },
    {
      "type": "Feature",
      "properties": {
        "id": 10697959896,
        "kind": "poi",
        "crossing": "unmarked",
        "crossing:markings": "no",
        "highway": "crossing"
      },
      "geometry": {
        "type": "Point",
        "coordinates": [
          -106.5774147,
          35.0972796
        ]
      }
    },
    {
      "type": "Feature",
      "properties": {
        "id": 10697959897,
        "kind": "poi",
        "crossing": "unmarked",
        "crossing:markings": "no",
        "highway": "crossing"
      },
      "geometry": {
        "type": "Point",
        "coordinates": [
          -106.5775149,
          35.0971956
        ]
      }
    },
    {
      "type": "Feature",
      "properties": {
        "id": 10697959898,
        "kind": "poi",
        "crossing": "unmarked",
        "crossing:markings": "no",
        "highway": "crossing"
      },
      "geometry": {
        "type": "Point",
        "coordinates": [
          -106.5775178,
          35.0973692
        ]
      }
    },
    {
      "type": "Feature",
      "properties": {
        "id": 10697959899,
        "kind": "poi",
        "crossing": "unmarked",
        "crossing:markings": "no",
        "highway": "crossing"
      },
      "geometry": {
        "type": "Point",
        "coordinates": [
          -106.5776405,
          35.0972784
        ]
      }
    },
    {
      "type": "Feature",
      "properties": {
        "id": 10697960430,
        "kind": "poi",
        "crossing": "unmarked",
        "crossing:markings": "no",
        "highway": "crossing"
      },
      "geometry": {
        "type": "Point",
        "coordinates": [
          -106.5774149,
          35.0980945
        ]
      }
    },
    {
      "type": "Feature",
      "properties": {
        "id": 10697960431,
        "kind": "poi",
        "crossing": "unmarked",
        "crossing:markings": "no",
        "highway": "crossing"
      },
      "geometry": {
        "type": "Point",
        "coordinates": [
          -106.5775306,
          35.0980207
        ]
      }
    },
    {
      "type": "Feature",
      "properties": {
        "id": 10697960432,
        "kind": "poi",
        "crossing": "unmarked",
        "crossing:markings": "no",
        "highway": "crossing"
      },
      "geometry": {
        "type": "Point",
        "coordinates": [
          -106.5775333,
          35.0981761
        ]
      }
    },
    {
      "type": "Feature",
      "properties": {
        "id": 10697960433,
        "kind": "poi",
        "crossing": "unmarked",
        "crossing:markings": "no",
        "highway": "crossing"
      },
      "geometry": {
        "type": "Point",
        "coordinates": [
          -106.5776508,
          35.0980933
        ]
      }
    },
    {
      "type": "Feature",
      "properties": {
        "id": 10697960461,
        "kind": "poi",
        "crossing": "unmarked",
        "crossing:markings": "no",
        "highway": "crossing"
      },
      "geometry": {
        "type": "Point",
        "coordinates": [
          -106.5774477,
          35.0989209
        ]
      }
    },
    {
      "type": "Feature",
      "properties": {
        "id": 10697960462,
        "kind": "poi",
        "crossing": "unmarked",
        "crossing:markings": "no",
        "highway": "crossing"
      },
      "geometry": {
        "type": "Point",
        "coordinates": [
          -106.5775437,
          35.0988393
        ]
      }
    },
    {
      "type": "Feature",
      "properties": {
        "id": 10697960463,
        "kind": "poi",
        "crossing": "unmarked",
        "crossing:markings": "no",
        "highway": "crossing"
      },
      "geometry": {
        "type": "Point",
        "coordinates": [
          -106.5775454,
          35.0989826
        ]
      }
    },
    {
      "type": "Feature",
      "properties": {
        "id": 10697960464,
        "kind": "poi",
        "crossing": "unmarked",
        "crossing:markings": "no",
        "highway": "crossing"
      },
      "geometry": {
        "type": "Point",
        "coordinates": [
          -106.5776551,
          35.0989188
        ]
      }
    },
    {
      "type": "Feature",
      "properties": {
        "id": 10697960475,
        "kind": "poi",
        "crossing": "unmarked",
        "crossing:markings": "no",
        "highway": "crossing"
      },
      "geometry": {
        "type": "Point",
        "coordinates": [
          -106.5774644,
          35.0996374
        ]
      }
    },
    {
      "type": "Feature",
      "properties": {
        "id": 10697960498,
        "kind": "poi",
        "crossing": "uncontrolled",
        "highway": "crossing"
      },
      "geometry": {
        "type": "Point",
        "coordinates": [
          -106.577687,
          35.1001038
        ]
      }
    },
    {
      "type": "Feature",
      "properties": {
        "id": 10697960517,
        "kind": "poi",
        "crossing": "uncontrolled",
        "highway": "crossing"
      },
      "geometry": {
        "type": "Point",
        "coordinates": [
          -106.5785726,
          35.1001825
        ]
      }
    },
    {
      "type": "Feature",
      "properties": {
        "id": 10697960518,
        "kind": "poi",
        "crossing": "uncontrolled",
        "highway": "crossing"
      },
      "geometry": {
        "type": "Point",
        "coordinates": [
          -106.5787035,
          35.1000904
        ]
      }
    },
    {
      "type": "Feature",
      "properties": {
        "id": 10697960541,
        "kind": "poi",
        "crossing": "unmarked",
        "crossing:markings": "no",
        "highway": "crossing"
      },
      "geometry": {
        "type": "Point",
        "coordinates": [
          -106.5785631,
          35.0989755
        ]
      }
    },
    {
      "type": "Feature",
      "properties": {
        "id": 10699771527,
        "kind": "poi",
        "crossing": "unmarked",
        "crossing:markings": "no",
        "highway": "crossing"
      },
      "geometry": {
        "type": "Point",
        "coordinates": [
          -106.5774614,
          35.0926922
        ]
      }
    },
    {
      "type": "Feature",
      "properties": {
        "id": 10699771546,
        "kind": "poi",
        "highway": "crossing"
      },
      "geometry": {
        "type": "Point",
        "coordinates": [
          -106.5768703,
          35.090956
        ]
      }
    },
    {
      "type": "Feature",
      "properties": {
        "id": 10699771547,
        "kind": "poi",
        "highway": "crossing"
      },
      "geometry": {
        "type": "Point",
        "coordinates": [
          -106.5768796,
          35.0926363
        ]
      }
    },
    {
      "type": "Feature",
      "properties": {
        "id": 10699771548,
        "kind": "poi",
        "highway": "crossing"
      },
      "geometry": {
        "type": "Point",
        "coordinates": [
          -106.576998,
          35.0909639
        ]
      }
    },
    {
      "type": "Feature",
      "properties": {
        "id": 10699771549,
        "kind": "poi",
        "highway": "crossing"
      },
      "geometry": {
        "type": "Point",
        "coordinates": [
          -106.5771943,
          35.0909627
        ]
      }
    },
    {
      "type": "Feature",
      "properties": {
        "id": 10699771550,
        "kind": "poi",
        "highway": "crossing"
      },
      "geometry": {
        "type": "Point",
        "coordinates": [
          -106.5774602,
          35.0912997
        ]
      }
    },
    {
      "type": "Feature",
      "properties": {
        "id": 10699771551,
        "kind": "poi",
        "highway": "crossing"
      },
      "geometry": {
        "type": "Point",
        "coordinates": [
          -106.5774651,
          35.0915556
        ]
      }
    },
    {
      "type": "Feature",
      "properties": {
        "id": 10699771552,
        "kind": "poi",
        "highway": "crossing"
      },
      "geometry": {
        "type": "Point",
        "coordinates": [
          -106.5774684,
          35.0917274
        ]
      }
    },
    {
      "type": "Feature",
      "properties": {
        "id": 10699771553,
        "kind": "poi",
        "highway": "crossing"
      },
      "geometry": {
        "type": "Point",
        "coordinates": [
          -106.5774714,
          35.0918848
        ]
      }
    },
    {
      "type": "Feature",
      "properties": {
        "id": 10699771554,
        "kind": "poi",
        "highway": "crossing"
      },
      "geometry": {
        "type": "Point",
        "coordinates": [
          -106.5774744,
          35.092041
        ]
      }
    },
    {
      "type": "Feature",
      "properties": {
        "id": 10699771555,
        "kind": "poi",
        "highway": "crossing"
      },
      "geometry": {
        "type": "Point",
        "coordinates": [
          -106.5774777,
          35.0922143
        ]
      }
    },
    {
      "type": "Feature",
      "properties": {
        "id": 10699771556,
        "kind": "poi",
        "highway": "crossing"
      },
      "geometry": {
        "type": "Point",
        "coordinates": [
          -106.5774808,
          35.0923776
        ]
      }
    },
    {
      "type": "Feature",
      "properties": {
        "id": 10699771558,
        "kind": "poi",
        "crossing": "unmarked",
        "crossing:markings": "no",
        "highway": "crossing"
      },
      "geometry": {
        "type": "Point",
        "coordinates": [
          -106.5762002,
          35.0926938
        ]
      }
    },
    {
      "type": "Feature",
      "properties": {
        "id": 10699771559,
        "kind": "poi",
        "crossing": "unmarked",
        "crossing:markings": "no",
        "highway": "crossing"
      },
      "geometry": {
        "type": "Point",
        "coordinates": [
          -106.5762728,
          35.092631
        ]
      }
    },
    {
      "type": "Feature",
      "properties": {
        "id": 10699771560,
        "kind": "poi",
        "crossing": "unmarked",
        "crossing:markings": "no",
        "highway": "crossing"
      },
      "geometry": {
        "type": "Point",
        "coordinates": [
          -106.5763334,
          35.0926936
        ]
      }
    },
    {
      "type": "Feature",
      "properties": {
        "id": 10699771561,
        "kind": "poi",
        "crossing": "unmarked",
        "crossing:markings": "no",
        "highway": "crossing"
      },
      "geometry": {
        "type": "Point",
        "coordinates": [
          -106.576273,
          35.092758
        ]
      }
    },
    {
      "type": "Feature",
      "properties": {
        "id": 10699771578,
        "kind": "poi",
        "crossing": "unmarked",
        "crossing:markings": "no",
        "highway": "crossing"
      },
      "geometry": {
        "type": "Point",
        "coordinates": [
          -106.5751308,
          35.0926962
        ]
      }
    },
    {
      "type": "Feature",
      "properties": {
        "id": 10699771579,
        "kind": "poi",
        "crossing": "unmarked",
        "crossing:markings": "no",
        "highway": "crossing"
      },
      "geometry": {
        "type": "Point",
        "coordinates": [
          -106.5751967,
          35.0926351
        ]
      }
    },
    {
      "type": "Feature",
      "properties": {
        "id": 10699771580,
        "kind": "poi",
        "crossing": "unmarked",
        "crossing:markings": "no",
        "highway": "crossing"
      },
      "geometry": {
        "type": "Point",
        "coordinates": [
          -106.5751974,
          35.0927567
        ]
      }
    },
    {
      "type": "Feature",
      "properties": {
        "id": 10699771581,
        "kind": "poi",
        "crossing": "unmarked",
        "crossing:markings": "no",
        "highway": "crossing"
      },
      "geometry": {
        "type": "Point",
        "coordinates": [
          -106.5752664,
          35.0926964
        ]
      }
    },
    {
      "type": "Feature",
      "properties": {
        "id": 10699771594,
        "kind": "poi",
        "crossing": "unmarked",
        "crossing:markings": "no",
        "highway": "crossing"
      },
      "geometry": {
        "type": "Point",
        "coordinates": [
          -106.5741161,
          35.0926399
        ]
      }
    },
    {
      "type": "Feature",
      "properties": {
        "id": 10699771596,
        "kind": "poi",
        "crossing": "uncontrolled",
        "highway": "crossing"
      },
      "geometry": {
        "type": "Point",
        "coordinates": [
          -106.574065,
          35.0926905
        ]
      }
    },
    {
      "type": "Feature",
      "properties": {
        "id": 10699805009,
        "kind": "poi",
        "crossing": "unmarked",
        "crossing:markings": "no",
        "highway": "crossing"
      },
      "geometry": {
        "type": "Point",
        "coordinates": [
          -106.5730536,
          35.0926422
        ]
      }
    },
    {
      "type": "Feature",
      "properties": {
        "id": 10699805011,
        "kind": "poi",
        "crossing": "uncontrolled",
        "highway": "crossing"
      },
      "geometry": {
        "type": "Point",
        "coordinates": [
          -106.5729938,
          35.0927031
        ]
      }
    },
    {
      "type": "Feature",
      "properties": {
        "id": 10699811713,
        "kind": "poi",
        "crossing": "unmarked",
        "crossing:markings": "no",
        "highway": "crossing"
      },
      "geometry": {
        "type": "Point",
        "coordinates": [
          -106.5720009,
          35.0945424
        ]
      }
    },
    {
      "type": "Feature",
      "properties": {
        "id": 10699811726,
        "kind": "poi",
        "crossing": "unmarked",
        "crossing:markings": "no",
        "highway": "crossing"
      },
      "geometry": {
        "type": "Point",
        "coordinates": [
          -106.5719223,
          35.0927048
        ]
      }
    },
    {
      "type": "Feature",
      "properties": {
        "id": 10699811727,
        "kind": "poi",
        "crossing": "unmarked",
        "crossing:markings": "no",
        "highway": "crossing"
      },
      "geometry": {
        "type": "Point",
        "coordinates": [
          -106.5719749,
          35.0926494
        ]
      }
    },
    {
      "type": "Feature",
      "properties": {
        "id": 10699811728,
        "kind": "poi",
        "crossing": "unmarked",
        "crossing:markings": "no",
        "highway": "crossing"
      },
      "geometry": {
        "type": "Point",
        "coordinates": [
          -106.5719758,
          35.0927646
        ]
      }
    },
    {
      "type": "Feature",
      "properties": {
        "id": 10699811729,
        "kind": "poi",
        "crossing": "unmarked",
        "crossing:markings": "no",
        "highway": "crossing"
      },
      "geometry": {
        "type": "Point",
        "coordinates": [
          -106.5720591,
          35.0927048
        ]
      }
    },
    {
      "type": "Feature",
      "properties": {
        "id": 10699811741,
        "kind": "poi",
        "highway": "crossing"
      },
      "geometry": {
        "type": "Point",
        "coordinates": [
          -106.5709797,
          35.0921219
        ]
      }
    },
    {
      "type": "Feature",
      "properties": {
        "id": 10699811742,
        "kind": "poi",
        "highway": "crossing"
      },
      "geometry": {
        "type": "Point",
        "coordinates": [
          -106.5719285,
          35.0921325
        ]
      }
    },
    {
      "type": "Feature",
      "properties": {
        "id": 10699857064,
        "kind": "poi",
        "crossing": "unmarked",
        "crossing:markings": "no",
        "highway": "crossing"
      },
      "geometry": {
        "type": "Point",
        "coordinates": [
          -106.5723292,
          35.0947188
        ]
      }
    },
    {
      "type": "Feature",
      "properties": {
        "id": 10699857085,
        "kind": "poi",
        "crossing": "unmarked",
        "crossing:markings": "no",
        "highway": "crossing"
      },
      "geometry": {
        "type": "Point",
        "coordinates": [
          -106.5719355,
          35.09738
        ]
      }
    },
    {
      "type": "Feature",
      "properties": {
        "id": 10699857086,
        "kind": "poi",
        "crossing": "unmarked",
        "crossing:markings": "no",
        "highway": "crossing"
      },
      "geometry": {
        "type": "Point",
        "coordinates": [
          -106.5727813,
          35.0976541
        ]
      }
    },
    {
      "type": "Feature",
      "properties": {
        "id": 10699857088,
        "kind": "poi",
        "crossing": "unmarked",
        "crossing:markings": "no",
        "highway": "crossing"
      },
      "geometry": {
        "type": "Point",
        "coordinates": [
          -106.5735387,
          35.0979543
        ]
      }
    },
    {
      "type": "Feature",
      "properties": {
        "id": 10699857089,
        "kind": "poi",
        "crossing": "unmarked",
        "crossing:markings": "no",
        "highway": "crossing"
      },
      "geometry": {
        "type": "Point",
        "coordinates": [
          -106.5736431,
          35.0979329
        ]
      }
    },
    {
      "type": "Feature",
      "properties": {
        "id": 10699857091,
        "kind": "poi",
        "crossing": "unmarked",
        "crossing:markings": "no",
        "highway": "crossing"
      },
      "geometry": {
        "type": "Point",
        "coordinates": [
          -106.5736848,
          35.0980011
        ]
      }
    },
    {
      "type": "Feature",
      "properties": {
        "id": 10699864065,
        "kind": "poi",
        "crossing": "unmarked",
        "crossing:markings": "no",
        "highway": "crossing"
      },
      "geometry": {
        "type": "Point",
        "coordinates": [
          -106.5709335,
          35.0945144
        ]
      }
    },
    {
      "type": "Feature",
      "properties": {
        "id": 10699864078,
        "kind": "poi",
        "crossing": "unmarked",
        "crossing:markings": "no",
        "highway": "crossing"
      },
      "geometry": {
        "type": "Point",
        "coordinates": [
          -106.5709198,
          35.0926485
        ]
      }
    },
    {
      "type": "Feature",
      "properties": {
        "id": 10699864079,
        "kind": "poi",
        "crossing": "unmarked",
        "crossing:markings": "no",
        "highway": "crossing"
      },
      "geometry": {
        "type": "Point",
        "coordinates": [
          -106.570852,
          35.0927018
        ]
      }
    },
    {
      "type": "Feature",
      "properties": {
        "id": 10699864080,
        "kind": "poi",
        "crossing": "unmarked",
        "crossing:markings": "no",
        "highway": "crossing"
      },
      "geometry": {
        "type": "Point",
        "coordinates": [
          -106.5709205,
          35.0927663
        ]
      }
    },
    {
      "type": "Feature",
      "properties": {
        "id": 10699864081,
        "kind": "poi",
        "crossing": "unmarked",
        "crossing:markings": "no",
        "highway": "crossing"
      },
      "geometry": {
        "type": "Point",
        "coordinates": [
          -106.5709905,
          35.0927013
        ]
      }
    },
    {
      "type": "Feature",
      "properties": {
        "id": 10699864094,
        "kind": "poi",
        "crossing": "unmarked",
        "crossing:markings": "no",
        "highway": "crossing"
      },
      "geometry": {
        "type": "Point",
        "coordinates": [
          -106.5698469,
          35.094486
        ]
      }
    },
    {
      "type": "Feature",
      "properties": {
        "id": 10699888123,
        "kind": "poi",
        "crossing": "uncontrolled",
        "highway": "crossing"
      },
      "geometry": {
        "type": "Point",
        "coordinates": [
          -106.5689997,
          35.0973522
        ]
      }
    },
    {
      "type": "Feature",
      "properties": {
        "id": 10699888125,
        "kind": "poi",
        "crossing": "unmarked",
        "crossing:markings": "no",
        "highway": "crossing"
      },
      "geometry": {
        "type": "Point",
        "coordinates": [
          -106.5714211,
          35.094665
        ]
      }
    },
    {
      "type": "Feature",
      "properties": {
        "id": 10699888128,
        "kind": "poi",
        "crossing": "uncontrolled",
        "highway": "crossing"
      },
      "geometry": {
        "type": "Point",
        "coordinates": [
          -106.5690024,
          35.097839
        ]
      }
    },
    {
      "type": "Feature",
      "properties": {
        "id": 10699888130,
        "kind": "poi",
        "crossing": "unmarked",
        "crossing:markings": "no",
        "highway": "crossing"
      },
      "geometry": {
        "type": "Point",
        "coordinates": [
          -106.5710946,
          35.0971118
        ]
      }
    },
    {
      "type": "Feature",
      "properties": {
        "id": 10699888153,
        "kind": "poi",
        "crossing": "unmarked",
        "crossing:markings": "no",
        "highway": "crossing"
      },
      "geometry": {
        "type": "Point",
        "coordinates": [
          -106.5702966,
          35.0968524
        ]
      }
    },
    {
      "type": "Feature",
      "properties": {
        "id": 10699888178,
        "kind": "poi",
        "crossing": "unmarked",
        "crossing:markings": "no",
        "highway": "crossing"
      },
      "geometry": {
        "type": "Point",
        "coordinates": [
          -106.5705543,
          35.094673
        ]
      }
    },
    {
      "type": "Feature",
      "properties": {
        "id": 10699888179,
        "kind": "poi",
        "crossing": "unmarked",
        "crossing:markings": "no",
        "highway": "crossing"
      },
      "geometry": {
        "type": "Point",
        "coordinates": [
          -106.5696822,
          35.0946227
        ]
      }
    },
    {
      "type": "Feature",
      "properties": {
        "id": 10699910007,
        "kind": "poi",
        "highway": "crossing"
      },
      "geometry": {
        "type": "Point",
        "coordinates": [
          -106.5689005,
          35.09394
        ]
      }
    },
    {
      "type": "Feature",
      "properties": {
        "id": 10699910008,
        "kind": "poi",
        "highway": "crossing"
      },
      "geometry": {
        "type": "Point",
        "coordinates": [
          -106.5691924,
          35.0944727
        ]
      }
    },
    {
      "type": "Feature",
      "properties": {
        "id": 10699910010,
        "kind": "poi",
        "crossing": "unmarked",
        "crossing:markings": "no",
        "highway": "crossing"
      },
      "geometry": {
        "type": "Point",
        "coordinates": [
          -106.5698437,
          35.0926512
        ]
      }
    },
    {
      "type": "Feature",
      "properties": {
        "id": 10699910011,
        "kind": "poi",
        "crossing": "unmarked",
        "crossing:markings": "no",
        "highway": "crossing"
      },
      "geometry": {
        "type": "Point",
        "coordinates": [
          -106.5697769,
          35.0927137
        ]
      }
    },
    {
      "type": "Feature",
      "properties": {
        "id": 10699910012,
        "kind": "poi",
        "crossing": "unmarked",
        "crossing:markings": "no",
        "highway": "crossing"
      },
      "geometry": {
        "type": "Point",
        "coordinates": [
          -106.5698441,
          35.0927641
        ]
      }
    },
    {
      "type": "Feature",
      "properties": {
        "id": 10699910013,
        "kind": "poi",
        "crossing": "unmarked",
        "crossing:markings": "no",
        "highway": "crossing"
      },
      "geometry": {
        "type": "Point",
        "coordinates": [
          -106.5699177,
          35.0927131
        ]
      }
    },
    {
      "type": "Feature",
      "properties": {
        "id": 10699910026,
        "kind": "poi",
        "highway": "crossing"
      },
      "geometry": {
        "type": "Point",
        "coordinates": [
          -106.5690391,
          35.0909652
        ]
      }
    },
    {
      "type": "Feature",
      "properties": {
        "id": 10699910027,
        "kind": "poi",
        "highway": "crossing"
      },
      "geometry": {
        "type": "Point",
        "coordinates": [
          -106.5690371,
          35.0926595
        ]
      }
    },
    {
      "type": "Feature",
      "properties": {
        "id": 10699910028,
        "kind": "poi",
        "highway": "crossing"
      },
      "geometry": {
        "type": "Point",
        "coordinates": [
          -106.5692162,
          35.0909641
        ]
      }
    },
    {
      "type": "Feature",
      "properties": {
        "id": 10699910029,
        "kind": "poi",
        "highway": "crossing"
      },
      "geometry": {
        "type": "Point",
        "coordinates": [
          -106.5692176,
          35.0926597
        ]
      }
    },
    {
      "type": "Feature",
      "properties": {
        "id": 10699910030,
        "kind": "poi",
        "crossing": "unmarked",
        "crossing:markings": "no",
        "highway": "crossing"
      },
      "geometry": {
        "type": "Point",
        "coordinates": [
          -106.5689386,
          35.0927103
        ]
      }
    },
    {
      "type": "Feature",
      "properties": {
        "id": 10699910032,
        "kind": "poi",
        "crossing": "uncontrolled",
        "highway": "crossing"
      },
      "geometry": {
        "type": "Point",
        "coordinates": [
          -106.5685413,
          35.0945327
        ]
      }
    },
    {
      "type": "Feature",
      "properties": {
        "id": 10699910033,
        "kind": "poi",
        "crossing": "uncontrolled",
        "highway": "crossing"
      },
      "geometry": {
        "type": "Point",
        "coordinates": [
          -106.5686636,
          35.0944509
        ]
      }
    },
    {
      "type": "Feature",
      "properties": {
        "id": 10699910034,
        "kind": "poi",
        "crossing": "uncontrolled",
        "highway": "crossing"
      },
      "geometry": {
        "type": "Point",
        "coordinates": [
          -106.5686652,
          35.0946337
        ]
      }
    },
    {
      "type": "Feature",
      "properties": {
        "id": 10699910035,
        "kind": "poi",
        "crossing": "uncontrolled",
        "highway": "crossing"
      },
      "geometry": {
        "type": "Point",
        "coordinates": [
          -106.5688285,
          35.0944516
        ]
      }
    },
    {
      "type": "Feature",
      "properties": {
        "id": 10699910036,
        "kind": "poi",
        "crossing": "uncontrolled",
        "highway": "crossing"
      },
      "geometry": {
        "type": "Point",
        "coordinates": [
          -106.5688303,
          35.0946345
        ]
      }
    },
    {
      "type": "Feature",
      "properties": {
        "id": 10699910037,
        "kind": "poi",
        "crossing": "uncontrolled",
        "highway": "crossing"
      },
      "geometry": {
        "type": "Point",
        "coordinates": [
          -106.568934,
          35.0945344
        ]
      }
    },
    {
      "type": "Feature",
      "properties": {
        "id": 10699910047,
        "kind": "poi",
        "crossing": "uncontrolled",
        "highway": "crossing"
      },
      "geometry": {
        "type": "Point",
        "coordinates": [
          -106.5685137,
          35.0962357
        ]
      }
    },
    {
      "type": "Feature",
      "properties": {
        "id": 10699910051,
        "kind": "poi",
        "crossing": "uncontrolled",
        "highway": "crossing"
      },
      "geometry": {
        "type": "Point",
        "coordinates": [
          -106.568543,
          35.0971208
        ]
      }
    },
    {
      "type": "Feature",
      "properties": {
        "id": 10699910058,
        "kind": "poi",
        "crossing": "uncontrolled",
        "highway": "crossing",
        "tactile_paving": "yes"
      },
      "geometry": {
        "type": "Point",
        "coordinates": [
          -106.568522,
          35.0978784
        ]
      }
    },
    {
      "type": "Feature",
      "properties": {
        "id": 10699910062,
        "kind": "poi",
        "crossing": "uncontrolled",
        "highway": "crossing"
      },
      "geometry": {
        "type": "Point",
        "coordinates": [
          -106.5690421,
          35.0987957
        ]
      }
    },
    {
      "type": "Feature",
      "properties": {
        "id": 10699910076,
        "kind": "poi",
        "crossing": "uncontrolled",
        "highway": "crossing"
      },
      "geometry": {
        "type": "Point",
        "coordinates": [
          -106.5685148,
          35.0986941
        ]
      }
    },
    {
      "type": "Feature",
      "properties": {
        "id": 10699910077,
        "kind": "poi",
        "crossing": "uncontrolled",
        "highway": "crossing"
      },
      "geometry": {
        "type": "Point",
        "coordinates": [
          -106.5685165,
          35.0987664
        ]
      }
    },
    {
      "type": "Feature",
      "properties": {
        "id": 10699929552,
        "kind": "poi",
        "highway": "crossing"
      },
      "geometry": {
        "type": "Point",
        "coordinates": [
          -106.5663145,
          35.0944738
        ]
      }
    },
    {
      "type": "Feature",
      "properties": {
        "id": 10699929553,
        "kind": "poi",
        "highway": "crossing"
      },
      "geometry": {
        "type": "Point",
        "coordinates": [
          -106.5669349,
          35.094472
        ]
      }
    },
    {
      "type": "Feature",
      "properties": {
        "id": 10699929554,
        "kind": "poi",
        "highway": "crossing"
      },
      "geometry": {
        "type": "Point",
        "coordinates": [
          -106.5677672,
          35.0944697
        ]
      }
    },
    {
      "type": "Feature",
      "properties": {
        "id": 10699929555,
        "kind": "poi",
        "highway": "crossing"
      },
      "geometry": {
        "type": "Point",
        "coordinates": [
          -106.5685823,
          35.0935688
        ]
      }
    },
    {
      "type": "Feature",
      "properties": {
        "id": 10699929557,
        "kind": "poi",
        "crossing": "unmarked",
        "crossing:markings": "no",
        "highway": "crossing"
      },
      "geometry": {
        "type": "Point",
        "coordinates": [
          -106.5654761,
          35.0944655
        ]
      }
    },
    {
      "type": "Feature",
      "properties": {
        "id": 10699929573,
        "kind": "poi",
        "crossing": "unmarked",
        "crossing:markings": "no",
        "highway": "crossing"
      },
      "geometry": {
        "type": "Point",
        "coordinates": [
          -106.5644054,
          35.0944732
        ]
      }
    },
    {
      "type": "Feature",
      "properties": {
        "id": 10699929587,
        "kind": "poi",
        "crossing": "unmarked",
        "crossing:markings": "no",
        "highway": "crossing"
      },
      "geometry": {
        "type": "Point",
        "coordinates": [
          -106.5643338,
          35.093067
        ]
      }
    },
    {
      "type": "Feature",
      "properties": {
        "id": 10699932212,
        "kind": "poi",
        "crossing": "unmarked",
        "crossing:markings": "no",
        "highway": "crossing"
      },
      "geometry": {
        "type": "Point",
        "coordinates": [
          -106.5634224,
          35.0930696
        ]
      }
    },
    {
      "type": "Feature",
      "properties": {
        "id": 10699932214,
        "kind": "poi",
        "crossing": "unmarked",
        "crossing:markings": "no",
        "highway": "crossing"
      },
      "geometry": {
        "type": "Point",
        "coordinates": [
          -106.564552,
          35.0909217
        ]
      }
    },
    {
      "type": "Feature",
      "properties": {
        "id": 10700035586,
        "kind": "poi",
        "crossing": "unmarked",
        "crossing:markings": "no",
        "highway": "crossing"
      },
      "geometry": {
        "type": "Point",
        "coordinates": [
          -106.5655445,
          35.0927184
        ]
      }
    },
    {
      "type": "Feature",
      "properties": {
        "id": 10700035599,
        "kind": "poi",
        "crossing": "unmarked",
        "crossing:markings": "no",
        "highway": "crossing"
      },
      "geometry": {
        "type": "Point",
        "coordinates": [
          -106.5665392,
          35.092656
        ]
      }
    },
    {
      "type": "Feature",
      "properties": {
        "id": 10700056912,
        "kind": "poi",
        "crossing": "unmarked",
        "crossing:markings": "no",
        "highway": "crossing"
      },
      "geometry": {
        "type": "Point",
        "coordinates": [
          -106.5676114,
          35.0926567
        ]
      }
    },
    {
      "type": "Feature",
      "properties": {
        "id": 10700056925,
        "kind": "poi",
        "highway": "crossing"
      },
      "geometry": {
        "type": "Point",
        "coordinates": [
          -106.5681294,
          35.0909646
        ]
      }
    },
    {
      "type": "Feature",
      "properties": {
        "id": 10700056926,
        "kind": "poi",
        "highway": "crossing"
      },
      "geometry": {
        "type": "Point",
        "coordinates": [
          -106.5681419,
          35.092663
        ]
      }
    },
    {
      "type": "Feature",
      "properties": {
        "id": 10700056927,
        "kind": "poi",
        "highway": "crossing"
      },
      "geometry": {
        "type": "Point",
        "coordinates": [
          -106.5686042,
          35.0910795
        ]
      }
    },
    {
      "type": "Feature",
      "properties": {
        "id": 10700056928,
        "kind": "poi",
        "highway": "crossing"
      },
      "geometry": {
        "type": "Point",
        "coordinates": [
          -106.5686041,
          35.0917226
        ]
      }
    },
    {
      "type": "Feature",
      "properties": {
        "id": 10700056929,
        "kind": "poi",
        "highway": "crossing"
      },
      "geometry": {
        "type": "Point",
        "coordinates": [
          -106.568604,
          35.0918964
        ]
      }
    },
    {
      "type": "Feature",
      "properties": {
        "id": 10700056930,
        "kind": "poi",
        "highway": "crossing"
      },
      "geometry": {
        "type": "Point",
        "coordinates": [
          -106.568604,
          35.0920622
        ]
      }
    },
    {
      "type": "Feature",
      "properties": {
        "id": 10700056931,
        "kind": "poi",
        "crossing": "unmarked",
        "crossing:markings": "no",
        "highway": "crossing"
      },
      "geometry": {
        "type": "Point",
        "coordinates": [
          -106.5686004,
          35.0927082
        ]
      }
    },
    {
      "type": "Feature",
      "properties": {
        "id": 10700071033,
        "kind": "poi",
        "crossing": "unmarked",
        "crossing:markings": "no",
        "highway": "crossing"
      },
      "geometry": {
        "type": "Point",
        "coordinates": [
          -106.5654012,
          35.0909165
        ]
      }
    },
    {
      "type": "Feature",
      "properties": {
        "id": 10700071034,
        "kind": "poi",
        "crossing": "unmarked",
        "crossing:markings": "no",
        "highway": "crossing"
      },
      "geometry": {
        "type": "Point",
        "coordinates": [
          -106.5655304,
          35.0909159
        ]
      }
    },
    {
      "type": "Feature",
      "properties": {
        "id": 10700071035,
        "kind": "poi",
        "crossing": "unmarked",
        "crossing:markings": "no",
        "highway": "crossing"
      },
      "geometry": {
        "type": "Point",
        "coordinates": [
          -106.5654699,
          35.0908616
        ]
      }
    },
    {
      "type": "Feature",
      "properties": {
        "id": 10700071036,
        "kind": "poi",
        "crossing": "unmarked",
        "crossing:markings": "no",
        "highway": "crossing"
      },
      "geometry": {
        "type": "Point",
        "coordinates": [
          -106.5654703,
          35.0909831
        ]
      }
    },
    {
      "type": "Feature",
      "properties": {
        "id": 10700071050,
        "kind": "poi",
        "crossing": "unmarked",
        "crossing:markings": "no",
        "highway": "crossing"
      },
      "geometry": {
        "type": "Point",
        "coordinates": [
          -106.5665453,
          35.0908592
        ]
      }
    },
    {
      "type": "Feature",
      "properties": {
        "id": 10700071051,
        "kind": "poi",
        "crossing": "unmarked",
        "crossing:markings": "no",
        "highway": "crossing"
      },
      "geometry": {
        "type": "Point",
        "coordinates": [
          -106.5664712,
          35.0909135
        ]
      }
    },
    {
      "type": "Feature",
      "properties": {
        "id": 10700071052,
        "kind": "poi",
        "crossing": "unmarked",
        "crossing:markings": "no",
        "highway": "crossing"
      },
      "geometry": {
        "type": "Point",
        "coordinates": [
          -106.5665458,
          35.090975
        ]
      }
    },
    {
      "type": "Feature",
      "properties": {
        "id": 10700071053,
        "kind": "poi",
        "crossing": "unmarked",
        "crossing:markings": "no",
        "highway": "crossing"
      },
      "geometry": {
        "type": "Point",
        "coordinates": [
          -106.5666049,
          35.0909138
        ]
      }
    },
    {
      "type": "Feature",
      "properties": {
        "id": 10700071065,
        "kind": "poi",
        "crossing": "unmarked",
        "crossing:markings": "no",
        "highway": "crossing"
      },
      "geometry": {
        "type": "Point",
        "coordinates": [
          -106.565465,
          35.0886401
        ]
      }
    },
    {
      "type": "Feature",
      "properties": {
        "id": 10700071066,
        "kind": "poi",
        "crossing": "unmarked",
        "crossing:markings": "no",
        "highway": "crossing"
      },
      "geometry": {
        "type": "Point",
        "coordinates": [
          -106.566533,
          35.0886381
        ]
      }
    },
    {
      "type": "Feature",
      "properties": {
        "id": 10700071068,
        "kind": "poi",
        "crossing": "unmarked",
        "crossing:markings": "no",
        "highway": "crossing"
      },
      "geometry": {
        "type": "Point",
        "coordinates": [
          -106.5675374,
          35.0909224
        ]
      }
    },
    {
      "type": "Feature",
      "properties": {
        "id": 10700071069,
        "kind": "poi",
        "crossing": "unmarked",
        "crossing:markings": "no",
        "highway": "crossing"
      },
      "geometry": {
        "type": "Point",
        "coordinates": [
          -106.5675919,
          35.0908568
        ]
      }
    },
    {
      "type": "Feature",
      "properties": {
        "id": 10700071070,
        "kind": "poi",
        "crossing": "unmarked",
        "crossing:markings": "no",
        "highway": "crossing"
      },
      "geometry": {
        "type": "Point",
        "coordinates": [
          -106.5675926,
          35.0909755
        ]
      }
    },
    {
      "type": "Feature",
      "properties": {
        "id": 10700071071,
        "kind": "poi",
        "crossing": "unmarked",
        "crossing:markings": "no",
        "highway": "crossing"
      },
      "geometry": {
        "type": "Point",
        "coordinates": [
          -106.5676753,
          35.0909221
        ]
      }
    },
    {
      "type": "Feature",
      "properties": {
        "id": 10700071086,
        "kind": "poi",
        "highway": "crossing"
      },
      "geometry": {
        "type": "Point",
        "coordinates": [
          -106.5681368,
          35.0891701
        ]
      }
    },
    {
      "type": "Feature",
      "properties": {
        "id": 10700071087,
        "kind": "poi",
        "highway": "crossing"
      },
      "geometry": {
        "type": "Point",
        "coordinates": [
          -106.5681283,
          35.0908646
        ]
      }
    },
    {
      "type": "Feature",
      "properties": {
        "id": 10700071088,
        "kind": "poi",
        "highway": "crossing"
      },
      "geometry": {
        "type": "Point",
        "coordinates": [
          -106.5683187,
          35.0908645
        ]
      }
    },
    {
      "type": "Feature",
      "properties": {
        "id": 10700071089,
        "kind": "poi",
        "crossing": "unmarked",
        "crossing:markings": "no",
        "highway": "crossing"
      },
      "geometry": {
        "type": "Point",
        "coordinates": [
          -106.5685941,
          35.0909133
        ]
      }
    },
    {
      "type": "Feature",
      "properties": {
        "id": 10700071091,
        "kind": "poi",
        "crossing": "unmarked",
        "crossing:markings": "no",
        "highway": "crossing"
      },
      "geometry": {
        "type": "Point",
        "coordinates": [
          -106.5685904,
          35.0891213
        ]
      }
    },
    {
      "type": "Feature",
      "properties": {
        "id": 10700079216,
        "kind": "poi",
        "highway": "crossing"
      },
      "geometry": {
        "type": "Point",
        "coordinates": [
          -106.5676701,
          35.0877308
        ]
      }
    },
    {
      "type": "Feature",
      "properties": {
        "id": 10700079217,
        "kind": "poi",
        "highway": "crossing"
      },
      "geometry": {
        "type": "Point",
        "coordinates": [
          -106.5679736,
          35.0873877
        ]
      }
    },
    {
      "type": "Feature",
      "properties": {
        "id": 10700079218,
        "kind": "poi",
        "highway": "crossing"
      },
      "geometry": {
        "type": "Point",
        "coordinates": [
          -106.5685671,
          35.0877215
        ]
      }
    },
    {
      "type": "Feature",
      "properties": {
        "id": 10700079219,
        "kind": "poi",
        "crossing": "unmarked",
        "crossing:markings": "no",
        "highway": "crossing"
      },
      "geometry": {
        "type": "Point",
        "coordinates": [
          -106.567673,
          35.0891198
        ]
      }
    },
    {
      "type": "Feature",
      "properties": {
        "id": 10700079222,
        "kind": "poi",
        "highway": "crossing"
      },
      "geometry": {
        "type": "Point",
        "coordinates": [
          -106.5676703,
          35.0878412
        ]
      }
    },
    {
      "type": "Feature",
      "properties": {
        "id": 10700079223,
        "kind": "poi",
        "highway": "crossing"
      },
      "geometry": {
        "type": "Point",
        "coordinates": [
          -106.568586,
          35.087841
        ]
      }
    },
    {
      "type": "Feature",
      "properties": {
        "id": 10700079227,
        "kind": "poi",
        "highway": "crossing"
      },
      "geometry": {
        "type": "Point",
        "coordinates": [
          -106.5686025,
          35.0886841
        ]
      }
    },
    {
      "type": "Feature",
      "properties": {
        "id": 10700079230,
        "kind": "poi",
        "highway": "crossing"
      },
      "geometry": {
        "type": "Point",
        "coordinates": [
          -106.5685997,
          35.088251
        ]
      }
    },
    {
      "type": "Feature",
      "properties": {
        "id": 10700299180,
        "kind": "poi",
        "crossing": "unmarked",
        "crossing:markings": "no",
        "highway": "crossing"
      },
      "geometry": {
        "type": "Point",
        "coordinates": [
          -106.569741,
          35.0996816
        ]
      }
    },
    {
      "type": "Feature",
      "properties": {
        "id": 10700299185,
        "kind": "poi",
        "crossing": "unmarked",
        "crossing:markings": "no",
        "highway": "crossing",
        "tactile_paving": "no"
      },
      "geometry": {
        "type": "Point",
        "coordinates": [
          -106.5708589,
          35.0998711
        ]
      }
    },
    {
      "type": "Feature",
      "properties": {
        "id": 10700299192,
        "kind": "poi",
        "crossing": "unmarked",
        "crossing:markings": "no",
        "highway": "crossing",
        "tactile_paving": "no"
      },
      "geometry": {
        "type": "Point",
        "coordinates": [
          -106.5719674,
          35.1002255
        ]
      }
    },
    {
      "type": "Feature",
      "properties": {
        "id": 10700299200,
        "kind": "poi",
        "crossing": "unmarked",
        "crossing:markings": "no",
        "highway": "crossing",
        "tactile_paving": "yes"
      },
      "geometry": {
        "type": "Point",
        "coordinates": [
          -106.5721467,
          35.1011099
        ]
      }
    },
    {
      "type": "Feature",
      "properties": {
        "id": 10700357606,
        "kind": "poi",
        "crossing": "unmarked",
        "crossing:markings": "no",
        "highway": "crossing",
        "tactile_paving": "no"
      },
      "geometry": {
        "type": "Point",
        "coordinates": [
          -106.5719927,
          35.101403
        ]
      }
    },
    {
      "type": "Feature",
      "properties": {
        "id": 10700357617,
        "kind": "poi",
        "crossing": "unmarked",
        "crossing:markings": "no",
        "highway": "crossing"
      },
      "geometry": {
        "type": "Point",
        "coordinates": [
          -106.5715996,
          35.1018043
        ]
      }
    },
    {
      "type": "Feature",
      "properties": {
        "id": 10700357618,
        "kind": "poi",
        "crossing": "unmarked",
        "crossing:markings": "no",
        "highway": "crossing"
      },
      "geometry": {
        "type": "Point",
        "coordinates": [
          -106.5715891,
          35.1019053
        ]
      }
    },
    {
      "type": "Feature",
      "properties": {
        "id": 10700357619,
        "kind": "poi",
        "crossing": "unmarked",
        "crossing:markings": "no",
        "highway": "crossing"
      },
      "geometry": {
        "type": "Point",
        "coordinates": [
          -106.571702,
          35.101736
        ]
      }
    },
    {
      "type": "Feature",
      "properties": {
        "id": 10700357620,
        "kind": "poi",
        "crossing": "unmarked",
        "crossing:markings": "no",
        "highway": "crossing"
      },
      "geometry": {
        "type": "Point",
        "coordinates": [
          -106.571673,
          35.1019652
        ]
      }
    },
    {
      "type": "Feature",
      "properties": {
        "id": 10700357621,
        "kind": "poi",
        "crossing": "unmarked",
        "crossing:markings": "no",
        "highway": "crossing"
      },
      "geometry": {
        "type": "Point",
        "coordinates": [
          -106.571813,
          35.1017391
        ]
      }
    },
    {
      "type": "Feature",
      "properties": {
        "id": 10700357622,
        "kind": "poi",
        "crossing": "unmarked",
        "crossing:markings": "no",
        "highway": "crossing"
      },
      "geometry": {
        "type": "Point",
        "coordinates": [
          -106.57179,
          35.1019672
        ]
      }
    },
    {
      "type": "Feature",
      "properties": {
        "id": 10700357623,
        "kind": "poi",
        "crossing": "unmarked",
        "crossing:markings": "no",
        "highway": "crossing"
      },
      "geometry": {
        "type": "Point",
        "coordinates": [
          -106.5719071,
          35.101807
        ]
      }
    },
    {
      "type": "Feature",
      "properties": {
        "id": 10700357624,
        "kind": "poi",
        "crossing": "unmarked",
        "crossing:markings": "no",
        "highway": "crossing"
      },
      "geometry": {
        "type": "Point",
        "coordinates": [
          -106.5718902,
          35.1019077
        ]
      }
    },
    {
      "type": "Feature",
      "properties": {
        "id": 10700357651,
        "kind": "poi",
        "highway": "crossing"
      },
      "geometry": {
        "type": "Point",
        "coordinates": [
          -106.5689908,
          35.1008962
        ]
      }
    },
    {
      "type": "Feature",
      "properties": {
        "id": 10700357652,
        "kind": "poi",
        "highway": "crossing"
      },
      "geometry": {
        "type": "Point",
        "coordinates": [
          -106.5689888,
          35.1013952
        ]
      }
    },
    {
      "type": "Feature",
      "properties": {
        "id": 10700357653,
        "kind": "poi",
        "highway": "crossing"
      },
      "geometry": {
        "type": "Point",
        "coordinates": [
          -106.5697197,
          35.1017442
        ]
      }
    },
    {
      "type": "Feature",
      "properties": {
        "id": 10700357654,
        "kind": "poi",
        "highway": "crossing"
      },
      "geometry": {
        "type": "Point",
        "coordinates": [
          -106.569911,
          35.101746
        ]
      }
    },
    {
      "type": "Feature",
      "properties": {
        "id": 10700357655,
        "kind": "poi",
        "highway": "crossing"
      },
      "geometry": {
        "type": "Point",
        "coordinates": [
          -106.570387,
          35.1017506
        ]
      }
    },
    {
      "type": "Feature",
      "properties": {
        "id": 10700357656,
        "kind": "poi",
        "highway": "crossing"
      },
      "geometry": {
        "type": "Point",
        "coordinates": [
          -106.5716305,
          35.101154
        ]
      }
    },
    {
      "type": "Feature",
      "properties": {
        "id": 10700357658,
        "kind": "poi",
        "crossing": "unmarked",
        "crossing:markings": "no",
        "highway": "crossing",
        "tactile_paving": "no"
      },
      "geometry": {
        "type": "Point",
        "coordinates": [
          -106.5718155,
          35.1011146
        ]
      }
    },
    {
      "type": "Feature",
      "properties": {
        "id": 10700357667,
        "kind": "poi",
        "crossing": "unmarked",
        "crossing:markings": "no",
        "highway": "crossing",
        "tactile_paving": "no"
      },
      "geometry": {
        "type": "Point",
        "coordinates": [
          -106.5719341,
          35.1005905
        ]
      }
    },
    {
      "type": "Feature",
      "properties": {
        "id": 10700357674,
        "kind": "poi",
        "crossing": "unmarked",
        "crossing:markings": "no",
        "highway": "crossing",
        "tactile_paving": "no"
      },
      "geometry": {
        "type": "Point",
        "coordinates": [
          -106.571359,
          35.1001808
        ]
      }
    },
    {
      "type": "Feature",
      "properties": {
        "id": 10700357677,
        "kind": "poi",
        "crossing": "unmarked",
        "crossing:island": "no",
        "crossing:markings": "no",
        "highway": "crossing",
        "tactile_paving": "no"
      },
      "geometry": {
        "type": "Point",
        "coordinates": [
          -106.570795,
          35.1000644
        ]
      }
    },
    {
      "type": "Feature",
      "properties": {
        "id": 10700357697,
        "kind": "poi",
        "crossing": "uncontrolled",
        "crossing:markings": "ladder",
        "crossing:signals": "no",
        "highway": "crossing",
        "tactile_paving": "no"
      },
      "geometry": {
        "type": "Point",
        "coordinates": [
          -106.569745,
          35.0998787
        ]
      }
    },
    {
      "type": "Feature",
      "properties": {
        "id": 10700357709,
        "kind": "poi",
        "crossing": "unmarked",
        "crossing:markings": "no",
        "highway": "crossing"
      },
      "geometry": {
        "type": "Point",
        "coordinates": [
          -106.5695619,
          35.1005396
        ]
      }
    },
    {
      "type": "Feature",
      "properties": {
        "id": 10700357710,
        "kind": "poi",
        "crossing": "unmarked",
        "crossing:markings": "no",
        "highway": "crossing"
      },
      "geometry": {
        "type": "Point",
        "coordinates": [
          -106.5689967,
          35.1005616
        ]
      }
    },
    {
      "type": "Feature",
      "properties": {
        "id": 10700357711,
        "kind": "poi",
        "crossing": "unmarked",
        "crossing:markings": "no",
        "highway": "crossing"
      },
      "geometry": {
        "type": "Point",
        "coordinates": [
          -106.5689985,
          35.1006885
        ]
      }
    },
    {
      "type": "Feature",
      "properties": {
        "id": 10700368454,
        "kind": "poi",
        "crossing": "uncontrolled",
        "highway": "crossing"
      },
      "geometry": {
        "type": "Point",
        "coordinates": [
          -106.5677994,
          35.0986941
        ]
      }
    },
    {
      "type": "Feature",
      "properties": {
        "id": 10700368456,
        "kind": "poi",
        "crossing": "uncontrolled",
        "highway": "crossing"
      },
      "geometry": {
        "type": "Point",
        "coordinates": [
          -106.5677385,
          35.0989322
        ]
      }
    },
    {
      "type": "Feature",
      "properties": {
        "id": 10700368459,
        "kind": "poi",
        "crossing": "uncontrolled",
        "highway": "crossing"
      },
      "geometry": {
        "type": "Point",
        "coordinates": [
          -106.5676763,
          35.0988362
        ]
      }
    },
    {
      "type": "Feature",
      "properties": {
        "id": 10700368462,
        "kind": "poi",
        "crossing": "uncontrolled",
        "highway": "crossing"
      },
      "geometry": {
        "type": "Point",
        "coordinates": [
          -106.5677569,
          35.09938
        ]
      }
    },
    {
      "type": "Feature",
      "properties": {
        "id": 10700368474,
        "kind": "poi",
        "crossing": "uncontrolled",
        "crossing:markings": "zebra",
        "crossing:signals": "no",
        "highway": "crossing"
      },
      "geometry": {
        "type": "Point",
        "coordinates": [
          -106.5676696,
          35.0996286
        ]
      }
    },
    {
      "type": "Feature",
      "properties": {
        "id": 10700368481,
        "kind": "poi",
        "crossing": "uncontrolled",
        "highway": "crossing"
      },
      "geometry": {
        "type": "Point",
        "coordinates": [
          -106.5676216,
          35.099181
        ]
      }
    },
    {
      "type": "Feature",
      "properties": {
        "id": 10700368488,
        "kind": "poi",
        "crossing": "uncontrolled",
        "highway": "crossing"
      },
      "geometry": {
        "type": "Point",
        "coordinates": [
          -106.5674896,
          35.0986845
        ]
      }
    },
    {
      "type": "Feature",
      "properties": {
        "id": 10700368489,
        "kind": "poi",
        "crossing": "uncontrolled",
        "highway": "crossing"
      },
      "geometry": {
        "type": "Point",
        "coordinates": [
          -106.5674947,
          35.0987657
        ]
      }
    },
    {
      "type": "Feature",
      "properties": {
        "id": 10700368490,
        "kind": "poi",
        "crossing": "uncontrolled",
        "highway": "crossing"
      },
      "geometry": {
        "type": "Point",
        "coordinates": [
          -106.5676449,
          35.0986327
        ]
      }
    },
    {
      "type": "Feature",
      "properties": {
        "id": 10700368499,
        "kind": "poi",
        "crossing": "unmarked",
        "crossing:markings": "no",
        "highway": "crossing"
      },
      "geometry": {
        "type": "Point",
        "coordinates": [
          -106.5672929,
          35.0982911
        ]
      }
    },
    {
      "type": "Feature",
      "properties": {
        "id": 10700372388,
        "kind": "poi",
        "crossing": "uncontrolled",
        "crossing:markings": "zebra",
        "crossing:signals": "no",
        "highway": "crossing"
      },
      "geometry": {
        "type": "Point",
        "coordinates": [
          -106.565241,
          35.1017454
        ]
      }
    },
    {
      "type": "Feature",
      "properties": {
        "id": 10700372389,
        "kind": "poi",
        "crossing": "uncontrolled",
        "crossing:markings": "zebra",
        "crossing:signals": "no",
        "highway": "crossing"
      },
      "geometry": {
        "type": "Point",
        "coordinates": [
          -106.5654056,
          35.1017347
        ]
      }
    },
    {
      "type": "Feature",
      "properties": {
        "id": 10700372391,
        "kind": "poi",
        "crossing": "uncontrolled",
        "highway": "crossing"
      },
      "geometry": {
        "type": "Point",
        "coordinates": [
          -106.5648562,
          35.1009274
        ]
      }
    },
    {
      "type": "Feature",
      "properties": {
        "id": 10700375357,
        "kind": "poi",
        "crossing": "uncontrolled",
        "crossing:markings": "surface",
        "crossing:signals": "no",
        "highway": "crossing"
      },
      "geometry": {
        "type": "Point",
        "coordinates": [
          -106.5668569,
          35.1007963
        ]
      }
    },
    {
      "type": "Feature",
      "properties": {
        "id": 10700375372,
        "kind": "poi",
        "crossing": "traffic_signals",
        "crossing:markings": "zebra",
        "crossing:signals": "yes",
        "highway": "crossing"
      },
      "geometry": {
        "type": "Point",
        "coordinates": [
          -106.5659235,
          35.1019615
        ]
      }
    },
    {
      "type": "Feature",
      "properties": {
        "id": 10700375373,
        "kind": "poi",
        "crossing": "traffic_signals",
        "crossing:markings": "zebra",
        "crossing:signals": "yes",
        "highway": "crossing"
      },
      "geometry": {
        "type": "Point",
        "coordinates": [
          -106.5660452,
          35.1018159
        ]
      }
    },
    {
      "type": "Feature",
      "properties": {
        "id": 10700375374,
        "kind": "poi",
        "crossing": "traffic_signals",
        "crossing:markings": "zebra",
        "crossing:signals": "yes",
        "highway": "crossing"
      },
      "geometry": {
        "type": "Point",
        "coordinates": [
          -106.5661863,
          35.1017319
        ]
      }
    },
    {
      "type": "Feature",
      "properties": {
        "id": 10700375375,
        "kind": "poi",
        "crossing": "traffic_signals",
        "crossing:markings": "zebra",
        "crossing:signals": "yes",
        "highway": "crossing"
      },
      "geometry": {
        "type": "Point",
        "coordinates": [
          -106.5663408,
          35.1017142
        ]
      }
    },
    {
      "type": "Feature",
      "properties": {
        "id": 10700375377,
        "kind": "poi",
        "button_operated": "yes",
        "crossing": "traffic_signals",
        "crossing:markings": "zebra",
        "crossing:signals": "yes",
        "highway": "crossing"
      },
      "geometry": {
        "type": "Point",
        "coordinates": [
          -106.5661687,
          35.1020263
        ]
      }
    },
    {
      "type": "Feature",
      "properties": {
        "id": 10700375378,
        "kind": "poi",
        "button_operated": "yes",
        "crossing": "traffic_signals",
        "crossing:markings": "lines;surface",
        "crossing:signals": "yes",
        "highway": "crossing"
      },
      "geometry": {
        "type": "Point",
        "coordinates": [
          -106.5663407,
          35.1019556
        ]
      }
    },
    {
      "type": "Feature",
      "properties": {
        "id": 10700375379,
        "kind": "poi",
        "button_operated": "yes",
        "crossing": "traffic_signals",
        "crossing:markings": "lines;surface",
        "crossing:signals": "yes",
        "highway": "crossing"
      },
      "geometry": {
        "type": "Point",
        "coordinates": [
          -106.566414,
          35.1018124
        ]
      }
    },
    {
      "type": "Feature",
      "properties": {
        "id": 10700375399,
        "kind": "poi",
        "crossing": "uncontrolled",
        "highway": "crossing"
      },
      "geometry": {
        "type": "Point",
        "coordinates": [
          -106.5662248,
          35.1005696
        ]
      }
    },
    {
      "type": "Feature",
      "properties": {
        "id": 10700375401,
        "kind": "poi",
        "crossing": "uncontrolled",
        "crossing:markings": "surface",
        "crossing:signals": "no",
        "highway": "crossing"
      },
      "geometry": {
        "type": "Point",
        "coordinates": [
          -106.5666078,
          35.1006573
        ]
      }
    },
    {
      "type": "Feature",
      "properties": {
        "id": 10700377008,
        "kind": "poi",
        "crossing": "unmarked",
        "crossing:markings": "no",
        "highway": "crossing"
      },
      "geometry": {
        "type": "Point",
        "coordinates": [
          -106.5667769,
          35.097482
        ]
      }
    },
    {
      "type": "Feature",
      "properties": {
        "id": 10700377018,
        "kind": "poi",
        "crossing": "unmarked",
        "crossing:markings": "no",
        "highway": "crossing"
      },
      "geometry": {
        "type": "Point",
        "coordinates": [
          -106.5653291,
          35.096614
        ]
      }
    },
    {
      "type": "Feature",
      "properties": {
        "id": 10700377022,
        "kind": "poi",
        "crossing": "unmarked",
        "crossing:markings": "no",
        "highway": "crossing"
      },
      "geometry": {
        "type": "Point",
        "coordinates": [
          -106.5639654,
          35.0960819
        ]
      }
    },
    {
      "type": "Feature",
      "properties": {
        "id": 10700377027,
        "kind": "poi",
        "crossing": "unmarked",
        "crossing:markings": "no",
        "highway": "crossing"
      },
      "geometry": {
        "type": "Point",
        "coordinates": [
          -106.5667777,
          35.0986349
        ]
      }
    },
    {
      "type": "Feature",
      "properties": {
        "id": 10700377034,
        "kind": "poi",
        "crossing": "unmarked",
        "crossing:markings": "no",
        "highway": "crossing"
      },
      "geometry": {
        "type": "Point",
        "coordinates": [
          -106.5662747,
          35.0984159
        ]
      }
    },
    {
      "type": "Feature",
      "properties": {
        "id": 10700377038,
        "kind": "poi",
        "crossing": "unmarked",
        "crossing:markings": "no",
        "highway": "crossing"
      },
      "geometry": {
        "type": "Point",
        "coordinates": [
          -106.5663609,
          35.0980367
        ]
      }
    },
    {
      "type": "Feature",
      "properties": {
        "id": 10700377039,
        "kind": "poi",
        "crossing": "unmarked",
        "crossing:markings": "no",
        "highway": "crossing"
      },
      "geometry": {
        "type": "Point",
        "coordinates": [
          -106.5663953,
          35.0981128
        ]
      }
    },
    {
      "type": "Feature",
      "properties": {
        "id": 10700377047,
        "kind": "poi",
        "crossing": "unmarked",
        "crossing:markings": "no",
        "highway": "crossing"
      },
      "geometry": {
        "type": "Point",
        "coordinates": [
          -106.5666054,
          35.0975965
        ]
      }
    },
    {
      "type": "Feature",
      "properties": {
        "id": 10700377058,
        "kind": "poi",
        "crossing": "uncontrolled",
        "highway": "crossing"
      },
      "geometry": {
        "type": "Point",
        "coordinates": [
          -106.5660982,
          35.0987038
        ]
      }
    },
    {
      "type": "Feature",
      "properties": {
        "id": 10700377059,
        "kind": "poi",
        "crossing": "uncontrolled",
        "highway": "crossing"
      },
      "geometry": {
        "type": "Point",
        "coordinates": [
          -106.5661681,
          35.098527
        ]
      }
    },
    {
      "type": "Feature",
      "properties": {
        "id": 10700377060,
        "kind": "poi",
        "crossing": "uncontrolled",
        "highway": "crossing"
      },
      "geometry": {
        "type": "Point",
        "coordinates": [
          -106.5662209,
          35.0985908
        ]
      }
    },
    {
      "type": "Feature",
      "properties": {
        "id": 10700377061,
        "kind": "poi",
        "crossing": "uncontrolled",
        "highway": "crossing"
      },
      "geometry": {
        "type": "Point",
        "coordinates": [
          -106.5661809,
          35.0986693
        ]
      }
    },
    {
      "type": "Feature",
      "properties": {
        "id": 10700377080,
        "kind": "poi",
        "crossing": "unmarked",
        "crossing:markings": "no",
        "highway": "crossing"
      },
      "geometry": {
        "type": "Point",
        "coordinates": [
          -106.5667524,
          35.0987836
        ]
      }
    },
    {
      "type": "Feature",
      "properties": {
        "id": 10700377083,
        "kind": "poi",
        "crossing": "unmarked",
        "crossing:markings": "no",
        "highway": "crossing"
      },
      "geometry": {
        "type": "Point",
        "coordinates": [
          -106.5667228,
          35.0976184
        ]
      }
    },
    {
      "type": "Feature",
      "properties": {
        "id": 10700377084,
        "kind": "poi",
        "crossing": "uncontrolled",
        "highway": "crossing"
      },
      "geometry": {
        "type": "Point",
        "coordinates": [
          -106.5677985,
          35.0987697
        ]
      }
    },
    {
      "type": "Feature",
      "properties": {
        "id": 10700392412,
        "kind": "poi",
        "crossing": "uncontrolled",
        "highway": "crossing"
      },
      "geometry": {
        "type": "Point",
        "coordinates": [
          -106.5653399,
          35.1012889
        ]
      }
    },
    {
      "type": "Feature",
      "properties": {
        "id": 10700392424,
        "kind": "poi",
        "crossing": "uncontrolled",
        "highway": "crossing"
      },
      "geometry": {
        "type": "Point",
        "coordinates": [
          -106.5650609,
          35.1010524
        ]
      }
    },
    {
      "type": "Feature",
      "properties": {
        "id": 10700392426,
        "kind": "poi",
        "crossing": "uncontrolled",
        "highway": "crossing"
      },
      "geometry": {
        "type": "Point",
        "coordinates": [
          -106.5652912,
          35.1009189
        ]
      }
    },
    {
      "type": "Feature",
      "properties": {
        "id": 10700392436,
        "kind": "poi",
        "highway": "crossing"
      },
      "geometry": {
        "type": "Point",
        "coordinates": [
          -106.5637188,
          35.1011947
        ]
      }
    },
    {
      "type": "Feature",
      "properties": {
        "id": 10700392437,
        "kind": "poi",
        "highway": "crossing"
      },
      "geometry": {
        "type": "Point",
        "coordinates": [
          -106.564651,
          35.1012213
        ]
      }
    },
    {
      "type": "Feature",
      "properties": {
        "id": 10700392438,
        "kind": "poi",
        "highway": "crossing"
      },
      "geometry": {
        "type": "Point",
        "coordinates": [
          -106.5648469,
          35.1011409
        ]
      }
    },
    {
      "type": "Feature",
      "properties": {
        "id": 10700392441,
        "kind": "poi",
        "crossing": "uncontrolled",
        "highway": "crossing"
      },
      "geometry": {
        "type": "Point",
        "coordinates": [
          -106.5635157,
          35.1009868
        ]
      }
    },
    {
      "type": "Feature",
      "properties": {
        "id": 10700392442,
        "kind": "poi",
        "crossing": "uncontrolled",
        "highway": "crossing"
      },
      "geometry": {
        "type": "Point",
        "coordinates": [
          -106.5636289,
          35.1009811
        ]
      }
    },
    {
      "type": "Feature",
      "properties": {
        "id": 10700392456,
        "kind": "poi",
        "crossing": "uncontrolled",
        "highway": "crossing"
      },
      "geometry": {
        "type": "Point",
        "coordinates": [
          -106.5632999,
          35.1009251
        ]
      }
    },
    {
      "type": "Feature",
      "properties": {
        "id": 10700450357,
        "kind": "poi",
        "crossing": "unmarked",
        "crossing:markings": "no",
        "highway": "crossing"
      },
      "geometry": {
        "type": "Point",
        "coordinates": [
          -106.5596881,
          35.0956201
        ]
      }
    },
    {
      "type": "Feature",
      "properties": {
        "id": 10700450359,
        "kind": "poi",
        "crossing": "uncontrolled",
        "highway": "crossing"
      },
      "geometry": {
        "type": "Point",
        "coordinates": [
          -106.5596065,
          35.0953454
        ]
      }
    },
    {
      "type": "Feature",
      "properties": {
        "id": 10700450361,
        "kind": "poi",
        "highway": "crossing"
      },
      "geometry": {
        "type": "Point",
        "coordinates": [
          -106.5597172,
          35.0965553
        ]
      }
    },
    {
      "type": "Feature",
      "properties": {
        "id": 10700450369,
        "kind": "poi",
        "crossing": "uncontrolled",
        "highway": "crossing"
      },
      "geometry": {
        "type": "Point",
        "coordinates": [
          -106.5594053,
          35.0909328
        ]
      }
    },
    {
      "type": "Feature",
      "properties": {
        "id": 10700450370,
        "kind": "poi",
        "crossing": "uncontrolled",
        "highway": "crossing"
      },
      "geometry": {
        "type": "Point",
        "coordinates": [
          -106.5594966,
          35.0908658
        ]
      }
    },
    {
      "type": "Feature",
      "properties": {
        "id": 10700450371,
        "kind": "poi",
        "crossing": "uncontrolled",
        "highway": "crossing"
      },
      "geometry": {
        "type": "Point",
        "coordinates": [
          -106.5594988,
          35.0909991
        ]
      }
    },
    {
      "type": "Feature",
      "properties": {
        "id": 10700450372,
        "kind": "poi",
        "crossing": "uncontrolled",
        "highway": "crossing"
      },
      "geometry": {
        "type": "Point",
        "coordinates": [
          -106.5595827,
          35.0909327
        ]
      }
    },
    {
      "type": "Feature",
      "properties": {
        "id": 10700450393,
        "kind": "poi",
        "highway": "crossing"
      },
      "geometry": {
        "type": "Point",
        "coordinates": [
          -106.5600815,
          35.0886419
        ]
      }
    },
    {
      "type": "Feature",
      "properties": {
        "id": 10700450395,
        "kind": "poi",
        "crossing": "unmarked",
        "crossing:markings": "no",
        "highway": "crossing"
      },
      "geometry": {
        "type": "Point",
        "coordinates": [
          -106.56011,
          35.0908877
        ]
      }
    },
    {
      "type": "Feature",
      "properties": {
        "id": 10700453649,
        "kind": "poi",
        "highway": "crossing"
      },
      "geometry": {
        "type": "Point",
        "coordinates": [
          -106.5621763,
          35.0886361
        ]
      }
    },
    {
      "type": "Feature",
      "properties": {
        "id": 10700453650,
        "kind": "poi",
        "crossing": "unmarked",
        "crossing:markings": "no",
        "highway": "crossing"
      },
      "geometry": {
        "type": "Point",
        "coordinates": [
          -106.5611816,
          35.0886496
        ]
      }
    },
    {
      "type": "Feature",
      "properties": {
        "id": 10700453652,
        "kind": "poi",
        "crossing": "unmarked",
        "crossing:markings": "no",
        "highway": "crossing"
      },
      "geometry": {
        "type": "Point",
        "coordinates": [
          -106.560192,
          35.0913347
        ]
      }
    },
    {
      "type": "Feature",
      "properties": {
        "id": 10700453688,
        "kind": "poi",
        "crossing": "unmarked",
        "crossing:markings": "no",
        "highway": "crossing"
      },
      "geometry": {
        "type": "Point",
        "coordinates": [
          -106.5601999,
          35.0920324
        ]
      }
    },
    {
      "type": "Feature",
      "properties": {
        "id": 10700453717,
        "kind": "poi",
        "crossing": "unmarked",
        "crossing:markings": "no",
        "highway": "crossing"
      },
      "geometry": {
        "type": "Point",
        "coordinates": [
          -106.560187,
          35.0927334
        ]
      }
    },
    {
      "type": "Feature",
      "properties": {
        "id": 10700453754,
        "kind": "poi",
        "crossing": "unmarked",
        "crossing:markings": "no",
        "highway": "crossing"
      },
      "geometry": {
        "type": "Point",
        "coordinates": [
          -106.5632728,
          35.0941473
        ]
      }
    },
    {
      "type": "Feature",
      "properties": {
        "id": 10700453755,
        "kind": "poi",
        "crossing": "unmarked",
        "crossing:markings": "no",
        "highway": "crossing"
      },
      "geometry": {
        "type": "Point",
        "coordinates": [
          -106.5632719,
          35.0932653
        ]
      }
    },
    {
      "type": "Feature",
      "properties": {
        "id": 10700453756,
        "kind": "poi",
        "crossing": "unmarked",
        "crossing:markings": "no",
        "highway": "crossing"
      },
      "geometry": {
        "type": "Point",
        "coordinates": [
          -106.5632673,
          35.092498
        ]
      }
    },
    {
      "type": "Feature",
      "properties": {
        "id": 10700453758,
        "kind": "poi",
        "crossing": "unmarked",
        "crossing:markings": "no",
        "highway": "crossing"
      },
      "geometry": {
        "type": "Point",
        "coordinates": [
          -106.5625292,
          35.0914601
        ]
      }
    },
    {
      "type": "Feature",
      "properties": {
        "id": 10700453782,
        "kind": "poi",
        "crossing": "unmarked",
        "crossing:markings": "no",
        "highway": "crossing"
      },
      "geometry": {
        "type": "Point",
        "coordinates": [
          -106.5634318,
          35.091801
        ]
      }
    },
    {
      "type": "Feature",
      "properties": {
        "id": 10700453784,
        "kind": "poi",
        "crossing": "unmarked",
        "crossing:markings": "no",
        "highway": "crossing"
      },
      "geometry": {
        "type": "Point",
        "coordinates": [
          -106.562608,
          35.0904772
        ]
      }
    },
    {
      "type": "Feature",
      "properties": {
        "id": 10700453797,
        "kind": "poi",
        "crossing": "unmarked",
        "crossing:markings": "no",
        "highway": "crossing"
      },
      "geometry": {
        "type": "Point",
        "coordinates": [
          -106.562602,
          35.0896309
        ]
      }
    },
    {
      "type": "Feature",
      "properties": {
        "id": 10700453798,
        "kind": "poi",
        "crossing": "unmarked",
        "crossing:markings": "no",
        "highway": "crossing"
      },
      "geometry": {
        "type": "Point",
        "coordinates": [
          -106.562674,
          35.0886514
        ]
      }
    },
    {
      "type": "Feature",
      "properties": {
        "id": 10700453799,
        "kind": "poi",
        "crossing": "unmarked",
        "crossing:markings": "no",
        "highway": "crossing"
      },
      "geometry": {
        "type": "Point",
        "coordinates": [
          -106.563585,
          35.0886456
        ]
      }
    },
    {
      "type": "Feature",
      "properties": {
        "id": 10700453800,
        "kind": "poi",
        "crossing": "unmarked",
        "crossing:markings": "no",
        "highway": "crossing"
      },
      "geometry": {
        "type": "Point",
        "coordinates": [
          -106.56448,
          35.0886501
        ]
      }
    },
    {
      "type": "Feature",
      "properties": {
        "id": 10700485439,
        "kind": "poi",
        "highway": "crossing"
      },
      "geometry": {
        "type": "Point",
        "coordinates": [
          -106.557713,
          35.0887862
        ]
      }
    },
    {
      "type": "Feature",
      "properties": {
        "id": 10700501710,
        "kind": "poi",
        "crossing": "uncontrolled",
        "highway": "crossing"
      },
      "geometry": {
        "type": "Point",
        "coordinates": [
          -106.5594449,
          35.0952331
        ]
      }
    },
    {
      "type": "Feature",
      "properties": {
        "id": 10700501739,
        "kind": "poi",
        "highway": "crossing"
      },
      "geometry": {
        "type": "Point",
        "coordinates": [
          -106.5577167,
          35.0914978
        ]
      }
    },
    {
      "type": "Feature",
      "properties": {
        "id": 10700501740,
        "kind": "poi",
        "highway": "crossing"
      },
      "geometry": {
        "type": "Point",
        "coordinates": [
          -106.5577383,
          35.0919041
        ]
      }
    },
    {
      "type": "Feature",
      "properties": {
        "id": 10700501741,
        "kind": "poi",
        "highway": "crossing"
      },
      "geometry": {
        "type": "Point",
        "coordinates": [
          -106.5581612,
          35.091004
        ]
      }
    },
    {
      "type": "Feature",
      "properties": {
        "id": 10700501742,
        "kind": "poi",
        "highway": "crossing"
      },
      "geometry": {
        "type": "Point",
        "coordinates": [
          -106.5587768,
          35.0910019
        ]
      }
    },
    {
      "type": "Feature",
      "properties": {
        "id": 10700501743,
        "kind": "poi",
        "highway": "crossing"
      },
      "geometry": {
        "type": "Point",
        "coordinates": [
          -106.5592396,
          35.0910003
        ]
      }
    },
    {
      "type": "Feature",
      "properties": {
        "id": 10700501744,
        "kind": "poi",
        "highway": "crossing"
      },
      "geometry": {
        "type": "Point",
        "coordinates": [
          -106.5594285,
          35.0916656
        ]
      }
    },
    {
      "type": "Feature",
      "properties": {
        "id": 10700501745,
        "kind": "poi",
        "highway": "crossing"
      },
      "geometry": {
        "type": "Point",
        "coordinates": [
          -106.5594322,
          35.0918748
        ]
      }
    },
    {
      "type": "Feature",
      "properties": {
        "id": 10700501746,
        "kind": "poi",
        "highway": "crossing"
      },
      "geometry": {
        "type": "Point",
        "coordinates": [
          -106.5594352,
          35.0920398
        ]
      }
    },
    {
      "type": "Feature",
      "properties": {
        "id": 10700501747,
        "kind": "poi",
        "highway": "crossing"
      },
      "geometry": {
        "type": "Point",
        "coordinates": [
          -106.5594465,
          35.0926654
        ]
      }
    },
    {
      "type": "Feature",
      "properties": {
        "id": 10700501759,
        "kind": "poi",
        "crossing": "unmarked",
        "crossing:markings": "no",
        "highway": "crossing"
      },
      "geometry": {
        "type": "Point",
        "coordinates": [
          -106.557645,
          35.0910207
        ]
      }
    },
    {
      "type": "Feature",
      "properties": {
        "id": 10700501774,
        "kind": "poi",
        "highway": "crossing"
      },
      "geometry": {
        "type": "Point",
        "coordinates": [
          -106.5569618,
          35.0910107
        ]
      }
    },
    {
      "type": "Feature",
      "properties": {
        "id": 10700501775,
        "kind": "poi",
        "highway": "crossing"
      },
      "geometry": {
        "type": "Point",
        "coordinates": [
          -106.5575922,
          35.0914053
        ]
      }
    },
    {
      "type": "Feature",
      "properties": {
        "id": 10700501778,
        "kind": "poi",
        "crossing": "unmarked",
        "crossing:markings": "no",
        "highway": "crossing"
      },
      "geometry": {
        "type": "Point",
        "coordinates": [
          -106.557682,
          35.0919351
        ]
      }
    },
    {
      "type": "Feature",
      "properties": {
        "id": 10700501804,
        "kind": "poi",
        "highway": "crossing"
      },
      "geometry": {
        "type": "Point",
        "coordinates": [
          -106.5562142,
          35.0911171
        ]
      }
    },
    {
      "type": "Feature",
      "properties": {
        "id": 10700501805,
        "kind": "poi",
        "highway": "crossing"
      },
      "geometry": {
        "type": "Point",
        "coordinates": [
          -106.5562212,
          35.0914588
        ]
      }
    },
    {
      "type": "Feature",
      "properties": {
        "id": 10700501806,
        "kind": "poi",
        "highway": "crossing"
      },
      "geometry": {
        "type": "Point",
        "coordinates": [
          -106.5563819,
          35.0915817
        ]
      }
    },
    {
      "type": "Feature",
      "properties": {
        "id": 10700501807,
        "kind": "poi",
        "highway": "crossing"
      },
      "geometry": {
        "type": "Point",
        "coordinates": [
          -106.5574884,
          35.0919577
        ]
      }
    },
    {
      "type": "Feature",
      "properties": {
        "id": 10700501809,
        "kind": "poi",
        "crossing": "unmarked",
        "crossing:markings": "no",
        "highway": "crossing"
      },
      "geometry": {
        "type": "Point",
        "coordinates": [
          -106.555581,
          35.0893909
        ]
      }
    },
    {
      "type": "Feature",
      "properties": {
        "id": 10700501811,
        "kind": "poi",
        "crossing": "unmarked",
        "crossing:markings": "no",
        "highway": "crossing"
      },
      "geometry": {
        "type": "Point",
        "coordinates": [
          -106.555594,
          35.0904387
        ]
      }
    },
    {
      "type": "Feature",
      "properties": {
        "id": 10700501820,
        "kind": "poi",
        "crossing": "unmarked",
        "crossing:markings": "no",
        "highway": "crossing"
      },
      "geometry": {
        "type": "Point",
        "coordinates": [
          -106.556264,
          35.0910271
        ]
      }
    },
    {
      "type": "Feature",
      "properties": {
        "id": 10704578946,
        "kind": "poi",
        "crossing": "unmarked",
        "crossing:markings": "no",
        "highway": "crossing"
      },
      "geometry": {
        "type": "Point",
        "coordinates": [
          -106.5808816,
          35.0946175
        ]
      }
    },
    {
      "type": "Feature",
      "properties": {
        "id": 10704578963,
        "kind": "poi",
        "crossing": "unmarked",
        "crossing:markings": "no",
        "highway": "crossing"
      },
      "geometry": {
        "type": "Point",
        "coordinates": [
          -106.5819624,
          35.0946271
        ]
      }
    },
    {
      "type": "Feature",
      "properties": {
        "id": 10704578976,
        "kind": "poi",
        "crossing": "unmarked",
        "crossing:markings": "no",
        "highway": "crossing"
      },
      "geometry": {
        "type": "Point",
        "coordinates": [
          -106.5820217,
          35.0937936
        ]
      }
    },
    {
      "type": "Feature",
      "properties": {
        "id": 10704578989,
        "kind": "poi",
        "crossing": "unmarked",
        "crossing:markings": "no",
        "highway": "crossing"
      },
      "geometry": {
        "type": "Point",
        "coordinates": [
          -106.5834401,
          35.0946226
        ]
      }
    },
    {
      "type": "Feature",
      "properties": {
        "id": 10704579003,
        "kind": "poi",
        "crossing": "unmarked",
        "crossing:markings": "no",
        "highway": "crossing"
      },
      "geometry": {
        "type": "Point",
        "coordinates": [
          -106.5834076,
          35.0937197
        ]
      }
    },
    {
      "type": "Feature",
      "properties": {
        "id": 10704579004,
        "kind": "poi",
        "crossing": "unmarked",
        "crossing:markings": "no",
        "highway": "crossing"
      },
      "geometry": {
        "type": "Point",
        "coordinates": [
          -106.5833527,
          35.0937819
        ]
      }
    },
    {
      "type": "Feature",
      "properties": {
        "id": 10704585005,
        "kind": "poi",
        "crossing": "unmarked",
        "crossing:markings": "no",
        "highway": "crossing"
      },
      "geometry": {
        "type": "Point",
        "coordinates": [
          -106.58341,
          35.0938343
        ]
      }
    },
    {
      "type": "Feature",
      "properties": {
        "id": 10704585006,
        "kind": "poi",
        "crossing": "unmarked",
        "crossing:markings": "no",
        "highway": "crossing"
      },
      "geometry": {
        "type": "Point",
        "coordinates": [
          -106.5834965,
          35.0937796
        ]
      }
    },
    {
      "type": "Feature",
      "properties": {
        "id": 10704585020,
        "kind": "poi",
        "crossing": "unmarked",
        "crossing:markings": "no",
        "highway": "crossing"
      },
      "geometry": {
        "type": "Point",
        "coordinates": [
          -106.5808363,
          35.0928396
        ]
      }
    },
    {
      "type": "Feature",
      "properties": {
        "id": 10704585021,
        "kind": "poi",
        "crossing": "unmarked",
        "crossing:markings": "no",
        "highway": "crossing"
      },
      "geometry": {
        "type": "Point",
        "coordinates": [
          -106.5807752,
          35.0929075
        ]
      }
    },
    {
      "type": "Feature",
      "properties": {
        "id": 10704585022,
        "kind": "poi",
        "crossing": "unmarked",
        "crossing:markings": "no",
        "highway": "crossing"
      },
      "geometry": {
        "type": "Point",
        "coordinates": [
          -106.5808401,
          35.0929806
        ]
      }
    },
    {
      "type": "Feature",
      "properties": {
        "id": 10704585023,
        "kind": "poi",
        "crossing": "unmarked",
        "crossing:markings": "no",
        "highway": "crossing"
      },
      "geometry": {
        "type": "Point",
        "coordinates": [
          -106.5809207,
          35.0929056
        ]
      }
    },
    {
      "type": "Feature",
      "properties": {
        "id": 10704585036,
        "kind": "poi",
        "crossing": "unmarked",
        "crossing:markings": "no",
        "highway": "crossing"
      },
      "geometry": {
        "type": "Point",
        "coordinates": [
          -106.5819267,
          35.0928274
        ]
      }
    },
    {
      "type": "Feature",
      "properties": {
        "id": 10704585037,
        "kind": "poi",
        "crossing": "unmarked",
        "crossing:markings": "no",
        "highway": "crossing"
      },
      "geometry": {
        "type": "Point",
        "coordinates": [
          -106.581868,
          35.0928885
        ]
      }
    },
    {
      "type": "Feature",
      "properties": {
        "id": 10704585038,
        "kind": "poi",
        "crossing": "unmarked",
        "crossing:markings": "no",
        "highway": "crossing"
      },
      "geometry": {
        "type": "Point",
        "coordinates": [
          -106.5819286,
          35.0929453
        ]
      }
    },
    {
      "type": "Feature",
      "properties": {
        "id": 10704585039,
        "kind": "poi",
        "crossing": "unmarked",
        "crossing:markings": "no",
        "highway": "crossing"
      },
      "geometry": {
        "type": "Point",
        "coordinates": [
          -106.5820091,
          35.0928861
        ]
      }
    },
    {
      "type": "Feature",
      "properties": {
        "id": 10704585052,
        "kind": "poi",
        "crossing": "unmarked",
        "crossing:markings": "no",
        "highway": "crossing"
      },
      "geometry": {
        "type": "Point",
        "coordinates": [
          -106.5833354,
          35.0928659
        ]
      }
    },
    {
      "type": "Feature",
      "properties": {
        "id": 10704585053,
        "kind": "poi",
        "crossing": "unmarked",
        "crossing:markings": "no",
        "highway": "crossing"
      },
      "geometry": {
        "type": "Point",
        "coordinates": [
          -106.5834022,
          35.0928137
        ]
      }
    },
    {
      "type": "Feature",
      "properties": {
        "id": 10704585054,
        "kind": "poi",
        "crossing": "unmarked",
        "crossing:markings": "no",
        "highway": "crossing"
      },
      "geometry": {
        "type": "Point",
        "coordinates": [
          -106.583403,
          35.092933
        ]
      }
    },
    {
      "type": "Feature",
      "properties": {
        "id": 10704585055,
        "kind": "poi",
        "crossing": "unmarked",
        "crossing:markings": "no",
        "highway": "crossing"
      },
      "geometry": {
        "type": "Point",
        "coordinates": [
          -106.5834752,
          35.0928645
        ]
      }
    },
    {
      "type": "Feature",
      "properties": {
        "id": 10704585068,
        "kind": "poi",
        "crossing": "unmarked",
        "crossing:markings": "no",
        "highway": "crossing"
      },
      "geometry": {
        "type": "Point",
        "coordinates": [
          -106.5849001,
          35.0945963
        ]
      }
    },
    {
      "type": "Feature",
      "properties": {
        "id": 10704585108,
        "kind": "poi",
        "crossing": "unmarked",
        "crossing:markings": "no",
        "highway": "crossing"
      },
      "geometry": {
        "type": "Point",
        "coordinates": [
          -106.5848243,
          35.0937574
        ]
      }
    },
    {
      "type": "Feature",
      "properties": {
        "id": 10704585109,
        "kind": "poi",
        "crossing": "unmarked",
        "crossing:markings": "no",
        "highway": "crossing"
      },
      "geometry": {
        "type": "Point",
        "coordinates": [
          -106.5848861,
          35.0937043
        ]
      }
    },
    {
      "type": "Feature",
      "properties": {
        "id": 10704585110,
        "kind": "poi",
        "crossing": "unmarked",
        "crossing:markings": "no",
        "highway": "crossing"
      },
      "geometry": {
        "type": "Point",
        "coordinates": [
          -106.584888,
          35.093821
        ]
      }
    },
    {
      "type": "Feature",
      "properties": {
        "id": 10704585111,
        "kind": "poi",
        "crossing": "unmarked",
        "crossing:markings": "no",
        "highway": "crossing"
      },
      "geometry": {
        "type": "Point",
        "coordinates": [
          -106.5849649,
          35.0937552
        ]
      }
    },
    {
      "type": "Feature",
      "properties": {
        "id": 10704585113,
        "kind": "poi",
        "crossing": "unmarked",
        "crossing:markings": "no",
        "highway": "crossing"
      },
      "geometry": {
        "type": "Point",
        "coordinates": [
          -106.5848065,
          35.0928569
        ]
      }
    },
    {
      "type": "Feature",
      "properties": {
        "id": 10704585114,
        "kind": "poi",
        "crossing": "unmarked",
        "crossing:markings": "no",
        "highway": "crossing"
      },
      "geometry": {
        "type": "Point",
        "coordinates": [
          -106.5848711,
          35.0927979
        ]
      }
    },
    {
      "type": "Feature",
      "properties": {
        "id": 10704585115,
        "kind": "poi",
        "crossing": "unmarked",
        "crossing:markings": "no",
        "highway": "crossing"
      },
      "geometry": {
        "type": "Point",
        "coordinates": [
          -106.5848729,
          35.0929122
        ]
      }
    },
    {
      "type": "Feature",
      "properties": {
        "id": 10704585116,
        "kind": "poi",
        "crossing": "unmarked",
        "crossing:markings": "no",
        "highway": "crossing"
      },
      "geometry": {
        "type": "Point",
        "coordinates": [
          -106.5849464,
          35.0928553
        ]
      }
    },
    {
      "type": "Feature",
      "properties": {
        "id": 10704585153,
        "kind": "poi",
        "crossing": "unmarked",
        "crossing:markings": "no",
        "highway": "crossing"
      },
      "geometry": {
        "type": "Point",
        "coordinates": [
          -106.5847911,
          35.0919449
        ]
      }
    },
    {
      "type": "Feature",
      "properties": {
        "id": 10704585154,
        "kind": "poi",
        "crossing": "unmarked",
        "crossing:markings": "no",
        "highway": "crossing"
      },
      "geometry": {
        "type": "Point",
        "coordinates": [
          -106.584857,
          35.0918868
        ]
      }
    },
    {
      "type": "Feature",
      "properties": {
        "id": 10704585155,
        "kind": "poi",
        "crossing": "unmarked",
        "crossing:markings": "no",
        "highway": "crossing"
      },
      "geometry": {
        "type": "Point",
        "coordinates": [
          -106.5849314,
          35.0919441
        ]
      }
    },
    {
      "type": "Feature",
      "properties": {
        "id": 10704585156,
        "kind": "poi",
        "crossing": "unmarked",
        "crossing:markings": "no",
        "highway": "crossing"
      },
      "geometry": {
        "type": "Point",
        "coordinates": [
          -106.584859,
          35.0920071
        ]
      }
    }
  ],
  "attribution": "© OpenStreetMap contributors"
}
