{"type":"FeatureCollection","features":[{"type":"Feature","properties":{"id":105336394,"kind":"pack","name":"Dique La Montada","natural":"water"},"geometry":{"type":"Polygon","coordinates":[[[-106.5353142,31.7291617],[-106.5355395,31.7285321],[-106.5355288,31.7284134],[-106.5356361,31.7283222],[-106.535797,31.7283222],[-106.5359151,31.7282127],[-106.536076,31.7280393],[-106.5362155,31.7279207],[-106.5363657,31.7276651],[-106.536473,31.727218],[-106.5366553,31.7271359],[-106.5368055,31.7271176],[-106.5368592,31.7273093],[-106.5368485,31.7275374],[-106.5369021,31.7277838],[-106.5369987,31.7280119],[-106.5371596,31.7281397],[-106.5373634,31.7281579],[-106.5373742,31.7284043],[-106.5373205,31.7285229],[-106.5374385,31.7287237],[-106.5374171,31.7290066],[-106.5375351,31.7291617],[-106.5376746,31.7292712],[-106.5377309,31.7293881],[-106.5376329,31.7295301],[-106.5375558,31.7296327],[-106.5374398,31.7296767],[-106.5373118,31.7296966],[-106.5371428,31.7296611],[-106.5369396,31.7295933],[-106.5354323,31.7292712],[-106.5353142,31.7291617]]]}},{"type":"Feature","properties":{"id":297281723,"kind":"pack","name":"Portland Cement Reservoir","natural":"water"},"geometry":{"type":"Polygon","coordinates":[[[-106.531971,31.8056882],[-106.5335082,31.8051952],[-106.5336699,31.805021],[-106.5336343,31.8047944],[-106.5339053,31.8045385],[-106.534103,31.8037849],[-106.5333171,31.8027796],[-106.5331596,31.8027791],[-106.5330255,31.8028565],[-106.5328698,31.8030621],[-106.5325176,31.8031141],[-106.5324581,31.8032147],[-106.5326443,31.8034291],[-106.5326336,31.803528],[-106.5325503,31.8036571],[-106.5322912,31.8037382],[-106.532069,31.8037292],[-106.5320254,31.8038629],[-106.5321828,31.8040421],[-106.5321881,31.8040983],[-106.5321439,31.8041507],[-106.5318041,31.8042027],[-106.5315265,31.8044369],[-106.5314799,31.8046418],[-106.5315779,31.8047688],[-106.531748,31.8048484],[-106.5318658,31.8048246],[-106.531954,31.8048711],[-106.5319508,31.8049712],[-106.53171,31.8051273],[-106.5315934,31.8053179],[-106.5317337,31.8056372],[-106.531971,31.8056882]]]}},{"type":"Feature","properties":{"id":307374771,"kind":"pack","natural":"water"},"geometry":{"type":"Polygon","coordinates":[[[-106.5617108,31.8076905],[-106.5616003,31.8079634],[-106.5614669,31.8082407],[-106.5613499,31.8083133],[-106.5611671,31.8083953],[-106.5609666,31.8084272],[-106.5607053,31.8083915],[-106.5604053,31.808326],[-106.5592266,31.8079383],[-106.5580293,31.8075149],[-106.5570616,31.8071516],[-106.5564611,31.80691],[-106.5562469,31.8067347],[-106.556129,31.8065666],[-106.5560799,31.8064407],[-106.5561028,31.8062738],[-106.556128,31.8061686],[-106.5562333,31.8059118],[-106.5563246,31.8057861],[-106.5564604,31.8056819],[-106.5566479,31.8056164],[-106.5568579,31.805577],[-106.5570905,31.8055843],[-106.5573411,31.8056447],[-106.5579592,31.8058356],[-106.5583411,31.8060147],[-106.5590255,31.8061819],[-106.5610731,31.8069292],[-106.5613256,31.8070633],[-106.5615061,31.8071917],[-106.5616082,31.8073076],[-106.5617034,31.8074963],[-106.5617108,31.8076905]]]}},{"type":"Feature","properties":{"id":308897533,"kind":"pack","name":"Presa Benito Juárez","natural":"water"},"geometry":{"type":"Polygon","coordinates":[[[-106.5517926,31.7647713],[-106.5526396,31.7641765],[-106.5517005,31.7632786],[-106.5515345,31.7632704],[-106.5506153,31.7625825],[-106.5507095,31.762354],[-106.5505635,31.7622763],[-106.5503939,31.7624107],[-106.5502555,31.7622316],[-106.5504036,31.7621161],[-106.5501166,31.7620222],[-106.5499288,31.762133],[-106.549054,31.7614919],[-106.5486945,31.7611954],[-106.5477927,31.7617814],[-106.5478232,31.7620082],[-106.5475977,31.7622179],[-106.5475841,31.7625154],[-106.5481968,31.7629962],[-106.5485329,31.7632599],[-106.5489011,31.7631748],[-106.5489154,31.7634026],[-106.5489044,31.7637684],[-106.5493015,31.763909],[-106.5497979,31.7642373],[-106.5503053,31.7642654],[-106.5512667,31.7650304],[-106.5517926,31.7647713]]]}},{"type":"Feature","properties":{"id":511352880,"kind":"pack","natural":"water"},"geometry":{"type":"Polygon","coordinates":[[[-106.5209122,31.7755377],[-106.520703,31.7757931],[-106.5206426,31.7758296],[-106.520593,31.775833],[-106.520526,31.7758216],[-106.5201384,31.7755993],[-106.5200928,31.7755412],[-106.520076,31.7754756],[-106.5203235,31.7751672],[-106.5204254,31.7751512],[-106.5204656,31.7751649],[-106.5208586,31.7753804],[-106.5209082,31.7754294],[-106.5209229,31.7754819],[-106.5209122,31.7755377]]]}},{"type":"Feature","properties":{"id":511352881,"kind":"pack","natural":"water"},"geometry":{"type":"Polygon","coordinates":[[[-106.5168108,31.7745607],[-106.5167695,31.7746151],[-106.5167199,31.7746419],[-106.5166022,31.7746858],[-106.5165516,31.7746844],[-106.516502,31.774657],[-106.5162975,31.7741958],[-106.5162331,31.7740037],[-106.5161459,31.7736406],[-106.5160963,31.7733311],[-106.5160628,31.773172],[-106.5159917,31.7729508],[-106.515989,31.7729143],[-106.5160071,31.7728847],[-106.5160353,31.7728699],[-106.5161231,31.7728647],[-106.5162016,31.7729098],[-106.5162183,31.773001],[-106.5164286,31.7735782],[-106.5166736,31.7741263],[-106.5168131,31.7744672],[-106.5168108,31.7745607]]]}},{"type":"Feature","properties":{"id":511352882,"kind":"pack","natural":"water"},"geometry":{"type":"Polygon","coordinates":[[[-106.5203235,31.7751672],[-106.520076,31.7754756],[-106.5200086,31.775491],[-106.5199714,31.7754901],[-106.5199251,31.775475],[-106.5186337,31.774738],[-106.5186172,31.7747055],[-106.5186226,31.7746456],[-106.518871,31.7743355],[-106.5189072,31.7743201],[-106.5189488,31.774315],[-106.5189911,31.774323],[-106.520239,31.7750253],[-106.5203087,31.7750965],[-106.5203235,31.7751672]]]}},{"type":"Feature","properties":{"id":668193438,"kind":"pack","natural":"water"},"geometry":{"type":"Polygon","coordinates":[[[-106.5085668,31.7348888],[-106.5083288,31.7349495],[-106.5082247,31.7346448],[-106.5082418,31.7342832],[-106.5083169,31.7342102],[-106.5084563,31.7342102],[-106.5087567,31.7341919],[-106.5088426,31.7342649],[-106.5087747,31.7344782],[-106.5088166,31.7348171],[-106.5085668,31.7348888]]]}},{"type":"Feature","properties":{"id":727325417,"kind":"pack","natural":"water"},"geometry":{"type":"Polygon","coordinates":[[[-106.5249206,31.7186438],[-106.5248279,31.7186438],[-106.5247252,31.7186198],[-106.5246204,31.7185787],[-106.5245539,31.7185238],[-106.5245136,31.7183078],[-106.5245519,31.7177525],[-106.5248218,31.7177449],[-106.5248571,31.7177439],[-106.5249775,31.7178767],[-106.525074,31.718022],[-106.5251182,31.7181169],[-106.52509,31.7183581],[-106.5250214,31.7185284],[-106.5249206,31.7186438]]]}},{"type":"Feature","properties":{"id":727325907,"kind":"pack","natural":"water"},"geometry":{"type":"Polygon","coordinates":[[[-106.5189575,31.7239478],[-106.5183032,31.7235099],[-106.5182567,31.7234704],[-106.5183596,31.7234195],[-106.518705,31.7232896],[-106.5192431,31.7236371],[-106.5192232,31.7237868],[-106.5191833,31.7239393],[-106.5191136,31.7239959],[-106.5189575,31.7239478]]]}},{"type":"Feature","properties":{"id":727358910,"kind":"pack","natural":"water"},"geometry":{"type":"Polygon","coordinates":[[[-106.5337258,31.7244119],[-106.533681,31.7240823],[-106.5327662,31.7240755],[-106.532587,31.7242684],[-106.5326002,31.7245442],[-106.5337258,31.7244119]]]}},{"type":"Feature","properties":{"id":728891343,"kind":"pack","natural":"water"},"geometry":{"type":"Polygon","coordinates":[[[-106.5165311,31.7199375],[-106.5167642,31.7196191],[-106.5165869,31.7195772],[-106.5163637,31.7195242],[-106.5162291,31.7193678],[-106.5160124,31.7193119],[-106.5158778,31.7192142],[-106.5160327,31.71861],[-106.5155808,31.7184472],[-106.515361,31.7185858],[-106.5150963,31.7192092],[-106.5150638,31.7193823],[-106.5151778,31.719455],[-106.5163503,31.7199641],[-106.5164643,31.7200022],[-106.5165311,31.7199375]]]}},{"type":"Feature","properties":{"id":731807171,"kind":"pack","natural":"water"},"geometry":{"type":"Polygon","coordinates":[[[-106.5175143,31.7138597],[-106.5170556,31.7138129],[-106.5170006,31.7136836],[-106.5170032,31.7134517],[-106.5170399,31.7132978],[-106.5172338,31.7131997],[-106.5172731,31.7130704],[-106.5177633,31.713173],[-106.5176768,31.7133714],[-106.5176401,31.7136122],[-106.5175143,31.7138597]]]}},{"type":"Feature","properties":{"id":731807172,"kind":"pack","natural":"water"},"geometry":{"type":"Polygon","coordinates":[[[-106.5178078,31.714047],[-106.5175457,31.7139756],[-106.5174933,31.7140046],[-106.5172994,31.7139556],[-106.5172784,31.7139422],[-106.5172207,31.7139801],[-106.5172207,31.7141206],[-106.5173072,31.7143168],[-106.5173858,31.7144595],[-106.5173623,31.7146869],[-106.5174236,31.7147093],[-106.5174907,31.7147337],[-106.5178078,31.714047]]]}},{"type":"Feature","properties":{"id":731808749,"kind":"pack","natural":"water"},"geometry":{"type":"Polygon","coordinates":[[[-106.5051175,31.7343154],[-106.5042757,31.734132],[-106.5042061,31.7343687],[-106.50422,31.7345699],[-106.5044218,31.734629],[-106.5049227,31.7346468],[-106.5051035,31.7346704],[-106.5051175,31.7343154]]]}},{"type":"Feature","properties":{"id":807943389,"kind":"pack","natural":"water"},"geometry":{"type":"Polygon","coordinates":[[[-106.5076819,31.7596612],[-106.5078063,31.7595798],[-106.5079945,31.759489],[-106.5083597,31.759531],[-106.5087042,31.7595608],[-106.5089035,31.7596463],[-106.5092991,31.7598998],[-106.5096563,31.7601209],[-106.5096802,31.760171],[-106.5097153,31.7601466],[-106.5097823,31.7602456],[-106.509803,31.7602266],[-106.50987,31.7602931],[-106.5099303,31.7603111],[-106.5099609,31.7603202],[-106.5099673,31.7602389],[-106.5098812,31.7601955],[-106.5098429,31.7601656],[-106.5098477,31.7601317],[-106.5097584,31.7600802],[-106.5097041,31.7600788],[-106.5094187,31.7598971],[-106.5090407,31.7596544],[-106.5088078,31.759531],[-106.5086531,31.759489],[-106.508382,31.7594659],[-106.5081189,31.7594279],[-106.5079482,31.7594225],[-106.5077776,31.7594944],[-106.50765,31.7595798],[-106.5076436,31.7596368],[-106.5076819,31.7596612]]]}},{"type":"Feature","properties":{"id":1082719159,"kind":"pack","natural":"water"},"geometry":{"type":"Polygon","coordinates":[[[-106.5227369,31.8111441],[-106.5227648,31.8111783],[-106.5227725,31.811231],[-106.5227493,31.8112942],[-106.5227074,31.8113509],[-106.5226718,31.8114312],[-106.5226114,31.8115313],[-106.5225664,31.8115879],[-106.5225029,31.8116156],[-106.5223851,31.8116379],[-106.5222673,31.8116182],[-106.5221248,31.8115523],[-106.5219853,31.8114588],[-106.5219373,31.8114088],[-106.5219249,31.8113601],[-106.5219388,31.8113074],[-106.5219806,31.8112455],[-106.5220178,31.8112165],[-106.5220581,31.8111731],[-106.5221294,31.8110967],[-106.5221914,31.8110374],[-106.522241,31.8109993],[-106.5222735,31.8109821],[-106.5223324,31.8109795],[-106.5223867,31.8109953],[-106.5224548,31.8110335],[-106.5225184,31.8110743],[-106.5225819,31.811098],[-106.5226361,31.8111099],[-106.5226888,31.8111217],[-106.5227369,31.8111441]]]}},{"type":"Feature","properties":{"id":1175986733,"kind":"pack","natural":"water"},"geometry":{"type":"Polygon","coordinates":[[[-106.5055309,31.8101985],[-106.5055559,31.8104919],[-106.5054264,31.8110168],[-106.505406,31.8110438],[-106.5049063,31.8111172],[-106.5047928,31.8110535],[-106.5048087,31.8109416],[-106.5049199,31.8107235],[-106.5052061,31.8103375],[-106.5053446,31.8102178],[-106.5054128,31.8101715],[-106.5054673,31.8101638],[-106.5055059,31.8101696],[-106.5055309,31.8101985]]]}},{"type":"Feature","properties":{"id":1343834746,"kind":"pack","natural":"water"},"geometry":{"type":"Polygon","coordinates":[[[-106.5809866,31.8176293],[-106.5809087,31.8177451],[-106.5804468,31.8181541],[-106.580392,31.8181797],[-106.5803513,31.8181797],[-106.5802929,31.8181631],[-106.5802539,31.8181406],[-106.5802416,31.8181105],[-106.5802769,31.8180263],[-106.5803778,31.8178549],[-106.580392,31.8177361],[-106.5803654,31.8176399],[-106.580307,31.8175767],[-106.5801283,31.8174549],[-106.5799938,31.8173902],[-106.5795886,31.8173436],[-106.5795107,31.8173271],[-106.5794735,31.8173015],[-106.5794665,31.8172669],[-106.5795762,31.8171707],[-106.5798186,31.817076],[-106.5800062,31.8169842],[-106.5801195,31.8168985],[-106.5802185,31.8168579],[-106.5803035,31.8168384],[-106.5803583,31.8168609],[-106.5804114,31.8169046],[-106.5807937,31.8173166],[-106.5809777,31.8175887],[-106.5809866,31.8176293]]]}},{"type":"Feature","properties":{"id":1346769245,"kind":"pack","natural":"water"},"geometry":{"type":"Polygon","coordinates":[[[-106.5080298,31.7632499],[-106.5087692,31.7641065],[-106.5091112,31.7646513],[-106.5093639,31.7651805],[-106.5093546,31.7652434],[-106.5093238,31.7652748],[-106.509028,31.7653377],[-106.5089449,31.7653088],[-106.5088925,31.7652591],[-106.5084026,31.7645623],[-106.5076816,31.7636638],[-106.5076323,31.7635066],[-106.5076231,31.7634044],[-106.5076662,31.7633258],[-106.5077587,31.7632525],[-106.5078696,31.7632001],[-106.5079651,31.7632027],[-106.5080298,31.7632499]]]}},{"type":"Feature","properties":{"id":1346769251,"kind":"pack","natural":"water"},"geometry":{"type":"Polygon","coordinates":[[[-106.5089633,31.7881557],[-106.509028,31.7884215],[-106.5090201,31.7884551],[-106.5090014,31.788461],[-106.5089634,31.7884342],[-106.5088826,31.7881697],[-106.5089034,31.7881514],[-106.5089442,31.7881455],[-106.5089633,31.7881557]]]}},{"type":"Feature","properties":{"id":1502730565,"kind":"pack","name":"Oxidation Pond","natural":"water"},"geometry":{"type":"Polygon","coordinates":[[[-106.5388577,31.8121105],[-106.5382985,31.8127241],[-106.5380366,31.8129045],[-106.5377181,31.8129466],[-106.5374774,31.8129286],[-106.5373288,31.8128925],[-106.5372509,31.8128203],[-106.5368333,31.8125436],[-106.5366775,31.8124774],[-106.5365501,31.8125075],[-106.5364793,31.8125677],[-106.5363944,31.8127782],[-106.5362882,31.8130068],[-106.5362104,31.8131451],[-106.536175,31.8132774],[-106.5362458,31.8137466],[-106.5362458,31.8139631],[-106.5361891,31.8142278],[-106.5360122,31.8144985],[-106.5358352,31.8145586],[-106.5356512,31.8145466],[-106.5355592,31.8144684],[-106.5355238,31.8143902],[-106.5352902,31.8139812],[-106.5350707,31.8136985],[-106.5349858,31.813512],[-106.5349363,31.8133256],[-106.5348938,31.8132835],[-106.5347947,31.8132474],[-106.534639,31.8132534],[-106.5344549,31.8133015],[-106.534009,31.8136263],[-106.5338108,31.8136684],[-106.5336055,31.8136804],[-106.5334993,31.8136263],[-106.5334356,31.8135601],[-106.5334427,31.8134639],[-106.5335064,31.8133797],[-106.5334356,31.8132233],[-106.5332091,31.8130789],[-106.5330393,31.8130308],[-106.5329897,31.8130068],[-106.5329755,31.8129526],[-106.5331704,31.8126659],[-106.5333415,31.8123523],[-106.5335358,31.8122488],[-106.5338117,31.8121173],[-106.5342603,31.811928],[-106.5346528,31.8117176],[-106.5349375,31.8115538],[-106.5352548,31.8114068],[-106.5358655,31.8114928],[-106.5364935,31.8115812],[-106.5372226,31.8116113],[-106.5374491,31.8116293],[-106.5376685,31.8116774],[-106.5386241,31.8120022],[-106.5388577,31.8121105]]]}},{"type":"Feature","properties":{"id":1503808791,"kind":"pack","natural":"water"},"geometry":{"type":"Polygon","coordinates":[[[-106.5158871,31.7863309],[-106.5160602,31.7864276],[-106.5163874,31.7864513],[-106.5166364,31.7863528],[-106.5166977,31.7862055],[-106.5168486,31.7861251],[-106.5170254,31.7860424],[-106.5172292,31.785879],[-106.5173635,31.785711],[-106.5174483,31.7855691],[-106.5174372,31.7854146],[-106.5173545,31.7853031],[-106.517195,31.7851558],[-106.5171271,31.7851861],[-106.5170157,31.7853378],[-106.5168519,31.7855462],[-106.5167502,31.7856893],[-106.516445,31.785931],[-106.515992,31.7861674],[-106.5158695,31.7862232],[-106.5158871,31.7863309]]]}},{"type":"Feature","properties":{"id":1503811461,"kind":"pack","natural":"water"},"geometry":{"type":"Polygon","coordinates":[[[-106.4996363,31.7758394],[-106.4997058,31.7758258],[-106.5002966,31.7754444],[-106.5002235,31.775356],[-106.4995953,31.7757371],[-106.4995919,31.7757954],[-106.4996363,31.7758394]]]}},{"type":"Feature","properties":{"id":1503811463,"kind":"pack","natural":"water"},"geometry":{"type":"Polygon","coordinates":[[[-106.5013088,31.7747016],[-106.5013804,31.7747838],[-106.5020365,31.7743691],[-106.5019687,31.7742932],[-106.5014283,31.7746324],[-106.5013088,31.7747016]]]}},{"type":"Feature","properties":{"id":1503811464,"kind":"pack","natural":"water"},"geometry":{"type":"Polygon","coordinates":[[[-106.5021387,31.7741136],[-106.5022666,31.7742415],[-106.5030382,31.7737115],[-106.5031379,31.7735624],[-106.5031507,31.7733637],[-106.5031293,31.7730407],[-106.503004,31.7725372],[-106.5028384,31.772201],[-106.5025323,31.7718269],[-106.5024452,31.7718788],[-106.5026763,31.7723006],[-106.5028267,31.7726119],[-106.5029396,31.7730374],[-106.502964,31.7732826],[-106.5029608,31.7734899],[-106.502918,31.7735856],[-106.5025734,31.7738398],[-106.5021387,31.7741136]]]}},{"type":"Feature","properties":{"id":1503811465,"kind":"pack","natural":"water"},"geometry":{"type":"Polygon","coordinates":[[[-106.5023835,31.7716224],[-106.5022865,31.7716663],[-106.5022503,31.7716208],[-106.50222,31.7714911],[-106.5021912,31.7712508],[-106.5022169,31.7710538],[-106.5022953,31.7709114],[-106.5024287,31.7708112],[-106.502653,31.7707184],[-106.5027757,31.7706854],[-106.5029248,31.7706522],[-106.5030725,31.7705822],[-106.5035924,31.7702507],[-106.5036444,31.7702595],[-106.5036792,31.7702944],[-106.5036799,31.7703335],[-106.5031052,31.7707242],[-106.5028004,31.7708507],[-106.5025456,31.7709428],[-106.5023993,31.7710711],[-106.5023548,31.7712348],[-106.5023789,31.7715368],[-106.5023835,31.7716224]]]}},{"type":"Feature","properties":{"id":1503811466,"kind":"pack","natural":"water"},"geometry":{"type":"Polygon","coordinates":[[[-106.5038286,31.7694803],[-106.5038906,31.7694429],[-106.5038292,31.7691296],[-106.5036872,31.7691804],[-106.5037584,31.7694889],[-106.5038286,31.7694803]]]}},{"type":"Feature","properties":{"id":1503811467,"kind":"pack","natural":"water"},"geometry":{"type":"Polygon","coordinates":[[[-106.5034621,31.7681237],[-106.5033715,31.7680159],[-106.5033584,31.7679536],[-106.5030656,31.7676375],[-106.5030386,31.7675599],[-106.5030464,31.7674624],[-106.5031817,31.7670135],[-106.5029897,31.7669902],[-106.5029128,31.7672066],[-106.5028735,31.7673927],[-106.5028758,31.7675529],[-106.502921,31.7676832],[-106.5031233,31.7679235],[-106.5032072,31.767967],[-106.5033944,31.7681545],[-106.5034621,31.7681237]]]}},{"type":"Feature","properties":{"id":1504483362,"kind":"pack","natural":"water"},"geometry":{"type":"Polygon","coordinates":[[[-106.5085729,31.7623274],[-106.5086129,31.7623279],[-106.5086487,31.7622909],[-106.5086787,31.7622209],[-106.5086944,31.7621611],[-106.5087087,31.7620587],[-106.5087114,31.7619642],[-106.5086804,31.7617282],[-106.5084909,31.7617337],[-106.508531,31.761898],[-106.5085176,31.7620141],[-106.5084705,31.7620861],[-106.5084595,31.7621486],[-106.508449,31.7621999],[-106.5084691,31.7622391],[-106.5085729,31.7623274]]]}},{"type":"Feature","properties":{"id":1504483363,"kind":"pack","natural":"water"},"geometry":{"type":"Polygon","coordinates":[[[-106.5068329,31.7634896],[-106.507512,31.7630821],[-106.507672,31.7630362],[-106.5077975,31.7630251],[-106.5079597,31.7629784],[-106.5081391,31.7628769],[-106.5081953,31.7628148],[-106.5084108,31.762591],[-106.5085031,31.7624771],[-106.5084378,31.7623911],[-106.5083424,31.7625183],[-106.508067,31.7627493],[-106.5078558,31.7628961],[-106.507777,31.7629274],[-106.5076447,31.7629482],[-106.5075131,31.7629911],[-106.5074335,31.7630227],[-106.5071863,31.7631538],[-106.5067749,31.7634128],[-106.5068329,31.7634896]]]}},{"type":"Feature","properties":{"id":1507374536,"kind":"pack","natural":"water"},"geometry":{"type":"Polygon","coordinates":[[[-106.5086269,31.7613264],[-106.5084655,31.7613359],[-106.5084409,31.7612242],[-106.5083781,31.761064],[-106.5084658,31.7610486],[-106.5085298,31.7610465],[-106.5086146,31.7612162],[-106.5086269,31.7613264]]]}},{"type":"Feature","properties":{"id":1510583110,"kind":"pack","natural":"water"},"geometry":{"type":"Polygon","coordinates":[[[-106.5253773,31.7569902],[-106.5256135,31.7570966],[-106.5256539,31.757493],[-106.5255247,31.7575788],[-106.5254076,31.7576131],[-106.5253128,31.7575479],[-106.5253269,31.7572545],[-106.5253087,31.7570502],[-106.5253773,31.7569902]]]}},{"type":"Feature","properties":{"id":1510583127,"kind":"pack","natural":"water"},"geometry":{"type":"Polygon","coordinates":[[[-106.5479289,31.741098],[-106.5476021,31.7414339],[-106.5470267,31.7415376],[-106.5462805,31.7408367],[-106.5466073,31.7407123],[-106.5468706,31.7408657],[-106.5469047,31.7410316],[-106.5471388,31.7411892],[-106.5472705,31.7410026],[-106.5479289,31.741098]]]}},{"type":"Feature","properties":{"id":1510583129,"kind":"pack","natural":"water"},"geometry":{"type":"Polygon","coordinates":[[[-106.5426474,31.7378588],[-106.5418427,31.7380621],[-106.5420914,31.7373445],[-106.5423445,31.7375786],[-106.5426474,31.7378588]]]}},{"type":"Feature","properties":{"id":1510583144,"kind":"pack","natural":"water"},"geometry":{"type":"Polygon","coordinates":[[[-106.5135573,31.7023312],[-106.5133424,31.7023897],[-106.5133983,31.7026165],[-106.5137422,31.7024958],[-106.5135573,31.7023312]]]}},{"type":"Feature","properties":{"id":1549762259,"kind":"pack","natural":"water"},"geometry":{"type":"Polygon","coordinates":[[[-106.5215876,31.7948185],[-106.5215588,31.7948438],[-106.5215395,31.7948748],[-106.521531,31.7949093],[-106.5215341,31.7949443],[-106.5215485,31.7949773],[-106.5215731,31.7950056],[-106.5216059,31.795027],[-106.5216444,31.7950398],[-106.5216856,31.795043],[-106.5217276,31.795036],[-106.5217655,31.7950191],[-106.521796,31.7949937],[-106.5218168,31.7949619],[-106.5218259,31.7949264],[-106.5218227,31.7948901],[-106.5218075,31.7948562],[-106.5217814,31.7948274],[-106.5217467,31.7948061],[-106.5217063,31.7947941],[-106.5216636,31.7947925],[-106.5216234,31.7948009],[-106.5215876,31.7948185]]]}},{"type":"Feature","properties":{"id":1549762260,"kind":"pack","natural":"water"},"geometry":{"type":"Polygon","coordinates":[[[-106.5220281,31.794835],[-106.5219993,31.7948603],[-106.52198,31.7948914],[-106.5219715,31.7949258],[-106.5219746,31.7949609],[-106.521989,31.7949939],[-106.5220136,31.7950221],[-106.5220464,31.7950435],[-106.5220849,31.7950563],[-106.5221261,31.7950596],[-106.5221681,31.7950526],[-106.522206,31.7950356],[-106.5222365,31.7950102],[-106.5222573,31.7949784],[-106.5222664,31.7949429],[-106.5222632,31.7949067],[-106.522248,31.7948727],[-106.5222219,31.7948439],[-106.5221872,31.7948226],[-106.5221468,31.7948107],[-106.5221041,31.7948091],[-106.5220639,31.7948175],[-106.5220281,31.794835]]]}},{"type":"Feature","properties":{"id":1549762261,"kind":"pack","natural":"water"},"geometry":{"type":"Polygon","coordinates":[[[-106.5220364,31.7944885],[-106.5220077,31.7945138],[-106.5219883,31.7945449],[-106.5219798,31.7945793],[-106.5219829,31.7946144],[-106.5219973,31.7946473],[-106.5220219,31.7946756],[-106.5220548,31.794697],[-106.5220933,31.7947098],[-106.5221345,31.794713],[-106.5221765,31.794706],[-106.5222143,31.7946891],[-106.5222449,31.7946637],[-106.5222656,31.7946319],[-106.5222748,31.7945964],[-106.5222716,31.7945601],[-106.5222563,31.7945262],[-106.5222302,31.7944974],[-106.5221956,31.7944761],[-106.5221552,31.7944642],[-106.5221124,31.7944625],[-106.5220723,31.794471],[-106.5220364,31.7944885]]]}},{"type":"Feature","properties":{"id":1549762262,"kind":"pack","natural":"water"},"geometry":{"type":"Polygon","coordinates":[[[-106.5215925,31.7944823],[-106.5215637,31.7945076],[-106.5215444,31.7945387],[-106.5215359,31.7945731],[-106.521539,31.7946082],[-106.5215534,31.7946412],[-106.521578,31.7946695],[-106.5216108,31.7946908],[-106.5216493,31.7947036],[-106.5216905,31.7947069],[-106.5217325,31.7946999],[-106.5217704,31.794683],[-106.5218009,31.7946575],[-106.5218217,31.7946258],[-106.5218308,31.7945902],[-106.5218276,31.794554],[-106.5218124,31.79452],[-106.5217863,31.7944912],[-106.5217516,31.79447],[-106.5217112,31.794458],[-106.5216685,31.7944564],[-106.5216283,31.7944648],[-106.5215925,31.7944823]]]}},{"type":"Feature","properties":{"id":1549762263,"kind":"pack","natural":"water"},"geometry":{"type":"Polygon","coordinates":[[[-106.5212053,31.7957201],[-106.5219399,31.7957195],[-106.5219394,31.7952207],[-106.5212048,31.7952213],[-106.5212053,31.7957201]]]}},{"type":"Feature","properties":{"id":1549762264,"kind":"pack","natural":"water"},"geometry":{"type":"Polygon","coordinates":[[[-106.5224338,31.7954885],[-106.522867,31.7954949],[-106.5228725,31.7952258],[-106.5224393,31.7952194],[-106.5224338,31.7954885]]]}},{"type":"Feature","properties":{"id":1549762265,"kind":"pack","natural":"water"},"geometry":{"type":"Polygon","coordinates":[[[-106.5225583,31.794838],[-106.5225296,31.7948633],[-106.5225102,31.7948943],[-106.5225018,31.7949288],[-106.5225048,31.7949638],[-106.5225192,31.7949968],[-106.5225438,31.7950251],[-106.5225767,31.7950465],[-106.5226152,31.7950593],[-106.5226564,31.7950625],[-106.5226984,31.7950555],[-106.5227362,31.7950386],[-106.5227668,31.7950132],[-106.5227875,31.7949814],[-106.5227967,31.7949459],[-106.5227935,31.7949096],[-106.5227782,31.7948757],[-106.5227522,31.7948469],[-106.5227175,31.7948256],[-106.5226771,31.7948136],[-106.5226344,31.794812],[-106.5225942,31.7948204],[-106.5225583,31.794838]]]}},{"type":"Feature","properties":{"id":1549762266,"kind":"pack","natural":"water"},"geometry":{"type":"Polygon","coordinates":[[[-106.52257,31.7944935],[-106.5225413,31.7945188],[-106.5225219,31.7945499],[-106.5225134,31.7945843],[-106.5225165,31.7946193],[-106.5225309,31.7946523],[-106.5225555,31.7946806],[-106.5225883,31.794702],[-106.5226269,31.7947148],[-106.5226681,31.794718],[-106.52271,31.794711],[-106.5227479,31.7946941],[-106.5227785,31.7946687],[-106.5227992,31.7946369],[-106.5228084,31.7946014],[-106.5228052,31.7945651],[-106.5227899,31.7945312],[-106.5227638,31.7945024],[-106.5227292,31.7944811],[-106.5226888,31.7944691],[-106.522646,31.7944675],[-106.5226059,31.7944759],[-106.52257,31.7944935]]]}},{"type":"Feature","properties":{"id":60254777,"kind":"pack","natural":"water"},"geometry":{"type":"Polygon","coordinates":[[[-106.4617638,31.7525593],[-106.4620311,31.7524389],[-106.462249,31.7523174],[-106.4624321,31.752194],[-106.4624803,31.7521428],[-106.4625126,31.7520751],[-106.4625114,31.7519208],[-106.4625041,31.7518596],[-106.462446,31.7517992],[-106.4623896,31.7516863],[-106.4623082,31.7515766],[-106.4622511,31.7515518],[-106.4621428,31.7515586],[-106.4620266,31.751577],[-106.4614683,31.751797],[-106.4609705,31.752008],[-106.4608745,31.7520781],[-106.4608507,31.7521352],[-106.4608503,31.7521818],[-106.4609399,31.7524052],[-106.4610334,31.7525099],[-106.4611092,31.7526259],[-106.4611616,31.7526927],[-106.4611826,31.7527217],[-106.4612469,31.7527446],[-106.4614077,31.7527239],[-106.4616075,31.7526414],[-106.4617638,31.7525593]]]}},{"type":"Feature","properties":{"id":231127872,"kind":"pack","natural":"water"},"geometry":{"type":"Polygon","coordinates":[[[-106.412362,31.7226963],[-106.4124317,31.7225754],[-106.4124639,31.722491],[-106.4125283,31.7224453],[-106.4126141,31.7224978],[-106.4126141,31.7226438],[-106.4125349,31.7227756],[-106.4124612,31.7227739],[-106.412362,31.7226963]]]}},{"type":"Feature","properties":{"id":231127873,"kind":"pack","natural":"water"},"geometry":{"type":"Polygon","coordinates":[[[-106.4123969,31.722386],[-106.4124934,31.7223883],[-106.4125363,31.7223153],[-106.4125337,31.7221624],[-106.4124666,31.7219867],[-106.4124237,31.7218544],[-106.412362,31.7218019],[-106.4122359,31.7218248],[-106.4120374,31.721948],[-106.411985,31.7220501],[-106.4119999,31.7221419],[-106.4121179,31.7222879],[-106.412193,31.7223198],[-106.4122869,31.722329],[-106.4123593,31.7223632],[-106.4123969,31.722386]]]}},{"type":"Feature","properties":{"id":231127874,"kind":"pack","natural":"water"},"geometry":{"type":"Polygon","coordinates":[[[-106.41167,31.7229176],[-106.4116095,31.722949],[-106.4116002,31.7230066],[-106.4116378,31.7230727],[-106.4116941,31.7231024],[-106.4117665,31.7231024],[-106.4117934,31.7230499],[-106.4117639,31.7229746],[-106.41167,31.7229176]]]}},{"type":"Feature","properties":{"id":264852342,"kind":"pack","natural":"water"},"geometry":{"type":"Polygon","coordinates":[[[-106.4104487,31.7524058],[-106.4105171,31.7523921],[-106.4105439,31.7523705],[-106.4105546,31.7523477],[-106.4105667,31.7520614],[-106.4105694,31.7518835],[-106.4105613,31.7517421],[-106.410568,31.7516589],[-106.410564,31.7515528],[-106.4105372,31.7514365],[-106.4105077,31.751351],[-106.4104353,31.7512848],[-106.410336,31.7512495],[-106.4101322,31.7512221],[-106.4100168,31.7511947],[-106.4099726,31.7512039],[-106.409923,31.7512141],[-106.4098787,31.7512358],[-106.4097956,31.7513316],[-106.4097097,31.7514365],[-106.4096789,31.7514981],[-106.4096749,31.7516349],[-106.4096963,31.7517011],[-106.4097205,31.7517478],[-106.4097647,31.7517798],[-106.4098412,31.751814],[-106.4098653,31.7518493],[-106.4098841,31.7518755],[-106.4099203,31.7518995],[-106.4099471,31.7521105],[-106.4099578,31.752172],[-106.4099981,31.7522462],[-106.4100195,31.7522633],[-106.4100732,31.7523477],[-106.4101134,31.7523591],[-106.410159,31.7523864],[-106.4101805,31.752399],[-106.4102207,31.7523933],[-106.4102529,31.752407],[-106.4102971,31.7524184],[-106.4103508,31.7524184],[-106.4103991,31.7524024],[-106.4104487,31.7524058]]]}},{"type":"Feature","properties":{"id":264852343,"kind":"pack","natural":"water"},"geometry":{"type":"Polygon","coordinates":[[[-106.4118059,31.7517319],[-106.4119413,31.751863],[-106.4120902,31.7520443],[-106.4122297,31.7521983],[-106.4122873,31.7522827],[-106.4124241,31.7524446],[-106.4125904,31.7526225],[-106.4129176,31.7529509],[-106.4129324,31.7529931],[-106.4129525,31.7530193],[-106.4129619,31.7530353],[-106.4129069,31.7531379],[-106.4128667,31.7531722],[-106.4128747,31.7532007],[-106.4128774,31.7532178],[-106.4128627,31.7532383],[-106.4127782,31.7533558],[-106.4127245,31.7533877],[-106.4126776,31.75339],[-106.4126065,31.753374],[-106.4125274,31.7533478],[-106.4123893,31.7532873],[-106.4123758,31.7532657],[-106.4123517,31.7532611],[-106.412282,31.7532166],[-106.4122283,31.7531927],[-106.4120687,31.7530832],[-106.4118998,31.7529943],[-106.4116905,31.7528403],[-106.4116329,31.7527616],[-106.41159,31.7526864],[-106.4115283,31.7525792],[-106.4115068,31.7525495],[-106.4115162,31.7525199],[-106.4114585,31.7524115],[-106.411425,31.7523237],[-106.411374,31.7521447],[-106.4113593,31.752066],[-106.4113781,31.7520112],[-106.4113781,31.751944],[-106.4113807,31.7518881],[-106.4113942,31.7518322],[-106.411425,31.7517809],[-106.4114545,31.751733],[-106.411484,31.7517011],[-106.4115444,31.7516634],[-106.411594,31.7516395],[-106.4116423,31.7516349],[-106.4116959,31.751644],[-106.4117402,31.7516669],[-106.4117884,31.7517045],[-106.4118059,31.7517319]]]}},{"type":"Feature","properties":{"id":264852344,"kind":"pack","natural":"water"},"geometry":{"type":"Polygon","coordinates":[[[-106.414362,31.7522484],[-106.4142225,31.7521584],[-106.4139436,31.7519668],[-106.4136727,31.7518048],[-106.4131537,31.7515015],[-106.4130531,31.7515631],[-106.4129673,31.7516304],[-106.4129069,31.7517011],[-106.4128975,31.751725],[-106.4128989,31.7517501],[-106.4130383,31.7518869],[-106.4131255,31.7519554],[-106.4134702,31.7522838],[-106.4138899,31.7526396],[-106.4139181,31.7526727],[-106.4139396,31.7526864],[-106.4139664,31.7526807],[-106.4140013,31.7526635],[-106.4143781,31.7523146],[-106.4143888,31.7522975],[-106.4143888,31.7522781],[-106.4143741,31.7522621],[-106.414362,31.7522484]]]}},{"type":"Feature","properties":{"id":307956343,"kind":"pack","natural":"water"},"geometry":{"type":"Polygon","coordinates":[[[-106.4431091,31.7812603],[-106.4430604,31.781259],[-106.4422981,31.7812388],[-106.4424249,31.779747],[-106.4428751,31.7797891],[-106.4431154,31.7798116],[-106.4431091,31.7812603]]]}},{"type":"Feature","properties":{"id":347312227,"kind":"pack","natural":"water"},"geometry":{"type":"Polygon","coordinates":[[[-106.4358359,31.7769194],[-106.4358647,31.7758663],[-106.4358455,31.7757888],[-106.4358167,31.775752],[-106.4357639,31.7757153],[-106.4355479,31.7756745],[-106.4353174,31.77565],[-106.4352262,31.77565],[-106.4351926,31.7756786],[-106.4351878,31.775752],[-106.4351926,31.7768541],[-106.435207,31.7769071],[-106.4356484,31.7769157],[-106.4358359,31.7769194]]]}},{"type":"Feature","properties":{"id":435718876,"kind":"pack","natural":"water"},"geometry":{"type":"Polygon","coordinates":[[[-106.467403,31.7818895],[-106.4670614,31.7816572],[-106.4675396,31.7811611],[-106.4675482,31.7810957],[-106.4679012,31.7807254],[-106.4680094,31.7807012],[-106.4683112,31.7809142],[-106.467403,31.7818895]]]}},{"type":"Feature","properties":{"id":457821526,"kind":"pack","name":"Lago del Museo de aqueologìa","natural":"water"},"geometry":{"type":"Polygon","coordinates":[[[-106.4592219,31.757286],[-106.4589868,31.7572727],[-106.4589601,31.7572574],[-106.4589583,31.757233],[-106.4589619,31.7571675],[-106.4589762,31.7571561],[-106.4590391,31.7571043],[-106.4590506,31.7570882],[-106.4590498,31.7570653],[-106.4590212,31.7570175],[-106.4590024,31.7570019],[-106.4589772,31.7569974],[-106.4587318,31.7569773],[-106.4586895,31.756983],[-106.4586502,31.7569983],[-106.4586271,31.7570176],[-106.458473,31.7572096],[-106.4584601,31.757243],[-106.4584589,31.7572739],[-106.4584685,31.7572932],[-106.4584873,31.7573153],[-106.4588253,31.7575139],[-106.4588429,31.7575229],[-106.4588869,31.7575235],[-106.4592055,31.7574217],[-106.4592201,31.7574117],[-106.4592286,31.7573955],[-106.4592397,31.7573111],[-106.4592356,31.7572972],[-106.4592219,31.757286]]]}},{"type":"Feature","properties":{"id":469735434,"kind":"pack","natural":"water"},"geometry":{"type":"Polygon","coordinates":[[[-106.4545694,31.8198993],[-106.4546141,31.8199043],[-106.4546637,31.8198976],[-106.4547068,31.8198661],[-106.4547272,31.8198277],[-106.4547385,31.8197756],[-106.4547454,31.8197274],[-106.4547332,31.8196811],[-106.4546923,31.8196547],[-106.4546695,31.8196281],[-106.454667,31.8195734],[-106.4546763,31.8195398],[-106.4546996,31.8195125],[-106.4547313,31.8194847],[-106.4547711,31.8194377],[-106.4548063,31.8193483],[-106.4548053,31.8193109],[-106.4547905,31.8192709],[-106.4547474,31.8192329],[-106.4547286,31.8192086],[-106.4547245,31.8191823],[-106.4547324,31.8191377],[-106.4547425,31.8191085],[-106.4547568,31.8190882],[-106.454792,31.819071],[-106.4548554,31.8190621],[-106.4549372,31.8190522],[-106.4550009,31.81903],[-106.4550569,31.8189886],[-106.455086,31.8189452],[-106.4551119,31.8188926],[-106.4551555,31.8188472],[-106.455158,31.8188182],[-106.4551328,31.8187997],[-106.4550437,31.8187998],[-106.4549748,31.8187888],[-106.4549032,31.818789],[-106.4547701,31.8187961],[-106.4546652,31.818809],[-106.4546066,31.8188363],[-106.4545482,31.8188835],[-106.4545292,31.8189446],[-106.4545347,31.8189913],[-106.4545818,31.8190448],[-106.4546315,31.8190742],[-106.4546454,31.8190909],[-106.4546472,31.8191182],[-106.4546279,31.8191768],[-106.4546156,31.8191991],[-106.4545931,31.8192169],[-106.4545518,31.8192277],[-106.4545032,31.8192778],[-106.4544676,31.8193499],[-106.4544613,31.8193968],[-106.4544654,31.8194397],[-106.4544868,31.8194718],[-106.4545271,31.8195021],[-106.4545546,31.8195297],[-106.4545629,31.8195586],[-106.4545551,31.819645],[-106.4545341,31.8196999],[-106.4545269,31.8197444],[-106.4545298,31.8198572],[-106.4545694,31.8198993]]]}},{"type":"Feature","properties":{"id":469774035,"kind":"pack","name":"Summit Reservoir","natural":"water"},"geometry":{"type":"Polygon","coordinates":[[[-106.4612594,31.8172932],[-106.4607311,31.817303],[-106.4607158,31.8167105],[-106.4612441,31.8167007],[-106.4612594,31.8172932]]]}},{"type":"Feature","properties":{"id":476828628,"kind":"pack","natural":"water"},"geometry":{"type":"Polygon","coordinates":[[[-106.4629716,31.8190198],[-106.4629877,31.8189993],[-106.462989,31.81894],[-106.4629836,31.8189013],[-106.4629528,31.818883],[-106.4629394,31.8188967],[-106.462934,31.8189491],[-106.4629421,31.8190061],[-106.4629555,31.8190141],[-106.4629716,31.8190198]]]}},{"type":"Feature","properties":{"id":476828630,"kind":"pack","natural":"water"},"geometry":{"type":"Polygon","coordinates":[[[-106.4612078,31.8190317],[-106.4612518,31.8190118],[-106.4612607,31.8189763],[-106.4612618,31.8189473],[-106.4612314,31.8189173],[-106.4611892,31.8189084],[-106.4611477,31.818924],[-106.4611205,31.8189526],[-106.4611186,31.8189806],[-106.4611593,31.819009],[-106.4612078,31.8190317]]]}},{"type":"Feature","properties":{"id":479636104,"kind":"pack","name":"Woods Reservoir","natural":"water"},"geometry":{"type":"Polygon","coordinates":[[[-106.4890285,31.7806388],[-106.4881648,31.7796949],[-106.4900209,31.778491],[-106.4908631,31.7794714],[-106.4890285,31.7806388]]]}},{"type":"Feature","properties":{"id":479801474,"kind":"pack","name":"River street reservoir","natural":"water"},"geometry":{"type":"Polygon","coordinates":[[[-106.4987663,31.7663669],[-106.4981177,31.7662015],[-106.4982214,31.7657451],[-106.4984225,31.7657867],[-106.4988278,31.7662183],[-106.4987663,31.7663669]]]}},{"type":"Feature","properties":{"id":479801476,"kind":"pack","name":"River street reservoir","natural":"water"},"geometry":{"type":"Polygon","coordinates":[[[-106.498724,31.7664611],[-106.4984957,31.7663911],[-106.4982539,31.7663426],[-106.4980124,31.7669431],[-106.4981486,31.7669876],[-106.4984971,31.7670122],[-106.498724,31.7664611]]]}},{"type":"Feature","properties":{"id":481717184,"kind":"pack","natural":"water"},"geometry":{"type":"Polygon","coordinates":[[[-106.4551501,31.779384],[-106.4542307,31.7793776],[-106.4542124,31.7793666],[-106.4542138,31.7792214],[-106.4542541,31.7791308],[-106.4542632,31.7789751],[-106.4542799,31.7789614],[-106.4552044,31.7789282],[-106.4552252,31.7789484],[-106.4552285,31.7790246],[-106.4551857,31.7791523],[-106.4551834,31.7793494],[-106.4551501,31.779384]]]}},{"type":"Feature","properties":{"id":499374355,"kind":"pack","natural":"water"},"geometry":{"type":"Polygon","coordinates":[[[-106.3970973,31.8108876],[-106.3970803,31.8100948],[-106.3957261,31.8101204],[-106.3957957,31.8103665],[-106.395822,31.8104593],[-106.3958389,31.8105759],[-106.395854,31.8107198],[-106.3958615,31.810902],[-106.3970973,31.8108876]]]}},{"type":"Feature","properties":{"id":621213848,"kind":"pack","natural":"water"},"geometry":{"type":"Polygon","coordinates":[[[-106.4106079,31.792935],[-106.4097603,31.7929396],[-106.409755,31.7914395],[-106.4098676,31.7912571],[-106.4106133,31.7912799],[-106.4106079,31.792935]]]}},{"type":"Feature","properties":{"id":621217199,"kind":"pack","natural":"water"},"geometry":{"type":"Polygon","coordinates":[[[-106.4025345,31.7909334],[-106.4025345,31.7910382],[-106.4013436,31.7910337],[-106.4013328,31.7905458],[-106.4025345,31.7909334]]]}},{"type":"Feature","properties":{"id":621227770,"kind":"pack","natural":"water"},"geometry":{"type":"Polygon","coordinates":[[[-106.3875083,31.7994321],[-106.380095,31.7994913],[-106.3784857,31.799373],[-106.3779331,31.7992864],[-106.377976,31.7989126],[-106.3781638,31.798566],[-106.3806851,31.7965554],[-106.3812111,31.7963799],[-106.3819135,31.7962727],[-106.3823802,31.7962818],[-106.3827987,31.7965873],[-106.3831527,31.7967834],[-106.3835282,31.7968654],[-106.383834,31.796829],[-106.3843436,31.7968335],[-106.3848476,31.7970888],[-106.3875649,31.7992659],[-106.3875083,31.7994321]]]}},{"type":"Feature","properties":{"id":621227895,"kind":"pack","natural":"water"},"geometry":{"type":"Polygon","coordinates":[[[-106.403231,31.8044653],[-106.4031004,31.8045362],[-106.402778,31.8045656],[-106.402539,31.8045611],[-106.4023722,31.804536],[-106.4022679,31.8043194],[-106.4022517,31.8039615],[-106.4022845,31.803688],[-106.4024132,31.8035238],[-106.4025685,31.8034486],[-106.4027287,31.8033781],[-106.4027595,31.8033775],[-106.4028028,31.8033767],[-106.4030568,31.8034263],[-106.4032122,31.8034441],[-106.4033562,31.8034003],[-106.4033853,31.8034015],[-106.4034568,31.8034042],[-106.4034787,31.8035606],[-106.4036088,31.8036973],[-106.403605,31.80382],[-106.4035042,31.8039478],[-106.4034171,31.8040413],[-106.4033186,31.8041507],[-106.4032736,31.8042693],[-106.403231,31.8044653]]]}},{"type":"Feature","properties":{"id":621873967,"kind":"pack","natural":"water"},"geometry":{"type":"Polygon","coordinates":[[[-106.4452577,31.7693784],[-106.4452654,31.7694014],[-106.4452914,31.7694555],[-106.4453341,31.7695127],[-106.4453902,31.7695447],[-106.4454514,31.7695628],[-106.4455093,31.7695653],[-106.445555,31.7695587],[-106.4455829,31.7695413],[-106.4455912,31.7695081],[-106.4455875,31.7694748],[-106.4455605,31.7694426],[-106.4455545,31.7694195],[-106.4455268,31.7693976],[-106.4455127,31.76941],[-106.4454995,31.7694109],[-106.445481,31.7694003],[-106.4454718,31.769379],[-106.4454703,31.7693582],[-106.445434,31.7693311],[-106.4453954,31.7693073],[-106.4453534,31.7692917],[-106.4453172,31.7692901],[-106.4452858,31.769303],[-106.4452661,31.7693192],[-106.4452589,31.7693512],[-106.4452577,31.7693784]]]}},{"type":"Feature","properties":{"id":621876477,"kind":"pack","natural":"water"},"geometry":{"type":"Polygon","coordinates":[[[-106.4460982,31.7695753],[-106.4460709,31.7696037],[-106.446037,31.7696353],[-106.4460062,31.7696455],[-106.4459766,31.7696421],[-106.4459538,31.7696261],[-106.4459418,31.7695988],[-106.4459404,31.7695691],[-106.4459466,31.7695395],[-106.4459646,31.7695178],[-106.445987,31.7694962],[-106.4460127,31.7694797],[-106.446033,31.7694756],[-106.4460638,31.769487],[-106.4460938,31.7695179],[-106.4461046,31.7695453],[-106.4460982,31.7695753]]]}},{"type":"Feature","properties":{"id":626079372,"kind":"pack","leisure":"park","natural":"water"},"geometry":{"type":"Polygon","coordinates":[[[-106.4542771,31.7538233],[-106.4542953,31.7537834],[-106.4542877,31.7537438],[-106.4541701,31.7536472],[-106.4540807,31.7535251],[-106.4540359,31.7534122],[-106.4540263,31.7533031],[-106.4540414,31.7531944],[-106.4540279,31.7531518],[-106.4539789,31.753139],[-106.4521868,31.7537412],[-106.4516656,31.7538825],[-106.4511242,31.7540097],[-106.4506933,31.7541008],[-106.4496077,31.7543047],[-106.4488793,31.7544148],[-106.4488071,31.7544843],[-106.4488108,31.7547468],[-106.4487808,31.7549019],[-106.4488099,31.7550408],[-106.4488928,31.755148],[-106.4490147,31.755232],[-106.4491837,31.7552737],[-106.4493339,31.7552719],[-106.4513616,31.7548524],[-106.4514758,31.7548135],[-106.4515781,31.7547415],[-106.4528973,31.7543265],[-106.4542771,31.7538233]]]}},{"type":"Feature","properties":{"id":628164368,"kind":"pack","name":"Thomason Reservoir","natural":"water"},"geometry":{"type":"Polygon","coordinates":[[[-106.4686452,31.8060421],[-106.4679426,31.805804],[-106.4682201,31.8052126],[-106.4689227,31.8054507],[-106.4686452,31.8060421]]]}},{"type":"Feature","properties":{"id":636776389,"kind":"pack","natural":"water"},"geometry":{"type":"Polygon","coordinates":[[[-106.4542883,31.7413313],[-106.4543283,31.7413631],[-106.4543715,31.7413863],[-106.4544273,31.7414017],[-106.4544817,31.7414068],[-106.4545362,31.7414018],[-106.4545882,31.7413871],[-106.4546353,31.7413633],[-106.4546691,31.7413336],[-106.4546999,31.7412932],[-106.4547184,31.7412511],[-106.4547276,31.7412043],[-106.4547249,31.7411579],[-106.4547119,31.7411156],[-106.4546902,31.7410787],[-106.454661,31.7410414],[-106.4546001,31.7410012],[-106.4545384,31.7409808],[-106.4545286,31.7410047],[-106.4545104,31.7410598],[-106.4545477,31.7410744],[-106.454583,31.7411001],[-106.4546069,31.7411349],[-106.454615,31.7411853],[-106.4546073,31.7412305],[-106.4545744,31.7412784],[-106.4545381,31.7413029],[-106.4544904,31.741314],[-106.4544349,31.7413104],[-106.4543922,31.7412954],[-106.4543577,31.74127],[-106.4543341,31.741236],[-106.4543264,31.7412022],[-106.4543226,31.7411744],[-106.4543317,31.7411399],[-106.4543538,31.7411001],[-106.4543842,31.741074],[-106.4544379,31.7410581],[-106.4544287,31.7410004],[-106.4544246,31.7409777],[-106.4543806,31.7409847],[-106.45435,31.7409996],[-106.4543245,31.7410174],[-106.4542937,31.7410411],[-106.4542694,31.7410666],[-106.4542516,31.741095],[-106.4542348,31.7411289],[-106.4542281,31.7411562],[-106.454225,31.7411873],[-106.4542286,31.7412229],[-106.454234,31.741244],[-106.454243,31.7412666],[-106.454261,31.7413017],[-106.4542883,31.7413313]]]}},{"type":"Feature","properties":{"id":640284165,"kind":"pack","natural":"water"},"geometry":{"type":"Polygon","coordinates":[[[-106.4178417,31.8034985],[-106.4178548,31.8034714],[-106.4178626,31.8034453],[-106.4179383,31.8031449],[-106.4179415,31.8031077],[-106.4179415,31.8030678],[-106.4179344,31.8029476],[-106.4179298,31.8027319],[-106.4179246,31.8026233],[-106.4179213,31.8026022],[-106.4179135,31.8025917],[-106.4178828,31.8025656],[-106.4178515,31.8025485],[-106.417817,31.8025379],[-106.4177778,31.8025318],[-106.4175763,31.8025307],[-106.4175469,31.8025379],[-106.4175176,31.802549],[-106.4174915,31.8025679],[-106.41747,31.8025945],[-106.4174635,31.8026172],[-106.4174667,31.8028112],[-106.41747,31.8032696],[-106.4174687,31.8033816],[-106.4174778,31.803396],[-106.4174909,31.8034159],[-106.4175111,31.8034303],[-106.4175293,31.8034376],[-106.4175541,31.8034425],[-106.417562,31.8034502],[-106.4175717,31.8034597],[-106.4175672,31.8034736],[-106.4175659,31.8034874],[-106.4175646,31.8035019],[-106.4175743,31.8035152],[-106.4175835,31.8035251],[-106.4175959,31.8035296],[-106.4176163,31.8035297],[-106.4177922,31.8035307],[-106.4178124,31.8035235],[-106.4178267,31.8035152],[-106.4178417,31.8034985]]]}},{"type":"Feature","properties":{"id":669886753,"kind":"pack","amenity":"fountain","name":"Fuentes de las Américas","natural":"water"},"geometry":{"type":"Polygon","coordinates":[[[-106.4592945,31.7375426],[-106.4592998,31.7375329],[-106.4592972,31.737507],[-106.4592839,31.7374708],[-106.4592474,31.7374322],[-106.4592031,31.7374015],[-106.459149,31.7373868],[-106.4591223,31.7373885],[-106.4591002,31.7373974],[-106.4590919,31.7374074],[-106.4590885,31.7374189],[-106.4590987,31.7374728],[-106.4591134,31.7375157],[-106.459126,31.7375302],[-106.4591422,31.7375393],[-106.4592037,31.7375444],[-106.4592806,31.7375475],[-106.4592945,31.7375426]]]}},{"type":"Feature","properties":{"id":676281102,"kind":"pack","natural":"water"},"geometry":{"type":"Polygon","coordinates":[[[-106.4216799,31.7546523],[-106.4213674,31.7546112],[-106.4212923,31.7544858],[-106.4212973,31.7544578],[-106.4213567,31.7544424],[-106.4217103,31.7545057],[-106.4217429,31.7545348],[-106.4217322,31.7546203],[-106.4216799,31.7546523]]]}},{"type":"Feature","properties":{"id":676288353,"kind":"pack","natural":"water"},"geometry":{"type":"Polygon","coordinates":[[[-106.4632273,31.774425],[-106.4633114,31.7744084],[-106.4633855,31.7744444],[-106.4634214,31.7744871],[-106.4634405,31.7745527],[-106.4633945,31.7746228],[-106.4632108,31.7747368],[-106.4633815,31.7749244],[-106.4633547,31.7750122],[-106.4628934,31.7751262],[-106.4628474,31.7750788],[-106.4627849,31.7750357],[-106.4626399,31.7748674],[-106.4626529,31.7747938],[-106.4632273,31.774425]]]}},{"type":"Feature","properties":{"id":676288359,"kind":"pack","natural":"water"},"geometry":{"type":"Polygon","coordinates":[[[-106.4620444,31.7748514],[-106.4619479,31.7749153],[-106.4618791,31.774934],[-106.4618285,31.7749278],[-106.4618071,31.7749027],[-106.4618053,31.7748326],[-106.4617517,31.7747927],[-106.4617503,31.7745646],[-106.4618107,31.7745453],[-106.4620485,31.7748184],[-106.4620444,31.7748514]]]}},{"type":"Feature","properties":{"id":756122117,"kind":"pack","natural":"water"},"geometry":{"type":"Polygon","coordinates":[[[-106.4509538,31.705865],[-106.450821,31.7059131],[-106.4507177,31.7059361],[-106.4506021,31.7059299],[-106.4505037,31.7058964],[-106.4504201,31.705842],[-106.4503242,31.7057624],[-106.450366,31.7051619],[-106.4504693,31.7050342],[-106.4506857,31.7049652],[-106.4512883,31.7047308],[-106.45134,31.7047266],[-106.4514187,31.7049108],[-106.4515318,31.7050866],[-106.4516622,31.7052184],[-106.4517729,31.7053042],[-106.451763,31.7053649],[-106.4517138,31.7054235],[-106.4509538,31.705865]]]}},{"type":"Feature","properties":{"id":762721913,"kind":"pack","name":"Grandview Pool","natural":"water"},"geometry":{"type":"Polygon","coordinates":[[[-106.4587229,31.8111937],[-106.4587902,31.8108689],[-106.4585247,31.8108584],[-106.458592,31.8111952],[-106.4587229,31.8111937]]]}},{"type":"Feature","properties":{"id":762721914,"kind":"pack","name":"Grandview Splash Pad","natural":"water"},"geometry":{"type":"Polygon","coordinates":[[[-106.4582328,31.8109336],[-106.4582575,31.8109411],[-106.4582602,31.8109531],[-106.4582797,31.8109546],[-106.4582858,31.8109381],[-106.4583531,31.8109185],[-106.4583956,31.8108937],[-106.4584345,31.8108561],[-106.4584566,31.8108215],[-106.4584478,31.8107805],[-106.4584281,31.8107628],[-106.4584,31.8107328],[-106.4583823,31.810717],[-106.4583487,31.8107118],[-106.4583115,31.810717],[-106.4582938,31.8107245],[-106.4583012,31.8107359],[-106.4582938,31.8107403],[-106.4582761,31.8107486],[-106.458246,31.8107644],[-106.4582186,31.8107869],[-106.4582027,31.8108095],[-106.4581885,31.8108306],[-106.4581814,31.8108561],[-106.4581814,31.8108802],[-106.4581947,31.810908],[-106.4582195,31.8109313],[-106.4582328,31.8109336]]]}},{"type":"Feature","properties":{"id":800495732,"kind":"pack","natural":"water"},"geometry":{"type":"Polygon","coordinates":[[[-106.417025,31.7500046],[-106.4170443,31.7499931],[-106.4170535,31.7499781],[-106.4170576,31.7498557],[-106.4170527,31.7498435],[-106.4170396,31.7498374],[-106.4165734,31.7498329],[-106.41657,31.7498427],[-106.4165775,31.7498582],[-106.4168187,31.7499353],[-106.4170061,31.7500073],[-106.417025,31.7500046]]]}},{"type":"Feature","properties":{"id":803416626,"kind":"pack","natural":"water"},"geometry":{"type":"Polygon","coordinates":[[[-106.3902846,31.7618624],[-106.390475,31.7613607],[-106.3886417,31.7607968],[-106.3884419,31.7612649],[-106.3884701,31.761306],[-106.3901652,31.7618328],[-106.3902846,31.7618624]]]}},{"type":"Feature","properties":{"id":803416627,"kind":"pack","natural":"water"},"geometry":{"type":"Polygon","coordinates":[[[-106.3914138,31.7619605],[-106.3913548,31.7619593],[-106.390809,31.7617267],[-106.391151,31.7612524],[-106.3915063,31.7614029],[-106.3916646,31.7614622],[-106.3914138,31.7619605]]]}},{"type":"Feature","properties":{"id":807943374,"kind":"pack","natural":"water"},"geometry":{"type":"Polygon","coordinates":[[[-106.483778,31.7415842],[-106.4837483,31.7414831],[-106.483118,31.7412379],[-106.4830447,31.7412246],[-106.4826269,31.7410695],[-106.4826266,31.7410982],[-106.4826297,31.7411586],[-106.483778,31.7415842]]]}},{"type":"Feature","properties":{"id":807943375,"kind":"pack","natural":"water"},"geometry":{"type":"Polygon","coordinates":[[[-106.4871964,31.742702],[-106.4871875,31.7427216],[-106.487175,31.7427545],[-106.4878737,31.7430898],[-106.4879019,31.7430784],[-106.4879203,31.7430233],[-106.4871964,31.742702]]]}},{"type":"Feature","properties":{"id":807943376,"kind":"pack","natural":"water"},"geometry":{"type":"Polygon","coordinates":[[[-106.4880561,31.7430659],[-106.4880383,31.7431049],[-106.4880194,31.7431463],[-106.4887123,31.7434687],[-106.488734,31.7434263],[-106.4887557,31.7433807],[-106.4880561,31.7430659]]]}},{"type":"Feature","properties":{"id":807943377,"kind":"pack","natural":"water"},"geometry":{"type":"Polygon","coordinates":[[[-106.4888922,31.7435175],[-106.4888545,31.7435331],[-106.4888366,31.7435767],[-106.4894242,31.7441884],[-106.4894488,31.7441575],[-106.4894513,31.7441298],[-106.4889628,31.743615],[-106.4888922,31.7435175]]]}},{"type":"Feature","properties":{"id":807943378,"kind":"pack","natural":"water"},"geometry":{"type":"Polygon","coordinates":[[[-106.4901765,31.7448343],[-106.4901909,31.7448182],[-106.4901968,31.7447979],[-106.4901144,31.7447357],[-106.4895989,31.7442773],[-106.489584,31.7442938],[-106.4895689,31.744325],[-106.4896011,31.7443626],[-106.4900801,31.7447765],[-106.4901765,31.7448343]]]}},{"type":"Feature","properties":{"id":807943379,"kind":"pack","natural":"water"},"geometry":{"type":"Polygon","coordinates":[[[-106.4909908,31.7453455],[-106.4910027,31.7453266],[-106.4910081,31.7453076],[-106.4907004,31.7450818],[-106.4903326,31.7448855],[-106.4903193,31.7449074],[-106.490315,31.74493],[-106.4906659,31.7451219],[-106.4909908,31.7453455]]]}},{"type":"Feature","properties":{"id":807943380,"kind":"pack","natural":"water"},"geometry":{"type":"Polygon","coordinates":[[[-106.4911914,31.7455047],[-106.491254,31.7455269],[-106.491265,31.745519],[-106.4912746,31.7455049],[-106.4912519,31.7454742],[-106.4911572,31.745422],[-106.4911441,31.74544],[-106.4911347,31.7454675],[-106.4911914,31.7455047]]]}},{"type":"Feature","properties":{"id":807943381,"kind":"pack","natural":"water"},"geometry":{"type":"Polygon","coordinates":[[[-106.4917286,31.7460006],[-106.4917442,31.7459741],[-106.4917536,31.7459386],[-106.4916872,31.7458918],[-106.4915849,31.7458013],[-106.4915089,31.7457215],[-106.4914546,31.7457067],[-106.4914193,31.7457065],[-106.4914309,31.7457516],[-106.4914673,31.7457928],[-106.4917286,31.7460006]]]}},{"type":"Feature","properties":{"id":807943382,"kind":"pack","natural":"water"},"geometry":{"type":"Polygon","coordinates":[[[-106.4919467,31.7461249],[-106.4918898,31.746106],[-106.4918711,31.7461158],[-106.491854,31.7461372],[-106.4924438,31.7467029],[-106.4924613,31.7466831],[-106.4924716,31.7466511],[-106.4919467,31.7461249]]]}},{"type":"Feature","properties":{"id":807943383,"kind":"pack","natural":"water"},"geometry":{"type":"Polygon","coordinates":[[[-106.4926168,31.7467962],[-106.4925938,31.7468204],[-106.4925789,31.7468627],[-106.4939177,31.7481388],[-106.4939328,31.7481205],[-106.4939472,31.748088],[-106.4926168,31.7467962]]]}},{"type":"Feature","properties":{"id":807943384,"kind":"pack","natural":"water"},"geometry":{"type":"Polygon","coordinates":[[[-106.4940404,31.7481928],[-106.4940272,31.7482187],[-106.4940139,31.7482496],[-106.4948863,31.7492173],[-106.4950759,31.7494408],[-106.4951017,31.7494222],[-106.4951296,31.7494021],[-106.4949515,31.7491928],[-106.4940404,31.7481928]]]}},{"type":"Feature","properties":{"id":807943385,"kind":"pack","natural":"water"},"geometry":{"type":"Polygon","coordinates":[[[-106.4954921,31.7498845],[-106.4955204,31.7498667],[-106.4955421,31.749851],[-106.4955249,31.7498028],[-106.4954501,31.7497628],[-106.4954298,31.7497772],[-106.4954043,31.7497966],[-106.4954321,31.7498633],[-106.4954921,31.7498845]]]}},{"type":"Feature","properties":{"id":807943386,"kind":"pack","natural":"water"},"geometry":{"type":"Polygon","coordinates":[[[-106.4956256,31.7499205],[-106.4955891,31.7499383],[-106.4955646,31.7499524],[-106.4955671,31.749967],[-106.4959172,31.7503793],[-106.4960272,31.7504844],[-106.4960523,31.7504886],[-106.4960706,31.7504769],[-106.4960843,31.7504685],[-106.4960821,31.7504442],[-106.4959113,31.7502424],[-106.4956427,31.7499282],[-106.4956256,31.7499205]]]}},{"type":"Feature","properties":{"id":807943387,"kind":"pack","natural":"water"},"geometry":{"type":"Polygon","coordinates":[[[-106.4967652,31.7512467],[-106.496743,31.7512603],[-106.4967262,31.751272],[-106.4976121,31.7522705],[-106.4977959,31.752439],[-106.4981748,31.7527216],[-106.4981894,31.7527071],[-106.4982057,31.7526901],[-106.4978259,31.7523994],[-106.497666,31.7522477],[-106.4973291,31.7518728],[-106.4972268,31.7517384],[-106.4967652,31.7512467]]]}},{"type":"Feature","properties":{"id":807943388,"kind":"pack","natural":"water"},"geometry":{"type":"Polygon","coordinates":[[[-106.4983097,31.7527632],[-106.4982947,31.7527788],[-106.4982752,31.7527987],[-106.498859,31.7532434],[-106.4990136,31.7533832],[-106.4992466,31.7536361],[-106.4994688,31.7539267],[-106.4994817,31.7538978],[-106.4994902,31.7538787],[-106.4993323,31.7536678],[-106.4990474,31.7533485],[-106.4988989,31.753211],[-106.4983097,31.7527632]]]}},{"type":"Feature","properties":{"id":843574949,"kind":"pack","natural":"water"},"geometry":{"type":"Polygon","coordinates":[[[-106.4836411,31.7009998],[-106.4837548,31.7010851],[-106.4841828,31.7009713],[-106.4842831,31.7008006],[-106.4841761,31.7006584],[-106.4836612,31.7008234],[-106.4836411,31.7009998]]]}},{"type":"Feature","properties":{"id":962111991,"kind":"pack","natural":"water"},"geometry":{"type":"Polygon","coordinates":[[[-106.4867468,31.7633731],[-106.4863107,31.7637558],[-106.4861899,31.7638446],[-106.4860558,31.7639086],[-106.4858375,31.76394],[-106.4856335,31.7639855],[-106.4856187,31.7639492],[-106.485807,31.7637975],[-106.4860437,31.7635877],[-106.4861075,31.7636002],[-106.4865393,31.7631275],[-106.4866007,31.7631412],[-106.4867489,31.7633172],[-106.4867468,31.7633731]]]}},{"type":"Feature","properties":{"id":1105003725,"kind":"pack","natural":"water"},"geometry":{"type":"Polygon","coordinates":[[[-106.464252,31.8012809],[-106.4634378,31.8012821],[-106.463435,31.8006019],[-106.4636609,31.8005],[-106.4642827,31.8005036],[-106.4643454,31.800596],[-106.4643385,31.8012133],[-106.464252,31.8012809]]]}},{"type":"Feature","properties":{"id":1105004034,"kind":"pack","natural":"water"},"geometry":{"type":"Polygon","coordinates":[[[-106.4673569,31.7940121],[-106.4664907,31.7940118],[-106.466491,31.7931322],[-106.4670396,31.7931323],[-106.4673572,31.7931324],[-106.4673569,31.7940121]]]}},{"type":"Feature","properties":{"id":1105004035,"kind":"pack","natural":"water"},"geometry":{"type":"Polygon","coordinates":[[[-106.4663966,31.7931319],[-106.466491,31.7931322],[-106.4670396,31.7931323],[-106.4670433,31.7927772],[-106.4668764,31.7927759],[-106.4668806,31.7923826],[-106.4660772,31.7923765],[-106.4660733,31.7927548],[-106.4664005,31.7927573],[-106.4663966,31.7931319]]]}},{"type":"Feature","properties":{"id":1105020166,"kind":"pack","natural":"water"},"geometry":{"type":"Polygon","coordinates":[[[-106.4707583,31.7886091],[-106.4707605,31.7879626],[-106.4721104,31.7879659],[-106.4721082,31.7886122],[-106.4707583,31.7886091]]]}},{"type":"Feature","properties":{"id":1108302558,"kind":"pack","natural":"water"},"geometry":{"type":"Polygon","coordinates":[[[-106.3831733,31.7578599],[-106.3832699,31.7577961],[-106.3817034,31.7566557],[-106.3807969,31.756268],[-106.3807325,31.7563319],[-106.3831733,31.7578599]]]}},{"type":"Feature","properties":{"id":1156521978,"kind":"pack","natural":"water"},"geometry":{"type":"Polygon","coordinates":[[[-106.4447929,31.7651059],[-106.4447828,31.7645067],[-106.4447402,31.7643998],[-106.4446058,31.7643468],[-106.4443347,31.7643533],[-106.444209,31.7644343],[-106.4441786,31.7645291],[-106.4441887,31.7650808],[-106.4442576,31.7651825],[-106.4443935,31.7652445],[-106.4445269,31.7652512],[-106.444648,31.7652355],[-106.4447402,31.7651928],[-106.4447929,31.7651059]]]}},{"type":"Feature","properties":{"id":1156701643,"kind":"pack","name":"Mimosa North Pond","natural":"water"},"geometry":{"type":"Polygon","coordinates":[[[-106.3782885,31.7354253],[-106.3782151,31.7353757],[-106.3781832,31.7353197],[-106.3781738,31.7352381],[-106.3782151,31.7351645],[-106.3783186,31.7351118],[-106.3785271,31.7350512],[-106.3785829,31.7350229],[-106.378644,31.7349598],[-106.3787537,31.7349157],[-106.3789074,31.7348866],[-106.3791869,31.7348507],[-106.3797274,31.7347608],[-106.3801167,31.7346812],[-106.3801766,31.7346558],[-106.3802731,31.7345517],[-106.3803571,31.7345226],[-106.3814098,31.7344156],[-106.3814967,31.7344304],[-106.381742,31.7346193],[-106.3817733,31.7346424],[-106.3818291,31.7346775],[-106.3818532,31.7347135],[-106.3818592,31.7347606],[-106.3817965,31.73505],[-106.3817008,31.7351336],[-106.3815716,31.7351811],[-106.3803763,31.7352856],[-106.3790028,31.7354701],[-106.3789016,31.7354705],[-106.3788352,31.7354622],[-106.3787079,31.7354317],[-106.3785819,31.7354189],[-106.3784559,31.7354285],[-106.3783619,31.7354365],[-106.3782885,31.7354253]]]}},{"type":"Feature","properties":{"id":1156836763,"kind":"pack","natural":"water"},"geometry":{"type":"Polygon","coordinates":[[[-106.4038381,31.7951594],[-106.403877,31.7952186],[-106.4038786,31.795286],[-106.403843,31.7953493],[-106.4037815,31.7953947],[-106.4036778,31.795436],[-106.4026333,31.7954938],[-106.4025718,31.7954787],[-106.4025588,31.7954456],[-106.4025669,31.7952227],[-106.4025896,31.7951896],[-106.4028277,31.7951938],[-106.4030544,31.7951952],[-106.4032519,31.7951841],[-106.4035726,31.7951786],[-106.4038381,31.7951594]]]}},{"type":"Feature","properties":{"id":1159465112,"kind":"pack","natural":"water"},"geometry":{"type":"Polygon","coordinates":[[[-106.3964031,31.8068376],[-106.3963809,31.8068157],[-106.3968106,31.8065177],[-106.3969565,31.80648],[-106.3970091,31.8065098],[-106.3970205,31.8065706],[-106.3969717,31.8066211],[-106.3968969,31.8066497],[-106.3967998,31.8066614],[-106.3964031,31.8068376]]]}},{"type":"Feature","properties":{"id":1167144078,"kind":"pack","natural":"water"},"geometry":{"type":"Polygon","coordinates":[[[-106.4386475,31.8154179],[-106.4386776,31.815375],[-106.4386838,31.8152698],[-106.4386688,31.8150976],[-106.4386546,31.8150457],[-106.438598,31.8150314],[-106.4385033,31.815033],[-106.4383786,31.8150352],[-106.438352,31.815051],[-106.4383449,31.8151028],[-106.4383511,31.8153141],[-106.4383679,31.81536],[-106.4384033,31.8153833],[-106.4385157,31.8154126],[-106.4386475,31.8154179]]]}},{"type":"Feature","properties":{"id":1167788570,"kind":"pack","natural":"water"},"geometry":{"type":"Polygon","coordinates":[[[-106.43034,31.8148812],[-106.4303867,31.8149166],[-106.4304167,31.8149256],[-106.430426,31.8149264],[-106.4304356,31.8149272],[-106.4304687,31.8149321],[-106.4305277,31.8149279],[-106.4305916,31.8149197],[-106.4306055,31.8149105],[-106.430618,31.8149051],[-106.4306336,31.8148987],[-106.430659,31.8148657],[-106.430664,31.8148149],[-106.4306582,31.8147315],[-106.4306417,31.8146801],[-106.4306174,31.8146294],[-106.4305646,31.8146016],[-106.4304976,31.814577],[-106.4303941,31.8145627],[-106.4303197,31.8145785],[-106.4302773,31.8146071],[-106.4302605,31.8147116],[-106.43034,31.8148812]]]}},{"type":"Feature","properties":{"id":1169783039,"kind":"pack","natural":"water"},"geometry":{"type":"Polygon","coordinates":[[[-106.4256122,31.8187525],[-106.4256402,31.8187694],[-106.4256794,31.818783],[-106.4258737,31.8187823],[-106.4259625,31.8187743],[-106.4259858,31.8187594],[-106.4260033,31.8187396],[-106.4260045,31.8186174],[-106.4260115,31.8183348],[-106.4259963,31.8183041],[-106.4259683,31.8183021],[-106.4258982,31.8183021],[-106.4256682,31.8183041],[-106.4256324,31.8183202],[-106.4256064,31.8183368],[-106.42559,31.8183606],[-106.4255865,31.8187257],[-106.4256122,31.8187525]]]}},{"type":"Feature","properties":{"id":1171026053,"kind":"pack","natural":"water"},"geometry":{"type":"Polygon","coordinates":[[[-106.399559,31.8194461],[-106.3996034,31.8194352],[-106.3996279,31.8194144],[-106.3995788,31.8192282],[-106.3995787,31.8192176],[-106.3995785,31.8192076],[-106.3996048,31.8191451],[-106.3996153,31.819098],[-106.3995597,31.8190534],[-106.3994922,31.8189993],[-106.39946,31.8189923],[-106.3967566,31.8190433],[-106.3967068,31.8190671],[-106.3966686,31.8191008],[-106.3966423,31.8191241],[-106.3966245,31.8191736],[-106.3966423,31.8194406],[-106.3966707,31.8194717],[-106.3967018,31.8194862],[-106.399559,31.8194461]]]}},{"type":"Feature","properties":{"id":1172209760,"kind":"pack","natural":"water"},"geometry":{"type":"Polygon","coordinates":[[[-106.4349735,31.8122721],[-106.4349665,31.812115],[-106.4347248,31.8121202],[-106.4344851,31.8121255],[-106.4344896,31.8122781],[-106.4349735,31.8122721]]]}},{"type":"Feature","properties":{"id":1172334066,"kind":"pack","natural":"water"},"geometry":{"type":"Polygon","coordinates":[[[-106.4271226,31.8065438],[-106.4270934,31.8065658],[-106.4269925,31.8066422],[-106.4248764,31.8066647],[-106.4248495,31.8066232],[-106.4247992,31.8065455],[-106.4248946,31.8057279],[-106.4248891,31.8056067],[-106.4248844,31.8055051],[-106.4248661,31.80399],[-106.4270632,31.8039739],[-106.4271226,31.8065438]]]}},{"type":"Feature","properties":{"id":1172639621,"kind":"pack","natural":"water"},"geometry":{"type":"Polygon","coordinates":[[[-106.4210462,31.8110901],[-106.4210576,31.8111018],[-106.421074,31.8111049],[-106.4211025,31.8111044],[-106.4211112,31.8110967],[-106.4211176,31.8110893],[-106.4210394,31.8091508],[-106.4209509,31.8091482],[-106.420851,31.8091705],[-106.4208191,31.8091895],[-106.4207852,31.8091981],[-106.4207516,31.8091984],[-106.4206805,31.8091992],[-106.4203282,31.8091638],[-106.4200407,31.8091878],[-106.4199061,31.809199],[-106.4196819,31.8092649],[-106.4196672,31.8092692],[-106.4196179,31.8092967],[-106.419585,31.8093269],[-106.4196021,31.8093577],[-106.4196536,31.8093854],[-106.4197262,31.8094203],[-106.4197731,31.8094951],[-106.4198475,31.8095795],[-106.4204715,31.8102448],[-106.420783,31.8106178],[-106.4208067,31.8106613],[-106.4208237,31.8107261],[-106.4208803,31.8108373],[-106.4210462,31.8110901]]]}},{"type":"Feature","properties":{"id":1173581774,"kind":"pack","natural":"water"},"geometry":{"type":"Polygon","coordinates":[[[-106.4259833,31.812009],[-106.4260195,31.8120041],[-106.4260382,31.8119803],[-106.4260382,31.8113642],[-106.4260253,31.8112917],[-106.4259997,31.811258],[-106.4259588,31.8112481],[-106.4259191,31.811259],[-106.4258922,31.8112907],[-106.4258829,31.8113652],[-106.4258994,31.8119496],[-106.4259125,31.811981],[-106.4259417,31.8120059],[-106.4259833,31.812009]]]}},{"type":"Feature","properties":{"id":1174924507,"kind":"pack","natural":"water"},"geometry":{"type":"Polygon","coordinates":[[[-106.4306988,31.8039173],[-106.4307076,31.803932],[-106.430717,31.8039476],[-106.4309833,31.8041203],[-106.4310159,31.8041203],[-106.4310494,31.8041091],[-106.4312069,31.8039553],[-106.431208,31.8039441],[-106.4309762,31.8037472],[-106.4306947,31.8035891],[-106.4306672,31.8035857],[-106.4306459,31.803596],[-106.430654,31.8038413],[-106.4306652,31.8038724],[-106.4306988,31.8039173]]]}},{"type":"Feature","properties":{"id":1181524854,"kind":"pack","natural":"water"},"geometry":{"type":"Polygon","coordinates":[[[-106.4256492,31.8153339],[-106.4256756,31.8153338],[-106.4259856,31.8153331],[-106.4260303,31.8153166],[-106.4260579,31.8152985],[-106.4260801,31.8152838],[-106.4260933,31.8152484],[-106.4260588,31.81515],[-106.4260435,31.8151085],[-106.4260504,31.8150618],[-106.4260547,31.8150325],[-106.4260435,31.814909],[-106.4260324,31.8148675],[-106.4260324,31.8148356],[-106.4260324,31.8147777],[-106.4260232,31.8147129],[-106.4260182,31.8146825],[-106.42601,31.8146326],[-106.4259653,31.8145532],[-106.4259449,31.8144253],[-106.4258982,31.8143934],[-106.4258067,31.8143873],[-106.4256929,31.8143977],[-106.4256309,31.8144236],[-106.4255902,31.8144918],[-106.4255827,31.8152821],[-106.4256076,31.8153104],[-106.4256492,31.8153339]]]}},{"type":"Feature","properties":{"id":1215182800,"kind":"pack","natural":"water"},"geometry":{"type":"Polygon","coordinates":[[[-106.4225218,31.8008625],[-106.4225101,31.8008434],[-106.4224938,31.8008273],[-106.4224821,31.8008179],[-106.4224494,31.8008069],[-106.4224021,31.800805],[-106.4223531,31.8008025],[-106.4223361,31.8008089],[-106.4223303,31.8008193],[-106.4223262,31.8008278],[-106.4223163,31.8008526],[-106.4223134,31.8008769],[-106.422328,31.8008987],[-106.4223618,31.8009096],[-106.4224231,31.8009136],[-106.4224733,31.8009111],[-106.4225031,31.8008972],[-106.4225194,31.8008848],[-106.4225218,31.8008625]]]}},{"type":"Feature","properties":{"id":1215443243,"kind":"pack","natural":"water"},"geometry":{"type":"Polygon","coordinates":[[[-106.4252353,31.8025143],[-106.4252487,31.8024988],[-106.4252633,31.8024816],[-106.4252662,31.8024702],[-106.4252586,31.8024558],[-106.4250462,31.8022566],[-106.4250339,31.8022464],[-106.4250099,31.802239],[-106.4249691,31.802241],[-106.4249183,31.8022588],[-106.424871,31.8022772],[-106.4243433,31.8022747],[-106.4243357,31.8022762],[-106.424334,31.8022831],[-106.4243363,31.8022896],[-106.4243474,31.8022935],[-106.4248763,31.802305],[-106.4248903,31.8023084],[-106.4249087,31.8023193],[-106.4249352,31.8023387],[-106.4252078,31.8025158],[-106.4252218,31.8025193],[-106.4252353,31.8025143]]]}},{"type":"Feature","properties":{"id":1232019026,"kind":"pack","natural":"water"},"geometry":{"type":"Polygon","coordinates":[[[-106.4180333,31.7924794],[-106.4181622,31.7923848],[-106.41821,31.7922705],[-106.4182206,31.7918118],[-106.4181906,31.7916358],[-106.418118,31.7915515],[-106.4179959,31.7914989],[-106.4177985,31.7914903],[-106.4165661,31.7914628],[-106.4165006,31.7914748],[-106.4164705,31.7915049],[-106.4164562,31.7916583],[-106.416466,31.7921227],[-106.4164652,31.7924344],[-106.41649,31.7924826],[-106.4165625,31.7924976],[-106.4180333,31.7924794]]]}},{"type":"Feature","properties":{"id":1232019031,"kind":"pack","natural":"water"},"geometry":{"type":"Polygon","coordinates":[[[-106.4220721,31.8020768],[-106.4219695,31.8020898],[-106.4219583,31.802101],[-106.4219593,31.8021183],[-106.4219735,31.8021261],[-106.4226413,31.8021969],[-106.4226911,31.8021952],[-106.4227053,31.8021865],[-106.4227105,31.8021751],[-106.4227063,31.8021529],[-106.4226901,31.8021356],[-106.4226515,31.8021209],[-106.4223374,31.802082],[-106.4220721,31.8020768]]]}},{"type":"Feature","properties":{"id":1232567484,"kind":"pack","natural":"water"},"geometry":{"type":"Polygon","coordinates":[[[-106.4164534,31.7958386],[-106.4164811,31.7958319],[-106.4164949,31.7958107],[-106.416487,31.7954926],[-106.4164758,31.7954708],[-106.4164501,31.7954664],[-106.4164258,31.7954703],[-106.4164146,31.7954904],[-106.4164166,31.7958107],[-106.4164258,31.7958308],[-106.4164534,31.7958386]]]}},{"type":"Feature","properties":{"id":1232707156,"kind":"pack","natural":"water"},"geometry":{"type":"Polygon","coordinates":[[[-106.4319199,31.802994],[-106.4321682,31.80278],[-106.4318742,31.8025335],[-106.4318381,31.8025033],[-106.4315897,31.8027174],[-106.4319199,31.802994]]]}},{"type":"Feature","properties":{"id":1257995706,"kind":"pack","natural":"water"},"geometry":{"type":"Polygon","coordinates":[[[-106.4261136,31.8028997],[-106.4261028,31.8029064],[-106.4260967,31.8029205],[-106.4260977,31.8029319],[-106.4261008,31.8029503],[-106.4261125,31.8029583],[-106.4261288,31.8029612],[-106.4261691,31.8029503],[-106.4261919,31.8029349],[-106.4262002,31.8029183],[-106.4262048,31.8029031],[-106.426207,31.8028903],[-106.4262047,31.8028754],[-106.4261825,31.8028724],[-106.4261422,31.8028828],[-106.4261136,31.8028997]]]}},{"type":"Feature","properties":{"id":1257995716,"kind":"pack","natural":"water"},"geometry":{"type":"Polygon","coordinates":[[[-106.4266974,31.8033124],[-106.4266907,31.8033211],[-106.4266841,31.8033327],[-106.4266899,31.8034083],[-106.4267566,31.8035581],[-106.4267651,31.8035805],[-106.426785,31.8035929],[-106.4268058,31.803597],[-106.4269089,31.8035846],[-106.4269297,31.8035737],[-106.4269354,31.8035519],[-106.4269199,31.8031586],[-106.4269685,31.8026893],[-106.4269654,31.8026673],[-106.4269532,31.8026539],[-106.4269375,31.8026509],[-106.4269136,31.8026534],[-106.4269034,31.8026604],[-106.4268846,31.8026971],[-106.4268653,31.802932],[-106.4268572,31.8029804],[-106.4268425,31.8030357],[-106.426815,31.8031281],[-106.4268044,31.803154],[-106.4266974,31.8033124]]]}},{"type":"Feature","properties":{"id":1257998114,"kind":"pack","natural":"water"},"geometry":{"type":"Polygon","coordinates":[[[-106.4226286,31.8002899],[-106.4226287,31.8001274],[-106.4224875,31.8001273],[-106.4224873,31.8002898],[-106.4226286,31.8002899]]]}},{"type":"Feature","properties":{"id":1258069383,"kind":"pack","natural":"water"},"geometry":{"type":"Polygon","coordinates":[[[-106.425335,31.8015064],[-106.4253229,31.8015107],[-106.4253142,31.8015165],[-106.4253054,31.801532],[-106.4253098,31.8015557],[-106.4253238,31.8015722],[-106.425343,31.8015786],[-106.4254801,31.8015677],[-106.4255054,31.8015541],[-106.4255164,31.8015346],[-106.4255107,31.8015087],[-106.4254925,31.8014989],[-106.4254669,31.8014959],[-106.425335,31.8015064]]]}},{"type":"Feature","properties":{"id":1258069391,"kind":"pack","natural":"water"},"geometry":{"type":"Polygon","coordinates":[[[-106.4212871,31.8011173],[-106.4212683,31.8011183],[-106.4212485,31.8011216],[-106.4212129,31.8012028],[-106.4211997,31.8012218],[-106.4211855,31.8012305],[-106.4211753,31.801227],[-106.4211733,31.8012123],[-106.4211753,31.800942],[-106.4211804,31.8009169],[-106.4211987,31.8008893],[-106.4213817,31.8008444],[-106.4214255,31.8008375],[-106.4214436,31.8008419],[-106.4214528,31.8008455],[-106.4214629,31.8008509],[-106.4214833,31.8008548],[-106.4215148,31.8008484],[-106.4215726,31.8008201],[-106.4215878,31.8008082],[-106.4216257,31.8007963],[-106.4216368,31.8007993],[-106.4216415,31.8008077],[-106.4216417,31.8008175],[-106.4216421,31.800827],[-106.4216409,31.8008404],[-106.4216263,31.8008633],[-106.4213,31.8011114],[-106.4212871,31.8011173]]]}},{"type":"Feature","properties":{"id":1258069402,"kind":"pack","natural":"water"},"geometry":{"type":"Polygon","coordinates":[[[-106.4214903,31.8036662],[-106.4214975,31.8036593],[-106.4214962,31.8036556],[-106.4214865,31.8036525],[-106.4214704,31.8036536],[-106.4214576,31.8036565],[-106.4214318,31.8036548],[-106.4214208,31.8036538],[-106.4214186,31.8036503],[-106.4214193,31.8036433],[-106.4214199,31.8036357],[-106.4214204,31.8036257],[-106.4214083,31.8035918],[-106.4213489,31.803517],[-106.4212656,31.8034418],[-106.4212483,31.803396],[-106.4212559,31.8033567],[-106.421294,31.8033157],[-106.4214332,31.8031806],[-106.4214518,31.8031656],[-106.421458,31.8031438],[-106.4214562,31.8031197],[-106.4214191,31.8028828],[-106.4214217,31.8028362],[-106.4214385,31.8027986],[-106.4214456,31.8027603],[-106.4214353,31.8027217],[-106.4214332,31.8027116],[-106.4214336,31.8027026],[-106.4214273,31.8026749],[-106.4214085,31.8026607],[-106.4213743,31.8026413],[-106.4213448,31.8026333],[-106.4213221,31.8026319],[-106.4213134,31.8026352],[-106.4212224,31.8026709],[-106.4212036,31.802682],[-106.4211942,31.8027068],[-106.4212092,31.8035989],[-106.4212213,31.8036337],[-106.4212394,31.8036594],[-106.4212642,31.8036907],[-106.4212977,31.8037044],[-106.4214345,31.8037061],[-106.42146,31.8037032],[-106.4214711,31.8036936],[-106.4214838,31.8036748],[-106.4214903,31.8036662]]]}},{"type":"Feature","properties":{"id":1258069405,"kind":"pack","natural":"water"},"geometry":{"type":"Polygon","coordinates":[[[-106.4221937,31.8030218],[-106.4222033,31.8030248],[-106.4222127,31.8030278],[-106.4222508,31.8030302],[-106.4225004,31.8030166],[-106.4225613,31.8030006],[-106.4225964,31.8029903],[-106.4226035,31.8029859],[-106.4226056,31.802979],[-106.4226025,31.8029738],[-106.4225908,31.8029721],[-106.4224165,31.8029605],[-106.4222722,31.8029419],[-106.4221025,31.8029082],[-106.4220674,31.8029091],[-106.4220394,31.8029155],[-106.4220186,31.8029341],[-106.422011,31.8029579],[-106.4220227,31.8029777],[-106.4220466,31.8029872],[-106.4221937,31.8030218]]]}},{"type":"Feature","properties":{"id":1258467941,"kind":"pack","natural":"water"},"geometry":{"type":"Polygon","coordinates":[[[-106.4266085,31.8008193],[-106.4266018,31.8008256],[-106.4265936,31.8008322],[-106.4265924,31.8008352],[-106.4265948,31.8008382],[-106.4266418,31.8008682],[-106.4266745,31.800873],[-106.4266743,31.8008834],[-106.4266735,31.8008928],[-106.4266758,31.8009064],[-106.4266835,31.8009176],[-106.4268169,31.8010511],[-106.4268668,31.8012296],[-106.4269311,31.8016069],[-106.4269264,31.8017009],[-106.4268956,31.8019676],[-106.4268947,31.8019847],[-106.4268948,31.8019932],[-106.4268949,31.8021218],[-106.4269097,31.8022528],[-106.4269747,31.8024013],[-106.4269832,31.8024053],[-106.4269916,31.8024],[-106.4269531,31.8019804],[-106.4269624,31.8016191],[-106.4269246,31.8009068],[-106.4269123,31.8008538],[-106.4268761,31.8008197],[-106.4268037,31.8008139],[-106.4266085,31.8008193]]]}},{"type":"Feature","properties":{"id":1258467962,"kind":"pack","natural":"water"},"geometry":{"type":"Polygon","coordinates":[[[-106.4236617,31.8036545],[-106.423672,31.8036519],[-106.4236743,31.8036491],[-106.4236744,31.8036438],[-106.4236741,31.8036351],[-106.4236707,31.8036144],[-106.423653,31.8036061],[-106.4232209,31.8036184],[-106.4229266,31.8036811],[-106.4228991,31.8036902],[-106.4228897,31.8037005],[-106.4229004,31.8037113],[-106.4230473,31.8036999],[-106.423636,31.8036976],[-106.4236548,31.8036777],[-106.4236617,31.8036545]]]}},{"type":"Feature","properties":{"id":1265933500,"kind":"pack","natural":"water"},"geometry":{"type":"Polygon","coordinates":[[[-106.4253296,31.8036805],[-106.4253347,31.8036771],[-106.4253381,31.8036684],[-106.4253392,31.8036589],[-106.4253342,31.8036356],[-106.4253093,31.8036127],[-106.4252176,31.8035898],[-106.425206,31.8035913],[-106.4251851,31.8036058],[-106.4251751,31.8036114],[-106.4251522,31.8036188],[-106.4251172,31.8036235],[-106.4251017,31.803632],[-106.4251005,31.8036434],[-106.4251011,31.8036507],[-106.4251017,31.8036564],[-106.4251067,31.8036597],[-106.4251185,31.803661],[-106.4251286,31.8036639],[-106.4251338,31.8036697],[-106.425139,31.8036753],[-106.4251476,31.8036797],[-106.4251726,31.8036861],[-106.4252625,31.80369],[-106.4253296,31.8036805]]]}},{"type":"Feature","properties":{"id":1271546500,"kind":"pack","natural":"water"},"geometry":{"type":"Polygon","coordinates":[[[-106.4566632,31.777285],[-106.4566774,31.7767193],[-106.4552405,31.7767133],[-106.4552263,31.7772669],[-106.4566632,31.777285]]]}},{"type":"Feature","properties":{"id":1343846285,"kind":"pack","natural":"water"},"geometry":{"type":"Polygon","coordinates":[[[-106.4653989,31.8134039],[-106.464753,31.8131544],[-106.4643264,31.8130608],[-106.4640598,31.813062],[-106.463743,31.8131109],[-106.463484,31.813111],[-106.4633669,31.8130798],[-106.4633083,31.8130259],[-106.4633049,31.8128895],[-106.4633727,31.8127552],[-106.4637654,31.8124795],[-106.4642957,31.8122501],[-106.4646063,31.8121719],[-106.4647114,31.8122428],[-106.4647384,31.8123251],[-106.4647135,31.8124957],[-106.4647209,31.812665],[-106.4648155,31.8128244],[-106.4654721,31.8133117],[-106.4655201,31.8133816],[-106.4654855,31.8134076],[-106.4653989,31.8134039]]]}},{"type":"Feature","properties":{"id":1343846286,"kind":"pack","natural":"water"},"geometry":{"type":"Polygon","coordinates":[[[-106.4403897,31.809231],[-106.4403089,31.8094877],[-106.4401648,31.8097452],[-106.4401632,31.809817],[-106.4402179,31.8101099],[-106.4401958,31.8101293],[-106.4401664,31.8101551],[-106.439435,31.8101559],[-106.4393364,31.810089],[-106.4392897,31.8100452],[-106.4392717,31.8094147],[-106.439218,31.8086484],[-106.4392332,31.8081189],[-106.4392583,31.8080834],[-106.439322,31.8080518],[-106.4393703,31.8079838],[-106.4394674,31.8079797],[-106.4395537,31.8079845],[-106.4395983,31.8079984],[-106.4396388,31.8080366],[-106.439677,31.808106],[-106.4397536,31.8081083],[-106.4397833,31.8080511],[-106.4398252,31.8080147],[-106.4398894,31.8080033],[-106.4403863,31.808021],[-106.4403996,31.8080356],[-106.4403797,31.8080955],[-106.4404212,31.8082088],[-106.4404313,31.8082365],[-106.4404424,31.8082668],[-106.4404499,31.8082933],[-106.4404293,31.8085937],[-106.440429,31.8086194],[-106.4404287,31.8086468],[-106.4404529,31.8091497],[-106.4404122,31.8091994],[-106.4403897,31.809231]]]}},{"type":"Feature","properties":{"id":1343846297,"kind":"pack","natural":"water"},"geometry":{"type":"Polygon","coordinates":[[[-106.4430187,31.7787455],[-106.443002,31.7786448],[-106.4430223,31.7785445],[-106.4430671,31.7784167],[-106.4432134,31.7781471],[-106.44325,31.7780676],[-106.4432581,31.7780054],[-106.4432094,31.777881],[-106.4431565,31.777843],[-106.4430752,31.7778222],[-106.4427662,31.7777946],[-106.4423922,31.7778879],[-106.4422824,31.7779121],[-106.4416685,31.7779294],[-106.4412945,31.7778706],[-106.4409937,31.7778672],[-106.4405018,31.7779397],[-106.4402863,31.7779466],[-106.4400098,31.777957],[-106.4398391,31.7779328],[-106.4396846,31.777919],[-106.4393512,31.7779639],[-106.4389284,31.7779812],[-106.4384365,31.7779328],[-106.438221,31.7779017],[-106.4378836,31.7778913],[-106.4374323,31.7778948],[-106.4369445,31.7779224],[-106.4365664,31.7779708],[-106.4362655,31.7779777],[-106.4361151,31.7779259],[-106.4360419,31.7778741],[-106.4359972,31.7778049],[-106.4356679,31.7778188],[-106.4355947,31.7778672],[-106.43555,31.7779086],[-106.4353996,31.7781816],[-106.4354077,31.7782473],[-106.4354443,31.7783233],[-106.4355053,31.7783545],[-106.4360419,31.7784961],[-106.4362493,31.7784858],[-106.436481,31.7784409],[-106.4365704,31.7783959],[-106.4366558,31.7783337],[-106.436729,31.7783164],[-106.4369526,31.7783233],[-106.4371437,31.778351],[-106.4374608,31.7783683],[-106.4388959,31.7783648],[-106.4400464,31.7783821],[-106.4405505,31.7784132],[-106.440705,31.7784823],[-106.4407782,31.7785411],[-106.4408554,31.7786102],[-106.4408636,31.7786689],[-106.4408351,31.7787139],[-106.4408636,31.7788383],[-106.4410425,31.779018],[-106.441136,31.7790664],[-106.4412539,31.7790629],[-106.4413108,31.7790249],[-106.4413636,31.7790042],[-106.4414937,31.77898],[-106.4416157,31.7790318],[-106.4416441,31.7791009],[-106.4417214,31.7791562],[-106.4417783,31.7791355],[-106.4418596,31.7790802],[-106.441884,31.778942],[-106.4418962,31.7789005],[-106.441945,31.7788901],[-106.4421239,31.778897],[-106.4422336,31.7789074],[-106.4424491,31.7789281],[-106.4424979,31.7789593],[-106.4425044,31.7790223],[-106.4425811,31.7793569],[-106.4428645,31.7793569],[-106.4430032,31.7793569],[-106.4430956,31.7792547],[-106.4430187,31.7787455]]]}},{"type":"Feature","properties":{"id":1358947617,"kind":"pack","natural":"water"},"geometry":{"type":"Polygon","coordinates":[[[-106.4298415,31.8137388],[-106.4298514,31.8137194],[-106.429831,31.8134878],[-106.4298182,31.81346],[-106.429789,31.8134481],[-106.4297434,31.8134352],[-106.4296816,31.8134441],[-106.4296465,31.81346],[-106.4296068,31.8134928],[-106.4295847,31.8135523],[-106.4295782,31.8135915],[-106.4295835,31.8136346],[-106.4298415,31.8137388]]]}},{"type":"Feature","properties":{"id":1358947618,"kind":"pack","natural":"water"},"geometry":{"type":"Polygon","coordinates":[[[-106.4305385,31.8138122],[-106.4306751,31.8138053],[-106.4307008,31.8137904],[-106.4307113,31.8137656],[-106.430702,31.8135999],[-106.4306891,31.8135781],[-106.4306623,31.8135682],[-106.4305198,31.8135761],[-106.4304941,31.8135939],[-106.4304825,31.8136178],[-106.4304918,31.8137795],[-106.4305093,31.8138033],[-106.4305385,31.8138122]]]}},{"type":"Feature","properties":{"id":1359102087,"kind":"pack","natural":"water"},"geometry":{"type":"Polygon","coordinates":[[[-106.4160943,31.8010879],[-106.4161136,31.8011067],[-106.4161314,31.801124],[-106.4161987,31.8011376],[-106.4168,31.80113],[-106.4168463,31.8011075],[-106.4168706,31.8010767],[-106.4168676,31.80093],[-106.4168387,31.800899],[-106.4167942,31.8008879],[-106.4161863,31.8008879],[-106.4161243,31.8009105],[-106.4160907,31.800936],[-106.4160943,31.8010879]]]}},{"type":"Feature","properties":{"id":1375755909,"kind":"pack","natural":"water"},"geometry":{"type":"Polygon","coordinates":[[[-106.4305701,31.8131891],[-106.430704,31.8131652],[-106.4307268,31.8131472],[-106.4307329,31.8131214],[-106.4306951,31.8129586],[-106.4306785,31.8129387],[-106.4306503,31.8129322],[-106.4305107,31.8129579],[-106.4302699,31.8127541],[-106.4302701,31.8126779],[-106.430264,31.8126679],[-106.4301392,31.8126226],[-106.4299718,31.8125909],[-106.4298067,31.8125767],[-106.4297121,31.8125542],[-106.4295626,31.8125472],[-106.4295269,31.8125748],[-106.4295162,31.8126015],[-106.4295332,31.8127418],[-106.4295529,31.8127636],[-106.4295848,31.8127716],[-106.4299427,31.8127692],[-106.4302027,31.8127675],[-106.430481,31.8130038],[-106.4305182,31.8131625],[-106.4305396,31.8131839],[-106.4305701,31.8131891]]]}},{"type":"Feature","properties":{"id":1375875313,"kind":"pack","natural":"water"},"geometry":{"type":"Polygon","coordinates":[[[-106.4163557,31.7942044],[-106.4166139,31.7942089],[-106.4166561,31.7941981],[-106.416693,31.7941736],[-106.4167004,31.7941411],[-106.4166923,31.7941126],[-106.4166641,31.7940944],[-106.4166373,31.7940892],[-106.4163771,31.7940824],[-106.4163356,31.7940887],[-106.4163141,31.7940995],[-106.4163034,31.7941223],[-106.4163,31.7941445],[-106.4163067,31.7941713],[-106.4163215,31.7941918],[-106.4163557,31.7942044]]]}},{"type":"Feature","properties":{"id":1376363434,"kind":"pack","natural":"water"},"geometry":{"type":"Polygon","coordinates":[[[-106.4048651,31.8117487],[-106.4052512,31.811749],[-106.4052513,31.8116023],[-106.4048652,31.8116021],[-106.4048652,31.8116876],[-106.4048651,31.8117487]]]}},{"type":"Feature","properties":{"id":1376637293,"kind":"pack","natural":"water"},"geometry":{"type":"Polygon","coordinates":[[[-106.4145855,31.808946],[-106.4145835,31.8089422],[-106.4145318,31.8089093],[-106.4144577,31.8088622],[-106.4144196,31.8088562],[-106.414363,31.8088607],[-106.4142577,31.8089389],[-106.4141727,31.8090171],[-106.4141683,31.8090306],[-106.4141745,31.8090434],[-106.4142409,31.8090923],[-106.4142904,31.8091088],[-106.4143515,31.8091133],[-106.4143913,31.8091133],[-106.4144311,31.8090953],[-106.4145831,31.8089494],[-106.4145855,31.808946]]]}},{"type":"Feature","properties":{"id":1379120975,"kind":"pack","natural":"water"},"geometry":{"type":"Polygon","coordinates":[[[-106.4311445,31.8136416],[-106.4311434,31.8134787],[-106.4311425,31.8133317],[-106.4310861,31.8133311],[-106.4310459,31.8133476],[-106.4310499,31.8135955],[-106.4310714,31.8136217],[-106.4311042,31.8136388],[-106.4311223,31.8136401],[-106.4311445,31.8136416]]]}},{"type":"Feature","properties":{"id":1379120980,"kind":"pack","natural":"water"},"geometry":{"type":"Polygon","coordinates":[[[-106.4310975,31.813094],[-106.4311115,31.8130881],[-106.4311186,31.8130752],[-106.4311215,31.8130643],[-106.4311291,31.8129224],[-106.4311372,31.8128936],[-106.4311358,31.8128823],[-106.4311296,31.8128723],[-106.4311104,31.8128708],[-106.431101,31.8128756],[-106.431097,31.8128837],[-106.4310806,31.8129462],[-106.4310711,31.8130732],[-106.4310736,31.8130845],[-106.4310822,31.8130931],[-106.4310975,31.813094]]]}},{"type":"Feature","properties":{"id":1379120982,"kind":"pack","natural":"water"},"geometry":{"type":"Polygon","coordinates":[[[-106.431895,31.8128175],[-106.4319427,31.8128129],[-106.4319643,31.8128011],[-106.4319705,31.8127894],[-106.4319551,31.8127763],[-106.4319099,31.8127638],[-106.4318509,31.8127588],[-106.4316388,31.8127551],[-106.4313882,31.8127619],[-106.4313581,31.8127691],[-106.4313466,31.8127789],[-106.4313473,31.8128011],[-106.4313589,31.8128149],[-106.4313789,31.8128234],[-106.431841,31.8128181],[-106.431895,31.8128175]]]}},{"type":"Feature","properties":{"id":1422211741,"kind":"pack","natural":"water"},"geometry":{"type":"Polygon","coordinates":[[[-106.4000424,31.8056241],[-106.4004607,31.8056078],[-106.4004997,31.8063307],[-106.4000813,31.8063469],[-106.4000424,31.8056241]]]}},{"type":"Feature","properties":{"id":1422211760,"kind":"pack","natural":"water"},"geometry":{"type":"Polygon","coordinates":[[[-106.3845548,31.7979839],[-106.3847079,31.7982017],[-106.3845989,31.7986746],[-106.3840388,31.7986977],[-106.3831278,31.7985767],[-106.3829676,31.7982259],[-106.3829036,31.7978871],[-106.3837399,31.797748],[-106.3845548,31.7979839]]]}},{"type":"Feature","properties":{"id":1422211762,"kind":"pack","natural":"water"},"geometry":{"type":"Polygon","coordinates":[[[-106.3814808,31.8091917],[-106.3811862,31.8092568],[-106.3811273,31.8094721],[-106.3813747,31.8096974],[-106.3816516,31.8097024],[-106.381687,31.8095372],[-106.3816457,31.8093569],[-106.3814808,31.8091917]]]}},{"type":"Feature","properties":{"id":1452989205,"kind":"pack","natural":"water"},"geometry":{"type":"Polygon","coordinates":[[[-106.4277007,31.775019],[-106.4279456,31.7750003],[-106.4280319,31.7747423],[-106.4279787,31.7745373],[-106.4277458,31.7744994],[-106.4275225,31.7745122],[-106.4274837,31.7747396],[-106.427547,31.7749148],[-106.4277007,31.775019]]]}},{"type":"Feature","properties":{"id":1461703579,"kind":"pack","natural":"water"},"geometry":{"type":"Polygon","coordinates":[[[-106.4408496,31.8078374],[-106.4391798,31.807789],[-106.4392316,31.8072768],[-106.4392428,31.8070393],[-106.4393193,31.8059941],[-106.439429,31.805385],[-106.4394555,31.8045759],[-106.4390326,31.8039518],[-106.4389866,31.8039217],[-106.4389211,31.8039127],[-106.4384274,31.8039187],[-106.4383725,31.8038977],[-106.4383301,31.8038616],[-106.4380788,31.8026178],[-106.4380912,31.8025336],[-106.4381584,31.802466],[-106.4393777,31.8023125],[-106.4394148,31.80192],[-106.4396077,31.8018914],[-106.4397068,31.8018358],[-106.4401616,31.8018388],[-106.4402837,31.8018764],[-106.4403934,31.8019621],[-106.4404553,31.8020584],[-106.4407638,31.803341],[-106.4410105,31.8048728],[-106.4410198,31.8056688],[-106.4408496,31.8078374]]]}},{"type":"Feature","properties":{"id":1466112474,"kind":"pack","natural":"water"},"geometry":{"type":"Polygon","coordinates":[[[-106.4311136,31.8120344],[-106.4311964,31.812034],[-106.4311919,31.8118065],[-106.431152,31.8118065],[-106.4311054,31.8118066],[-106.4311136,31.8120344]]]}},{"type":"Feature","properties":{"id":1466112484,"kind":"pack","natural":"water"},"geometry":{"type":"Polygon","coordinates":[[[-106.4311833,31.8116991],[-106.4311523,31.8116999],[-106.431117,31.8117008],[-106.431114,31.8115784],[-106.4311108,31.811447],[-106.4311724,31.8114466],[-106.4311833,31.8116991]]]}},{"type":"Feature","properties":{"id":1466112488,"kind":"pack","natural":"water"},"geometry":{"type":"Polygon","coordinates":[[[-106.4312064,31.8123934],[-106.431202,31.8121482],[-106.4311526,31.8121486],[-106.4311156,31.812149],[-106.4311106,31.8123627],[-106.4311248,31.8123756],[-106.431146,31.8123969],[-106.4312064,31.8123934]]]}},{"type":"Feature","properties":{"id":1466525305,"kind":"pack","natural":"water"},"geometry":{"type":"Polygon","coordinates":[[[-106.4293395,31.8150065],[-106.4293395,31.8142682],[-106.4292517,31.8142669],[-106.4292528,31.8142878],[-106.4292902,31.8150078],[-106.4293395,31.8150065]]]}},{"type":"Feature","properties":{"id":1483197658,"kind":"pack","natural":"water"},"geometry":{"type":"Polygon","coordinates":[[[-106.4092494,31.7879956],[-106.4090991,31.7880604],[-106.4090842,31.788074],[-106.4090839,31.7880878],[-106.4090979,31.7880987],[-106.4091211,31.788096],[-106.4091854,31.788076],[-106.4092603,31.7880181],[-106.4092768,31.7879942],[-106.4092696,31.7879853],[-106.4092494,31.7879956]]]}},{"type":"Feature","properties":{"id":1487317695,"kind":"pack","natural":"water"},"geometry":{"type":"Polygon","coordinates":[[[-106.3891649,31.8036111],[-106.3902444,31.8030329],[-106.389225,31.8030439],[-106.3891649,31.8036111]]]}},{"type":"Feature","properties":{"id":1489991457,"kind":"pack","natural":"water"},"geometry":{"type":"Polygon","coordinates":[[[-106.4818725,31.7786448],[-106.4814867,31.7786478],[-106.4815681,31.7778836],[-106.4815256,31.7776971],[-106.4815362,31.7775978],[-106.481699,31.7774624],[-106.4818937,31.7773722],[-106.4820105,31.7773421],[-106.4821485,31.7773451],[-106.4822158,31.7775196],[-106.4822264,31.7779318],[-106.4821485,31.7782146],[-106.4820777,31.778371],[-106.4819468,31.7784914],[-106.4818725,31.7786448]]]}},{"type":"Feature","properties":{"id":1489991458,"kind":"pack","natural":"water"},"geometry":{"type":"Polygon","coordinates":[[[-106.4746032,31.7817869],[-106.4748686,31.7816124],[-106.4750067,31.7816094],[-106.4755552,31.7816455],[-106.4758136,31.7816725],[-106.4760507,31.7815853],[-106.476256,31.7815462],[-106.4763692,31.7815702],[-106.4764223,31.7816755],[-106.4762701,31.7817929],[-106.4760189,31.7819644],[-106.4759764,31.7820817],[-106.4759304,31.7821659],[-106.4758101,31.7822291],[-106.4755977,31.7822472],[-106.4752933,31.7822171],[-106.4751199,31.782175],[-106.4749182,31.7820606],[-106.4748368,31.7819523],[-106.4747837,31.7818801],[-106.4746667,31.7818594],[-106.4746032,31.7817869]]]}},{"type":"Feature","properties":{"id":1489992511,"kind":"pack","natural":"water"},"geometry":{"type":"Polygon","coordinates":[[[-106.4544802,31.7887954],[-106.4544454,31.7888433],[-106.4544454,31.7889026],[-106.4546465,31.789297],[-106.4547297,31.7893107],[-106.4548638,31.7892856],[-106.4550435,31.7891762],[-106.4554914,31.7888228],[-106.4555397,31.7887681],[-106.455537,31.7887065],[-106.4553975,31.7884512],[-106.4553573,31.7884306],[-106.455301,31.7884352],[-106.4544802,31.7887954]]]}},{"type":"Feature","properties":{"id":1489992512,"kind":"pack","natural":"water"},"geometry":{"type":"Polygon","coordinates":[[[-106.4504995,31.7927334],[-106.4501152,31.7930479],[-106.4497813,31.7934138],[-106.4494433,31.7938515],[-106.4492207,31.7941125],[-106.449218,31.7941684],[-106.4493468,31.7942698],[-106.4494339,31.7942812],[-106.4495131,31.7942482],[-106.4496726,31.7941285],[-106.4499006,31.7939336],[-106.4500388,31.7937671],[-106.4501487,31.7935882],[-106.4501853,31.7934579],[-106.4503064,31.7932768],[-106.4503332,31.7931388],[-106.4506303,31.7928483],[-106.4506378,31.7928132],[-106.4505502,31.7927417],[-106.4504995,31.7927334]]]}},{"type":"Feature","properties":{"id":1502370227,"kind":"pack","natural":"water"},"geometry":{"type":"Polygon","coordinates":[[[-106.4380527,31.8183601],[-106.4380505,31.8183175],[-106.4380485,31.8182771],[-106.4382601,31.8182694],[-106.4382643,31.8183524],[-106.4380527,31.8183601]]]}},{"type":"Feature","properties":{"id":1503475290,"kind":"pack","access":"private","natural":"water"},"geometry":{"type":"Polygon","coordinates":[[[-106.4071262,31.7271868],[-106.4070901,31.7272079],[-106.4071022,31.7272389],[-106.407159,31.7272363],[-106.4074842,31.7274279],[-106.4076389,31.7274368],[-106.407694,31.7274309],[-106.4077304,31.7274165],[-106.407765,31.7273891],[-106.4077659,31.7273723],[-106.4072856,31.7269758],[-106.4072556,31.7269616],[-106.4072266,31.7269635],[-106.4071928,31.7269795],[-106.4071262,31.7271868]]]}},{"type":"Feature","properties":{"id":1503475291,"kind":"pack","access":"private","natural":"water"},"geometry":{"type":"Polygon","coordinates":[[[-106.4072114,31.726809],[-106.4078107,31.7273395],[-106.4078244,31.7273361],[-106.4079286,31.7271629],[-106.4079107,31.7271159],[-106.4079016,31.7269726],[-106.4072763,31.7267122],[-106.4072197,31.7266452],[-106.4071912,31.7266516],[-106.4072114,31.726809]]]}},{"type":"Feature","properties":{"id":1503475292,"kind":"pack","access":"private","natural":"water"},"geometry":{"type":"Polygon","coordinates":[[[-106.4077272,31.7276171],[-106.4078444,31.7277102],[-106.4079454,31.7277412],[-106.4080945,31.7277664],[-106.4081992,31.7277408],[-106.4082742,31.7277095],[-106.408369,31.7276263],[-106.4083664,31.7275975],[-106.4082349,31.7275499],[-106.4082073,31.7275578],[-106.4081231,31.7276487],[-106.4080426,31.7276763],[-106.4079501,31.7276713],[-106.4078815,31.727634],[-106.4078219,31.7275447],[-106.4078053,31.7274727],[-106.4077867,31.7274654],[-106.407713,31.7275413],[-106.4077027,31.7275701],[-106.4077272,31.7276171]]]}},{"type":"Feature","properties":{"id":1503475293,"kind":"pack","access":"private","natural":"water"},"geometry":{"type":"Polygon","coordinates":[[[-106.4082587,31.7274957],[-106.4083072,31.7275055],[-106.4083233,31.7274995],[-106.4083358,31.7274886],[-106.4083378,31.7274135],[-106.4083217,31.727349],[-106.4083017,31.7273096],[-106.4082695,31.727278],[-106.4081379,31.7272073],[-106.4080408,31.727178],[-106.4079897,31.7271951],[-106.4079489,31.7272363],[-106.4079328,31.7272798],[-106.4079421,31.7273111],[-106.4079555,31.7273234],[-106.4079766,31.7273366],[-106.4080997,31.7273488],[-106.4081335,31.7273588],[-106.4081873,31.7274091],[-106.4082322,31.7274767],[-106.4082587,31.7274957]]]}},{"type":"Feature","properties":{"id":1503475294,"kind":"pack","access":"private","natural":"water"},"geometry":{"type":"Polygon","coordinates":[[[-106.4116486,31.7274662],[-106.411652,31.7275891],[-106.4116418,31.7276259],[-106.4114543,31.7278901],[-106.4114388,31.727936],[-106.4114672,31.7282267],[-106.4115804,31.7283871],[-106.4116315,31.7284168],[-106.4119139,31.7284993],[-106.4120349,31.7286132],[-106.4121165,31.7288309],[-106.4121712,31.7289021],[-106.4122433,31.7289381],[-106.4124368,31.7289177],[-106.4125045,31.728932],[-106.4125977,31.7288991],[-106.4127647,31.728744],[-106.4128454,31.7286115],[-106.4128577,31.7282783],[-106.4128967,31.7276306],[-106.4128675,31.7274856],[-106.412697,31.7271729],[-106.4126269,31.7271392],[-106.4124895,31.7271098],[-106.4123987,31.7271369],[-106.4122605,31.7272926],[-106.4121489,31.7273329],[-106.4125406,31.7279221],[-106.4125869,31.7281336],[-106.4127452,31.7283806],[-106.4127504,31.7284774],[-106.412699,31.7285589],[-106.412417,31.728629],[-106.4123719,31.7286187],[-106.4122653,31.7285223],[-106.4122142,31.7283629],[-106.4120618,31.7282036],[-106.4118965,31.7280635],[-106.4117037,31.7277948],[-106.4116961,31.7277427],[-106.4117122,31.7276814],[-106.4118225,31.7275818],[-106.4118323,31.7275519],[-106.4118045,31.7274461],[-106.4117742,31.7274343],[-106.411674,31.7274408],[-106.4116486,31.7274662]]]}},{"type":"Feature","properties":{"id":1503811462,"kind":"pack","natural":"water"},"geometry":{"type":"Polygon","coordinates":[[[-106.4991998,31.7762128],[-106.4992076,31.7762299],[-106.4996091,31.7767213],[-106.4996259,31.7767556],[-106.4996235,31.7767903],[-106.4996119,31.7768326],[-106.4995867,31.7768607],[-106.4993841,31.7770192],[-106.4993505,31.7769868],[-106.4995547,31.7768286],[-106.499576,31.7768034],[-106.4995812,31.7767607],[-106.4995665,31.7767238],[-106.4991518,31.7762412],[-106.4991412,31.7762162],[-106.4991566,31.7761196],[-106.4991306,31.7760913],[-106.4991451,31.776039],[-106.4993648,31.7759052],[-106.4994473,31.7758982],[-106.4994886,31.7759471],[-106.4994801,31.7760014],[-106.4992044,31.7761723],[-106.4991998,31.7762128]]]}},{"type":"Feature","properties":{"id":1507374447,"kind":"pack","natural":"water"},"geometry":{"type":"Polygon","coordinates":[[[-106.4991295,31.7771601],[-106.4989225,31.7772923],[-106.498864,31.7773671],[-106.4988367,31.7774506],[-106.4988458,31.7775751],[-106.4988487,31.777679],[-106.498841,31.7777414],[-106.4988232,31.7777804],[-106.4987821,31.7778005],[-106.4986798,31.7778187],[-106.4984402,31.7778053],[-106.4982023,31.7778387],[-106.4980545,31.7779023],[-106.4979463,31.7779751],[-106.4978058,31.7780325],[-106.4975524,31.7780852],[-106.497364,31.7781683],[-106.4972669,31.7782453],[-106.4970933,31.7783327],[-106.4970211,31.7783946],[-106.4970314,31.7784156],[-106.4970678,31.7784211],[-106.4972223,31.778385],[-106.4973557,31.7783524],[-106.4974684,31.7782977],[-106.4975663,31.7782765],[-106.4976237,31.7782435],[-106.4977354,31.7781356],[-106.4977939,31.7781162],[-106.4978937,31.7781093],[-106.4979555,31.7780843],[-106.498159,31.777977],[-106.4983311,31.7779348],[-106.4984987,31.7779286],[-106.4986941,31.7779247],[-106.4988392,31.7778934],[-106.4989339,31.7778381],[-106.4989774,31.7777541],[-106.4989826,31.7776617],[-106.4989472,31.777544],[-106.4989346,31.7774896],[-106.4989507,31.7774524],[-106.4991096,31.7773115],[-106.4991883,31.7772326],[-106.4991295,31.7771601]]]}},{"type":"Feature","properties":{"id":1510694885,"kind":"pack","natural":"water"},"geometry":{"type":"Polygon","coordinates":[[[-106.4140892,31.7000182],[-106.4140916,31.6999179],[-106.4140398,31.699917],[-106.4140375,31.7000173],[-106.4140892,31.7000182]]]}},{"type":"Feature","properties":{"id":1517883766,"kind":"pack","natural":"water"},"geometry":{"type":"Polygon","coordinates":[[[-106.4586151,31.7555354],[-106.4586355,31.7555175],[-106.4587257,31.7554015],[-106.4587281,31.7553788],[-106.4587169,31.7553658],[-106.458697,31.7553682],[-106.458254,31.755489],[-106.4582318,31.7554987],[-106.4582209,31.7555151],[-106.4581283,31.7556952],[-106.4581325,31.7557053],[-106.4581504,31.7557143],[-106.4581718,31.7557156],[-106.458188,31.7557116],[-106.458323,31.755564],[-106.4583543,31.7555492],[-106.458388,31.7555458],[-106.4585667,31.7555456],[-106.4585936,31.7555434],[-106.4586151,31.7555354]]]}},{"type":"Feature","properties":{"id":1518465090,"kind":"pack","leisure":"pitch","natural":"water"},"geometry":{"type":"Polygon","coordinates":[[[-106.4725924,31.747762],[-106.4726113,31.7477431],[-106.4726222,31.7477203],[-106.472622,31.7476973],[-106.4726126,31.74766],[-106.4726196,31.7476272],[-106.4726108,31.7475942],[-106.472583,31.7475695],[-106.4725421,31.7475542],[-106.4725008,31.7475559],[-106.4724674,31.7475717],[-106.4724467,31.7475976],[-106.4724424,31.7476223],[-106.4724428,31.7476468],[-106.4724542,31.7476679],[-106.4724751,31.7476918],[-106.4724786,31.7477067],[-106.4724815,31.7477313],[-106.4724952,31.7477534],[-106.4725185,31.747767],[-106.4725542,31.7477713],[-106.4725924,31.747762]]]}},{"type":"Feature","properties":{"id":1518466484,"kind":"pack","natural":"water"},"geometry":{"type":"Polygon","coordinates":[[[-106.472731,31.7475308],[-106.4727821,31.7475326],[-106.4728298,31.7475212],[-106.4728491,31.7474965],[-106.4728539,31.7474525],[-106.4728404,31.7474042],[-106.47282,31.747386],[-106.4727936,31.7473807],[-106.4727254,31.7473888],[-106.4727021,31.7474043],[-106.4726878,31.7474289],[-106.4726887,31.7474877],[-106.4727045,31.7475131],[-106.472731,31.7475308]]]}},{"type":"Feature","properties":{"id":1518498827,"kind":"pack","natural":"water"},"geometry":{"type":"Polygon","coordinates":[[[-106.4779978,31.7475786],[-106.4780605,31.7475683],[-106.4780864,31.7475509],[-106.4780963,31.7475282],[-106.478085,31.7475105],[-106.4779401,31.7474729],[-106.4778927,31.74747],[-106.4778714,31.747479],[-106.4778612,31.7474972],[-106.4778573,31.7475292],[-106.4778685,31.7475573],[-106.4779076,31.7475745],[-106.4779473,31.7475818],[-106.4779978,31.7475786]]]}},{"type":"Feature","properties":{"id":1519258670,"kind":"pack","natural":"water","tunnel":"culvert"},"geometry":{"type":"Polygon","coordinates":[[[-106.4544379,31.7410581],[-106.4544743,31.7410562],[-106.4545104,31.7410598],[-106.4545286,31.7410047],[-106.4544761,31.7409979],[-106.4544287,31.7410004],[-106.4544379,31.7410581]]]}},{"type":"Feature","properties":{"id":1524391678,"kind":"pack","natural":"water"},"geometry":{"type":"Polygon","coordinates":[[[-106.3806625,31.7055702],[-106.3809041,31.7056558],[-106.381083,31.7055682],[-106.3811564,31.7053848],[-106.3807691,31.7052165],[-106.3807466,31.7052609],[-106.3805761,31.7051944],[-106.3805346,31.7052871],[-106.3806945,31.7053767],[-106.3806625,31.7055702]]]}},{"type":"Feature","properties":{"id":1524526576,"kind":"pack","natural":"water"},"geometry":{"type":"Polygon","coordinates":[[[-106.4803131,31.7467581],[-106.4803781,31.7467995],[-106.4804794,31.7468095],[-106.4807169,31.7468036],[-106.4808087,31.7468179],[-106.4809427,31.7468573],[-106.4810773,31.7468466],[-106.4812852,31.7467646],[-106.4818384,31.7466396],[-106.4818991,31.746595],[-106.4819455,31.7464124],[-106.4819443,31.7463411],[-106.4818377,31.7459654],[-106.4817963,31.7459347],[-106.4805461,31.7461811],[-106.4804318,31.7462137],[-106.4803393,31.7462834],[-106.4802917,31.7466352],[-106.4803131,31.7467581]]]}},{"type":"Feature","properties":{"id":1524526578,"kind":"pack","natural":"water"},"geometry":{"type":"Polygon","coordinates":[[[-106.4772149,31.7465493],[-106.4773118,31.7465128],[-106.4777033,31.7464782],[-106.4777547,31.7465139],[-106.4778145,31.7465098],[-106.4778581,31.7464418],[-106.4783888,31.7464011],[-106.4793947,31.7462651],[-106.4799421,31.7462074],[-106.4800019,31.7462343],[-106.4800262,31.7462874],[-106.4799874,31.7468058],[-106.4799668,31.7468419],[-106.4798901,31.7469036],[-106.4798032,31.7469345],[-106.478374,31.747499],[-106.4781538,31.7475969],[-106.4780915,31.7476245],[-106.4779921,31.7476362],[-106.4778923,31.747619],[-106.477824,31.7476016],[-106.4777785,31.7475631],[-106.4777177,31.7475611],[-106.4776967,31.74763],[-106.4776454,31.7476637],[-106.4774799,31.747712],[-106.4772622,31.7477657],[-106.4772605,31.7478454],[-106.4772186,31.7478823],[-106.4734764,31.7484713],[-106.4733473,31.748445],[-106.4732669,31.7483858],[-106.4732183,31.7482782],[-106.4732805,31.7473653],[-106.4733148,31.7472415],[-106.4733872,31.7471533],[-106.4739327,31.7470551],[-106.4742725,31.7470567],[-106.4755466,31.7468244],[-106.4772149,31.7465493]]]}},{"type":"Feature","properties":{"id":1525624529,"kind":"pack","natural":"water"},"geometry":{"type":"Polygon","coordinates":[[[-106.4209934,31.7025452],[-106.4211024,31.7025817],[-106.421261,31.7025157],[-106.4211057,31.70208],[-106.4209693,31.7021156],[-106.4208365,31.7021503],[-106.4209934,31.7025452]]]}},{"type":"Feature","properties":{"id":1525859339,"kind":"pack","natural":"water"},"geometry":{"type":"Polygon","coordinates":[[[-106.4263528,31.7242731],[-106.4264215,31.7242839],[-106.4263876,31.7244385],[-106.4263197,31.7244291],[-106.4263528,31.7242731]]]}},{"type":"Feature","properties":{"id":1531099070,"kind":"pack","natural":"water"},"geometry":{"type":"Polygon","coordinates":[[[-106.4729601,31.7476966],[-106.4728164,31.7479511],[-106.4727701,31.748126],[-106.4727055,31.7482355],[-106.472631,31.7482905],[-106.4725469,31.7483271],[-106.4724267,31.7483478],[-106.4722605,31.7483672],[-106.4721335,31.7483943],[-106.4719874,31.7484487],[-106.4718339,31.7485086],[-106.4715826,31.7486127],[-106.4714182,31.7486756],[-106.4713171,31.7487083],[-106.4712531,31.7487265],[-106.4709707,31.7487783],[-106.4701267,31.7489453],[-106.4696941,31.7489424],[-106.4690158,31.7491307],[-106.4684105,31.7492697],[-106.4681997,31.7492638],[-106.466569,31.7496465],[-106.4658969,31.7498199],[-106.4655354,31.7499313],[-106.4654096,31.7500251],[-106.4653645,31.7500611],[-106.4646981,31.7502299],[-106.4646149,31.7502413],[-106.4645424,31.7502057],[-106.464521,31.7501532],[-106.4645533,31.7496101],[-106.464569,31.7495146],[-106.464615,31.7494459],[-106.4646952,31.7493887],[-106.4708945,31.7477213],[-106.4718986,31.7474528],[-106.4728217,31.7472461],[-106.4729332,31.7472351],[-106.4729959,31.7472658],[-106.4730211,31.7473354],[-106.4729601,31.7476966]]]}},{"type":"Feature","properties":{"id":1531099071,"kind":"pack","natural":"water"},"geometry":{"type":"Polygon","coordinates":[[[-106.463888,31.7496088],[-106.4639653,31.7496094],[-106.4640515,31.7496559],[-106.4640899,31.7497319],[-106.4640409,31.7503298],[-106.463969,31.7504343],[-106.4638692,31.7504883],[-106.4622005,31.7509299],[-106.4620811,31.750948],[-106.4617977,31.7510296],[-106.4616718,31.7510884],[-106.4613669,31.7511898],[-106.4609558,31.7513427],[-106.4600677,31.7517238],[-106.4600046,31.7517252],[-106.4599509,31.7517067],[-106.459699,31.7511359],[-106.4596434,31.7508687],[-106.459648,31.7507837],[-106.4597237,31.750731],[-106.4621449,31.749989],[-106.4624955,31.7498893],[-106.462779,31.7498269],[-106.4637452,31.7496258],[-106.463888,31.7496088]]]}},{"type":"Feature","properties":{"id":1531102669,"kind":"pack","natural":"water"},"geometry":{"type":"Polygon","coordinates":[[[-106.4583438,31.7512931],[-106.4572871,31.7519093],[-106.4565835,31.7522147],[-106.4557035,31.7525886],[-106.4555852,31.7527047],[-106.4550633,31.7528847],[-106.4548391,31.7528898],[-106.4543907,31.7530705],[-106.4542657,31.7531815],[-106.454248,31.7533052],[-106.4542582,31.753409],[-106.4543242,31.7535124],[-106.4544014,31.7535835],[-106.4545217,31.7536371],[-106.4547203,31.7536437],[-106.455261,31.7535128],[-106.4582984,31.7524454],[-106.4587555,31.7522761],[-106.459054,31.7521586],[-106.4592618,31.7520572],[-106.4593789,31.751986],[-106.4594924,31.7518463],[-106.4595058,31.7517738],[-106.4594484,31.7514646],[-106.4592906,31.7511159],[-106.4591736,31.7510316],[-106.4590763,31.7510281],[-106.4583438,31.7512931]]]}},{"type":"Feature","properties":{"id":1531103988,"kind":"pack","natural":"water"},"geometry":{"type":"Polygon","coordinates":[[[-106.4482706,31.7551043],[-106.4482605,31.7550328],[-106.4479499,31.7545589],[-106.4479205,31.7545406],[-106.4478748,31.7545366],[-106.4465282,31.7546278],[-106.4452893,31.754643],[-106.4442527,31.7546246],[-106.4435393,31.7545993],[-106.4425343,31.7545159],[-106.4418324,31.754434],[-106.4416582,31.7544282],[-106.4415786,31.7544657],[-106.4415405,31.7545252],[-106.4415197,31.7548882],[-106.4415546,31.7550068],[-106.4417402,31.7550428],[-106.4418508,31.7551023],[-106.4421,31.7551834],[-106.442356,31.7552836],[-106.4436883,31.7553971],[-106.4443507,31.7554424],[-106.4448804,31.7554908],[-106.4454796,31.7555022],[-106.4458978,31.7554811],[-106.4464974,31.7554234],[-106.4470268,31.7554175],[-106.4474302,31.7554185],[-106.4477473,31.7553703],[-106.4480381,31.7552827],[-106.4482706,31.7551043]]]}},{"type":"Feature","properties":{"id":1531103989,"kind":"pack","natural":"water"},"geometry":{"type":"Polygon","coordinates":[[[-106.4406503,31.7550954],[-106.4408518,31.7551074],[-106.4410047,31.755119],[-106.44112,31.7550829],[-106.4412155,31.7550306],[-106.4412522,31.7549748],[-106.4412277,31.7545198],[-106.4411853,31.7544221],[-106.4410881,31.7543687],[-106.4386862,31.754124],[-106.4385802,31.7541558],[-106.4383255,31.7540981],[-106.4382983,31.7540661],[-106.4363412,31.7538547],[-106.4361554,31.7538517],[-106.4359632,31.7538829],[-106.4357885,31.7539483],[-106.4356249,31.7540617],[-106.4355498,31.7541592],[-106.435543,31.7542075],[-106.4355663,31.7542364],[-106.4356951,31.7542935],[-106.4365351,31.754643],[-106.4377951,31.7549155],[-106.4391476,31.7550676],[-106.4398985,31.7550403],[-106.4406503,31.7550954]]]}},{"type":"Feature","properties":{"id":1532046624,"kind":"pack","natural":"water"},"geometry":{"type":"Polygon","coordinates":[[[-106.4375062,31.7536962],[-106.4377737,31.7537246],[-106.4379348,31.7537394],[-106.4379944,31.7537305],[-106.4380326,31.7535704],[-106.4380019,31.7535368],[-106.4380035,31.7534933],[-106.4350486,31.753228],[-106.4350087,31.7532557],[-106.4349931,31.7534116],[-106.4350035,31.7534574],[-106.4351161,31.7536124],[-106.4351305,31.7537418],[-106.4350735,31.7538407],[-106.4350888,31.7539017],[-106.4351864,31.7539527],[-106.4352563,31.7539387],[-106.435568,31.7537334],[-106.4358095,31.7536164],[-106.4360678,31.7535682],[-106.4363085,31.753553],[-106.4375062,31.7536962]]]}},{"type":"Feature","properties":{"id":1545520899,"kind":"pack","natural":"water"},"geometry":{"type":"Polygon","coordinates":[[[-106.4409469,31.760878],[-106.4409086,31.7608972],[-106.4408752,31.7609223],[-106.4408481,31.7609523],[-106.4408283,31.7609861],[-106.4408164,31.7610226],[-106.440813,31.7610604],[-106.4408181,31.7610979],[-106.4408316,31.761134],[-106.4408529,31.7611672],[-106.4408814,31.7611963],[-106.4409158,31.7612203],[-106.440955,31.7612382],[-106.4409975,31.7612494],[-106.4410418,31.7612535],[-106.4410879,31.76125],[-106.4411323,31.7612388],[-106.4411732,31.7612204],[-106.4412089,31.7611953],[-106.4412381,31.7611648],[-106.4412595,31.7611299],[-106.4412724,31.7610921],[-106.4412761,31.7610528],[-106.4412706,31.7610138],[-106.4412561,31.7609764],[-106.4412331,31.7609422],[-106.4412026,31.7609126],[-106.4411657,31.7608888],[-106.441124,31.7608716],[-106.4410792,31.7608619],[-106.4410329,31.7608599],[-106.4409889,31.7608654],[-106.4409469,31.760878]]]}},{"type":"Feature","properties":{"id":1545520900,"kind":"pack","natural":"water"},"geometry":{"type":"Polygon","coordinates":[[[-106.4414653,31.7608771],[-106.4414269,31.7608962],[-106.4413936,31.7609213],[-106.4413665,31.7609513],[-106.4413466,31.7609852],[-106.4413348,31.7610217],[-106.4413313,31.7610594],[-106.4413364,31.761097],[-106.4413499,31.761133],[-106.4413713,31.7611662],[-106.4413997,31.7611954],[-106.4414342,31.7612193],[-106.4414734,31.7612372],[-106.4415159,31.7612484],[-106.4415601,31.7612525],[-106.4416062,31.7612491],[-106.4416506,31.7612379],[-106.4416915,31.7612194],[-106.4417272,31.7611944],[-106.4417564,31.7611638],[-106.4417779,31.7611289],[-106.4417907,31.7610911],[-106.4417945,31.7610519],[-106.4417889,31.7610128],[-106.4417744,31.7609754],[-106.4417514,31.7609412],[-106.4417209,31.7609116],[-106.4416841,31.7608878],[-106.4416424,31.7608707],[-106.4415975,31.7608609],[-106.4415513,31.760859],[-106.4415073,31.7608645],[-106.4414653,31.7608771]]]}},{"type":"Feature","properties":{"id":1545520901,"kind":"pack","natural":"water"},"geometry":{"type":"Polygon","coordinates":[[[-106.4414645,31.7604239],[-106.4414261,31.7604431],[-106.4413928,31.7604682],[-106.4413657,31.7604982],[-106.4413458,31.7605321],[-106.441334,31.7605685],[-106.4413305,31.7606063],[-106.4413357,31.7606438],[-106.4413491,31.7606799],[-106.4413705,31.7607131],[-106.4413989,31.7607422],[-106.4414334,31.7607662],[-106.4414726,31.7607841],[-106.4415151,31.7607953],[-106.4415593,31.7607994],[-106.4416054,31.7607959],[-106.4416498,31.7607847],[-106.4416907,31.7607663],[-106.4417264,31.7607413],[-106.4417556,31.7607107],[-106.4417771,31.7606758],[-106.4417899,31.760638],[-106.4417937,31.7605987],[-106.4417882,31.7605597],[-106.4417736,31.7605223],[-106.4417506,31.7604881],[-106.4417201,31.7604585],[-106.4416833,31.7604347],[-106.4416416,31.7604175],[-106.4415967,31.7604078],[-106.4415505,31.7604058],[-106.4415065,31.7604113],[-106.4414645,31.7604239]]]}},{"type":"Feature","properties":{"id":1545520902,"kind":"pack","natural":"water"},"geometry":{"type":"Polygon","coordinates":[[[-106.4409364,31.7604246],[-106.4408981,31.7604437],[-106.4408647,31.7604688],[-106.4408376,31.7604988],[-106.4408178,31.7605327],[-106.4408059,31.7605692],[-106.4408025,31.7606069],[-106.4408076,31.7606445],[-106.4408211,31.7606806],[-106.4408424,31.7607138],[-106.4408709,31.7607429],[-106.4409053,31.7607669],[-106.4409445,31.7607848],[-106.440987,31.760796],[-106.4410313,31.7608001],[-106.4410774,31.7607966],[-106.4411218,31.7607854],[-106.4411627,31.7607669],[-106.4411984,31.7607419],[-106.4412276,31.7607113],[-106.441249,31.7606764],[-106.4412619,31.7606386],[-106.4412656,31.7605994],[-106.4412601,31.7605603],[-106.4412456,31.7605229],[-106.4412226,31.7604888],[-106.4411921,31.7604592],[-106.4411552,31.7604353],[-106.4411135,31.7604182],[-106.4410687,31.7604084],[-106.4410224,31.7604065],[-106.4409784,31.760412],[-106.4409364,31.7604246]]]}},{"type":"Feature","properties":{"id":1545520903,"kind":"pack","natural":"water"},"geometry":{"type":"Polygon","coordinates":[[[-106.4420269,31.7620092],[-106.4419921,31.7620298],[-106.4419642,31.762057],[-106.4419447,31.762089],[-106.4419349,31.7621241],[-106.4419353,31.7621602],[-106.4419459,31.7621951],[-106.441966,31.7622269],[-106.4419946,31.7622535],[-106.4420298,31.7622736],[-106.4420697,31.7622859],[-106.4421119,31.7622897],[-106.4421535,31.7622848],[-106.4421926,31.7622716],[-106.4422268,31.7622509],[-106.4422543,31.7622238],[-106.4422734,31.762192],[-106.442283,31.7621572],[-106.4422826,31.7621215],[-106.4422722,31.7620869],[-106.4422524,31.7620554],[-106.4422244,31.7620288],[-106.4421897,31.7620086],[-106.4421504,31.7619961],[-106.4421087,31.7619919],[-106.4420665,31.7619963],[-106.4420269,31.7620092]]]}},{"type":"Feature","properties":{"id":1545520904,"kind":"pack","natural":"water"},"geometry":{"type":"Polygon","coordinates":[[[-106.4416023,31.7620113],[-106.4415675,31.7620319],[-106.4415396,31.7620591],[-106.4415201,31.7620911],[-106.4415103,31.7621262],[-106.4415107,31.7621623],[-106.4415213,31.7621972],[-106.4415414,31.762229],[-106.44157,31.7622557],[-106.4416052,31.7622757],[-106.4416451,31.762288],[-106.4416873,31.7622918],[-106.4417289,31.7622869],[-106.441768,31.7622737],[-106.4418022,31.762253],[-106.4418297,31.7622259],[-106.4418488,31.7621941],[-106.4418584,31.7621594],[-106.441858,31.7621236],[-106.4418476,31.762089],[-106.4418278,31.7620575],[-106.4417998,31.7620309],[-106.4417651,31.7620107],[-106.4417258,31.7619982],[-106.4416841,31.761994],[-106.4416419,31.7619984],[-106.4416023,31.7620113]]]}},{"type":"Feature","properties":{"id":1545520905,"kind":"pack","natural":"water"},"geometry":{"type":"Polygon","coordinates":[[[-106.4420263,31.7615586],[-106.4419915,31.7615792],[-106.4419636,31.7616063],[-106.4419441,31.7616384],[-106.4419343,31.7616735],[-106.4419347,31.7617095],[-106.4419453,31.7617445],[-106.4419655,31.7617762],[-106.441994,31.7618029],[-106.4420292,31.761823],[-106.4420691,31.7618353],[-106.4421113,31.761839],[-106.442153,31.7618341],[-106.442192,31.761821],[-106.4422262,31.7618002],[-106.4422537,31.7617732],[-106.4422728,31.7617414],[-106.4422824,31.7617066],[-106.442282,31.7616709],[-106.4422716,31.7616363],[-106.4422518,31.7616048],[-106.4422238,31.7615782],[-106.4421891,31.761558],[-106.4421498,31.7615455],[-106.4421081,31.7615412],[-106.442066,31.7615457],[-106.4420263,31.7615586]]]}},{"type":"Feature","properties":{"id":1545520906,"kind":"pack","natural":"water"},"geometry":{"type":"Polygon","coordinates":[[[-106.4416105,31.7615584],[-106.4415757,31.761579],[-106.4415477,31.7616062],[-106.4415283,31.7616382],[-106.4415185,31.7616733],[-106.4415189,31.7617094],[-106.4415295,31.7617443],[-106.4415496,31.7617761],[-106.4415782,31.7618027],[-106.4416134,31.7618228],[-106.4416533,31.7618351],[-106.4416955,31.7618388],[-106.4417371,31.761834],[-106.4417762,31.7618208],[-106.4418104,31.7618001],[-106.4418379,31.761773],[-106.4418569,31.7617412],[-106.4418666,31.7617064],[-106.4418662,31.7616707],[-106.4418558,31.7616361],[-106.441836,31.7616046],[-106.441808,31.761578],[-106.4417733,31.7615578],[-106.4417339,31.7615453],[-106.4416922,31.7615411],[-106.4416501,31.7615455],[-106.4416105,31.7615584]]]}},{"type":"Feature","properties":{"id":1545520907,"kind":"pack","natural":"water"},"geometry":{"type":"Polygon","coordinates":[[[-106.4431208,31.7616514],[-106.4431183,31.7611373],[-106.4425724,31.7611425],[-106.4425752,31.7616534],[-106.4431208,31.7616514]]]}},{"type":"Feature","properties":{"id":1549757730,"kind":"pack","natural":"water"},"geometry":{"type":"Polygon","coordinates":[[[-106.4403927,31.7627415],[-106.4403631,31.7627676],[-106.440344,31.7627999],[-106.4403372,31.7628356],[-106.4403432,31.7628715],[-106.4403615,31.7629041],[-106.4403905,31.7629307],[-106.4404274,31.7629487],[-106.440469,31.7629564],[-106.4405144,31.7629526],[-106.440556,31.7629367],[-106.4405895,31.7629103],[-106.4406113,31.7628762],[-106.4406191,31.762838],[-106.4406122,31.7627997],[-106.4405912,31.7627652],[-106.4405584,31.7627383],[-106.4405171,31.7627216],[-106.4404718,31.7627171],[-106.4404301,31.7627242],[-106.4403927,31.7627415]]]}},{"type":"Feature","properties":{"id":1549757731,"kind":"pack","natural":"water"},"geometry":{"type":"Polygon","coordinates":[[[-106.4408873,31.76274],[-106.4408577,31.7627661],[-106.4408386,31.7627984],[-106.4408318,31.7628342],[-106.4408378,31.76287],[-106.4408561,31.7629027],[-106.4408851,31.7629292],[-106.440922,31.7629472],[-106.4409636,31.762955],[-106.441009,31.7629512],[-106.4410506,31.7629352],[-106.4410841,31.7629089],[-106.4411059,31.7628748],[-106.4411137,31.7628365],[-106.4411068,31.7627982],[-106.4410858,31.7627637],[-106.4410529,31.7627368],[-106.4410117,31.7627202],[-106.4409664,31.7627156],[-106.4409246,31.7627227],[-106.4408873,31.76274]]]}},{"type":"Feature","properties":{"id":1549757732,"kind":"pack","natural":"water"},"geometry":{"type":"Polygon","coordinates":[[[-106.4408765,31.7624277],[-106.4408469,31.7624538],[-106.4408279,31.7624861],[-106.440821,31.7625219],[-106.440827,31.7625577],[-106.4408454,31.7625904],[-106.4408743,31.7626169],[-106.4409113,31.7626349],[-106.4409529,31.7626427],[-106.4409983,31.7626389],[-106.4410399,31.7626229],[-106.4410733,31.7625966],[-106.4410951,31.7625625],[-106.4411029,31.7625242],[-106.441096,31.7624859],[-106.441075,31.7624514],[-106.4410422,31.7624245],[-106.441001,31.7624079],[-106.4409556,31.7624033],[-106.4409139,31.7624104],[-106.4408765,31.7624277]]]}},{"type":"Feature","properties":{"id":1549757733,"kind":"pack","natural":"water"},"geometry":{"type":"Polygon","coordinates":[[[-106.4418225,31.7626813],[-106.4418076,31.7626483],[-106.4417804,31.7626215],[-106.4417441,31.7626041],[-106.441703,31.7625983],[-106.4416621,31.7626046],[-106.441626,31.7626224],[-106.4415992,31.7626494],[-106.4415847,31.7626836],[-106.4415849,31.7627199],[-106.4416,31.7627539],[-106.4416281,31.7627813],[-106.4416656,31.7627986],[-106.4417079,31.7628039],[-106.4417487,31.7627966],[-106.4417841,31.762778],[-106.44181,31.7627503],[-106.4418233,31.7627167],[-106.4418225,31.7626813]]]}},{"type":"Feature","properties":{"id":1549757738,"kind":"pack","natural":"water"},"geometry":{"type":"Polygon","coordinates":[[[-106.4410674,31.7622682],[-106.4409417,31.7622697],[-106.4409364,31.7619457],[-106.4410621,31.7619442],[-106.4410674,31.7622682]]]}},{"type":"Feature","properties":{"id":1549757740,"kind":"pack","natural":"water"},"geometry":{"type":"Polygon","coordinates":[[[-106.4923481,31.7517668],[-106.4919021,31.7523744],[-106.4921968,31.752526],[-106.4923165,31.7523912],[-106.4926481,31.7519309],[-106.4923481,31.7517668]]]}},{"type":"Feature","properties":{"id":1549757741,"kind":"pack","natural":"water"},"geometry":{"type":"Polygon","coordinates":[[[-106.4935684,31.7527391],[-106.4933158,31.7530859],[-106.4935538,31.7532162],[-106.4938064,31.7528718],[-106.4935684,31.7527391]]]}},{"type":"Feature","properties":{"id":1549757742,"kind":"pack","natural":"water"},"geometry":{"type":"Polygon","coordinates":[[[-106.4935821,31.7532827],[-106.4940384,31.7535212],[-106.4943418,31.7531062],[-106.493882,31.7528646],[-106.4935821,31.7532827]]]}},{"type":"Feature","properties":{"id":1549757743,"kind":"pack","natural":"water"},"geometry":{"type":"Polygon","coordinates":[[[-106.4931721,31.753011],[-106.4932783,31.753066],[-106.4935332,31.7527252],[-106.4934293,31.7526643],[-106.4931721,31.753011]]]}},{"type":"Feature","properties":{"id":1549757744,"kind":"pack","natural":"water"},"geometry":{"type":"Polygon","coordinates":[[[-106.4934969,31.7525557],[-106.4934756,31.7525835],[-106.4934737,31.7526165],[-106.4934917,31.7526459],[-106.4935246,31.7526635],[-106.4935627,31.7526648],[-106.4935965,31.7526498],[-106.4936172,31.7526226],[-106.4936193,31.7525902],[-106.4936023,31.7525612],[-106.4935706,31.7525431],[-106.4935317,31.7525409],[-106.4934969,31.7525557]]]}},{"type":"Feature","properties":{"id":1553105311,"kind":"pack","natural":"water"},"geometry":{"type":"Polygon","coordinates":[[[-106.4470565,31.7968724],[-106.4476258,31.7968705],[-106.4477135,31.7968319],[-106.4477316,31.796712],[-106.4476897,31.7966285],[-106.4475166,31.7964645],[-106.4474144,31.7964405],[-106.4473323,31.7964468],[-106.4472473,31.7964767],[-106.4471941,31.7965199],[-106.4469837,31.7967831],[-106.4470565,31.7968724]]]}},{"type":"Feature","properties":{"id":96019022,"kind":"pack","name":"Mimosa South Pond","natural":"water"},"geometry":{"type":"Polygon","coordinates":[[[-106.376598,31.7367847],[-106.3764956,31.7366167],[-106.3764956,31.7365072],[-106.3767463,31.7360307],[-106.3768389,31.735759],[-106.3768711,31.7356495],[-106.3767903,31.7355005],[-106.3764741,31.7354305],[-106.3743297,31.7355523],[-106.3741232,31.7356954],[-106.3739556,31.7361966],[-106.374214,31.7362848],[-106.3745206,31.7363208],[-106.3754987,31.7363225],[-106.3758089,31.7364342],[-106.3763132,31.7366167],[-106.3764419,31.7367627],[-106.3765492,31.7367992],[-106.376598,31.7367847]]]}},{"type":"Feature","properties":{"id":337663181,"kind":"pack","natural":"water"},"geometry":{"type":"Polygon","coordinates":[[[-106.3658046,31.789019],[-106.3657154,31.7889952],[-106.3656246,31.7889531],[-106.365585,31.7888984],[-106.3654826,31.7888408],[-106.3654397,31.7888464],[-106.3653786,31.7888198],[-106.3653604,31.7887608],[-106.3653621,31.7886963],[-106.3653852,31.7886472],[-106.3654149,31.7886093],[-106.3654578,31.788577],[-106.3654942,31.788591],[-106.36558,31.788664],[-106.3656939,31.7887973],[-106.3658277,31.7889363],[-106.3658822,31.7889741],[-106.3658623,31.7890064],[-106.3658293,31.7890162],[-106.3658046,31.789019]]]}},{"type":"Feature","properties":{"id":337663182,"kind":"pack","natural":"water"},"geometry":{"type":"Polygon","coordinates":[[[-106.3656741,31.7893516],[-106.3655751,31.7893741],[-106.3654991,31.7893755],[-106.3653505,31.7893797],[-106.3652812,31.7893741],[-106.3652333,31.7893516],[-106.3652069,31.7892969],[-106.3652052,31.7892211],[-106.3652234,31.7891411],[-106.3652515,31.789092],[-106.3652911,31.7890752],[-106.3653324,31.7890738],[-106.3654595,31.7891018],[-106.3656196,31.7891524],[-106.3656741,31.7891692],[-106.3657237,31.7892043],[-106.3657402,31.7892436],[-106.3657369,31.7892871],[-106.3657319,31.7893152],[-106.3657121,31.7893334],[-106.3656741,31.7893516]]]}},{"type":"Feature","properties":{"id":337663183,"kind":"pack","natural":"water"},"geometry":{"type":"Polygon","coordinates":[[[-106.3684165,31.7904911],[-106.3683884,31.7904575],[-106.3682035,31.7904785],[-106.3680697,31.7904827],[-106.3679212,31.7904701],[-106.3678485,31.7904701],[-106.3678204,31.7904813],[-106.3678006,31.7904996],[-106.3677907,31.7905431],[-106.3678006,31.7906118],[-106.3678419,31.7907522],[-106.3678436,31.7907873],[-106.367837,31.7908223],[-106.3677759,31.7908785],[-106.3675992,31.7909571],[-106.3674935,31.791002],[-106.367449,31.7910258],[-106.3674258,31.7910623],[-106.3674143,31.791096],[-106.3674209,31.7911451],[-106.3674374,31.7911788],[-106.3674655,31.7912096],[-106.367515,31.7912349],[-106.3677379,31.7912391],[-106.3679162,31.7912321],[-106.3679641,31.7912111],[-106.3680004,31.7911844],[-106.3680136,31.7911549],[-106.3680334,31.7911142],[-106.3680549,31.7909262],[-106.3680945,31.7907802],[-106.3681639,31.7906567],[-106.3682216,31.790595],[-106.3682976,31.7905529],[-106.3684165,31.7904911]]]}},{"type":"Feature","properties":{"id":337663184,"kind":"pack","natural":"water"},"geometry":{"type":"Polygon","coordinates":[[[-106.3656411,31.7915535],[-106.3656048,31.7916222],[-106.365547,31.7917233],[-106.3654826,31.7918145],[-106.3654578,31.7918411],[-106.365405,31.7918622],[-106.3653373,31.791879],[-106.3652878,31.7918748],[-106.3652482,31.7918552],[-106.3652184,31.7918482],[-106.3651821,31.7918636],[-106.3651772,31.7919127],[-106.3651838,31.7920446],[-106.3651491,31.7921246],[-106.3650517,31.7921835],[-106.3649807,31.7922172],[-106.3649246,31.7922102],[-106.364809,31.7922762],[-106.3646802,31.7923028],[-106.3645927,31.7923155],[-106.3644953,31.7923014],[-106.364459,31.7922705],[-106.3644408,31.7922172],[-106.3644474,31.7921485],[-106.364454,31.7921008],[-106.3645085,31.7920867],[-106.3645465,31.7920488],[-106.3645894,31.7919604],[-106.3646621,31.7917934],[-106.3647182,31.7916924],[-106.3647661,31.7916727],[-106.3648024,31.7916826],[-106.364847,31.7917134],[-106.3648684,31.7917387],[-106.3648932,31.7919422],[-106.3648998,31.792018],[-106.3649163,31.792053],[-106.3649493,31.7920488],[-106.3650088,31.7919927],[-106.365017,31.7919478],[-106.3650187,31.7919043],[-106.3650302,31.791865],[-106.3650649,31.7917962],[-106.3650963,31.7917401],[-106.3651227,31.7917289],[-106.3651458,31.7917429],[-106.3651887,31.7917317],[-106.3652184,31.7916755],[-106.3652812,31.791597],[-106.3653835,31.7915324],[-106.3654958,31.7914777],[-106.365542,31.7914566],[-106.3655899,31.7914763],[-106.3656262,31.79151],[-106.3656345,31.791531],[-106.3656411,31.7915535]]]}},{"type":"Feature","properties":{"id":436727349,"kind":"pack","natural":"water"},"geometry":{"type":"Polygon","coordinates":[[[-106.3518083,31.7938295],[-106.348648,31.7938769],[-106.3486591,31.7944138],[-106.3518195,31.7943663],[-106.3518083,31.7938295]]]}},{"type":"Feature","properties":{"id":436727711,"kind":"pack","natural":"water"},"geometry":{"type":"Polygon","coordinates":[[[-106.361815,31.7846718],[-106.3616722,31.7846218],[-106.361663,31.7845153],[-106.3617391,31.7844185],[-106.3627077,31.7843985],[-106.3627465,31.7844273],[-106.3626974,31.7845455],[-106.3625082,31.7846534],[-106.3624451,31.7846648],[-106.361815,31.7846718]]]}},{"type":"Feature","properties":{"id":468606097,"kind":"pack","name":"Hacienda Heights Basin","natural":"water"},"geometry":{"type":"Polygon","coordinates":[[[-106.358073,31.7585998],[-106.3566928,31.7577572],[-106.3567189,31.7574124],[-106.3566546,31.7571141],[-106.3565482,31.7568946],[-106.3564368,31.7567226],[-106.3561265,31.756421],[-106.3559346,31.756265],[-106.3558221,31.7558854],[-106.3560212,31.7557337],[-106.3566513,31.7558823],[-106.3576596,31.7558374],[-106.3580979,31.7559203],[-106.358073,31.7585998]]]}},{"type":"Feature","properties":{"id":468606104,"kind":"pack","name":"Corral Drive Basin","natural":"water"},"geometry":{"type":"Polygon","coordinates":[[[-106.3512285,31.7546571],[-106.3510544,31.7546963],[-106.3506805,31.7546179],[-106.3503501,31.7546484],[-106.3500812,31.7547486],[-106.3499941,31.7548313],[-106.3492719,31.7543871],[-106.3494352,31.7541531],[-106.3496799,31.7536127],[-106.3497095,31.753399],[-106.3497175,31.75305],[-106.3511301,31.7532091],[-106.3512644,31.7532242],[-106.3512285,31.7546571]]]}},{"type":"Feature","properties":{"id":468606126,"kind":"pack","natural":"water"},"geometry":{"type":"Polygon","coordinates":[[[-106.3737787,31.7592947],[-106.3734029,31.7585973],[-106.3732925,31.7583343],[-106.3731899,31.7580789],[-106.3729171,31.7567717],[-106.3727196,31.7563547],[-106.3707094,31.7553991],[-106.37045,31.7554088],[-106.3694581,31.7567217],[-106.3693808,31.7567512],[-106.3689244,31.7567522],[-106.3687825,31.7568738],[-106.3686834,31.7568958],[-106.3674914,31.7568843],[-106.3673929,31.7569156],[-106.3673936,31.7571283],[-106.3684838,31.7577092],[-106.3696838,31.758022],[-106.3699694,31.7582487],[-106.3700571,31.7583317],[-106.3701712,31.7583813],[-106.3703793,31.758425],[-106.3723212,31.7596081],[-106.3724909,31.7595933],[-106.3725941,31.7595196],[-106.3726556,31.7594757],[-106.3729811,31.7597506],[-106.3731478,31.7597599],[-106.3737396,31.7593757],[-106.3737787,31.7592947]]]}},{"type":"Feature","properties":{"id":468606209,"kind":"pack","natural":"water"},"geometry":{"type":"Polygon","coordinates":[[[-106.3507069,31.7428511],[-106.349949,31.7428692],[-106.3498962,31.7428284],[-106.3491954,31.7422862],[-106.3480458,31.7417322],[-106.347918,31.7414099],[-106.3480628,31.7410269],[-106.3488888,31.7400955],[-106.3492422,31.7401028],[-106.3499745,31.7408777],[-106.351039,31.7416272],[-106.3509581,31.7421884],[-106.3507069,31.7428511]]]}},{"type":"Feature","properties":{"id":563774572,"kind":"pack","natural":"water"},"geometry":{"type":"Polygon","coordinates":[[[-106.3692447,31.7505394],[-106.3692372,31.750538],[-106.3692307,31.7505346],[-106.3692259,31.7505294],[-106.3692244,31.7505262],[-106.3692234,31.7505197],[-106.369225,31.7505133],[-106.3692312,31.7505061],[-106.3692379,31.7505028],[-106.3692461,31.7505017],[-106.3692536,31.750503],[-106.3692611,31.7505071],[-106.3692656,31.7505124],[-106.3692676,31.7505187],[-106.3692671,31.7505252],[-106.3692638,31.7505313],[-106.3692584,31.750536],[-106.3692514,31.7505388],[-106.3692447,31.7505394]]]}},{"type":"Feature","properties":{"id":563775352,"kind":"pack","natural":"water"},"geometry":{"type":"Polygon","coordinates":[[[-106.3692345,31.7501509],[-106.3692281,31.7501497],[-106.3692227,31.7501469],[-106.3692186,31.7501424],[-106.3692174,31.75014],[-106.3692166,31.7501344],[-106.3692179,31.7501291],[-106.3692232,31.7501229],[-106.3692287,31.7501202],[-106.3692356,31.7501193],[-106.3692419,31.7501204],[-106.3692482,31.7501239],[-106.369252,31.7501283],[-106.3692536,31.7501335],[-106.3692532,31.750139],[-106.3692505,31.7501441],[-106.3692459,31.7501481],[-106.36924,31.7501504],[-106.3692345,31.7501509]]]}},{"type":"Feature","properties":{"id":766376760,"kind":"pack","natural":"water"},"geometry":{"type":"Polygon","coordinates":[[[-106.3507082,31.7898597],[-106.3507097,31.7897896],[-106.350471,31.7897949],[-106.3504695,31.7899212],[-106.3507082,31.7898597]]]}},{"type":"Feature","properties":{"id":766376761,"kind":"pack","natural":"water"},"geometry":{"type":"Polygon","coordinates":[[[-106.3504191,31.7898512],[-106.3504181,31.7897956],[-106.3503892,31.789796],[-106.3503902,31.7898516],[-106.3504191,31.7898512]]]}},{"type":"Feature","properties":{"id":1108302559,"kind":"pack","natural":"water"},"geometry":{"type":"Polygon","coordinates":[[[-106.3783346,31.755707],[-106.3798044,31.7561449],[-106.3798742,31.7559807],[-106.3784848,31.7555656],[-106.3783346,31.755707]]]}},{"type":"Feature","properties":{"id":1134181152,"kind":"pack","natural":"water"},"geometry":{"type":"Polygon","coordinates":[[[-106.3686957,31.7946594],[-106.3686696,31.7945084],[-106.3686678,31.7944981],[-106.3686585,31.7944812],[-106.3686453,31.7944718],[-106.3686254,31.7944647],[-106.3686072,31.7944665],[-106.3685882,31.7944733],[-106.3685692,31.7944861],[-106.368559,31.7945026],[-106.3685555,31.7945188],[-106.3685559,31.7945387],[-106.3685648,31.794559],[-106.3685917,31.794582],[-106.3686333,31.794623],[-106.3686557,31.7946337],[-106.3686683,31.7946467],[-106.3686793,31.7946624],[-106.3686892,31.7946606],[-106.3686957,31.7946594]]]}},{"type":"Feature","properties":{"id":1134295135,"kind":"pack","name":"Mattox Pond","natural":"water"},"geometry":{"type":"Polygon","coordinates":[[[-106.3684215,31.797344],[-106.368517,31.7972959],[-106.3685524,31.7972237],[-106.3685719,31.7971275],[-106.3685683,31.7970147],[-106.3685577,31.7969139],[-106.3685577,31.7966522],[-106.3685451,31.7965868],[-106.3685436,31.7965755],[-106.3685082,31.7965514],[-106.3684568,31.7965409],[-106.3683719,31.7965439],[-106.3682817,31.7965665],[-106.3682604,31.7965995],[-106.3682525,31.7966593],[-106.3682519,31.7966909],[-106.368225,31.7968793],[-106.3682162,31.7969771],[-106.3682286,31.797129],[-106.3682551,31.7972207],[-106.3682923,31.7972839],[-106.3683507,31.797329],[-106.3684215,31.797344]]]}},{"type":"Feature","properties":{"id":1156519499,"kind":"pack","natural":"water"},"geometry":{"type":"Polygon","coordinates":[[[-106.3651692,31.7414754],[-106.3651736,31.7409648],[-106.3650963,31.7409028],[-106.3648072,31.7410737],[-106.3647873,31.7411675],[-106.3648336,31.7414529],[-106.3648844,31.7414811],[-106.3651692,31.7414754]]]}},{"type":"Feature","properties":{"id":1159465089,"kind":"pack","natural":"water"},"geometry":{"type":"Polygon","coordinates":[[[-106.3629776,31.8197534],[-106.3630603,31.8196935],[-106.363136,31.8196386],[-106.3624117,31.8189174],[-106.3622532,31.8190323],[-106.3629776,31.8197534]]]}},{"type":"Feature","properties":{"id":1165136689,"kind":"pack","natural":"water"},"geometry":{"type":"Polygon","coordinates":[[[-106.3527668,31.8190338],[-106.3527804,31.8191184],[-106.3529036,31.8192388],[-106.3529714,31.8192611],[-106.3530607,31.8192244],[-106.35311,31.8191838],[-106.3531085,31.8191236],[-106.3530946,31.8190713],[-106.3527889,31.8188248],[-106.3527508,31.8188126],[-106.3527089,31.8188281],[-106.3526099,31.8189208],[-106.3526114,31.8189451],[-106.3526318,31.8189652],[-106.3527263,31.8189973],[-106.3527499,31.8190188],[-106.3527668,31.8190338]]]}},{"type":"Feature","properties":{"id":1201828207,"kind":"pack","name":"Independence Pond","natural":"water"},"geometry":{"type":"Polygon","coordinates":[[[-106.3604469,31.708125],[-106.3605281,31.7081033],[-106.3608559,31.7073357],[-106.3608695,31.7072895],[-106.3608378,31.7072355],[-106.3607971,31.7072031],[-106.3597404,31.706578],[-106.3595986,31.7065556],[-106.3594636,31.7065664],[-106.358313,31.7069267],[-106.3564072,31.7073172],[-106.3563686,31.7073779],[-106.3563815,31.7074327],[-106.3577958,31.7081502],[-106.3579214,31.7081312],[-106.3586599,31.7072374],[-106.3587244,31.7072183],[-106.358809,31.7072378],[-106.3604469,31.708125]]]}},{"type":"Feature","properties":{"id":1283005792,"kind":"pack","natural":"water"},"geometry":{"type":"Polygon","coordinates":[[[-106.3679239,31.7709856],[-106.3681453,31.7710652],[-106.3684838,31.7711702],[-106.3686456,31.7712372],[-106.3687477,31.7712933],[-106.3688223,31.771362],[-106.3688542,31.7714326],[-106.3688521,31.771505],[-106.3688265,31.7715792],[-106.3685817,31.7718941],[-106.3684902,31.7719521],[-106.3683944,31.7719774],[-106.368273,31.7719647],[-106.3681282,31.771934],[-106.3679303,31.7718851],[-106.3676791,31.7717874],[-106.3675641,31.7717439],[-106.3674577,31.7717132],[-106.3673576,31.7716733],[-106.367281,31.771619],[-106.3672533,31.7715322],[-106.3672405,31.7713675],[-106.3672575,31.7712752],[-106.3672916,31.7712136],[-106.3673745,31.7711183],[-106.3674623,31.7710637],[-106.3676752,31.7709933],[-106.3677614,31.7709718],[-106.3678509,31.7709746],[-106.3679239,31.7709856]]]}},{"type":"Feature","properties":{"id":1422211745,"kind":"pack","natural":"water"},"geometry":{"type":"Polygon","coordinates":[[[-106.3782976,31.8192075],[-106.3779012,31.8187455],[-106.3785063,31.8183706],[-106.3789028,31.8188326],[-106.3782976,31.8192075]]]}},{"type":"Feature","properties":{"id":1422211746,"kind":"pack","natural":"water"},"geometry":{"type":"Polygon","coordinates":[[[-106.3740035,31.8187492],[-106.3736511,31.8183937],[-106.373158,31.8187467],[-106.3735105,31.8191022],[-106.3740035,31.8187492]]]}},{"type":"Feature","properties":{"id":1422211747,"kind":"pack","natural":"water"},"geometry":{"type":"Polygon","coordinates":[[[-106.3787365,31.8153978],[-106.3783841,31.8150423],[-106.377891,31.8153953],[-106.3782435,31.8157508],[-106.3787365,31.8153978]]]}},{"type":"Feature","properties":{"id":1506059338,"kind":"pack","natural":"water"},"geometry":{"type":"Polygon","coordinates":[[[-106.3712911,31.7286297],[-106.3713748,31.7286365],[-106.3727417,31.7283457],[-106.3728619,31.7282757],[-106.3728914,31.7281735],[-106.3728306,31.7280814],[-106.3727469,31.7280431],[-106.3725311,31.7280785],[-106.3712432,31.7283571],[-106.3712018,31.7284031],[-106.3712161,31.7284513],[-106.371252,31.7285855],[-106.3712911,31.7286297]]]}},{"type":"Feature","properties":{"id":1506070012,"kind":"pack","natural":"water"},"geometry":{"type":"Polygon","coordinates":[[[-106.3694684,31.7222826],[-106.3694942,31.7222657],[-106.369651,31.7220458],[-106.3696461,31.7219931],[-106.3694607,31.7218681],[-106.3694326,31.7218164],[-106.3693375,31.721754],[-106.3692655,31.7217691],[-106.3692296,31.7218202],[-106.369237,31.7219056],[-106.3691801,31.7221416],[-106.3692028,31.7221819],[-106.3692325,31.7222135],[-106.3694684,31.7222826]]]}},{"type":"Feature","properties":{"id":1524353351,"kind":"pack","natural":"water"},"geometry":{"type":"Polygon","coordinates":[[[-106.3738739,31.7031675],[-106.3745568,31.7025426],[-106.3744262,31.7024338],[-106.373727,31.7030425],[-106.3738739,31.7031675]]]}},{"type":"Feature","properties":{"id":1534409238,"kind":"pack","natural":"water"},"geometry":{"type":"Polygon","coordinates":[[[-106.3753531,31.7002671],[-106.3756936,31.7000527],[-106.3755693,31.6999678],[-106.3752657,31.7002014],[-106.3753531,31.7002671]]]}},{"type":"Feature","properties":{"id":1546207943,"kind":"pack","natural":"water"},"geometry":{"type":"Polygon","coordinates":[[[-106.3742547,31.791114],[-106.3742507,31.7908622],[-106.374235,31.7908374],[-106.3741977,31.7908129],[-106.3744519,31.7908256],[-106.3744396,31.791118],[-106.3764793,31.791157],[-106.3764806,31.7914487],[-106.374249,31.7914487],[-106.3742547,31.791114]]]}},{"type":"Feature","properties":{"id":1551856436,"kind":"pack","natural":"water"},"geometry":{"type":"Polygon","coordinates":[[[-106.3732093,31.7529003],[-106.3733224,31.7529194],[-106.3734437,31.7528922],[-106.3735117,31.7529016],[-106.3735814,31.7528779],[-106.373597,31.7528193],[-106.3735495,31.7527522],[-106.3731885,31.7525015],[-106.3731333,31.7525027],[-106.3731053,31.752532],[-106.3731588,31.7528498],[-106.3732093,31.7529003]]]}},{"type":"Feature","properties":{"id":144485020,"kind":"pack","natural":"water"},"geometry":{"type":"Polygon","coordinates":[[[-106.6157136,31.8498091],[-106.6157297,31.8499025],[-106.6157136,31.8499253],[-106.6156773,31.8499331],[-106.6156546,31.8499321],[-106.6156198,31.8499116],[-106.6155581,31.8498979],[-106.6155017,31.8498751],[-106.61546,31.8498557],[-106.615424,31.8498296],[-106.6153769,31.8497759],[-106.6153527,31.8497531],[-106.6153033,31.8497202],[-106.6152791,31.8497043],[-106.6152603,31.849661],[-106.6152657,31.8496336],[-106.6152791,31.8495744],[-106.6152845,31.8495243],[-106.6153006,31.8494924],[-106.6153301,31.8494787],[-106.6153703,31.8494719],[-106.6154293,31.8494673],[-106.6154561,31.8494673],[-106.6155178,31.8494878],[-106.6155661,31.8494992],[-106.6156144,31.8495152],[-106.6156654,31.849522],[-106.6156895,31.8495311],[-106.6157619,31.8495174],[-106.6158263,31.8495174],[-106.6158665,31.8495334],[-106.6159041,31.8495562],[-106.6159416,31.849579],[-106.6159389,31.8496131],[-106.6159068,31.8496428],[-106.6158772,31.8496564],[-106.6158302,31.8496643],[-106.6157846,31.8496757],[-106.6157431,31.8496792],[-106.6157351,31.849661],[-106.6157163,31.8496519],[-106.6156907,31.8496529],[-106.6156451,31.8496461],[-106.6156076,31.8496483],[-106.6155634,31.8496587],[-106.6155447,31.8496838],[-106.6155232,31.8497043],[-106.6155178,31.8497293],[-106.6155232,31.8497521],[-106.6155312,31.8497772],[-106.6155795,31.8497954],[-106.6156117,31.8498114],[-106.6156439,31.8498273],[-106.6156654,31.8498022],[-106.6156949,31.8497954],[-106.6157136,31.8498091]]]}},{"type":"Feature","properties":{"id":203680047,"kind":"pack","natural":"water"},"geometry":{"type":"Polygon","coordinates":[[[-106.5842405,31.8249921],[-106.5843208,31.8250241],[-106.5844255,31.8250901],[-106.5844442,31.8251289],[-106.5844336,31.8251858],[-106.5843773,31.8252496],[-106.5843344,31.8252952],[-106.5842592,31.8253476],[-106.5842324,31.8253977],[-106.584219,31.8254524],[-106.5842217,31.825514],[-106.5842457,31.8255916],[-106.5843022,31.8257031],[-106.5843183,31.8260039],[-106.5842807,31.8260404],[-106.5842297,31.8260472],[-106.5841894,31.826036],[-106.5840822,31.8257464],[-106.5840527,31.8257122],[-106.5835271,31.8255915],[-106.5832187,31.8256256],[-106.5829827,31.8256826],[-106.582862,31.8256872],[-106.5827654,31.8256781],[-106.5826796,31.8256234],[-106.5826206,31.8256097],[-106.582347,31.8257259],[-106.5822933,31.8257852],[-106.5822611,31.8257897],[-106.5821297,31.8256256],[-106.5821563,31.8255984],[-106.5821565,31.8255504],[-106.5825371,31.8253158],[-106.58269,31.8248463],[-106.5829907,31.824714],[-106.5832965,31.8250741],[-106.5835325,31.8251995],[-106.5839025,31.8252268],[-106.5842405,31.8249921]]]}},{"type":"Feature","properties":{"id":203680048,"kind":"pack","natural":"water"},"geometry":{"type":"Polygon","coordinates":[[[-106.5878159,31.8238845],[-106.5878454,31.8238799],[-106.5878775,31.8238207],[-106.5879446,31.8237728],[-106.5880224,31.823652],[-106.5881538,31.8235928],[-106.5886178,31.8237204],[-106.5886742,31.8237158],[-106.5890202,31.8235518],[-106.5890604,31.823554],[-106.589393,31.8237569],[-106.5894063,31.8237957],[-106.5894063,31.8238254],[-106.5893741,31.823855],[-106.5890495,31.8238231],[-106.5889932,31.8238322],[-106.5887304,31.8239963],[-106.5886849,31.824044],[-106.5886258,31.8241626],[-106.5886097,31.8242105],[-106.5885991,31.8243335],[-106.5885642,31.8244064],[-106.5882556,31.8248236],[-106.5882504,31.8248964],[-106.5882638,31.8252564],[-106.5882316,31.8253111],[-106.5881751,31.8253386],[-106.5880948,31.8253476],[-106.5878641,31.8253157],[-106.5875557,31.8253316],[-106.587384,31.8253772],[-106.5871936,31.8254296],[-106.5869333,31.825448],[-106.5863353,31.8254205],[-106.5858003,31.8255524],[-106.5856447,31.8255695],[-106.5851621,31.8255493],[-106.5848834,31.825664],[-106.5848216,31.8257301],[-106.5847429,31.8259372],[-106.5847288,31.8259625],[-106.5846926,31.8259659],[-106.5846707,31.825951],[-106.5846479,31.825923],[-106.5846498,31.8257553],[-106.5846808,31.8256912],[-106.584787,31.8255525],[-106.5847956,31.8254822],[-106.5847941,31.8254136],[-106.5847434,31.8253037],[-106.5847549,31.8252061],[-106.584826,31.8250958],[-106.5848485,31.8250263],[-106.584894,31.8249643],[-106.5849381,31.8249388],[-106.5849969,31.8249225],[-106.5850642,31.8249288],[-106.5851208,31.8249511],[-106.5854691,31.8250755],[-106.5858519,31.8250345],[-106.5860704,31.824976],[-106.5862185,31.824965],[-106.5863755,31.8249784],[-106.5866679,31.8249921],[-106.5867457,31.824983],[-106.5868529,31.8249533],[-106.5871024,31.8248303],[-106.5871775,31.8247687],[-106.5872258,31.8247186],[-106.5873009,31.8246844],[-106.5873921,31.8246958],[-106.5875235,31.8246958],[-106.5875959,31.8246799],[-106.5877703,31.8246047],[-106.5878239,31.8245614],[-106.5879527,31.8243813],[-106.5880062,31.8241649],[-106.588017,31.824101],[-106.5879901,31.8240464],[-106.5878159,31.8238845]]]}},{"type":"Feature","properties":{"id":307375093,"kind":"pack","name":"Resler Pond 2","natural":"water"},"geometry":{"type":"Polygon","coordinates":[[[-106.5481094,31.8800619],[-106.5480601,31.8796623],[-106.5480121,31.8795928],[-106.5479064,31.8794963],[-106.5464652,31.8794853],[-106.5461769,31.8795646],[-106.5459779,31.8797039],[-106.5459102,31.8798421],[-106.5458997,31.8800275],[-106.5461455,31.8805733],[-106.546234,31.8806181],[-106.5463069,31.8806272],[-106.548044,31.880154],[-106.5481065,31.8801129],[-106.5481094,31.8800619]]]}},{"type":"Feature","properties":{"id":307375094,"kind":"pack","natural":"water"},"geometry":{"type":"Polygon","coordinates":[[[-106.552778,31.880718],[-106.5523202,31.8811813],[-106.5520787,31.8813251],[-106.5515864,31.8815781],[-106.5513575,31.8816207],[-106.5512195,31.8815648],[-106.551,31.8813997],[-106.5508652,31.8811787],[-106.550953,31.8810535],[-106.551577,31.8806834],[-106.5521132,31.8804704],[-106.552386,31.8803666],[-106.5525867,31.8804438],[-106.5527654,31.8806142],[-106.552778,31.880718]]]}},{"type":"Feature","properties":{"id":307375095,"kind":"pack","natural":"water"},"geometry":{"type":"Polygon","coordinates":[[[-106.5859246,31.9018145],[-106.5858862,31.9018544],[-106.5858092,31.9018792],[-106.5857294,31.901879],[-106.5856978,31.9018634],[-106.5856845,31.901821],[-106.585666,31.901762],[-106.5856455,31.9016964],[-106.5856463,31.9016255],[-106.5856855,31.9015849],[-106.5857521,31.9015542],[-106.5858468,31.9015565],[-106.585894,31.9015696],[-106.5859329,31.9016345],[-106.5859284,31.9017058],[-106.5859324,31.9017679],[-106.5859246,31.9018145]]]}},{"type":"Feature","properties":{"id":307375096,"kind":"pack","natural":"water"},"geometry":{"type":"Polygon","coordinates":[[[-106.5914726,31.9130914],[-106.5912248,31.9125724],[-106.5909019,31.9121278],[-106.5904817,31.9117179],[-106.590165,31.9114624],[-106.5898859,31.9116061],[-106.589726,31.9117658],[-106.5897883,31.9119142],[-106.5899455,31.9121065],[-106.5902371,31.9123781],[-106.5904667,31.9125918],[-106.5906698,31.9129663],[-106.5908109,31.913307],[-106.5910197,31.9133921],[-106.591297,31.9133741],[-106.5914475,31.9132538],[-106.5914726,31.9130914]]]}},{"type":"Feature","properties":{"id":436793622,"kind":"pack","name":"Resler Pond Four","natural":"water"},"geometry":{"type":"Polygon","coordinates":[[[-106.5699417,31.883614],[-106.5699623,31.8834701],[-106.5699764,31.8833159],[-106.5698898,31.8830127],[-106.569554,31.8818366],[-106.5694632,31.8817882],[-106.5690931,31.8818719],[-106.5689548,31.881918],[-106.5687469,31.8820462],[-106.5673873,31.8822854],[-106.5669127,31.8823854],[-106.5667793,31.8824805],[-106.5668062,31.8826461],[-106.5670167,31.8832758],[-106.5671754,31.8834831],[-106.5673379,31.8837019],[-106.567411,31.8839322],[-106.5675025,31.8841473],[-106.5675959,31.8842161],[-106.5677343,31.8842402],[-106.5678676,31.8842156],[-106.5688524,31.8839797],[-106.5699417,31.883614]]]}},{"type":"Feature","properties":{"id":436794536,"kind":"pack","natural":"water"},"geometry":{"type":"Polygon","coordinates":[[[-106.5871397,31.8764069],[-106.587135,31.8760027],[-106.5871318,31.8756765],[-106.5857822,31.876055],[-106.585533,31.876125],[-106.5855294,31.8764069],[-106.5871397,31.8764069]]]}},{"type":"Feature","properties":{"id":437446079,"kind":"pack","name":"Luz De Espejo Pond","natural":"water"},"geometry":{"type":"Polygon","coordinates":[[[-106.5538555,31.8752221],[-106.5538277,31.8751352],[-106.5538277,31.8743511],[-106.5533987,31.8744385],[-106.5533465,31.8744397],[-106.5533436,31.875257],[-106.5536914,31.8752558],[-106.5538555,31.8752221]]]}},{"type":"Feature","properties":{"id":438417793,"kind":"pack","natural":"water"},"geometry":{"type":"Polygon","coordinates":[[[-106.5908916,31.8363035],[-106.5910465,31.8361281],[-106.5910978,31.8360746],[-106.5911069,31.8359994],[-106.5910989,31.8357955],[-106.591075,31.8357545],[-106.5909975,31.8357124],[-106.5909269,31.8356771],[-106.5908973,31.8356873],[-106.5906854,31.8359299],[-106.5906501,31.8359778],[-106.5906479,31.8360541],[-106.5906684,31.836258],[-106.5906957,31.8363104],[-106.5907253,31.8363309],[-106.5907652,31.8363411],[-106.5908187,31.83634],[-106.5908631,31.8363309],[-106.5908836,31.8363206],[-106.5908916,31.8363035]]]}},{"type":"Feature","properties":{"id":438417794,"kind":"pack","natural":"water"},"geometry":{"type":"Polygon","coordinates":[[[-106.5928427,31.8328774],[-106.5927675,31.8329457],[-106.5927391,31.8329571],[-106.5926901,31.8329594],[-106.5926445,31.8329503],[-106.5926161,31.8329332],[-106.5926024,31.8329082],[-106.5925933,31.8328603],[-106.5926457,31.8327521],[-106.5926912,31.8327202],[-106.5927379,31.8327066],[-106.5927994,31.8326769],[-106.5928347,31.8326428],[-106.5928495,31.832604],[-106.5928644,31.8325676],[-106.5928917,31.8325471],[-106.5929316,31.8325517],[-106.5929714,31.832563],[-106.5929953,31.8325927],[-106.5930079,31.8326428],[-106.5930056,31.8327191],[-106.5929817,31.8327533],[-106.5929532,31.832784],[-106.5928427,31.8328774]]]}},{"type":"Feature","properties":{"id":438417795,"kind":"pack","natural":"water"},"geometry":{"type":"Polygon","coordinates":[[[-106.5958998,31.8351161],[-106.5958816,31.8351491],[-106.5958565,31.8351822],[-106.5958098,31.8351981],[-106.595656,31.8352027],[-106.5956128,31.8352175],[-106.5953109,31.8352346],[-106.5952027,31.8352471],[-106.5950911,31.8352801],[-106.5949556,31.8353257],[-106.5947767,31.8353747],[-106.5946617,31.83541],[-106.5945991,31.8354214],[-106.5945706,31.8354168],[-106.5945387,31.8353872],[-106.5945079,31.8353302],[-106.5945045,31.8352687],[-106.5945227,31.8352357],[-106.5945637,31.8352186],[-106.5947653,31.8351867],[-106.5949043,31.8351571],[-106.5950137,31.8351081],[-106.5952631,31.8349589],[-106.5954157,31.8348724],[-106.5955729,31.8348234],[-106.5957335,31.8347995],[-106.5958007,31.8347995],[-106.5958406,31.8348029],[-106.5958611,31.8348279],[-106.595877,31.8348667],[-106.5958873,31.8349054],[-106.595877,31.8349646],[-106.5958725,31.8349954],[-106.5958907,31.8350273],[-106.5958964,31.8350694],[-106.5958998,31.8351161]]]}},{"type":"Feature","properties":{"id":438417796,"kind":"pack","natural":"water"},"geometry":{"type":"Polygon","coordinates":[[[-106.5944908,31.8354686],[-106.5944783,31.8354971],[-106.594459,31.8355336],[-106.5944248,31.8355643],[-106.5943621,31.8355928],[-106.594181,31.8356737],[-106.5940649,31.8357238],[-106.5938519,31.8358081],[-106.593689,31.8358878],[-106.5935398,31.83598],[-106.5933963,31.8360757],[-106.5933439,31.8361019],[-106.593304,31.8361053],[-106.5932801,31.8361053],[-106.5932596,31.8360928],[-106.5932641,31.8360734],[-106.593279,31.8360381],[-106.5932448,31.8359857],[-106.593214,31.8359698],[-106.5931878,31.8359755],[-106.5931662,31.835988],[-106.5931502,31.8359869],[-106.5931366,31.8359698],[-106.5931309,31.8359299],[-106.5931309,31.8358844],[-106.5931639,31.8358365],[-106.5933587,31.8357158],[-106.5936605,31.8355529],[-106.593902,31.8354402],[-106.5940785,31.8353798],[-106.5942232,31.8353263],[-106.5943496,31.8352796],[-106.5944054,31.8352773],[-106.5944328,31.8352898],[-106.5944681,31.8353285],[-106.5944943,31.8354037],[-106.5944908,31.8354686]]]}},{"type":"Feature","properties":{"id":438417797,"kind":"pack","natural":"water"},"geometry":{"type":"Polygon","coordinates":[[[-106.5951834,31.8345495],[-106.5950364,31.8345734],[-106.5949931,31.8345859],[-106.5949362,31.8345791],[-106.5948622,31.8345586],[-106.594795,31.8345688],[-106.5947392,31.8345893],[-106.5946685,31.8346007],[-106.5946344,31.8345791],[-106.5946082,31.834554],[-106.5945877,31.8345347],[-106.5945786,31.8344959],[-106.5945854,31.8344561],[-106.5945979,31.8344413],[-106.5946196,31.8344333],[-106.5946583,31.8344333],[-106.5947084,31.8344458],[-106.5947357,31.8344492],[-106.5947642,31.8344458],[-106.5947756,31.8344367],[-106.5947779,31.8344162],[-106.5947642,31.8344014],[-106.5947312,31.8343968],[-106.5947061,31.8343957],[-106.5946959,31.8343866],[-106.5946936,31.8343592],[-106.5946959,31.8343387],[-106.5947517,31.8342602],[-106.5947836,31.8342351],[-106.594828,31.8342237],[-106.5948861,31.8342226],[-106.5949316,31.8342294],[-106.594984,31.8342533],[-106.5950205,31.8342704],[-106.5950478,31.8342715],[-106.5951048,31.8342636],[-106.5951367,31.8342533],[-106.595172,31.8342556],[-106.5952323,31.8342738],[-106.5952779,31.8342977],[-106.5952938,31.8343296],[-106.595287,31.8343877],[-106.595262,31.8344731],[-106.5952449,31.834513],[-106.5952164,31.8345358],[-106.5951834,31.8345495]]]}},{"type":"Feature","properties":{"id":438417798,"kind":"pack","natural":"water"},"geometry":{"type":"Polygon","coordinates":[[[-106.5930625,31.8362864],[-106.5929896,31.8363548],[-106.5929395,31.8364106],[-106.5929145,31.8364527],[-106.5928894,31.8365313],[-106.592886,31.8370097],[-106.5928997,31.8373411],[-106.5928962,31.8374277],[-106.5928906,31.837471],[-106.5928632,31.8375017],[-106.5928279,31.8375484],[-106.592804,31.8375701],[-106.5927721,31.8375826],[-106.5927311,31.8375838],[-106.592681,31.837561],[-106.5926605,31.8375279],[-106.5926491,31.8374949],[-106.5926491,31.8374129],[-106.5926707,31.837299],[-106.5926616,31.8372534],[-106.5925739,31.8371692],[-106.5925181,31.8371282],[-106.5924885,31.8371088],[-106.592468,31.8370803],[-106.5924668,31.8370245],[-106.5924463,31.8369402],[-106.5924019,31.8368161],[-106.5923256,31.8366726],[-106.5923142,31.8366065],[-106.5923233,31.8365552],[-106.5923416,31.8365131],[-106.5923769,31.8364778],[-106.5924406,31.8364448],[-106.5925181,31.8364231],[-106.5925978,31.8363958],[-106.5926445,31.8363525],[-106.592681,31.8363047],[-106.5926946,31.8362944],[-106.5927653,31.8362466],[-106.5928416,31.8361908],[-106.5929429,31.836078],[-106.5929862,31.8360393],[-106.593042,31.8359994],[-106.5930808,31.8360017],[-106.593099,31.8360154],[-106.5931092,31.8360404],[-106.5931081,31.8360643],[-106.5930363,31.836168],[-106.5930318,31.8361919],[-106.593042,31.8362067],[-106.5930591,31.8362306],[-106.5930625,31.836258],[-106.5930625,31.8362864]]]}},{"type":"Feature","properties":{"id":438417799,"kind":"pack","natural":"water"},"geometry":{"type":"Polygon","coordinates":[[[-106.5927994,31.8323125],[-106.5927937,31.8323706],[-106.5927391,31.8324571],[-106.5926229,31.8325892],[-106.5924851,31.8327214],[-106.5922892,31.8329514],[-106.5922322,31.8329993],[-106.5921251,31.8330619],[-106.5920067,31.8331644],[-106.5919144,31.8332601],[-106.5918199,31.8333922],[-106.5917459,31.8334822],[-106.5916388,31.8335938],[-106.5915511,31.8336929],[-106.5914668,31.8338137],[-106.5911559,31.8342135],[-106.5910852,31.8343023],[-106.5910374,31.8343319],[-106.5910078,31.8343387],[-106.5909702,31.8343353],[-106.5909429,31.8343171],[-106.5908973,31.8342647],[-106.5908802,31.834193],[-106.5908495,31.8340608],[-106.5907971,31.8339333],[-106.5907549,31.8338478],[-106.590739,31.8338125],[-106.5907401,31.8337784],[-106.5907549,31.8337294],[-106.5908005,31.8336383],[-106.5908449,31.8335722],[-106.5909155,31.8335301],[-106.5909759,31.8335016],[-106.5910454,31.833497],[-106.5911023,31.8335107],[-106.5911513,31.8335369],[-106.5912037,31.8335756],[-106.5912356,31.8336064],[-106.5912515,31.8336132],[-106.5912777,31.8336109],[-106.5913051,31.8335961],[-106.5913358,31.8335733],[-106.5915135,31.8334173],[-106.5916388,31.8332931],[-106.5917117,31.8331872],[-106.5919304,31.8328501],[-106.5920938,31.8326445],[-106.5922203,31.8325158],[-106.5923433,31.8323916],[-106.5923877,31.832354],[-106.5924526,31.8323221],[-106.5925426,31.8322823],[-106.5926451,31.8322322],[-106.5926861,31.8322128],[-106.5927055,31.8322139],[-106.5927351,31.8322299],[-106.5927761,31.8322641],[-106.592792,31.8322903],[-106.5927994,31.8323125]]]}},{"type":"Feature","properties":{"id":438832477,"kind":"pack","natural":"water"},"geometry":{"type":"Polygon","coordinates":[[[-106.571455,31.8624981],[-106.5714599,31.8612852],[-106.5709019,31.8612811],[-106.5708552,31.8624918],[-106.571455,31.8624981]]]}},{"type":"Feature","properties":{"id":438833190,"kind":"pack","natural":"water"},"geometry":{"type":"Polygon","coordinates":[[[-106.5724386,31.8585005],[-106.5724807,31.8584382],[-106.5723892,31.8582553],[-106.5722797,31.8578216],[-106.5722045,31.8577217],[-106.5720823,31.8577126],[-106.571854,31.8578996],[-106.5716903,31.8582193],[-106.5714109,31.8585587],[-106.5713627,31.85861],[-106.5713704,31.8586634],[-106.5714469,31.8586816],[-106.5715568,31.8586792],[-106.5724386,31.8585005]]]}},{"type":"Feature","properties":{"id":439155411,"kind":"pack","natural":"water"},"geometry":{"type":"Polygon","coordinates":[[[-106.5759436,31.868124],[-106.5758644,31.8676913],[-106.5758609,31.8656068],[-106.575527,31.8656068],[-106.5755236,31.8677059],[-106.5755959,31.8681708],[-106.5759436,31.868124]]]}},{"type":"Feature","properties":{"id":439155412,"kind":"pack","natural":"water"},"geometry":{"type":"Polygon","coordinates":[[[-106.576274,31.8687847],[-106.5761226,31.8682585],[-106.5757439,31.8683228],[-106.5757852,31.868659],[-106.5757336,31.8689806],[-106.5758059,31.8689835],[-106.5758369,31.8687145],[-106.5759298,31.8687087],[-106.576095,31.8687438],[-106.5762706,31.8688344],[-106.576274,31.8687847]]]}},{"type":"Feature","properties":{"id":468641485,"kind":"pack","natural":"water"},"geometry":{"type":"Polygon","coordinates":[[[-106.5411532,31.8826819],[-106.5406263,31.8827477],[-106.5392642,31.882725],[-106.5392178,31.882708],[-106.5390888,31.8825977],[-106.5388613,31.8824017],[-106.5388301,31.8822681],[-106.5388684,31.8821784],[-106.5400377,31.8815624],[-106.5401449,31.8815474],[-106.5403161,31.8816201],[-106.541356,31.8825386],[-106.5413364,31.8825961],[-106.5411532,31.8826819]]]}},{"type":"Feature","properties":{"id":621228926,"kind":"pack","name":"Mesa Reservoir","natural":"water"},"geometry":{"type":"Polygon","coordinates":[[[-106.5646296,31.8460943],[-106.5641897,31.8458027],[-106.5634709,31.8459394],[-106.5618937,31.8461399],[-106.5614072,31.8446079],[-106.5612248,31.8437329],[-106.558961,31.8435962],[-106.5582851,31.8396588],[-106.5582207,31.8387656],[-106.5586191,31.8388072],[-106.558673,31.8391824],[-106.5587592,31.8392922],[-106.5588939,31.8393746],[-106.5602944,31.8399649],[-106.560692,31.840082],[-106.563433,31.8406622],[-106.5637625,31.8407634],[-106.5640166,31.8408921],[-106.5642554,31.8410579],[-106.5644313,31.8412339],[-106.5646,31.8414578],[-106.564722,31.8417499],[-106.5658342,31.8447874],[-106.5658629,31.8450113],[-106.5658395,31.8452057],[-106.5657847,31.8453898],[-106.5657142,31.8455642],[-106.5655791,31.8457661],[-106.5654276,31.8459369],[-106.5646836,31.846492],[-106.5646296,31.8460943]]]}},{"type":"Feature","properties":{"id":621228928,"kind":"pack","name":"Thorn Reservoir","natural":"water"},"geometry":{"type":"Polygon","coordinates":[[[-106.5655694,31.8543224],[-106.5651446,31.8542235],[-106.5644649,31.853566],[-106.5640502,31.8528292],[-106.5640502,31.8520181],[-106.5643147,31.8513697],[-106.5648184,31.850668],[-106.5650439,31.8503829],[-106.5654496,31.8498698],[-106.5671317,31.8491827],[-106.5674142,31.8491718],[-106.5676196,31.8493354],[-106.5692888,31.8522365],[-106.5693145,31.8524983],[-106.5686468,31.8538616],[-106.5684157,31.8541343],[-106.5680305,31.8543197],[-106.5657193,31.8543415],[-106.5655694,31.8543224]]]}},{"type":"Feature","properties":{"id":621229722,"kind":"pack","name":"Keystone Reservoir","natural":"water"},"geometry":{"type":"Polygon","coordinates":[[[-106.566213,31.8301424],[-106.5653577,31.8295209],[-106.5599126,31.8242578],[-106.559457,31.8236831],[-106.5582579,31.8227552],[-106.558365,31.8226521],[-106.5585991,31.8223202],[-106.5590303,31.8220779],[-106.5592009,31.8220462],[-106.5594521,31.8220567],[-106.5596508,31.8221451],[-106.5598501,31.822284],[-106.5609499,31.8233662],[-106.5612258,31.8234937],[-106.5614739,31.8235904],[-106.5617101,31.8236027],[-106.5622357,31.8235358],[-106.5625488,31.8235464],[-106.5627726,31.8236206],[-106.5629813,31.8237396],[-106.5643635,31.8249089],[-106.5676347,31.8281614],[-106.5677267,31.8283509],[-106.5677311,31.8285274],[-106.5676899,31.8286958],[-106.5676092,31.8288375],[-106.566213,31.8301424]]]}},{"type":"Feature","properties":{"id":787848725,"kind":"pack","natural":"water"},"geometry":{"type":"Polygon","coordinates":[[[-106.5815274,31.8548791],[-106.581588,31.854936],[-106.5819646,31.8548489],[-106.5822094,31.8547512],[-106.5822073,31.8546179],[-106.5820943,31.8545095],[-106.5819353,31.854076],[-106.5818307,31.8538485],[-106.5817491,31.8537366],[-106.5816466,31.8537099],[-106.581383,31.853749],[-106.5811466,31.8538023],[-106.5810232,31.853877],[-106.5809835,31.8539658],[-106.5811173,31.8543301],[-106.5812219,31.854538],[-106.581268,31.8546002],[-106.581406,31.8546908],[-106.5814667,31.854737],[-106.5814897,31.8548258],[-106.5815274,31.8548791]]]}},{"type":"Feature","properties":{"id":788095850,"kind":"pack","natural":"water"},"geometry":{"type":"Polygon","coordinates":[[[-106.5848524,31.8717053],[-106.5851549,31.8716343],[-106.5854723,31.8715603],[-106.5855915,31.8715175],[-106.5856659,31.8714835],[-106.5856992,31.8714183],[-106.5857118,31.8711691],[-106.5856797,31.8710757],[-106.5856396,31.8710319],[-106.5855422,31.8710339],[-106.5852557,31.8710981],[-106.5849521,31.8712022],[-106.5847138,31.8712762],[-106.5844456,31.8713161],[-106.5843391,31.8713482],[-106.5842967,31.87139],[-106.5842634,31.8714504],[-106.5842726,31.8715632],[-106.5842995,31.8716681],[-106.584307,31.8716975],[-106.5843402,31.8717374],[-106.5844766,31.8717394],[-106.584653,31.8717423],[-106.58481,31.8717132],[-106.5848524,31.8717053]]]}},{"type":"Feature","properties":{"id":859964685,"kind":"pack","natural":"water"},"geometry":{"type":"Polygon","coordinates":[[[-106.5739402,31.9055951],[-106.5739615,31.9055887],[-106.5740242,31.9051106],[-106.5740192,31.9050775],[-106.5739778,31.9051042],[-106.5739515,31.9050903],[-106.5739314,31.905266],[-106.5738925,31.9052863],[-106.5738712,31.9053054],[-106.5738549,31.9054502],[-106.5738097,31.9055173],[-106.5738474,31.9055525],[-106.5738486,31.9055834],[-106.5738812,31.905594],[-106.5739402,31.9055951]]]}},{"type":"Feature","properties":{"id":859964686,"kind":"pack","natural":"water"},"geometry":{"type":"Polygon","coordinates":[[[-106.5749638,31.9001862],[-106.5750302,31.9001511],[-106.575034,31.900101],[-106.5748107,31.8999626],[-106.5746226,31.8999093],[-106.574536,31.8998987],[-106.574472,31.899871],[-106.5743717,31.8998305],[-106.5742751,31.8998337],[-106.5742663,31.8998806],[-106.5742989,31.8999338],[-106.5745799,31.9000669],[-106.5747982,31.9001521],[-106.5748872,31.9001947],[-106.5749638,31.9001862]]]}},{"type":"Feature","properties":{"id":931767005,"kind":"pack","natural":"water"},"geometry":{"type":"Polygon","coordinates":[[[-106.6119157,31.863058],[-106.6120447,31.8630509],[-106.6121301,31.8630215],[-106.6121366,31.8629844],[-106.6121173,31.8629528],[-106.6120042,31.8629028],[-106.6119519,31.8628689],[-106.6119297,31.8628166],[-106.6119219,31.8626558],[-106.6118957,31.8625611],[-106.6119045,31.8625019],[-106.6119239,31.8624643],[-106.6119233,31.8622405],[-106.611897,31.8621272],[-106.6119314,31.8620392],[-106.6119399,31.8617034],[-106.6120098,31.8615906],[-106.6120228,31.8614898],[-106.6120204,31.8613535],[-106.611935,31.8613132],[-106.611839,31.8613271],[-106.611764,31.8613735],[-106.6117173,31.8617904],[-106.6117529,31.861876],[-106.6116939,31.8619739],[-106.6116336,31.8622241],[-106.6114865,31.8622378],[-106.6114339,31.862277],[-106.6114289,31.8623338],[-106.6114666,31.8623971],[-106.6115174,31.8624079],[-106.6115784,31.8624264],[-106.6116164,31.8624687],[-106.6116028,31.8626633],[-106.6116273,31.8627309],[-106.6116195,31.8627872],[-106.61157,31.8628519],[-106.6115578,31.8629696],[-106.6115913,31.8630081],[-106.6116605,31.86304],[-106.6119157,31.863058]]]}},{"type":"Feature","properties":{"id":940834724,"kind":"pack","natural":"water"},"geometry":{"type":"Polygon","coordinates":[[[-106.595982,31.8954704],[-106.5960894,31.8954887],[-106.5962446,31.895463],[-106.5972856,31.895477],[-106.5979142,31.895451],[-106.5979741,31.8954182],[-106.5979994,31.8953566],[-106.5974935,31.8937262],[-106.5974458,31.8936905],[-106.5973689,31.8936767],[-106.5972554,31.8937411],[-106.5961082,31.8954026],[-106.5960758,31.8954186],[-106.5959962,31.8954396],[-106.595982,31.8954704]]]}},{"type":"Feature","properties":{"id":940880959,"kind":"pack","natural":"water"},"geometry":{"type":"Polygon","coordinates":[[[-106.5933153,31.882968],[-106.5932568,31.8830268],[-106.5930688,31.8830412],[-106.5925974,31.8830307],[-106.5925219,31.8830177],[-106.5924588,31.8829536],[-106.5924711,31.8826422],[-106.5925019,31.8825873],[-106.5925712,31.8825441],[-106.5931566,31.8825716],[-106.5932506,31.8826148],[-106.5932968,31.8826645],[-106.5933153,31.882968]]]}},{"type":"Feature","properties":{"id":942144019,"kind":"pack","natural":"water"},"geometry":{"type":"Polygon","coordinates":[[[-106.5806724,31.8371485],[-106.5804529,31.836944],[-106.5802486,31.8368777],[-106.5801486,31.8368899],[-106.5800568,31.8369738],[-106.5794122,31.8380998],[-106.5793647,31.8383651],[-106.5801761,31.8402084],[-106.580297,31.8403177],[-106.5804645,31.8403199],[-106.5806256,31.8402208],[-106.5806339,31.8400987],[-106.58006,31.8386288],[-106.5800785,31.8384994],[-106.5806865,31.8372928],[-106.5806724,31.8371485]]]}},{"type":"Feature","properties":{"id":1157074165,"kind":"pack","natural":"water"},"geometry":{"type":"Polygon","coordinates":[[[-106.5264667,31.828655],[-106.5268119,31.8283635],[-106.526624,31.8281983],[-106.5264449,31.8281222],[-106.5261565,31.8283635],[-106.5264077,31.828577],[-106.5264667,31.828655]]]}},{"type":"Feature","properties":{"id":1157076063,"kind":"pack","natural":"water"},"geometry":{"type":"Polygon","coordinates":[[[-106.5748416,31.9100982],[-106.5748458,31.9098319],[-106.5748512,31.9094827],[-106.5747192,31.9094705],[-106.5747072,31.9095479],[-106.5743615,31.9094827],[-106.5741022,31.9093747],[-106.5740614,31.9093584],[-106.5740398,31.9094257],[-106.5738069,31.9093584],[-106.5735885,31.9093279],[-106.5735573,31.9094033],[-106.57337,31.9093747],[-106.5731684,31.9093747],[-106.5730411,31.9093849],[-106.5727795,31.9093808],[-106.5727879,31.9094866],[-106.5727963,31.9095907],[-106.5731203,31.9096274],[-106.5735116,31.9096397],[-106.5737565,31.9096478],[-106.5740902,31.9097477],[-106.5743375,31.9098862],[-106.5746736,31.9100493],[-106.5748416,31.9100982]]]}},{"type":"Feature","properties":{"id":1157076065,"kind":"pack","natural":"water"},"geometry":{"type":"Polygon","coordinates":[[[-106.5740022,31.9122649],[-106.5739968,31.9116008],[-106.5748301,31.911613],[-106.5748236,31.9124103],[-106.5745856,31.9124092],[-106.5742059,31.9123024],[-106.5740022,31.9122649]]]}},{"type":"Feature","properties":{"id":1157076070,"kind":"pack","natural":"water"},"geometry":{"type":"Polygon","coordinates":[[[-106.5662969,31.9148039],[-106.5662796,31.9137744],[-106.5662746,31.9134761],[-106.5662021,31.9134051],[-106.5655664,31.913398],[-106.5655552,31.9137412],[-106.5642809,31.9137222],[-106.5641945,31.9139021],[-106.5641921,31.9141032],[-106.5641889,31.9145057],[-106.5659149,31.9147779],[-106.5662969,31.9148039]]]}},{"type":"Feature","properties":{"id":1175986738,"kind":"pack","natural":"water"},"geometry":{"type":"Polygon","coordinates":[[[-106.5550709,31.8870477],[-106.555119,31.8868602],[-106.555191,31.8867623],[-106.5562569,31.8864199],[-106.5564064,31.8863884],[-106.5567743,31.8868016],[-106.556761,31.8869621],[-106.556617,31.8889678],[-106.5565401,31.8891309],[-106.5564537,31.8891839],[-106.556012,31.8891798],[-106.5558247,31.889139],[-106.5557919,31.8891097],[-106.5556999,31.8890249],[-106.5554214,31.8887844],[-106.5552198,31.8885357],[-106.555191,31.888181],[-106.5551862,31.8877611],[-106.5550277,31.8873983],[-106.5550469,31.8872352],[-106.5550709,31.8870477]]]}},{"type":"Feature","properties":{"id":1204049331,"kind":"pack","natural":"water"},"geometry":{"type":"Polygon","coordinates":[[[-106.5886527,31.8919048],[-106.5886155,31.8918929],[-106.5885549,31.8918811],[-106.5879868,31.8918079],[-106.5879262,31.8918178],[-106.5878657,31.8918317],[-106.5878191,31.8918574],[-106.5877982,31.8918929],[-106.5877935,31.8919463],[-106.5877912,31.8920313],[-106.5878028,31.8920729],[-106.5878261,31.8921065],[-106.5878657,31.8921243],[-106.5879123,31.8921361],[-106.5879728,31.8921401],[-106.5885526,31.892144],[-106.5885875,31.8921361],[-106.5886318,31.8921144],[-106.5886481,31.8920906],[-106.5886714,31.8920452],[-106.58869,31.8919958],[-106.58869,31.8919582],[-106.588683,31.8919266],[-106.5886527,31.8919048]]]}},{"type":"Feature","properties":{"id":1204049332,"kind":"pack","natural":"water"},"geometry":{"type":"Polygon","coordinates":[[[-106.5897296,31.8926913],[-106.5897157,31.8926755],[-106.5896877,31.8926596],[-106.5896551,31.8926498],[-106.5895992,31.8926399],[-106.5894851,31.892632],[-106.5892337,31.892632],[-106.5892011,31.8926379],[-106.5891685,31.8926596],[-106.5891452,31.8926853],[-106.5891382,31.892719],[-106.5891242,31.8927941],[-106.5891289,31.8929957],[-106.5891405,31.8930511],[-106.5891615,31.8930867],[-106.5891824,31.8931124],[-106.5892127,31.8931223],[-106.5892523,31.8931322],[-106.5894269,31.8931341],[-106.5896016,31.8931302],[-106.5896644,31.8931183],[-106.5897017,31.8930966],[-106.5897203,31.8930669],[-106.5897296,31.8930333],[-106.5897366,31.8929878],[-106.589739,31.8927585],[-106.5897296,31.8926913]]]}},{"type":"Feature","properties":{"id":1234525871,"kind":"pack","natural":"water"},"geometry":{"type":"Polygon","coordinates":[[[-106.5604207,31.9041784],[-106.5604283,31.90389],[-106.5620772,31.9034031],[-106.5617554,31.90447],[-106.5604207,31.9041784]]]}},{"type":"Feature","properties":{"id":1235763008,"kind":"pack","natural":"water"},"geometry":{"type":"Polygon","coordinates":[[[-106.5238116,31.872987],[-106.5236454,31.8727345],[-106.5235546,31.8727169],[-106.5227366,31.8731153],[-106.5227082,31.8731915],[-106.5228794,31.8734376],[-106.5229088,31.8734235],[-106.5238116,31.872987]]]}},{"type":"Feature","properties":{"id":1235997757,"kind":"pack","natural":"water"},"geometry":{"type":"Polygon","coordinates":[[[-106.5279364,31.8700051],[-106.5279907,31.8696108],[-106.5279032,31.8694828],[-106.5269144,31.8699616],[-106.5268631,31.8700678],[-106.5269264,31.870224],[-106.527047,31.8703213],[-106.5271556,31.8703367],[-106.5272927,31.8703111],[-106.5279364,31.8700051]]]}},{"type":"Feature","properties":{"id":1343834629,"kind":"pack","natural":"water"},"geometry":{"type":"Polygon","coordinates":[[[-106.5819988,31.8516645],[-106.5814476,31.8518119],[-106.5810916,31.8508516],[-106.581464,31.850752],[-106.5815158,31.8508918],[-106.5816923,31.8508446],[-106.5817446,31.8509857],[-106.5819823,31.8509222],[-106.5820716,31.8511632],[-106.5818363,31.851226],[-106.5819988,31.8516645]]]}},{"type":"Feature","properties":{"id":1343834630,"kind":"pack","natural":"water"},"geometry":{"type":"Polygon","coordinates":[[[-106.5820192,31.8489526],[-106.581593,31.8489487],[-106.5815638,31.8488872],[-106.5819654,31.848789],[-106.5820192,31.8489526]]]}},{"type":"Feature","properties":{"id":1343834631,"kind":"pack","natural":"water"},"geometry":{"type":"Polygon","coordinates":[[[-106.5858978,31.8548412],[-106.5858091,31.8550455],[-106.5857764,31.8551268],[-106.5857461,31.8551307],[-106.5855686,31.854627],[-106.5855873,31.8545794],[-106.585718,31.8545477],[-106.5858325,31.8545536],[-106.5858908,31.854621],[-106.5859212,31.8547004],[-106.5858978,31.8548412]]]}},{"type":"Feature","properties":{"id":1343834632,"kind":"pack","natural":"water"},"geometry":{"type":"Polygon","coordinates":[[[-106.5784903,31.8433618],[-106.5784956,31.8444418],[-106.5783937,31.8444783],[-106.577986,31.843494],[-106.5779967,31.8433709],[-106.5784903,31.8433618]]]}},{"type":"Feature","properties":{"id":1343834655,"kind":"pack","natural":"water"},"geometry":{"type":"Polygon","coordinates":[[[-106.5736745,31.8447581],[-106.573448,31.8451191],[-106.5735647,31.8455218],[-106.5734129,31.8455614],[-106.5732377,31.845093],[-106.5732215,31.8450497],[-106.5732798,31.8447581],[-106.5736371,31.8447244],[-106.5736745,31.8447581]]]}},{"type":"Feature","properties":{"id":1343834668,"kind":"pack","natural":"water"},"geometry":{"type":"Polygon","coordinates":[[[-106.5842843,31.859422],[-106.5839393,31.8595764],[-106.5837205,31.8596209],[-106.5836373,31.8596],[-106.5832892,31.8589588],[-106.5833015,31.8588803],[-106.5839115,31.8585951],[-106.5842843,31.859422]]]}},{"type":"Feature","properties":{"id":1343834669,"kind":"pack","natural":"water"},"geometry":{"type":"Polygon","coordinates":[[[-106.5848112,31.8606546],[-106.5847742,31.8607618],[-106.5846972,31.8608665],[-106.58446,31.8609372],[-106.5843675,31.8608901],[-106.5837606,31.8598381],[-106.5842381,31.859634],[-106.584349,31.8596732],[-106.5844661,31.8598224],[-106.5848112,31.8606546]]]}},{"type":"Feature","properties":{"id":1343834670,"kind":"pack","natural":"water"},"geometry":{"type":"Polygon","coordinates":[[[-106.5836928,31.8584145],[-106.5831782,31.85865],[-106.5826945,31.8575614],[-106.5834309,31.857339],[-106.5837513,31.8579121],[-106.5835603,31.8580586],[-106.5836928,31.8584145]]]}},{"type":"Feature","properties":{"id":1343834673,"kind":"pack","natural":"water"},"geometry":{"type":"Polygon","coordinates":[[[-106.5857132,31.8651842],[-106.5857011,31.8654712],[-106.5856421,31.865494],[-106.5854973,31.865486],[-106.5853631,31.8653357],[-106.5853645,31.8652172],[-106.5854007,31.8651842],[-106.585457,31.8651694],[-106.5856728,31.8651694],[-106.5857132,31.8651842]]]}},{"type":"Feature","properties":{"id":1343834678,"kind":"pack","natural":"water"},"geometry":{"type":"Polygon","coordinates":[[[-106.5925353,31.8559387],[-106.5924119,31.8562166],[-106.592361,31.856408],[-106.5923583,31.8565105],[-106.59242,31.8567953],[-106.5924817,31.8570368],[-106.5924843,31.8571234],[-106.5924629,31.8571712],[-106.592192,31.8573033],[-106.5921008,31.8573102],[-106.5920337,31.8572988],[-106.591323,31.8562781],[-106.5912613,31.8562485],[-106.589829,31.8562075],[-106.5896653,31.8561346],[-106.5895473,31.8560526],[-106.5895178,31.8559888],[-106.5895232,31.8559159],[-106.5895607,31.8558681],[-106.5896197,31.8558544],[-106.5898638,31.855843],[-106.5904164,31.8558521],[-106.5911915,31.8557678],[-106.5914812,31.8557223],[-106.5919506,31.8556949],[-106.5924173,31.8557496],[-106.5924924,31.8557974],[-106.5925353,31.855859],[-106.5925514,31.8558886],[-106.5925353,31.8559387]]]}},{"type":"Feature","properties":{"id":1343834716,"kind":"pack","natural":"water"},"geometry":{"type":"Polygon","coordinates":[[[-106.5818544,31.8294994],[-106.581238,31.8298743],[-106.5811679,31.8298862],[-106.5810816,31.8298684],[-106.5809555,31.8297732],[-106.5809486,31.8297393],[-106.5810718,31.8293935],[-106.5811708,31.8292341],[-106.5814473,31.8289547],[-106.5815099,31.8289579],[-106.5818635,31.8294662],[-106.5818544,31.8294994]]]}},{"type":"Feature","properties":{"id":1500622150,"kind":"pack","natural":"water"},"geometry":{"type":"Polygon","coordinates":[[[-106.6120111,31.8610149],[-106.611929,31.8610578],[-106.6118191,31.8610629],[-106.611766,31.8610374],[-106.6117389,31.8607787],[-106.6118209,31.860677],[-106.611812,31.8605682],[-106.611815,31.8604226],[-106.6117477,31.860359],[-106.6115806,31.8602967],[-106.6115912,31.8602642],[-106.6118223,31.8603034],[-106.6119323,31.8602904],[-106.6120203,31.8602205],[-106.6120274,31.8605543],[-106.6120145,31.860698],[-106.611966,31.8607907],[-106.612017,31.8609073],[-106.6120111,31.8610149]]]}},{"type":"Feature","properties":{"id":1500622151,"kind":"pack","natural":"water"},"geometry":{"type":"Polygon","coordinates":[[[-106.6114871,31.8600505],[-106.6116315,31.8600334],[-106.6117456,31.859977],[-106.6117598,31.8597403],[-106.6117115,31.8596936],[-106.6116925,31.8596231],[-106.6117398,31.8595578],[-106.6117384,31.8593543],[-106.6116817,31.8592777],[-106.6114176,31.8592763],[-106.611379,31.8593001],[-106.6113736,31.8594256],[-106.6113983,31.8594867],[-106.6113584,31.8595583],[-106.611348,31.8597168],[-106.6113974,31.8597849],[-106.611427,31.8598586],[-106.6113937,31.8599212],[-106.6114317,31.8600199],[-106.6114871,31.8600505]]]}},{"type":"Feature","properties":{"id":1500622152,"kind":"pack","natural":"water"},"geometry":{"type":"Polygon","coordinates":[[[-106.611734,31.8589772],[-106.6120068,31.8589908],[-106.6120127,31.8589351],[-106.6119529,31.8588416],[-106.6120001,31.8587305],[-106.6120032,31.8584902],[-106.6119786,31.8584248],[-106.61186,31.8584108],[-106.6117551,31.8584258],[-106.6118053,31.8585826],[-106.6117407,31.858701],[-106.611734,31.8589772]]]}},{"type":"Feature","properties":{"id":1500622153,"kind":"pack","natural":"water"},"geometry":{"type":"Polygon","coordinates":[[[-106.6118031,31.858147],[-106.6118685,31.8581661],[-106.6120167,31.8581618],[-106.6120436,31.8580591],[-106.6119778,31.8579564],[-106.6120346,31.8578601],[-106.6120512,31.8577485],[-106.612025,31.8576184],[-106.6119261,31.8575805],[-106.6118184,31.8575966],[-106.6117918,31.8576481],[-106.6117931,31.8577282],[-106.6118447,31.8577822],[-106.611837,31.8578425],[-106.6117898,31.8579007],[-106.6117781,31.8581092],[-106.6118031,31.858147]]]}},{"type":"Feature","properties":{"id":1503416522,"kind":"pack","natural":"water"},"geometry":{"type":"Polygon","coordinates":[[[-106.5670011,31.8349261],[-106.5674789,31.8346849],[-106.5674868,31.8346559],[-106.5672043,31.8342525],[-106.5671689,31.8342445],[-106.5666626,31.8344602],[-106.5666518,31.8344855],[-106.5669626,31.8349184],[-106.5670011,31.8349261]]]}},{"type":"Feature","properties":{"id":347012668,"kind":"pack","natural":"water"},"geometry":{"type":"Polygon","coordinates":[[[-106.3915955,31.9243509],[-106.3894235,31.9240409],[-106.3894729,31.9225494],[-106.3891767,31.9223734],[-106.3827201,31.9223566],[-106.3825127,31.9220466],[-106.382572,31.9202198],[-106.380864,31.9201528],[-106.3807159,31.9152003],[-106.3817229,31.9134656],[-106.3818194,31.9133139],[-106.3851642,31.913368],[-106.3853351,31.9133235],[-106.3853266,31.9107627],[-106.3850846,31.9100756],[-106.3839868,31.9099207],[-106.3846551,31.9088563],[-106.3853462,31.9088144],[-106.3867086,31.9068952],[-106.3872219,31.9067443],[-106.3904206,31.9067108],[-106.3906773,31.9102391],[-106.3910525,31.9103313],[-106.3920496,31.9104067],[-106.3920891,31.9131136],[-106.3918522,31.9133147],[-106.3901442,31.9133566],[-106.3897197,31.9136667],[-106.389848,31.9168092],[-106.3903812,31.917245],[-106.3920595,31.9172282],[-106.3922569,31.9175132],[-106.3922668,31.9197171],[-106.3926913,31.9199601],[-106.3937378,31.9199768],[-106.3937082,31.921217],[-106.3934855,31.9215466],[-106.3933307,31.9217769],[-106.3931458,31.9220502],[-106.3923812,31.9231854],[-106.3915955,31.9243509]]]}},{"type":"Feature","properties":{"id":347012672,"kind":"pack","name":"Desert Basin","natural":"water"},"geometry":{"type":"Polygon","coordinates":[[[-106.394568,31.9251261],[-106.393917,31.9253009],[-106.3927331,31.9266026],[-106.3926564,31.9267258],[-106.3926523,31.9268287],[-106.3931434,31.9281971],[-106.3932134,31.9282939],[-106.3933419,31.9283592],[-106.3946794,31.9283424],[-106.3948167,31.9283653],[-106.3948571,31.9285026],[-106.3948144,31.928598],[-106.3947611,31.9286397],[-106.3937004,31.9286685],[-106.3934446,31.9287222],[-106.3934184,31.9288297],[-106.3993199,31.9458732],[-106.3998735,31.9470553],[-106.3999465,31.947112],[-106.4000347,31.9471299],[-106.4001485,31.9471896],[-106.4002318,31.9471846],[-106.4037703,31.9448408],[-106.4038167,31.9447058],[-106.4037458,31.9444185],[-106.4007883,31.9365786],[-106.3979252,31.9287028],[-106.3978371,31.9286479],[-106.397722,31.9286349],[-106.3964849,31.9286014],[-106.3962754,31.928495],[-106.3962417,31.928392],[-106.3964192,31.928323],[-106.3975035,31.928342],[-106.3976155,31.9282572],[-106.3976453,31.928201],[-106.3968264,31.9254565],[-106.3967415,31.9253625],[-106.3966379,31.925314],[-106.3949141,31.925083],[-106.394568,31.9251261]]]}},{"type":"Feature","properties":{"id":347012691,"kind":"pack","natural":"water"},"geometry":{"type":"Polygon","coordinates":[[[-106.4424999,31.9261552],[-106.4423245,31.9261308],[-106.4421715,31.9261471],[-106.4419817,31.9261929],[-106.441873,31.926246],[-106.4419136,31.9276672],[-106.4425175,31.927642],[-106.4424999,31.9261552]]]}},{"type":"Feature","properties":{"id":347022969,"kind":"pack","natural":"water"},"geometry":{"type":"Polygon","coordinates":[[[-106.4249477,31.8401254],[-106.4237493,31.8401538],[-106.4216769,31.8403866],[-106.4213189,31.8410716],[-106.4213623,31.8414034],[-106.419682,31.8412413],[-106.4192372,31.8409022],[-106.4191507,31.8404711],[-106.4191713,31.8400681],[-106.4191839,31.8396624],[-106.4193048,31.8390014],[-106.4192869,31.8373032],[-106.4194007,31.8365292],[-106.4194476,31.835296],[-106.419488,31.8345295],[-106.4197167,31.8340329],[-106.4196955,31.8326934],[-106.419666,31.831666],[-106.4196743,31.8304717],[-106.4196857,31.8299123],[-106.4197438,31.8296864],[-106.4195523,31.8293556],[-106.4192725,31.8291139],[-106.4192661,31.8290136],[-106.4186725,31.8287551],[-106.4186983,31.828654],[-106.4187581,31.8286011],[-106.4188289,31.8285903],[-106.4192631,31.8287387],[-106.419467,31.8287987],[-106.4196995,31.8286868],[-106.4204267,31.8289297],[-106.4230474,31.8290162],[-106.4279,31.828929],[-106.4283697,31.8290127],[-106.4283598,31.8293189],[-106.42838,31.8305328],[-106.4281469,31.8344714],[-106.428212,31.8347879],[-106.4281154,31.8350156],[-106.4278617,31.835453],[-106.4276434,31.8357089],[-106.4272865,31.8363516],[-106.4270764,31.836767],[-106.4268267,31.8372747],[-106.4266157,31.8376283],[-106.4264095,31.8379674],[-106.4249477,31.8401254]]]}},{"type":"Feature","properties":{"id":372768810,"kind":"pack","natural":"water"},"geometry":{"type":"Polygon","coordinates":[[[-106.4023223,31.9292804],[-106.4023062,31.9291416],[-106.4022847,31.9289503],[-106.4022901,31.9286658],[-106.402274,31.9286385],[-106.4022364,31.9286134],[-106.4022043,31.9286112],[-106.4017322,31.9286112],[-106.401692,31.928618],[-106.4016705,31.9286408],[-106.4016517,31.9286726],[-106.4016544,31.9292645],[-106.4019682,31.9292622],[-106.4019682,31.9292827],[-106.4023223,31.9292804]]]}},{"type":"Feature","properties":{"id":399497054,"kind":"pack","natural":"water"},"geometry":{"type":"Polygon","coordinates":[[[-106.4109666,31.8249093],[-106.4108772,31.8249439],[-106.4103487,31.8249439],[-106.4102633,31.8249266],[-106.4102227,31.8248437],[-106.4102145,31.8243808],[-106.4102227,31.8243221],[-106.4102877,31.8242945],[-106.4108691,31.8242772],[-106.4109544,31.8243014],[-106.4109788,31.8243635],[-106.410987,31.8248541],[-106.4109666,31.8249093]]]}},{"type":"Feature","properties":{"id":399497055,"kind":"pack","natural":"water"},"geometry":{"type":"Polygon","coordinates":[[[-106.4108119,31.8239419],[-106.4108038,31.8236725],[-106.4100031,31.8236898],[-106.4100112,31.8239593],[-106.4108119,31.8239419]]]}},{"type":"Feature","properties":{"id":399497056,"kind":"pack","natural":"water"},"geometry":{"type":"Polygon","coordinates":[[[-106.4119504,31.8238623],[-106.4119443,31.8238292],[-106.4119265,31.8237993],[-106.4118986,31.8237755],[-106.4118634,31.8237603],[-106.4118244,31.823755],[-106.4117819,31.8237614],[-106.4117443,31.8237795],[-106.4117162,31.8238074],[-106.4117009,31.8238418],[-106.4117001,31.8238785],[-106.411714,31.8239133],[-106.4117409,31.823942],[-106.4117776,31.8239613],[-106.4118199,31.8239689],[-106.4118627,31.8239639],[-106.411898,31.8239489],[-106.411926,31.8239253],[-106.4119441,31.8238954],[-106.4119504,31.8238623]]]}},{"type":"Feature","properties":{"id":468606181,"kind":"pack","natural":"water"},"geometry":{"type":"Polygon","coordinates":[[[-106.4272596,31.8848062],[-106.4272225,31.8847282],[-106.4270659,31.8846126],[-106.4265357,31.8843647],[-106.4264139,31.8843538],[-106.4263483,31.8843282],[-106.4262159,31.8841509],[-106.4262206,31.8841341],[-106.4262515,31.8841139],[-106.4262429,31.8841081],[-106.4262319,31.8841004],[-106.4261781,31.8841062],[-106.4261713,31.8841444],[-106.4262914,31.8843127],[-106.4263055,31.8843862],[-106.4262674,31.8851602],[-106.4262398,31.8864168],[-106.4262101,31.8870747],[-106.4262374,31.8875792],[-106.4262617,31.8876168],[-106.426259,31.8876812],[-106.4262784,31.8877191],[-106.4262979,31.8878985],[-106.4263341,31.8879026],[-106.4263559,31.8879164],[-106.4263762,31.8879249],[-106.4264006,31.88793],[-106.4264088,31.8879398],[-106.4264228,31.8879401],[-106.4264338,31.8879403],[-106.4264394,31.88793],[-106.4264739,31.8879234],[-106.4264927,31.8879132],[-106.4265022,31.8879011],[-106.4265297,31.8878986],[-106.426503,31.8876613],[-106.4265224,31.8876105],[-106.4265603,31.8875737],[-106.4267554,31.886748],[-106.4271687,31.8850516],[-106.4272596,31.8848062]]]}},{"type":"Feature","properties":{"id":468993401,"kind":"pack","natural":"water"},"geometry":{"type":"Polygon","coordinates":[[[-106.4340063,31.8821902],[-106.434279,31.8822625],[-106.4345145,31.8823248],[-106.4343996,31.8826257],[-106.4343514,31.8827829],[-106.4343495,31.8828603],[-106.4343659,31.8829312],[-106.4343546,31.8830377],[-106.4342855,31.8832019],[-106.4341514,31.8833407],[-106.4339938,31.8834042],[-106.4337971,31.8834428],[-106.4335626,31.8834293],[-106.4331847,31.8833005],[-106.4328124,31.8831161],[-106.4323157,31.8828285],[-106.4322931,31.882371],[-106.4335998,31.8826708],[-106.4337445,31.8826446],[-106.4338301,31.8825643],[-106.4340063,31.8821902]]]}},{"type":"Feature","properties":{"id":468993402,"kind":"pack","natural":"water"},"geometry":{"type":"Polygon","coordinates":[[[-106.4345888,31.8820844],[-106.4343783,31.8820231],[-106.4340899,31.8819386],[-106.4340899,31.8818065],[-106.4340738,31.8816926],[-106.4340684,31.8815833],[-106.4339558,31.8813647],[-106.433768,31.8811734],[-106.4330706,31.880686],[-106.4328722,31.8805539],[-106.4329312,31.8804901],[-106.4330063,31.8804536],[-106.4330975,31.8804445],[-106.4338538,31.8810504],[-106.4341382,31.8807543],[-106.434342,31.8808955],[-106.4345405,31.8811096],[-106.4347121,31.8814376],[-106.4347229,31.8816243],[-106.4347024,31.8817973],[-106.4345888,31.8820844]]]}},{"type":"Feature","properties":{"id":515464482,"kind":"pack","natural":"water"},"geometry":{"type":"Polygon","coordinates":[[[-106.4039987,31.8234538],[-106.4038967,31.8234674],[-106.403548,31.8234629],[-106.4030867,31.8229091],[-106.4030572,31.8228612],[-106.4030036,31.8223872],[-106.4030304,31.8223234],[-106.4039665,31.8223165],[-106.4040147,31.8223712],[-106.4040335,31.8233831],[-106.4040228,31.8234264],[-106.4039987,31.8234538]]]}},{"type":"Feature","properties":{"id":515464483,"kind":"pack","natural":"water"},"geometry":{"type":"Polygon","coordinates":[[[-106.4028952,31.8255462],[-106.4027628,31.8255844],[-106.4024966,31.8254903],[-106.4024063,31.8252966],[-106.4024646,31.8244162],[-106.4025227,31.8243745],[-106.4028387,31.8243762],[-106.4029692,31.8244127],[-106.4030762,31.8244811],[-106.4030869,31.8245765],[-106.4030868,31.8245891],[-106.4030864,31.8246281],[-106.4031123,31.8248711],[-106.4031136,31.8250092],[-106.4031151,31.8251784],[-106.4030523,31.8253536],[-106.403006,31.8254612],[-106.4028952,31.8255462]]]}},{"type":"Feature","properties":{"id":605068823,"kind":"pack","natural":"water"},"geometry":{"type":"Polygon","coordinates":[[[-106.4400745,31.9371947],[-106.4400866,31.9372095],[-106.4400987,31.937222],[-106.4401228,31.9372323],[-106.4401617,31.9372368],[-106.4401899,31.9372311],[-106.440218,31.9372254],[-106.4402395,31.9372084],[-106.4402515,31.9371856],[-106.4402475,31.9371594],[-106.4402341,31.9371446],[-106.44021,31.9371321],[-106.4401845,31.9371264],[-106.4401536,31.9371207],[-106.4401295,31.9371207],[-106.4401067,31.9371276],[-106.4400906,31.9371378],[-106.4400799,31.9371537],[-106.4400759,31.9371719],[-106.4400745,31.9371947]]]}},{"type":"Feature","properties":{"id":616216685,"kind":"pack","natural":"water"},"geometry":{"type":"Polygon","coordinates":[[[-106.4187197,31.8270963],[-106.4192427,31.8270824],[-106.419635,31.8270427],[-106.4202077,31.8270102],[-106.4202281,31.827009],[-106.4204616,31.8269673],[-106.420555,31.8269554],[-106.4206679,31.8268924],[-106.4207021,31.8268939],[-106.4207114,31.8269554],[-106.4211574,31.8269495],[-106.4211014,31.8271082],[-106.4209146,31.8272133],[-106.4206554,31.8273879],[-106.4203378,31.8275268],[-106.4201043,31.8275883],[-106.4198055,31.8276081],[-106.4195603,31.8275804],[-106.419098,31.8274098],[-106.4188154,31.8272748],[-106.4185913,31.8272173],[-106.4184068,31.8271618],[-106.4184371,31.8270923],[-106.4185796,31.8270804],[-106.4186671,31.8270903],[-106.4187197,31.8270963]]]}},{"type":"Feature","properties":{"id":762737671,"kind":"pack","name":"Underwood Golf Pond","natural":"water"},"geometry":{"type":"Polygon","coordinates":[[[-106.4299725,31.8411033],[-106.4300249,31.8410054],[-106.4300179,31.840857],[-106.4300249,31.8407472],[-106.4300668,31.8405869],[-106.4301018,31.840483],[-106.4300763,31.840413],[-106.4300164,31.8403778],[-106.4299565,31.8403895],[-106.4298551,31.8404385],[-106.429756,31.8404678],[-106.4296776,31.840507],[-106.4296177,31.8405794],[-106.4295048,31.8406323],[-106.4294402,31.8406793],[-106.4293987,31.8407752],[-106.4294356,31.840832],[-106.4294909,31.8408496],[-106.4295578,31.8408281],[-106.4296453,31.8407811],[-106.4296984,31.8407478],[-106.4297421,31.8407635],[-106.4297537,31.8407909],[-106.4297306,31.8408966],[-106.4297076,31.8410376],[-106.4297053,31.8410963],[-106.4297744,31.8411531],[-106.429885,31.841157],[-106.4299725,31.8411033]]]}},{"type":"Feature","properties":{"id":762737672,"kind":"pack","name":"Underwood Golf Pond","natural":"water"},"geometry":{"type":"Polygon","coordinates":[[[-106.427229,31.8413853],[-106.4274216,31.8412183],[-106.4274698,31.8410444],[-106.4274337,31.8408637],[-106.4273374,31.8408365],[-106.4271889,31.8408774],[-106.4272009,31.8410205],[-106.4271929,31.8411296],[-106.4270845,31.8412285],[-106.426916,31.8412762],[-106.4267274,31.8412796],[-106.4264786,31.8412796],[-106.426302,31.8413069],[-106.4263101,31.8413819],[-106.4263422,31.8414808],[-106.4265308,31.8414876],[-106.4269321,31.8414637],[-106.427229,31.8413853]]]}},{"type":"Feature","properties":{"id":762737673,"kind":"pack","name":"Underwood Golf Pond","natural":"water"},"geometry":{"type":"Polygon","coordinates":[[[-106.4261014,31.8416921],[-106.4260372,31.8416205],[-106.4259489,31.8416239],[-106.4258927,31.8416955],[-106.4258285,31.8418694],[-106.4258566,31.8420671],[-106.4259489,31.8423398],[-106.4259529,31.8426227],[-106.4258446,31.8428852],[-106.4257162,31.8431886],[-106.4255837,31.8434852],[-106.4255195,31.8436181],[-106.4253911,31.8436795],[-106.425339,31.8437204],[-106.4253791,31.8437954],[-106.4255396,31.8438193],[-106.4257001,31.843734],[-106.4258365,31.8434647],[-106.4260051,31.843025],[-106.4261014,31.8427966],[-106.4261776,31.8424796],[-106.4261696,31.8421796],[-106.4261335,31.842033],[-106.4260773,31.8419103],[-106.4261014,31.8416921]]]}},{"type":"Feature","properties":{"id":762737674,"kind":"pack","name":"Underwood Good Golf Pond","natural":"water"},"geometry":{"type":"Polygon","coordinates":[[[-106.4249984,31.8459599],[-106.4249181,31.8458747],[-106.4249462,31.8457929],[-106.4251147,31.845769],[-106.4252311,31.8458201],[-106.425512,31.8457861],[-106.4256364,31.8458508],[-106.4257568,31.8458508],[-106.425821,31.8459224],[-106.4259775,31.8459463],[-106.4260417,31.8460213],[-106.4259976,31.8460758],[-106.4258932,31.8461133],[-106.4257809,31.8460826],[-106.4256083,31.8460792],[-106.4254839,31.8460724],[-106.4253234,31.8460349],[-106.4251428,31.8459701],[-106.4249984,31.8459599]]]}},{"type":"Feature","properties":{"id":762737675,"kind":"pack","name":"Underwood Gold Pond","natural":"water"},"geometry":{"type":"Polygon","coordinates":[[[-106.4248378,31.8448043],[-106.4247828,31.8448087],[-106.4247405,31.8447979],[-106.4246934,31.8447839],[-106.4246292,31.8446782],[-106.4246211,31.8445862],[-106.4247054,31.8445009],[-106.4248218,31.8443987],[-106.4249181,31.8443169],[-106.4250224,31.8442248],[-106.4250746,31.8441635],[-106.4251027,31.8440919],[-106.4251789,31.8440203],[-106.4253435,31.8439521],[-106.4254398,31.8439657],[-106.4254719,31.8440169],[-106.4253675,31.8440714],[-106.4252632,31.8442282],[-106.4251107,31.8444089],[-106.4249984,31.844518],[-106.42489,31.8445862],[-106.4248218,31.8446952],[-106.4248459,31.8447566],[-106.4248378,31.8448043]]]}},{"type":"Feature","properties":{"id":1065391550,"kind":"pack","natural":"water"},"geometry":{"type":"Polygon","coordinates":[[[-106.4026949,31.919437],[-106.402373,31.9194334],[-106.4024245,31.9182094],[-106.4030854,31.9182058],[-106.4026949,31.919437]]]}},{"type":"Feature","properties":{"id":1065391551,"kind":"pack","natural":"water"},"geometry":{"type":"Polygon","coordinates":[[[-106.4008667,31.9205517],[-106.4008624,31.9199506],[-106.4001586,31.9199324],[-106.4001672,31.9205444],[-106.4008667,31.9205517]]]}},{"type":"Feature","properties":{"id":1065391552,"kind":"pack","natural":"water"},"geometry":{"type":"Polygon","coordinates":[[[-106.3954723,31.9214441],[-106.3954723,31.9206609],[-106.3951289,31.9206026],[-106.3949401,31.9206281],[-106.3948028,31.9207775],[-106.3946354,31.9210798],[-106.3954723,31.9214441]]]}},{"type":"Feature","properties":{"id":1065391570,"kind":"pack","natural":"water"},"geometry":{"type":"Polygon","coordinates":[[[-106.3885868,31.8323118],[-106.3885745,31.8323202],[-106.3884912,31.8323172],[-106.387967,31.8322984],[-106.3868256,31.8322716],[-106.3867022,31.8319799],[-106.3867002,31.8319674],[-106.3867099,31.8319552],[-106.3884857,31.831896],[-106.388557,31.831916],[-106.3885743,31.83193],[-106.3885909,31.8322973],[-106.3885868,31.8323118]]]}},{"type":"Feature","properties":{"id":1075931693,"kind":"pack","natural":"water"},"geometry":{"type":"Polygon","coordinates":[[[-106.4069382,31.9141785],[-106.4069471,31.914049],[-106.4068816,31.9140659],[-106.4052851,31.9140629],[-106.4052296,31.9140675],[-106.4051841,31.9140837],[-106.4051404,31.9141092],[-106.4051031,31.9141401],[-106.4050749,31.9141973],[-106.4049638,31.9145071],[-106.4047663,31.9150626],[-106.4040561,31.9170684],[-106.4039726,31.9173061],[-106.4036268,31.9182548],[-106.4020038,31.9228046],[-106.4019592,31.9228572],[-106.4018936,31.9229223],[-106.4018217,31.9229612],[-106.4017301,31.9229875],[-106.4016545,31.9229959],[-106.3980436,31.9229896],[-106.3974725,31.9229507],[-106.3968519,31.922875],[-106.3955314,31.922608],[-106.3953679,31.9225291],[-106.394756,31.9223146],[-106.3940177,31.921811],[-106.3937055,31.9216565],[-106.3934855,31.9215466],[-106.3931458,31.9220502],[-106.393428,31.9221275],[-106.393739,31.9222558],[-106.3941874,31.9223672],[-106.3946792,31.9224839],[-106.3953047,31.9227058],[-106.3958225,31.9228487],[-106.3964481,31.9229833],[-106.3970142,31.9230737],[-106.3975716,31.9231337],[-106.3980807,31.9231631],[-106.398627,31.9231694],[-106.3993145,31.9231789],[-106.400469,31.9231715],[-106.4020621,31.9231642],[-106.40229,31.9231579],[-106.4028536,31.9231621],[-106.4044726,31.92316],[-106.4055194,31.9231579],[-106.406166,31.923161],[-106.406721,31.9231673],[-106.407162,31.9231705],[-106.4071582,31.922977],[-106.407105,31.9229707],[-106.4069898,31.9229928],[-106.4047006,31.9229991],[-106.4021042,31.9230001],[-106.4020435,31.9229928],[-106.4020026,31.9229802],[-106.4020645,31.9229276],[-106.4021748,31.9228004],[-106.4023829,31.9221948],[-106.4029688,31.9205588],[-106.403302,31.9196262],[-106.4035609,31.918887],[-106.4040097,31.9176244],[-106.4046711,31.9157276],[-106.4051962,31.9142237],[-106.4052345,31.9141856],[-106.4053435,31.9141785],[-106.4069382,31.9141785]]]}},{"type":"Feature","properties":{"id":1136360479,"kind":"pack","natural":"water"},"geometry":{"type":"Polygon","coordinates":[[[-106.3808935,31.8310858],[-106.3809301,31.8310703],[-106.3809444,31.8310167],[-106.3809078,31.8301791],[-106.3808935,31.830129],[-106.380861,31.8300962],[-106.3808265,31.830129],[-106.3808102,31.8301808],[-106.3808407,31.8310202],[-106.3808509,31.831072],[-106.3808935,31.8310858]]]}},{"type":"Feature","properties":{"id":1136373369,"kind":"pack","natural":"water"},"geometry":{"type":"Polygon","coordinates":[[[-106.3824701,31.8324454],[-106.3824691,31.8324368],[-106.3824721,31.8324247],[-106.3825534,31.8323781],[-106.3826449,31.8323625],[-106.3828593,31.832353],[-106.3833309,31.832347],[-106.3833531,31.8323478],[-106.3833584,31.8323547],[-106.3833629,31.8323621],[-106.3833604,31.8324143],[-106.3833309,31.8324497],[-106.3832557,31.8324851],[-106.3830718,31.8325024],[-106.3828309,31.8324964],[-106.3826215,31.8324981],[-106.3825097,31.8324687],[-106.3824701,31.8324454]]]}},{"type":"Feature","properties":{"id":1136631083,"kind":"pack","natural":"water"},"geometry":{"type":"Polygon","coordinates":[[[-106.3856914,31.8309033],[-106.3857199,31.8309637],[-106.3857575,31.830981],[-106.3858154,31.8309939],[-106.3858794,31.8309983],[-106.3859282,31.8309818],[-106.3859882,31.8309499],[-106.386037,31.830924],[-106.386043,31.8309125],[-106.3860573,31.8308851],[-106.3860431,31.8306097],[-106.3860126,31.8305622],[-106.3859577,31.8305337],[-106.3859257,31.8305323],[-106.3858977,31.8305311],[-106.3858357,31.8305328],[-106.3857656,31.8305423],[-106.3857056,31.8305561],[-106.3856629,31.8305699],[-106.3856528,31.8306166],[-106.3856914,31.8309033]]]}},{"type":"Feature","properties":{"id":1136631090,"kind":"pack","natural":"water"},"geometry":{"type":"Polygon","coordinates":[[[-106.3858657,31.8297335],[-106.3860441,31.8297324],[-106.3861017,31.8297062],[-106.3861473,31.8296789],[-106.3861581,31.8296014],[-106.3861373,31.8295518],[-106.3861105,31.8295216],[-106.3861102,31.8295157],[-106.3861098,31.8295085],[-106.3859971,31.829484],[-106.3851496,31.8295057],[-106.3851281,31.8295341],[-106.3851093,31.8295626],[-106.3851095,31.8295779],[-106.3851098,31.8295835],[-106.3851335,31.8296276],[-106.3851938,31.8296777],[-106.3852998,31.8296868],[-106.385334,31.8297014],[-106.385386,31.8297077],[-106.3853964,31.8297076],[-106.3854067,31.8297076],[-106.3858657,31.8297335]]]}},{"type":"Feature","properties":{"id":1136834966,"kind":"pack","natural":"water"},"geometry":{"type":"Polygon","coordinates":[[[-106.3929473,31.8322108],[-106.3929808,31.8322281],[-106.3930729,31.8322277],[-106.3931719,31.8322272],[-106.393237,31.8322376],[-106.3932502,31.8322298],[-106.3932593,31.8322169],[-106.393176,31.8321625],[-106.3931658,31.8314389],[-106.3931496,31.8314242],[-106.3931272,31.8314207],[-106.393112,31.8314354],[-106.3930815,31.83209],[-106.3930642,31.8321271],[-106.3930296,31.8321418],[-106.3929829,31.8321444],[-106.3929473,31.832153],[-106.3929371,31.8321815],[-106.3929473,31.8322108]]]}},{"type":"Feature","properties":{"id":1137757044,"kind":"pack","natural":"water"},"geometry":{"type":"Polygon","coordinates":[[[-106.3921329,31.8289033],[-106.3922834,31.8289214],[-106.3924378,31.8289258],[-106.3926127,31.8289275],[-106.3927722,31.8289154],[-106.3928983,31.8288834],[-106.3929887,31.828848],[-106.3930456,31.8288161],[-106.3930451,31.8287781],[-106.3930446,31.8287436],[-106.3930162,31.8287315],[-106.3928688,31.8287263],[-106.3923006,31.828722],[-106.3922854,31.8287224],[-106.3922732,31.8287228],[-106.3921665,31.8287427],[-106.3920669,31.8287815],[-106.3920293,31.8288118],[-106.3920221,31.8288394],[-106.3920394,31.8288627],[-106.3921329,31.8289033]]]}},{"type":"Feature","properties":{"id":1137757049,"kind":"pack","natural":"water"},"geometry":{"type":"Polygon","coordinates":[[[-106.3903069,31.8289783],[-106.390425,31.8290083],[-106.3905549,31.8290179],[-106.3907938,31.8290185],[-106.3908336,31.8290187],[-106.3908708,31.8290081],[-106.3908973,31.8289735],[-106.390892,31.8288412],[-106.390869,31.8288224],[-106.3904222,31.8288177],[-106.3903206,31.8288293],[-106.390286,31.828879],[-106.3902848,31.8289158],[-106.3903069,31.8289783]]]}},{"type":"Feature","properties":{"id":1147423316,"kind":"pack","natural":"water","surface":"gravel"},"geometry":{"type":"Polygon","coordinates":[[[-106.3928309,31.8271463],[-106.3928248,31.8270793],[-106.392746,31.8270845],[-106.3927506,31.8271357],[-106.392752,31.8271515],[-106.3928309,31.8271463]]]}},{"type":"Feature","properties":{"id":1147423318,"kind":"pack","natural":"water","surface":"gravel"},"geometry":{"type":"Polygon","coordinates":[[[-106.3924539,31.8271781],[-106.3924497,31.8271066],[-106.3923642,31.8271103],[-106.3923684,31.8271817],[-106.3924539,31.8271781]]]}},{"type":"Feature","properties":{"id":1147423319,"kind":"pack","natural":"water","surface":"gravel"},"geometry":{"type":"Polygon","coordinates":[[[-106.3924694,31.8281673],[-106.3924681,31.8281411],[-106.3924272,31.8281434],[-106.3924292,31.8281702],[-106.3924694,31.8281673]]]}},{"type":"Feature","properties":{"id":1147423320,"kind":"pack","natural":"water","surface":"gravel"},"geometry":{"type":"Polygon","coordinates":[[[-106.3923876,31.8283816],[-106.3923883,31.8283417],[-106.3923273,31.8283417],[-106.3923266,31.8283827],[-106.3923876,31.8283816]]]}},{"type":"Feature","properties":{"id":1147423321,"kind":"pack","natural":"water","surface":"gravel"},"geometry":{"type":"Polygon","coordinates":[[[-106.3924452,31.8275313],[-106.3924445,31.8274999],[-106.3924117,31.8275005],[-106.3924124,31.8275318],[-106.3924452,31.8275313]]]}},{"type":"Feature","properties":{"id":1147423330,"kind":"pack","natural":"water"},"geometry":{"type":"Polygon","coordinates":[[[-106.395694,31.8275375],[-106.3956899,31.8272672],[-106.3956834,31.8271739],[-106.3956828,31.8271644],[-106.3955893,31.8271618],[-106.3954907,31.827186],[-106.3954389,31.827218],[-106.3954592,31.8275202],[-106.395694,31.8275375]]]}},{"type":"Feature","properties":{"id":1147428114,"kind":"pack","natural":"water"},"geometry":{"type":"Polygon","coordinates":[[[-106.3957967,31.8314204],[-106.3958567,31.8312701],[-106.3958445,31.8312615],[-106.3957865,31.8312356],[-106.3951594,31.8312494],[-106.3951645,31.8314333],[-106.3957967,31.8314204]]]}},{"type":"Feature","properties":{"id":1148125554,"kind":"pack","natural":"water"},"geometry":{"type":"Polygon","coordinates":[[[-106.3963969,31.8315212],[-106.3964114,31.8315321],[-106.3964667,31.8315736],[-106.397038,31.8311327],[-106.3963044,31.8311236],[-106.3963065,31.8311824],[-106.3963084,31.8312364],[-106.3963969,31.8315212]]]}},{"type":"Feature","properties":{"id":1148125559,"kind":"pack","natural":"water"},"geometry":{"type":"Polygon","coordinates":[[[-106.3954416,31.8322503],[-106.3948257,31.832261],[-106.3937198,31.8322803],[-106.3936915,31.8322743],[-106.3936896,31.8322301],[-106.3936862,31.8321465],[-106.3954151,31.832121],[-106.3955177,31.8319811],[-106.3955655,31.8319405],[-106.395907,31.831924],[-106.3960132,31.8318458],[-106.3960433,31.8318233],[-106.3960669,31.831829],[-106.3960966,31.8318363],[-106.3961254,31.8318693],[-106.3961067,31.8319428],[-106.3957815,31.8321765],[-106.3954416,31.8322503]]]}},{"type":"Feature","properties":{"id":1148706683,"kind":"pack","natural":"water","surface":"gravel"},"geometry":{"type":"Polygon","coordinates":[[[-106.3923085,31.8285328],[-106.3923128,31.8285028],[-106.3922604,31.8284973],[-106.3922561,31.8285273],[-106.3923085,31.8285328]]]}},{"type":"Feature","properties":{"id":1148719780,"kind":"pack","natural":"water"},"geometry":{"type":"Polygon","coordinates":[[[-106.3839798,31.829751],[-106.3843486,31.8297656],[-106.3844654,31.8297176],[-106.3844769,31.8296141],[-106.384467,31.8295935],[-106.3844779,31.8295695],[-106.3844621,31.8295495],[-106.3844405,31.8295372],[-106.3844071,31.8295011],[-106.3839331,31.829512],[-106.3838677,31.8295478],[-106.383857,31.8295481],[-106.3838288,31.8295488],[-106.3837945,31.8295681],[-106.3838394,31.8297248],[-106.3839798,31.829751]]]}},{"type":"Feature","properties":{"id":1149277568,"kind":"pack","natural":"water"},"geometry":{"type":"Polygon","coordinates":[[[-106.3861104,31.8314568],[-106.3860999,31.8314528],[-106.3860152,31.8314345],[-106.3857981,31.8314449],[-106.3857245,31.8314687],[-106.3857058,31.8315193],[-106.385707,31.8315594],[-106.3857397,31.8315803],[-106.3857992,31.8315922],[-106.3859218,31.8315897],[-106.3859732,31.8316031],[-106.386024,31.8316289],[-106.3860911,31.8316403],[-106.3861319,31.8316294],[-106.3861594,31.8316041],[-106.3861781,31.8315441],[-106.3861705,31.8314989],[-106.3861378,31.8314707],[-106.3861104,31.8314568]]]}},{"type":"Feature","properties":{"id":1149277572,"kind":"pack","natural":"water"},"geometry":{"type":"Polygon","coordinates":[[[-106.3860881,31.8320232],[-106.3860727,31.8320238],[-106.3860566,31.8320243],[-106.3860365,31.8320403],[-106.3860117,31.8320426],[-106.3859835,31.8320215],[-106.3859533,31.8319987],[-106.3859366,31.831948],[-106.3859466,31.8318916],[-106.3859627,31.8318523],[-106.3860144,31.8318318],[-106.3860895,31.8318329],[-106.3861579,31.8318494],[-106.3861988,31.831895],[-106.3862142,31.83196],[-106.3862014,31.831997],[-106.3861686,31.8320198],[-106.3861237,31.832026],[-106.3860881,31.8320232]]]}},{"type":"Feature","properties":{"id":1149277575,"kind":"pack","natural":"water"},"geometry":{"type":"Polygon","coordinates":[[[-106.3847666,31.8314982],[-106.3847705,31.8315231],[-106.3847689,31.8315287],[-106.3847661,31.8315354],[-106.3847559,31.8315465],[-106.384752,31.8315674],[-106.3847648,31.8319161],[-106.3847728,31.8319567],[-106.3847869,31.8319702],[-106.3848108,31.8319763],[-106.3848356,31.8319665],[-106.3848451,31.8319408],[-106.3848471,31.8319033],[-106.3848294,31.8315222],[-106.3848259,31.8314899],[-106.3848144,31.8314696],[-106.3847869,31.8314606],[-106.3847666,31.8314726],[-106.3847666,31.8314982]]]}},{"type":"Feature","properties":{"id":1150359465,"kind":"pack","natural":"water"},"geometry":{"type":"Polygon","coordinates":[[[-106.3859511,31.8207992],[-106.385959,31.8208012],[-106.3859756,31.8207992],[-106.3860322,31.8207987],[-106.3861163,31.8208022],[-106.3861437,31.8207982],[-106.3861595,31.8207853],[-106.3861636,31.820761],[-106.3861642,31.8207049],[-106.3861624,31.8206851],[-106.3861461,31.8206796],[-106.3860888,31.8206732],[-106.3860503,31.8206772],[-106.3860054,31.8206915],[-106.3859581,31.820703],[-106.3859365,31.8207074],[-106.3859242,31.8207387],[-106.3859236,31.8207709],[-106.3859289,31.8207937],[-106.3859511,31.8207992]]]}},{"type":"Feature","properties":{"id":1156518189,"kind":"pack","natural":"water"},"geometry":{"type":"Polygon","coordinates":[[[-106.4291535,31.8751457],[-106.4281085,31.874661],[-106.4280497,31.8746183],[-106.4280245,31.8745363],[-106.4280413,31.874465],[-106.4290486,31.872911],[-106.4291199,31.8728469],[-106.4292039,31.8728219],[-106.4292794,31.8728433],[-106.4303497,31.8733209],[-106.4303916,31.8733779],[-106.4304042,31.8734813],[-106.4302867,31.8736773],[-106.4293424,31.8750602],[-106.429271,31.8751315],[-106.4291535,31.8751457]]]}},{"type":"Feature","properties":{"id":1162835764,"kind":"pack","natural":"water"},"geometry":{"type":"Polygon","coordinates":[[[-106.3938909,31.821378],[-106.3940497,31.8213304],[-106.3940917,31.8212252],[-106.394087,31.8209296],[-106.393982,31.8208403],[-106.3938232,31.8208066],[-106.3925249,31.8208205],[-106.3923218,31.8208562],[-106.3922541,31.8209256],[-106.3922377,31.8211141],[-106.3923195,31.821253],[-106.392417,31.8213159],[-106.3924455,31.8213344],[-106.3925179,31.821376],[-106.392542,31.8213891],[-106.3925693,31.8214038],[-106.3927001,31.8214034],[-106.392731,31.8214043],[-106.392758,31.8214051],[-106.3930744,31.821407],[-106.3938909,31.821378]]]}},{"type":"Feature","properties":{"id":1162835770,"kind":"pack","natural":"water"},"geometry":{"type":"Polygon","coordinates":[[[-106.3980454,31.821353],[-106.3981528,31.8213054],[-106.3981972,31.8211963],[-106.3981824,31.8211289],[-106.398138,31.8210846],[-106.3980739,31.8210778],[-106.398047,31.8210776],[-106.3980098,31.8210774],[-106.397843,31.8210568],[-106.3963109,31.8210588],[-106.3962254,31.8210582],[-106.396195,31.8210763],[-106.3961703,31.8210918],[-106.3961421,31.8211609],[-106.3961441,31.8211901],[-106.3961461,31.8212187],[-106.3961624,31.8213049],[-106.3961831,31.8213579],[-106.3961992,31.8213893],[-106.3962516,31.821407],[-106.3980454,31.821353]]]}},{"type":"Feature","properties":{"id":1165093151,"kind":"pack","natural":"water"},"geometry":{"type":"Polygon","coordinates":[[[-106.385636,31.826112],[-106.3856548,31.8261063],[-106.3856616,31.8260928],[-106.3856546,31.8260791],[-106.3856369,31.8260725],[-106.3832192,31.826115],[-106.3832081,31.8261239],[-106.3832011,31.8261383],[-106.3832052,31.8261539],[-106.383221,31.8261604],[-106.3837986,31.8261488],[-106.3843836,31.8261371],[-106.3849702,31.8261253],[-106.3856072,31.8261126],[-106.385636,31.826112]]]}},{"type":"Feature","properties":{"id":1165093156,"kind":"pack","natural":"water"},"geometry":{"type":"Polygon","coordinates":[[[-106.3828189,31.8264463],[-106.3828829,31.826436],[-106.3828951,31.8264196],[-106.3829195,31.8263695],[-106.3829297,31.8263004],[-106.3829175,31.8262399],[-106.3828687,31.8262045],[-106.3827945,31.8261899],[-106.3827203,31.8262089],[-106.3826969,31.826252],[-106.3827315,31.8264196],[-106.3827467,31.8264377],[-106.3827732,31.8264429],[-106.3828189,31.8264463]]]}},{"type":"Feature","properties":{"id":1171026045,"kind":"pack","natural":"water"},"geometry":{"type":"Polygon","coordinates":[[[-106.4018585,31.826105],[-106.4019075,31.8260586],[-106.4019169,31.8259879],[-106.4018132,31.8253944],[-106.4017915,31.8253496],[-106.4017626,31.8253174],[-106.4017413,31.8252888],[-106.4017094,31.8252459],[-106.4016693,31.8252329],[-106.4016157,31.8252459],[-106.4007564,31.8258967],[-106.4005766,31.8259324],[-106.3996543,31.8259463],[-106.3996137,31.8259893],[-106.3995795,31.8260494],[-106.3995889,31.826224],[-106.3996122,31.8262657],[-106.3996543,31.8262796],[-106.4018585,31.826105]]]}},{"type":"Feature","properties":{"id":1271586252,"kind":"pack","natural":"water"},"geometry":{"type":"Polygon","coordinates":[[[-106.44731,31.8732674],[-106.4472146,31.8748794],[-106.4472763,31.8751401],[-106.4474289,31.8753966],[-106.4479308,31.8758331],[-106.4483979,31.8759517],[-106.4486762,31.8758754],[-106.4488889,31.8756943],[-106.4491927,31.8745441],[-106.4498518,31.8739993],[-106.4498963,31.8738924],[-106.4498661,31.8737389],[-106.4487701,31.8726992],[-106.4483854,31.8726398],[-106.4474349,31.8730396],[-106.44731,31.8732674]]]}},{"type":"Feature","properties":{"id":1271586253,"kind":"pack","natural":"water"},"geometry":{"type":"Polygon","coordinates":[[[-106.4659272,31.8897357],[-106.4658188,31.8888531],[-106.4658482,31.8883693],[-106.4668157,31.888604],[-106.4670056,31.8887882],[-106.4669638,31.889283],[-106.4665689,31.8894171],[-106.4665294,31.8898111],[-106.4661839,31.8898279],[-106.4659272,31.8897357]]]}},{"type":"Feature","properties":{"id":1357060585,"kind":"pack","natural":"water"},"geometry":{"type":"Polygon","coordinates":[[[-106.4151226,31.829065],[-106.4150941,31.8280339],[-106.4150677,31.8279942],[-106.415004,31.8279796],[-106.4149498,31.8279942],[-106.4149254,31.8280391],[-106.4149579,31.8290702],[-106.4149843,31.8291116],[-106.4150424,31.8291268],[-106.4151002,31.8291099],[-106.4151226,31.829065]]]}},{"type":"Feature","properties":{"id":1461908677,"kind":"pack","natural":"water"},"geometry":{"type":"Polygon","coordinates":[[[-106.4424704,31.8213342],[-106.4424691,31.8212331],[-106.4424674,31.8211006],[-106.4412034,31.8211123],[-106.441205,31.8212315],[-106.4412065,31.8213462],[-106.4424704,31.8213342]]]}},{"type":"Feature","properties":{"id":1461908685,"kind":"pack","natural":"water"},"geometry":{"type":"Polygon","coordinates":[[[-106.4442243,31.822059],[-106.4442231,31.8220036],[-106.4432412,31.8220193],[-106.4432419,31.8220481],[-106.4432425,31.8220749],[-106.4442243,31.822059]]]}},{"type":"Feature","properties":{"id":1465426976,"kind":"pack","natural":"water"},"geometry":{"type":"Polygon","coordinates":[[[-106.4276381,31.8250143],[-106.4276479,31.8255488],[-106.4277163,31.825608],[-106.4282292,31.8255452],[-106.4291911,31.8253261],[-106.4294259,31.8251938],[-106.4305943,31.8250927],[-106.4309199,31.8249461],[-106.4309213,31.8246651],[-106.4308839,31.8246571],[-106.430835,31.8246466],[-106.4307378,31.8247254],[-106.4306732,31.8249227],[-106.4276381,31.8250143]]]}},{"type":"Feature","properties":{"id":1501601598,"kind":"pack","natural":"water"},"geometry":{"type":"Polygon","coordinates":[[[-106.4374263,31.8206485],[-106.4374417,31.8206502],[-106.4374518,31.8206468],[-106.4374873,31.8205858],[-106.4374833,31.8205738],[-106.4374786,31.8205676],[-106.4374665,31.8205658],[-106.4374511,31.820571],[-106.4374169,31.8206297],[-106.4374169,31.8206405],[-106.4374263,31.8206485]]]}},{"type":"Feature","properties":{"id":1136360499,"kind":"pack","natural":"water"},"geometry":{"type":"Polygon","coordinates":[[[-106.3782781,31.8287618],[-106.3783261,31.8287559],[-106.3783541,31.8287332],[-106.3783821,31.8286943],[-106.3783865,31.8276885],[-106.3783763,31.8276406],[-106.3783254,31.8276057],[-106.3782797,31.8275948],[-106.3782388,31.8276062],[-106.3781738,31.827637],[-106.3781617,31.8276909],[-106.3781737,31.8282699],[-106.3781759,31.8286881],[-106.3781971,31.8287237],[-106.378243,31.8287496],[-106.3782781,31.8287618]]]}},{"type":"Feature","properties":{"id":1136828770,"kind":"pack","natural":"water"},"geometry":{"type":"Polygon","coordinates":[[[-106.3733648,31.8346596],[-106.3733661,31.8346705],[-106.3733671,31.8346794],[-106.3733636,31.8346889],[-106.3733625,31.8347083],[-106.3733656,31.8347279],[-106.3734029,31.8347454],[-106.3734693,31.8347389],[-106.3734784,31.8347373],[-106.3734848,31.8347362],[-106.3735056,31.834724],[-106.3735445,31.8346773],[-106.373519,31.833702],[-106.3735003,31.8336712],[-106.3734547,31.8336507],[-106.3734077,31.8336507],[-106.3733608,31.8336849],[-106.3733286,31.8337236],[-106.3733648,31.8345406],[-106.3733621,31.8346237],[-106.3733614,31.8346457],[-106.3733648,31.8346596]]]}},{"type":"Feature","properties":{"id":1136828846,"kind":"pack","natural":"water"},"geometry":{"type":"Polygon","coordinates":[[[-106.3690691,31.8290891],[-106.369063,31.8290945],[-106.3690589,31.8290989],[-106.3690235,31.8291812],[-106.369035,31.8292406],[-106.3691217,31.8293225],[-106.3692049,31.8293781],[-106.3692792,31.8293811],[-106.3701632,31.8285572],[-106.3701632,31.828502],[-106.3700941,31.8284018],[-106.3699924,31.8283344],[-106.3699294,31.8283448],[-106.3690691,31.8290891]]]}},{"type":"Feature","properties":{"id":1148134851,"kind":"pack","natural":"water"},"geometry":{"type":"Polygon","coordinates":[[[-106.3766117,31.8233949],[-106.3765577,31.8234345],[-106.3761061,31.8237699],[-106.3761073,31.823809],[-106.3761096,31.8238602],[-106.3767109,31.8240606],[-106.376879,31.8238959],[-106.3772363,31.8236816],[-106.3771008,31.8234832],[-106.3768638,31.8235993],[-106.3767261,31.8233969],[-106.3766117,31.8233949]]]}},{"type":"Feature","properties":{"id":1149277586,"kind":"pack","natural":"water"},"geometry":{"type":"Polygon","coordinates":[[[-106.3797202,31.8324479],[-106.3797537,31.832434],[-106.3797649,31.8324021],[-106.3797639,31.8322907],[-106.37976,31.8318753],[-106.3797598,31.8318494],[-106.3797496,31.8318218],[-106.3797284,31.8318175],[-106.379707,31.8318132],[-106.3796836,31.831814],[-106.3796776,31.8318203],[-106.3796704,31.8318279],[-106.3796612,31.8318659],[-106.3796633,31.8321379],[-106.3796826,31.8322777],[-106.3796832,31.8323097],[-106.3796836,31.832333],[-106.3796734,31.8324055],[-106.3796805,31.8324332],[-106.3797202,31.8324479]]]}},{"type":"Feature","properties":{"id":1150008311,"kind":"pack","natural":"water"},"geometry":{"type":"Polygon","coordinates":[[[-106.3776432,31.8323384],[-106.3776297,31.8323442],[-106.3776161,31.8323498],[-106.3776093,31.8323607],[-106.3776104,31.8323716],[-106.3776202,31.8323867],[-106.37765,31.8323864],[-106.3777803,31.8323776],[-106.3778307,31.8323707],[-106.3780228,31.8323613],[-106.3783718,31.832365],[-106.3783908,31.8323655],[-106.3784107,31.8323656],[-106.3785328,31.8323667],[-106.3785864,31.8323525],[-106.3786059,31.8323234],[-106.3786072,31.8322927],[-106.3785795,31.8322756],[-106.3785442,31.8322676],[-106.3783946,31.8322693],[-106.3780446,31.8322773],[-106.3778146,31.8322824],[-106.3777067,31.832312],[-106.3776432,31.8323384]]]}},{"type":"Feature","properties":{"id":1150068850,"kind":"pack","natural":"water"},"geometry":{"type":"Polygon","coordinates":[[[-106.373595,31.8351975],[-106.373629,31.8351995],[-106.3737279,31.835228],[-106.3737775,31.8352604],[-106.3737987,31.8353303],[-106.3738076,31.8354197],[-106.3737518,31.8354859],[-106.3736757,31.8355197],[-106.3735483,31.8355272],[-106.3734492,31.8355626],[-106.3732439,31.8357242],[-106.3718982,31.836966],[-106.3717831,31.8370389],[-106.371677,31.8370547],[-106.3691509,31.8371531],[-106.3682838,31.8371449],[-106.36819,31.8371035],[-106.3681599,31.8370494],[-106.3681546,31.8369239],[-106.3681714,31.8368547],[-106.3682103,31.8368141],[-106.3683616,31.8367863],[-106.3688801,31.8367803],[-106.3692597,31.836766],[-106.3702666,31.8366826],[-106.3706488,31.8366931],[-106.3709682,31.8367141],[-106.3713593,31.8367066],[-106.3717416,31.8367066],[-106.3719725,31.8366638],[-106.372161,31.8365736],[-106.3723476,31.8364728],[-106.372422,31.8363864],[-106.3724848,31.8362872],[-106.372505,31.8362414],[-106.3725857,31.8361947],[-106.3727193,31.8360887],[-106.3728316,31.8359948],[-106.37289,31.8359211],[-106.373297,31.8355377],[-106.373595,31.8351975]]]}},{"type":"Feature","properties":{"id":1150068858,"kind":"pack","natural":"water"},"geometry":{"type":"Polygon","coordinates":[[[-106.360391,31.8417949],[-106.3604908,31.841826],[-106.360648,31.8418587],[-106.360784,31.841895],[-106.3608344,31.8418829],[-106.3608991,31.8418627],[-106.3609684,31.8417809],[-106.360963,31.8417135],[-106.360876,31.8416742],[-106.3607173,31.8416297],[-106.3605948,31.8416336],[-106.3604646,31.8417023],[-106.3603776,31.8417514],[-106.360391,31.8417949]]]}},{"type":"Feature","properties":{"id":1150217836,"kind":"pack","natural":"water"},"geometry":{"type":"Polygon","coordinates":[[[-106.3715696,31.8266805],[-106.3714369,31.8267307],[-106.3713859,31.8267717],[-106.3713913,31.8268253],[-106.371408,31.826872],[-106.3714358,31.8268874],[-106.3714704,31.8268879],[-106.3715441,31.8268697],[-106.3717587,31.8268253],[-106.371972,31.8267854],[-106.372206,31.8267474],[-106.372495,31.8267307],[-106.3728155,31.8267113],[-106.3728946,31.8266805],[-106.3729201,31.8266532],[-106.3729255,31.8266145],[-106.3729,31.8265882],[-106.3728397,31.8265689],[-106.3726854,31.8265689],[-106.3723676,31.8265871],[-106.3715696,31.8266805]]]}},{"type":"Feature","properties":{"id":1150217839,"kind":"pack","natural":"water"},"geometry":{"type":"Polygon","coordinates":[[[-106.372293,31.8272556],[-106.372061,31.8272911],[-106.3717822,31.8273475],[-106.3715752,31.8273873],[-106.371531,31.8273994],[-106.3715221,31.8274129],[-106.3715274,31.8274294],[-106.3715487,31.827434],[-106.3716115,31.8274257],[-106.3717814,31.8274001],[-106.3721424,31.8273746],[-106.3724158,31.8273663],[-106.372775,31.827364],[-106.3730121,31.8273437],[-106.3731006,31.8273422],[-106.3731466,31.8273302],[-106.3731634,31.8273152],[-106.3731625,31.8272934],[-106.3731475,31.8272678],[-106.3731174,31.8272415],[-106.3730882,31.8272317],[-106.3727104,31.8272347],[-106.372293,31.8272556]]]}},{"type":"Feature","properties":{"id":1151683130,"kind":"pack","natural":"water"},"geometry":{"type":"Polygon","coordinates":[[[-106.3556862,31.8408177],[-106.3557006,31.8408128],[-106.355865,31.8407016],[-106.3560225,31.8405951],[-106.3560331,31.8405863],[-106.3560279,31.8405757],[-106.3557227,31.8402624],[-106.3557093,31.8402536],[-106.3556943,31.8402583],[-106.3553881,31.8404804],[-106.3553866,31.8404976],[-106.3553854,31.8405123],[-106.3556721,31.8408153],[-106.3556862,31.8408177]]]}},{"type":"Feature","properties":{"id":1151683137,"kind":"pack","natural":"water"},"geometry":{"type":"Polygon","coordinates":[[[-106.3592152,31.8382399],[-106.3592049,31.8382425],[-106.359193,31.8382454],[-106.3591755,31.8382483],[-106.3588877,31.8379964],[-106.3588784,31.8379691],[-106.358886,31.8379443],[-106.3591779,31.8377227],[-106.3592065,31.8377237],[-106.3592427,31.8377361],[-106.3595159,31.8379949],[-106.3595229,31.8380163],[-106.3595147,31.8380435],[-106.3592152,31.8382399]]]}},{"type":"Feature","properties":{"id":1159257316,"kind":"pack","natural":"water"},"geometry":{"type":"Polygon","coordinates":[[[-106.3641206,31.8291509],[-106.3641673,31.8291827],[-106.3642186,31.8291866],[-106.3647627,31.82877],[-106.3648281,31.828649],[-106.3648678,31.8285042],[-106.3649728,31.8281391],[-106.3649378,31.8280241],[-106.3648047,31.8279665],[-106.364681,31.8279765],[-106.3637306,31.8285736],[-106.3637026,31.8286034],[-106.3636863,31.8286411],[-106.3636839,31.8286966],[-106.3637049,31.8287502],[-106.3641206,31.8291509]]]}},{"type":"Feature","properties":{"id":1159257324,"kind":"pack","natural":"water"},"geometry":{"type":"Polygon","coordinates":[[[-106.3619145,31.830848],[-106.3634004,31.8297427],[-106.3630517,31.8293986],[-106.3615631,31.8305198],[-106.3619145,31.830848]]]}},{"type":"Feature","properties":{"id":1159257325,"kind":"pack","natural":"water"},"geometry":{"type":"Polygon","coordinates":[[[-106.3563071,31.8287076],[-106.3572733,31.828019],[-106.3579846,31.8287346],[-106.3569512,31.8294112],[-106.3563071,31.8287076]]]}},{"type":"Feature","properties":{"id":1160570208,"kind":"pack","natural":"water"},"geometry":{"type":"Polygon","coordinates":[[[-106.3664794,31.8373621],[-106.366467,31.8373724],[-106.3664432,31.8373895],[-106.3664446,31.8374214],[-106.3664741,31.8374453],[-106.3665612,31.8374658],[-106.3667839,31.8374966],[-106.3670641,31.8374852],[-106.3671486,31.8374351],[-106.3671835,31.8373861],[-106.3671701,31.8373416],[-106.3671017,31.837263],[-106.3669971,31.8371525],[-106.3669099,31.837083],[-106.3668268,31.8371092],[-106.3666605,31.8372072],[-106.3664794,31.8373621]]]}},{"type":"Feature","properties":{"id":1160605136,"kind":"pack","natural":"water"},"geometry":{"type":"Polygon","coordinates":[[[-106.3682591,31.8329562],[-106.3682274,31.833131],[-106.3680732,31.8343586],[-106.3680485,31.8345263],[-106.3680928,31.8345821],[-106.3681585,31.8346174],[-106.3682255,31.8346209],[-106.3683047,31.8346038],[-106.3683664,31.8345593],[-106.3684039,31.8345035],[-106.3683395,31.8334313],[-106.3683342,31.8331545],[-106.3683382,31.8330291],[-106.3683489,31.8329733],[-106.3683315,31.8329448],[-106.368306,31.8329346],[-106.3682765,31.8329357],[-106.3682591,31.8329562]]]}},{"type":"Feature","properties":{"id":1160971725,"kind":"pack","natural":"water"},"geometry":{"type":"Polygon","coordinates":[[[-106.3511365,31.8387625],[-106.3507914,31.8384212],[-106.3507401,31.8383941],[-106.3506605,31.8384017],[-106.3493651,31.8390316],[-106.3493333,31.8391263],[-106.3492607,31.839209],[-106.3491156,31.8392556],[-106.3480716,31.8395562],[-106.3478875,31.8395833],[-106.3478044,31.8396585],[-106.3479212,31.8399035],[-106.3480592,31.839887],[-106.3488449,31.8396945],[-106.3493138,31.8395472],[-106.3498819,31.8393352],[-106.3505048,31.8391082],[-106.3511365,31.8387625]]]}},{"type":"Feature","properties":{"id":1165093160,"kind":"pack","natural":"water"},"geometry":{"type":"Polygon","coordinates":[[[-106.3666854,31.8303815],[-106.366685,31.8303558],[-106.3666854,31.8303169],[-106.3664341,31.8301019],[-106.3662943,31.8300072],[-106.3661704,31.8300072],[-106.3660483,31.8300613],[-106.3655911,31.8304619],[-106.365582,31.8305093],[-106.365615,31.8305832],[-106.365636,31.8306296],[-106.3657015,31.8307484],[-106.3658537,31.8308627],[-106.3660359,31.8309378],[-106.3661333,31.8309363],[-106.3666429,31.8305244],[-106.3666814,31.8304447],[-106.3666854,31.8303815]]]}},{"type":"Feature","properties":{"id":1165115197,"kind":"pack","natural":"water"},"geometry":{"type":"Polygon","coordinates":[[[-106.3495526,31.8423165],[-106.3493712,31.8424523],[-106.3493488,31.8424691],[-106.3492147,31.8426377],[-106.3491503,31.842779],[-106.3491905,31.8428747],[-106.3499845,31.8434854],[-106.3500078,31.8435002],[-106.3500274,31.8435127],[-106.3501079,31.8435286],[-106.3502054,31.8434771],[-106.3502177,31.8434739],[-106.3502316,31.8434704],[-106.3503083,31.8434379],[-106.3505755,31.8432982],[-106.3506063,31.8432801],[-106.3506431,31.8432585],[-106.3506541,31.8432104],[-106.3506395,31.843184],[-106.350427,31.8429301],[-106.3502717,31.8427904],[-106.350219,31.842743],[-106.3497969,31.8423791],[-106.3496967,31.8423163],[-106.3496243,31.8422967],[-106.3495526,31.8423165]]]}},{"type":"Feature","properties":{"id":1165136676,"kind":"pack","natural":"water"},"geometry":{"type":"Polygon","coordinates":[[[-106.3558818,31.8385966],[-106.3559694,31.8385295],[-106.3566045,31.8380432],[-106.3566301,31.8380235],[-106.3566342,31.83798],[-106.3566071,31.8379173],[-106.3565524,31.8378891],[-106.3564665,31.8379016],[-106.3556927,31.8384405],[-106.3556766,31.83851],[-106.3557048,31.8385921],[-106.355808,31.8386217],[-106.3558818,31.8385966]]]}},{"type":"Feature","properties":{"id":1165136679,"kind":"pack","natural":"water"},"geometry":{"type":"Polygon","coordinates":[[[-106.3524992,31.8417926],[-106.3525672,31.8418006],[-106.3525812,31.841801],[-106.3526116,31.8418018],[-106.3526711,31.8417879],[-106.3533156,31.8413297],[-106.3533576,31.841294],[-106.3533635,31.8412533],[-106.3529468,31.8408682],[-106.3526326,31.8405779],[-106.3525707,31.8405521],[-106.3524984,31.8405591],[-106.3517979,31.8410252],[-106.3517803,31.8410649],[-106.3518219,31.8411368],[-106.3524992,31.8417926]]]}},{"type":"Feature","properties":{"id":1165136685,"kind":"pack","natural":"water"},"geometry":{"type":"Polygon","coordinates":[[[-106.3530915,31.8361189],[-106.3530406,31.8361713],[-106.3530486,31.8362214],[-106.3536677,31.8369869],[-106.3536971,31.8370007],[-106.3537195,31.8370007],[-106.353729,31.8369964],[-106.3537439,31.8369895],[-106.3538791,31.8369325],[-106.3545072,31.8365207],[-106.3546586,31.8363816],[-106.3547826,31.8362452],[-106.3548438,31.8362068],[-106.3548802,31.8361839],[-106.3551221,31.836044],[-106.3557563,31.8356011],[-106.3557766,31.8355717],[-106.3557817,31.8355616],[-106.3557919,31.8355415],[-106.3557858,31.835462],[-106.3551587,31.834729],[-106.3551251,31.8347151],[-106.3550784,31.8347255],[-106.3530915,31.8361189]]]}},{"type":"Feature","properties":{"id":1165137930,"kind":"pack","natural":"water"},"geometry":{"type":"Polygon","coordinates":[[[-106.3660683,31.8377802],[-106.3661769,31.8377295],[-106.366295,31.8376503],[-106.3663292,31.8376082],[-106.3663198,31.8375728],[-106.3662923,31.8375458],[-106.3662487,31.8375227],[-106.3661927,31.8375327],[-106.366136,31.8375609],[-106.3660026,31.8376549],[-106.3659764,31.837701],[-106.3659878,31.837742],[-106.3660274,31.8377739],[-106.3660683,31.8377802]]]}},{"type":"Feature","properties":{"id":1168745256,"kind":"pack","natural":"water","surface":"sand"},"geometry":{"type":"Polygon","coordinates":[[[-106.373197,31.8289795],[-106.3735745,31.8287647],[-106.3735308,31.8287092],[-106.3731533,31.828924],[-106.373197,31.8289795]]]}},{"type":"Feature","properties":{"id":1168745257,"kind":"pack","natural":"water","surface":"sand"},"geometry":{"type":"Polygon","coordinates":[[[-106.372804,31.8294742],[-106.3729796,31.829179],[-106.3729496,31.8291633],[-106.3727694,31.8294558],[-106.372804,31.8294742]]]}},{"type":"Feature","properties":{"id":1168745259,"kind":"pack","natural":"water","surface":"sand"},"geometry":{"type":"Polygon","coordinates":[[[-106.3729211,31.8298812],[-106.3729211,31.8298504],[-106.3725483,31.8298583],[-106.3725483,31.8298871],[-106.3729211,31.8298812]]]}},{"type":"Feature","properties":{"id":1168745260,"kind":"pack","natural":"water","surface":"sand"},"geometry":{"type":"Polygon","coordinates":[[[-106.3735514,31.8311908],[-106.373516,31.8311938],[-106.3735037,31.8304481],[-106.3735391,31.8304481],[-106.3735514,31.8311908]]]}},{"type":"Feature","properties":{"id":1169026144,"kind":"pack","natural":"water"},"geometry":{"type":"Polygon","coordinates":[[[-106.3777358,31.8265116],[-106.3777927,31.8265367],[-106.3778639,31.8265488],[-106.3781779,31.8265341],[-106.3782739,31.8265308],[-106.378429,31.8265254],[-106.3785499,31.8265401],[-106.3786282,31.8265229],[-106.3786617,31.8264978],[-106.3786678,31.8264598],[-106.3786546,31.826408],[-106.3786048,31.8263571],[-106.3785113,31.8263208],[-106.3783975,31.8263104],[-106.3782196,31.8262906],[-106.3778995,31.8263044],[-106.3777968,31.8263381],[-106.3777582,31.8263588],[-106.3777257,31.826389],[-106.3777114,31.8264615],[-106.3777358,31.8265116]]]}},{"type":"Feature","properties":{"id":1223946375,"kind":"pack","natural":"water"},"geometry":{"type":"Polygon","coordinates":[[[-106.3533583,31.8578597],[-106.3533473,31.8576634],[-106.3532712,31.8573628],[-106.3531651,31.8571193],[-106.3530536,31.8570411],[-106.3529244,31.8570576],[-106.3528601,31.857097],[-106.3527722,31.8571583],[-106.3527563,31.8572215],[-106.3527616,31.8574124],[-106.3528288,31.8576378],[-106.3528929,31.8577291],[-106.3530184,31.8579643],[-106.3533382,31.858748],[-106.3536322,31.859452],[-106.3536535,31.859467],[-106.3536959,31.8594655],[-106.3537986,31.8594429],[-106.3538234,31.8594332],[-106.3538304,31.859411],[-106.3535491,31.8586193],[-106.3533863,31.8580902],[-106.3533583,31.8578597]]]}},{"type":"Feature","properties":{"id":1223946376,"kind":"pack","natural":"water"},"geometry":{"type":"Polygon","coordinates":[[[-106.3521265,31.8563719],[-106.3522484,31.856441],[-106.3523338,31.8564514],[-106.352499,31.8564012],[-106.3525615,31.8563409],[-106.3526143,31.8562407],[-106.3526062,31.8561509],[-106.3525112,31.8559807],[-106.3513438,31.8539529],[-106.3511182,31.8537717],[-106.3508824,31.8536612],[-106.3502442,31.85353],[-106.3497778,31.8534645],[-106.3496625,31.853415],[-106.3488932,31.851897],[-106.3488275,31.8518561],[-106.3487352,31.8518463],[-106.3486822,31.8518673],[-106.3486464,31.8519104],[-106.3486627,31.8519588],[-106.3495896,31.8537878],[-106.3496547,31.8538511],[-106.3497156,31.8538615],[-106.349801,31.8538373],[-106.3501588,31.8537027],[-106.3503539,31.853675],[-106.3504307,31.8536838],[-106.3504759,31.8536888],[-106.3507483,31.8538028],[-106.3509313,31.8540574],[-106.3511071,31.8544642],[-106.3521265,31.8563719]]]}},{"type":"Feature","properties":{"id":1225231623,"kind":"pack","natural":"water"},"geometry":{"type":"Polygon","coordinates":[[[-106.3545216,31.8602912],[-106.3544916,31.8604005],[-106.354505,31.8604871],[-106.3545854,31.8605349],[-106.3567205,31.8602183],[-106.356817,31.8601522],[-106.3568573,31.8600429],[-106.3568358,31.8598583],[-106.3567822,31.8596897],[-106.3565783,31.8595462],[-106.3560419,31.8593731],[-106.3559131,31.8594004],[-106.3555213,31.859842],[-106.3551241,31.8600331],[-106.3546402,31.8601836],[-106.3545216,31.8602912]]]}},{"type":"Feature","properties":{"id":1225231625,"kind":"pack","natural":"water"},"geometry":{"type":"Polygon","coordinates":[[[-106.3528473,31.8603604],[-106.352819,31.8603814],[-106.3527983,31.8604112],[-106.3527889,31.8604461],[-106.3527869,31.8604774],[-106.3531358,31.8611329],[-106.353174,31.8611434],[-106.3532172,31.8611314],[-106.3535127,31.8607158],[-106.3536596,31.8602883],[-106.3536914,31.8602161],[-106.3536879,31.8601785],[-106.3536613,31.8601605],[-106.3535835,31.8601515],[-106.3534772,31.8601596],[-106.353387,31.8601665],[-106.3528473,31.8603604]]]}},{"type":"Feature","properties":{"id":1225231628,"kind":"pack","natural":"water"},"geometry":{"type":"Polygon","coordinates":[[[-106.3541246,31.856511],[-106.354114,31.8565436],[-106.3541059,31.8565833],[-106.354356,31.8572457],[-106.3543976,31.8572804],[-106.3544492,31.8573032],[-106.3545122,31.8572907],[-106.3560724,31.855893],[-106.35611,31.8558463],[-106.35611,31.8558075],[-106.3560885,31.855762],[-106.3560201,31.8557551],[-106.3559397,31.8557885],[-106.3541246,31.856511]]]}},{"type":"Feature","properties":{"id":1226589170,"kind":"pack","natural":"water"},"geometry":{"type":"Polygon","coordinates":[[[-106.3577053,31.8441091],[-106.3577256,31.8440806],[-106.3577472,31.8440112],[-106.3577256,31.8439209],[-106.3576902,31.8438333],[-106.3576671,31.8438215],[-106.3576412,31.8438231],[-106.3576085,31.8438241],[-106.3575485,31.843849],[-106.357017,31.8443358],[-106.3569954,31.8443881],[-106.3570201,31.8444287],[-106.3570894,31.8444601],[-106.3571895,31.8444967],[-106.3572434,31.8444967],[-106.3575592,31.8442612],[-106.3576702,31.844163],[-106.3577053,31.8441091]]]}},{"type":"Feature","properties":{"id":1226589172,"kind":"pack","natural":"water"},"geometry":{"type":"Polygon","coordinates":[[[-106.3629515,31.8488127],[-106.3629246,31.8487819],[-106.3628978,31.84877],[-106.3628686,31.8487792],[-106.3628468,31.8487911],[-106.3628075,31.8489082],[-106.3627351,31.848969],[-106.3624493,31.8491812],[-106.3623846,31.84921],[-106.3623091,31.8492035],[-106.3620518,31.8491799],[-106.3619224,31.8492257],[-106.3618161,31.8493239],[-106.36181,31.849388],[-106.3618439,31.8494377],[-106.3620765,31.8496091],[-106.3621088,31.8496157],[-106.3621412,31.8496052],[-106.3624015,31.8493775],[-106.3627836,31.8490622],[-106.3628868,31.848964],[-106.3629523,31.8488842],[-106.3629608,31.848851],[-106.3629515,31.8488127]]]}},{"type":"Feature","properties":{"id":1227423963,"kind":"pack","natural":"water"},"geometry":{"type":"Polygon","coordinates":[[[-106.3649753,31.8447744],[-106.3650786,31.844812],[-106.3651701,31.844815],[-106.3652594,31.8447816],[-106.3652943,31.8447381],[-106.365377,31.8444144],[-106.3654689,31.8439971],[-106.3654563,31.8439523],[-106.3654301,31.8439174],[-106.3653571,31.8438908],[-106.3644056,31.84374],[-106.3643123,31.8437202],[-106.3642768,31.8437291],[-106.3642586,31.8437573],[-106.3642387,31.8438511],[-106.3641822,31.8440967],[-106.3641964,31.8441657],[-106.3644196,31.8443311],[-106.3649753,31.8447744]]]}},{"type":"Feature","properties":{"id":1227423968,"kind":"pack","natural":"water"},"geometry":{"type":"Polygon","coordinates":[[[-106.3573854,31.8470955],[-106.3567716,31.8475417],[-106.356747,31.8476595],[-106.3567961,31.8477606],[-106.3568946,31.8478324],[-106.3569851,31.8478935],[-106.3570403,31.8479019],[-106.3571291,31.8478911],[-106.3574911,31.8476189],[-106.3583599,31.8468717],[-106.3583869,31.8468252],[-106.35838,31.8467892],[-106.3583199,31.8467709],[-106.3578593,31.84689],[-106.3575666,31.8469973],[-106.3573854,31.8470955]]]}},{"type":"Feature","properties":{"id":1227423970,"kind":"pack","natural":"water"},"geometry":{"type":"Polygon","coordinates":[[[-106.3576058,31.8530464],[-106.3574762,31.8531009],[-106.3574201,31.8531416],[-106.3574108,31.8531872],[-106.3575816,31.8533825],[-106.3576513,31.8534321],[-106.3577073,31.8534391],[-106.3577786,31.8534173],[-106.3583833,31.8529194],[-106.3584113,31.8528817],[-106.3583997,31.8528451],[-106.3582993,31.8527776],[-106.3582596,31.8527687],[-106.3581918,31.8527865],[-106.3576058,31.8530464]]]}}],"attribution":"© OpenStreetMap contributors"}
