{"type":"FeatureCollection","features":[{"type":"Feature","properties":{"natural":"water"},"geometry":{"type":"Polygon","coordinates":[[[-107.017737,31.341621],[-107.017643,31.341688],[-107.017565,31.341568],[-107.017653,31.341469],[-107.017904,31.341514],[-107.017888,31.341581],[-107.017737,31.341621]]]}},{"type":"Feature","properties":{"natural":"water"},"geometry":{"type":"Polygon","coordinates":[[[-106.965582,31.3315],[-106.965668,31.331453],[-106.965631,31.331332],[-106.965681,31.331195],[-106.96565,31.331132],[-106.965502,31.331079],[-106.965422,31.3311],[-106.965471,31.331495],[-106.965582,31.3315]]]}},{"type":"Feature","properties":{"natural":"water"},"geometry":{"type":"Polygon","coordinates":[[[-106.732471,31.378415],[-106.732553,31.378439],[-106.732584,31.378365],[-106.732501,31.378341],[-106.732471,31.378415]]]}},{"type":"Feature","properties":{"natural":"water"},"geometry":{"type":"Polygon","coordinates":[[[-106.600731,31.382739],[-106.600694,31.382712],[-106.60072,31.382744],[-106.600731,31.382739]]]}},{"type":"Feature","properties":{"natural":"water"},"geometry":{"type":"Polygon","coordinates":[[[-106.658392,31.450849],[-106.657555,31.45008],[-106.65616,31.449805],[-106.65513,31.449915],[-106.655581,31.45083],[-106.656611,31.450867],[-106.657083,31.451343],[-106.657984,31.451453],[-106.658392,31.450849]]]}},{"type":"Feature","properties":{"natural":"water"},"geometry":{"type":"Polygon","coordinates":[[[-106.577348,31.382463],[-106.577446,31.382479],[-106.577378,31.382784],[-106.577279,31.382768],[-106.577348,31.382463]]]}},{"type":"Feature","properties":{"natural":"water"},"geometry":{"type":"Polygon","coordinates":[[[-106.574382,31.421263],[-106.57329,31.420882],[-106.571859,31.420895],[-106.571413,31.422274],[-106.571197,31.423258],[-106.571505,31.424085],[-106.572705,31.424217],[-106.573828,31.424112],[-106.573336,31.423219],[-106.573782,31.422694],[-106.57452,31.422261],[-106.574382,31.421263]]]}},{"type":"Feature","properties":{"natural":"water"},"geometry":{"type":"Polygon","coordinates":[[[-106.491895,31.336508],[-106.492041,31.33606],[-106.491321,31.335851],[-106.491156,31.3363],[-106.491895,31.336508]]]}},{"type":"Feature","properties":{"leisure":"park","name":"Mi Granjita"},"geometry":{"type":"Polygon","coordinates":[[[-106.471337,31.359005],[-106.471597,31.358165],[-106.470913,31.358004],[-106.470705,31.358777],[-106.471337,31.359005]]]}},{"type":"Feature","properties":{"natural":"water"},"geometry":{"type":"Polygon","coordinates":[[[-106.539684,31.370962],[-106.539838,31.370915],[-106.539803,31.370726],[-106.539288,31.370521],[-106.539215,31.370533],[-106.539069,31.370664],[-106.539109,31.370736],[-106.53934,31.370828],[-106.539442,31.370942],[-106.539558,31.370977],[-106.539684,31.370962]]]}},{"type":"Feature","properties":{"natural":"water"},"geometry":{"type":"Polygon","coordinates":[[[-106.532622,31.365953],[-106.532409,31.366054],[-106.532219,31.366041],[-106.532061,31.365906],[-106.531839,31.365804],[-106.531681,31.365764],[-106.531776,31.365615],[-106.532061,31.36546],[-106.532409,31.365548],[-106.532622,31.36569],[-106.53267,31.365804],[-106.532622,31.365953]]]}},{"type":"Feature","properties":{"natural":"water"},"geometry":{"type":"Polygon","coordinates":[[[-106.491737,31.335259],[-106.491698,31.335375],[-106.491583,31.335347],[-106.491624,31.335226],[-106.491737,31.335259]]]}},{"type":"Feature","properties":{"natural":"water"},"geometry":{"type":"Polygon","coordinates":[[[-106.490573,31.343995],[-106.490586,31.343947],[-106.490519,31.343926],[-106.490502,31.343979],[-106.490573,31.343995]]]}},{"type":"Feature","properties":{"natural":"water"},"geometry":{"type":"Polygon","coordinates":[[[-106.556687,31.378721],[-106.55682,31.378712],[-106.556844,31.378751],[-106.55694,31.379014],[-106.556935,31.379093],[-106.556892,31.379163],[-106.556755,31.37926],[-106.556628,31.379282],[-106.556449,31.379274],[-106.556334,31.379331],[-106.556206,31.379368],[-106.556022,31.379368],[-106.55574,31.379245],[-106.555518,31.379022],[-106.555443,31.378928],[-106.555411,31.378861],[-106.555416,31.378788],[-106.555462,31.378727],[-106.555739,31.378677],[-106.55598,31.378544],[-106.556073,31.378518],[-106.556222,31.37851],[-106.55639,31.378587],[-106.556529,31.378697],[-106.556687,31.378721]]]}},{"type":"Feature","properties":{"natural":"water"},"geometry":{"type":"Polygon","coordinates":[[[-106.493731,31.329348],[-106.494014,31.329597],[-106.493837,31.329952],[-106.492282,31.330699],[-106.4923,31.330065],[-106.493731,31.329348]]]}},{"type":"Feature","properties":{"leisure":"park"},"geometry":{"type":"Polygon","coordinates":[[[-106.477347,31.344486],[-106.476926,31.344378],[-106.47699,31.344183],[-106.476937,31.34417],[-106.477141,31.343544],[-106.47766,31.34367],[-106.477347,31.344486]]]}},{"type":"Feature","properties":{"name":"El Salado","natural":"water"},"geometry":{"type":"Polygon","coordinates":[[[-106.47157,31.424314],[-106.472761,31.424596],[-106.473776,31.425227],[-106.474283,31.425293],[-106.474636,31.425218],[-106.474636,31.424681],[-106.473996,31.424004],[-106.47305,31.423503],[-106.47232,31.422629],[-106.471779,31.423401],[-106.47157,31.424314]]]}},{"type":"Feature","properties":{"natural":"water"},"geometry":{"type":"Polygon","coordinates":[[[-106.495307,31.449198],[-106.495009,31.448953],[-106.494502,31.448765],[-106.494127,31.449066],[-106.493631,31.449499],[-106.494568,31.449254],[-106.495307,31.449198]]]}},{"type":"Feature","properties":{"natural":"water"},"geometry":{"type":"Polygon","coordinates":[[[-106.495995,31.346384],[-106.49496,31.346183],[-106.495032,31.345912],[-106.496067,31.346112],[-106.495995,31.346384]]]}},{"type":"Feature","properties":{"natural":"water"},"geometry":{"type":"Polygon","coordinates":[[[-106.521655,31.347623],[-106.521489,31.347901],[-106.521834,31.34805],[-106.521989,31.347804],[-106.521655,31.347623]]]}},{"type":"Feature","properties":{"landuse":"forest"},"geometry":{"type":"Polygon","coordinates":[[[-106.472481,31.342404],[-106.472921,31.341176],[-106.471322,31.34079],[-106.471192,31.342289],[-106.472481,31.342404]]]}},{"type":"Feature","properties":{"landuse":"forest"},"geometry":{"type":"Polygon","coordinates":[[[-106.471644,31.344037],[-106.472197,31.343925],[-106.47251,31.342814],[-106.471218,31.342739],[-106.470861,31.34442],[-106.471644,31.344037]]]}},{"type":"Feature","properties":{"leisure":"park"},"geometry":{"type":"Polygon","coordinates":[[[-106.485304,31.346893],[-106.485506,31.346035],[-106.483996,31.345892],[-106.483914,31.346603],[-106.485304,31.346893]]]}},{"type":"Feature","properties":{"natural":"wood"},"geometry":{"type":"Polygon","coordinates":[[[-106.488133,31.347406],[-106.48814,31.346357],[-106.486272,31.345977],[-106.485969,31.347113],[-106.488133,31.347406]]]}},{"type":"Feature","properties":{"natural":"wood"},"geometry":{"type":"Polygon","coordinates":[[[-106.488853,31.36472],[-106.48911,31.360997],[-106.486055,31.362638],[-106.485488,31.363664],[-106.488853,31.36472]]]}},{"type":"Feature","properties":{"natural":"water"},"geometry":{"type":"Polygon","coordinates":[[[-106.470007,31.358172],[-106.469819,31.358105],[-106.469874,31.357857],[-106.469976,31.357747],[-106.470132,31.35779],[-106.470148,31.35788],[-106.470081,31.357911],[-106.470113,31.357991],[-106.470101,31.358055],[-106.47003,31.358078],[-106.470007,31.358172]]]}},{"type":"Feature","properties":{"natural":"water"},"geometry":{"type":"Polygon","coordinates":[[[-106.490777,31.344114],[-106.490808,31.344025],[-106.490948,31.34406],[-106.490917,31.34415],[-106.490777,31.344114]]]}},{"type":"Feature","properties":{"natural":"water"},"geometry":{"type":"Polygon","coordinates":[[[-106.490731,31.344102],[-106.490761,31.344017],[-106.490697,31.344001],[-106.490668,31.344086],[-106.490731,31.344102]]]}},{"type":"Feature","properties":{"natural":"water"},"geometry":{"type":"Polygon","coordinates":[[[-106.49411,31.351485],[-106.494282,31.350955],[-106.493949,31.350935],[-106.493929,31.351069],[-106.493815,31.351227],[-106.49378,31.351401],[-106.49411,31.351485]]]}},{"type":"Feature","properties":{"name":"San Miguel","natural":"water"},"geometry":{"type":"Polygon","coordinates":[[[-106.337401,31.4341],[-106.337115,31.434087],[-106.336774,31.433947],[-106.33669,31.433724],[-106.336804,31.433418],[-106.337121,31.433554],[-106.337497,31.433618],[-106.337625,31.433768],[-106.337534,31.433936],[-106.337497,31.434043],[-106.337401,31.4341]]]}},{"type":"Feature","properties":{"natural":"water"},"geometry":{"type":"Polygon","coordinates":[[[-106.431592,31.384722],[-106.431361,31.384468],[-106.431072,31.384689],[-106.43132,31.384925],[-106.431592,31.384722]]]}},{"type":"Feature","properties":{"natural":"water"},"geometry":{"type":"Polygon","coordinates":[[[-106.419703,31.44297],[-106.419749,31.442955],[-106.419774,31.442919],[-106.419779,31.442874],[-106.419745,31.442819],[-106.419664,31.442807],[-106.419625,31.442822],[-106.419597,31.442857],[-106.419591,31.442898],[-106.419632,31.442958],[-106.419703,31.44297]]]}},{"type":"Feature","properties":{"natural":"water"},"geometry":{"type":"Polygon","coordinates":[[[-106.373776,31.397591],[-106.374391,31.397496],[-106.374531,31.396878],[-106.374065,31.396839],[-106.373814,31.396725],[-106.373532,31.397205],[-106.373532,31.397471],[-106.373776,31.397591]]]}},{"type":"Feature","properties":{"name":"El Cachorrito","natural":"water"},"geometry":{"type":"Polygon","coordinates":[[[-106.38156,31.398773],[-106.381664,31.398507],[-106.382138,31.398571],[-106.382019,31.398128],[-106.382819,31.398343],[-106.38393,31.398748],[-106.383367,31.398887],[-106.383367,31.399026],[-106.38156,31.398773]]]}},{"type":"Feature","properties":{"natural":"water"},"geometry":{"type":"Polygon","coordinates":[[[-106.385989,31.399291],[-106.38587,31.398861],[-106.385441,31.398571],[-106.385085,31.398963],[-106.384774,31.399165],[-106.385989,31.399291]]]}},{"type":"Feature","properties":{"natural":"water"},"geometry":{"type":"Polygon","coordinates":[[[-106.331497,31.376569],[-106.331169,31.376351],[-106.331049,31.375788],[-106.331273,31.375788],[-106.331321,31.376148],[-106.331833,31.376163],[-106.331497,31.376569]]]}},{"type":"Feature","properties":{"natural":"water"},"geometry":{"type":"Polygon","coordinates":[[[-106.377837,31.392227],[-106.377472,31.392234],[-106.37719,31.392191],[-106.377112,31.391831],[-106.377126,31.391744],[-106.377269,31.391651],[-106.377576,31.391737],[-106.377795,31.391889],[-106.377994,31.392053],[-106.377837,31.392227]]]}},{"type":"Feature","properties":{"natural":"water"},"geometry":{"type":"Polygon","coordinates":[[[-106.346032,31.449725],[-106.346185,31.449819],[-106.346469,31.449891],[-106.346613,31.449851],[-106.346647,31.449638],[-106.34621,31.44949],[-106.346032,31.449725]]]}},{"type":"Feature","properties":{"name":"La Cruz","natural":"water"},"geometry":{"type":"Polygon","coordinates":[[[-106.323946,31.44341],[-106.32396,31.443579],[-106.323903,31.443657],[-106.32396,31.443744],[-106.323806,31.443694],[-106.323703,31.443739],[-106.323603,31.443735],[-106.323547,31.443772],[-106.323431,31.443772],[-106.32298,31.443831],[-106.32268,31.443799],[-106.322519,31.44374],[-106.322395,31.44357],[-106.322287,31.443305],[-106.322202,31.44303],[-106.322181,31.442916],[-106.322192,31.442847],[-106.32231,31.442861],[-106.322342,31.442756],[-106.322524,31.442737],[-106.322701,31.442888],[-106.322905,31.443113],[-106.323136,31.443305],[-106.323408,31.443369],[-106.323742,31.443369],[-106.323946,31.44341]]]}},{"type":"Feature","properties":{"natural":"water"},"geometry":{"type":"Polygon","coordinates":[[[-106.258622,31.39102],[-106.258576,31.390943],[-106.2587,31.39087],[-106.258772,31.390954],[-106.258622,31.39102]]]}},{"type":"Feature","properties":{"name":"El Padrino","natural":"water"},"geometry":{"type":"Polygon","coordinates":[[[-106.326204,31.446424],[-106.325691,31.446066],[-106.325224,31.445907],[-106.324875,31.445589],[-106.324595,31.44527],[-106.324793,31.445051],[-106.325224,31.444992],[-106.325504,31.445529],[-106.325528,31.445837],[-106.326204,31.446424]]]}},{"type":"Feature","properties":{"name":"Lalo","natural":"water"},"geometry":{"type":"Polygon","coordinates":[[[-106.313471,31.442595],[-106.313886,31.443],[-106.314315,31.443177],[-106.314967,31.443164],[-106.315574,31.442975],[-106.314745,31.442949],[-106.314152,31.442886],[-106.313471,31.442595]]]}},{"type":"Feature","properties":{"name":"Titin","natural":"water"},"geometry":{"type":"Polygon","coordinates":[[[-106.315693,31.446197],[-106.315885,31.446955],[-106.316566,31.44741],[-106.317485,31.44765],[-106.3179,31.447637],[-106.318003,31.44741],[-106.317174,31.447246],[-106.316507,31.446942],[-106.316092,31.446892],[-106.315693,31.446197]]]}},{"type":"Feature","properties":{"natural":"water"},"geometry":{"type":"Polygon","coordinates":[[[-106.250804,31.345355],[-106.250993,31.345472],[-106.251527,31.345296],[-106.251923,31.344943],[-106.251733,31.344679],[-106.251096,31.344973],[-106.250804,31.345355]]]}},{"type":"Feature","properties":{"natural":"water"},"geometry":{"type":"Polygon","coordinates":[[[-106.260088,31.390458],[-106.25952,31.389679],[-106.258883,31.389091],[-106.259778,31.389032],[-106.260088,31.38912],[-106.260415,31.390163],[-106.260088,31.390458]]]}},{"type":"Feature","properties":{"natural":"water"},"geometry":{"type":"Polygon","coordinates":[[[-106.267819,31.388576],[-106.267612,31.3884],[-106.267767,31.387709],[-106.268043,31.38768],[-106.268215,31.387915],[-106.267819,31.388576]]]}},{"type":"Feature","properties":{"natural":"water"},"geometry":{"type":"Polygon","coordinates":[[[-106.291907,31.392038],[-106.291644,31.392124],[-106.291362,31.391647],[-106.291928,31.391657],[-106.291907,31.392038]]]}},{"type":"Feature","properties":{"name":"El Gordo","natural":"water"},"geometry":{"type":"Polygon","coordinates":[[[-106.306927,31.403694],[-106.306359,31.402898],[-106.307373,31.401652],[-106.308448,31.401704],[-106.307961,31.402742],[-106.306927,31.403694]]]}},{"type":"Feature","properties":{"name":"Santa Petra","natural":"water"},"geometry":{"type":"Polygon","coordinates":[[[-106.309376,31.435678],[-106.30859,31.435663],[-106.30818,31.434497],[-106.308778,31.435299],[-106.309376,31.435678]]]}},{"type":"Feature","properties":{"name":"El Cesar","natural":"water"},"geometry":{"type":"Polygon","coordinates":[[[-106.295811,31.43613],[-106.295281,31.435896],[-106.29499,31.434803],[-106.295811,31.43613]]]}},{"type":"Feature","properties":{"name":"El Aguilucho","natural":"water"},"geometry":{"type":"Polygon","coordinates":[[[-106.297974,31.41585],[-106.297447,31.415798],[-106.297528,31.415435],[-106.297974,31.41585]]]}},{"type":"Feature","properties":{"natural":"water"},"geometry":{"type":"Polygon","coordinates":[[[-106.223371,31.333422],[-106.223755,31.333573],[-106.22417,31.333494],[-106.224659,31.333228],[-106.224517,31.333156],[-106.224043,31.33315],[-106.22366,31.333175],[-106.223442,31.333252],[-106.223371,31.333422]]]}},{"type":"Feature","properties":{"natural":"water"},"geometry":{"type":"Polygon","coordinates":[[[-106.312399,31.359876],[-106.311972,31.359516],[-106.311648,31.359217],[-106.31175,31.358783],[-106.312318,31.358801],[-106.312521,31.359338],[-106.312399,31.359876]]]}},{"type":"Feature","properties":{"natural":"water"},"geometry":{"type":"Polygon","coordinates":[[[-106.28292,31.376874],[-106.282571,31.376272],[-106.28254,31.375826],[-106.283167,31.375833],[-106.283382,31.376053],[-106.283556,31.376535],[-106.283229,31.376761],[-106.28292,31.376874]]]}},{"type":"Feature","properties":{"natural":"water"},"geometry":{"type":"Polygon","coordinates":[[[-106.230392,31.388695],[-106.229984,31.388772],[-106.229701,31.388008],[-106.230109,31.387467],[-106.230415,31.387554],[-106.230607,31.387921],[-106.230482,31.38825],[-106.230267,31.388366],[-106.230392,31.388695]]]}},{"type":"Feature","properties":{"leisure":"park","name":"Plaza de Barreales"},"geometry":{"type":"Polygon","coordinates":[[[-106.141353,31.401382],[-106.14084,31.400906],[-106.140248,31.401339],[-106.140779,31.401831],[-106.141353,31.401382]]]}},{"type":"Feature","properties":{"leisure":"park"},"geometry":{"type":"Polygon","coordinates":[[[-106.10206,31.389844],[-106.102038,31.389075],[-106.101438,31.389121],[-106.101448,31.389886],[-106.10206,31.389844]]]}},{"type":"Feature","properties":{"leisure":"park"},"geometry":{"type":"Polygon","coordinates":[[[-106.170936,31.438547],[-106.171829,31.43784],[-106.172393,31.438438],[-106.173098,31.438979],[-106.172515,31.439543],[-106.17121,31.438836],[-106.1711,31.438753],[-106.170936,31.438547]]]}},{"type":"Feature","properties":{"leisure":"park"},"geometry":{"type":"Polygon","coordinates":[[[-106.142033,31.425594],[-106.141593,31.425152],[-106.142003,31.424889],[-106.142457,31.425276],[-106.142033,31.425594]]]}},{"type":"Feature","properties":{"name":"Olivo","natural":"water"},"geometry":{"type":"Polygon","coordinates":[[[-106.205003,31.367262],[-106.204624,31.36763],[-106.204865,31.368115],[-106.205365,31.368071],[-106.20502,31.367924],[-106.205003,31.367262]]]}},{"type":"Feature","properties":{"natural":"water"},"geometry":{"type":"Polygon","coordinates":[[[-106.143884,31.433529],[-106.14383,31.433588],[-106.143513,31.433501],[-106.143186,31.433515],[-106.142891,31.433648],[-106.142703,31.43384],[-106.14258,31.434037],[-106.142553,31.434408],[-106.142414,31.434609],[-106.14229,31.434719],[-106.142135,31.434691],[-106.142242,31.433758],[-106.142237,31.433341],[-106.14229,31.433021],[-106.142403,31.432737],[-106.142542,31.432655],[-106.142848,31.432655],[-106.143106,31.4327],[-106.14332,31.432792],[-106.14346,31.432792],[-106.143599,31.432824],[-106.143792,31.433181],[-106.143884,31.433529]]]}},{"type":"Feature","properties":{"natural":"water"},"geometry":{"type":"Polygon","coordinates":[[[-106.145546,31.433744],[-106.145375,31.433918],[-106.145123,31.433982],[-106.144806,31.433945],[-106.144474,31.433767],[-106.144264,31.433538],[-106.144125,31.4333],[-106.143985,31.432787],[-106.144103,31.432673],[-106.144259,31.43265],[-106.144527,31.43276],[-106.14531,31.433172],[-106.145509,31.433336],[-106.145579,31.433515],[-106.145546,31.433744]]]}},{"type":"Feature","properties":{"natural":"water"},"geometry":{"type":"Polygon","coordinates":[[[-106.09087,31.406776],[-106.090829,31.406884],[-106.090656,31.406961],[-106.089386,31.405743],[-106.088338,31.404782],[-106.087171,31.403653],[-106.08653,31.403099],[-106.085899,31.402481],[-106.085379,31.402017],[-106.084601,31.401288],[-106.083909,31.400661],[-106.083118,31.400057],[-106.082265,31.399565],[-106.081712,31.39929],[-106.081082,31.399036],[-106.080487,31.398766],[-106.07951,31.39847],[-106.07888,31.398317],[-106.077306,31.398074],[-106.076295,31.398024],[-106.07575,31.397964],[-106.073918,31.397836],[-106.073363,31.397779],[-106.072818,31.397781],[-106.071858,31.397676],[-106.070694,31.397612],[-106.067998,31.39739],[-106.06699,31.397344],[-106.064962,31.397156],[-106.064133,31.397122],[-106.063342,31.397049],[-106.06055,31.396865],[-106.059718,31.396746],[-106.058619,31.396721],[-106.057771,31.396625],[-106.056336,31.396531],[-106.055363,31.396435],[-106.054805,31.396435],[-106.054118,31.396371],[-106.053493,31.396268],[-106.053069,31.396236],[-106.052723,31.396256],[-106.052023,31.396222],[-106.0497,31.396032],[-106.048397,31.395959],[-106.047235,31.395858],[-106.045084,31.395707],[-106.044296,31.395587],[-106.044289,31.395384],[-106.044725,31.395395],[-106.045119,31.395457],[-106.04705,31.395595],[-106.050189,31.395787],[-106.052645,31.395991],[-106.053978,31.396059],[-106.054754,31.396156],[-106.055027,31.396176],[-106.055432,31.396169],[-106.055776,31.396197],[-106.056535,31.396293],[-106.056814,31.396346],[-106.057136,31.396325],[-106.057664,31.396355],[-106.058436,31.396426],[-106.059123,31.396517],[-106.0597,31.396513],[-106.059984,31.39654],[-106.060105,31.396593],[-106.060453,31.396643],[-106.061183,31.396669],[-106.063731,31.396843],[-106.065161,31.396957],[-106.065652,31.396968],[-106.066429,31.397081],[-106.067795,31.397119],[-106.07008,31.397351],[-106.072239,31.397458],[-106.074404,31.397632],[-106.076842,31.397763],[-106.077928,31.3979],[-106.079905,31.398292],[-106.080991,31.398688],[-106.082142,31.399189],[-106.082997,31.399702],[-106.083657,31.400132],[-106.084309,31.400636],[-106.086369,31.402575],[-106.087227,31.403344],[-106.088096,31.404166],[-106.088855,31.404917],[-106.090534,31.406421],[-106.09087,31.406776]]]}},{"type":"Feature","properties":{"natural":"water"},"geometry":{"type":"Polygon","coordinates":[[[-106.134008,31.425518],[-106.133927,31.425711],[-106.133868,31.425802],[-106.133297,31.425484],[-106.132168,31.425013],[-106.131612,31.424836],[-106.131108,31.424697],[-106.130443,31.424488],[-106.129408,31.424312],[-106.128648,31.424221],[-106.127857,31.424166],[-106.12709,31.424182],[-106.126685,31.424152],[-106.125588,31.424189],[-106.124191,31.424189],[-106.123397,31.424143],[-106.122573,31.424173],[-106.120368,31.424143],[-106.1195,31.424115],[-106.118016,31.424138],[-106.113239,31.42406],[-106.112888,31.424042],[-106.11244,31.423983],[-106.111989,31.423875],[-106.111273,31.423749],[-106.11056,31.423593],[-106.109825,31.423376],[-106.107767,31.422483],[-106.107132,31.422106],[-106.106614,31.421765],[-106.105721,31.421147],[-106.10515,31.420673],[-106.102985,31.418599],[-106.100767,31.416539],[-106.099147,31.414985],[-106.098433,31.414326],[-106.097527,31.413456],[-106.096717,31.412595],[-106.095231,31.411222],[-106.093675,31.409825],[-106.092975,31.409132],[-106.092356,31.408555],[-106.091846,31.408042],[-106.090656,31.406961],[-106.090829,31.406884],[-106.09087,31.406776],[-106.092146,31.407966],[-106.092597,31.408413],[-106.093152,31.408891],[-106.093973,31.409683],[-106.095319,31.410892],[-106.096076,31.411613],[-106.096875,31.412293],[-106.09702,31.412483],[-106.097234,31.412842],[-106.097752,31.413337],[-106.098476,31.413968],[-106.099077,31.41452],[-106.099359,31.414811],[-106.099828,31.415234],[-106.100746,31.416159],[-106.101223,31.416535],[-106.10283,31.418107],[-106.10438,31.419542],[-106.105158,31.420298],[-106.105777,31.420806],[-106.107196,31.421843],[-106.107864,31.422223],[-106.108717,31.422639],[-106.10953,31.422969],[-106.110442,31.423305],[-106.110707,31.423381],[-106.112459,31.423719],[-106.112773,31.423758],[-106.114889,31.423793],[-106.115755,31.423859],[-106.117681,31.423806],[-106.118478,31.423864],[-106.119811,31.423848],[-106.124842,31.423921],[-106.126028,31.423964],[-106.12742,31.423957],[-106.128799,31.423996],[-106.129917,31.424141],[-106.131677,31.424573],[-106.132747,31.424971],[-106.133691,31.425365],[-106.134008,31.425518]]]}},{"type":"Feature","properties":{"leisure":"park"},"geometry":{"type":"Polygon","coordinates":[[[-106.109712,31.386846],[-106.109841,31.386305],[-106.109197,31.386022],[-106.109234,31.386832],[-106.109712,31.386846]]]}},{"type":"Feature","properties":{"leisure":"park"},"geometry":{"type":"Polygon","coordinates":[[[-106.169164,31.440764],[-106.169429,31.440642],[-106.169901,31.441461],[-106.169515,31.441659],[-106.169164,31.440764]]]}},{"type":"Feature","properties":{"natural":"water"},"geometry":{"type":"Polygon","coordinates":[[[-106.122735,31.384613],[-106.122454,31.384656],[-106.121793,31.383442],[-106.121964,31.383339],[-106.122544,31.383741],[-106.122735,31.384613]]]}},{"type":"Feature","properties":{"natural":"water"},"geometry":{"type":"Polygon","coordinates":[[[-106.125319,31.384459],[-106.124437,31.384271],[-106.124427,31.383792],[-106.124648,31.383519],[-106.125158,31.383621],[-106.125319,31.384459]]]}},{"type":"Feature","properties":{"name":"County Line Lakes","natural":"water"},"geometry":{"type":"Polygon","coordinates":[[[-106.008976,31.398492],[-106.008684,31.398573],[-106.008281,31.398573],[-106.007826,31.398492],[-106.007157,31.398236],[-106.004067,31.396961],[-106.002144,31.39606],[-105.997123,31.392873],[-105.997132,31.39277],[-105.999295,31.390499],[-105.999483,31.390499],[-106.001595,31.392096],[-106.002608,31.392799],[-106.003449,31.393239],[-106.00429,31.393554],[-106.005354,31.393774],[-106.006213,31.393884],[-106.007723,31.394008],[-106.007723,31.394397],[-106.007878,31.394741],[-106.007732,31.396814],[-106.007835,31.397203],[-106.008169,31.397708],[-106.008599,31.398104],[-106.008985,31.398426],[-106.008976,31.398492]]]}},{"type":"Feature","properties":{"name":"Plainview lakes","natural":"water"},"geometry":{"type":"Polygon","coordinates":[[[-106.027903,31.405573],[-106.0283,31.405016],[-106.026047,31.40377],[-106.025704,31.404371],[-106.027903,31.405573]]]}},{"type":"Feature","properties":{"natural":"water"},"geometry":{"type":"Polygon","coordinates":[[[-106.04266,31.33787],[-106.04271,31.337964],[-106.042721,31.338072],[-106.042704,31.338135],[-106.042598,31.338193],[-106.042429,31.338156],[-106.042375,31.338113],[-106.042386,31.338051],[-106.042442,31.337934],[-106.042493,31.33787],[-106.042538,31.337838],[-106.04266,31.33787]]]}},{"type":"Feature","properties":{"natural":"water"},"geometry":{"type":"Polygon","coordinates":[[[-106.044289,31.395384],[-106.044296,31.395587],[-106.043488,31.395579],[-106.042889,31.395526],[-106.042678,31.395524],[-106.041911,31.395439],[-106.041305,31.3954],[-106.040393,31.395251],[-106.040297,31.395254],[-106.039897,31.395336],[-106.039639,31.395354],[-106.039328,31.39535],[-106.038242,31.395208],[-106.037987,31.395153],[-106.037389,31.394974],[-106.037129,31.394922],[-106.0367,31.394924],[-106.036214,31.394954],[-106.034066,31.39477],[-106.031711,31.394711],[-106.030823,31.394658],[-106.030321,31.394663],[-106.029978,31.394635],[-106.028924,31.394489],[-106.027406,31.394427],[-106.02658,31.394365],[-106.026038,31.394246],[-106.025831,31.394223],[-106.025338,31.394248],[-106.024858,31.394248],[-106.024236,31.394139],[-106.023715,31.394084],[-106.023227,31.394134],[-106.023061,31.394134],[-106.022827,31.394109],[-106.021859,31.393937],[-106.02143,31.393914],[-106.020687,31.393926],[-106.02029,31.393855],[-106.019976,31.393818],[-106.019217,31.393816],[-106.018842,31.3938],[-106.017474,31.393658],[-106.016377,31.393633],[-106.015467,31.393557],[-106.014802,31.393468],[-106.014521,31.393401],[-106.014258,31.393378],[-106.013145,31.393358],[-106.011935,31.393239],[-106.01153,31.393216],[-106.010926,31.393225],[-106.010664,31.393207],[-106.009805,31.393104],[-106.00845,31.392977],[-106.008308,31.392937],[-106.008081,31.392911],[-106.007265,31.39293],[-106.005484,31.392785],[-106.005294,31.392753],[-106.005084,31.392682],[-106.004561,31.392502],[-106.003676,31.392147],[-106.003312,31.391941],[-106.00292,31.39167],[-106.001206,31.390372],[-106.000565,31.389933],[-105.999817,31.389349],[-105.999181,31.388895],[-105.998202,31.38814],[-105.997515,31.387647],[-105.996837,31.387121],[-105.996188,31.386686],[-105.995547,31.386226],[-105.994994,31.385763],[-105.994246,31.385216],[-105.99317,31.384382],[-105.990531,31.382434],[-105.989142,31.381371],[-105.988181,31.380682],[-105.988004,31.380517],[-105.987902,31.380444],[-105.987728,31.380359],[-105.987234,31.379981],[-105.986628,31.379553],[-105.986473,31.379386],[-105.986365,31.379297],[-105.985188,31.378422],[-105.982884,31.376642],[-105.982015,31.376024],[-105.981795,31.375816],[-105.981344,31.375468],[-105.980832,31.375028],[-105.979746,31.374167],[-105.979526,31.374009],[-105.978904,31.373469],[-105.978327,31.372937],[-105.977957,31.372663],[-105.977098,31.371891],[-105.976299,31.371261],[-105.975875,31.37086],[-105.975583,31.370633],[-105.974497,31.369704],[-105.974156,31.369447],[-105.973705,31.369067],[-105.972174,31.367732],[-105.971828,31.367459],[-105.970736,31.366539],[-105.970267,31.366213],[-105.969537,31.365895],[-105.969282,31.365829],[-105.969041,31.365794],[-105.968714,31.365774],[-105.968421,31.365778],[-105.968129,31.365815],[-105.967686,31.365831],[-105.965774,31.365762],[-105.965004,31.365758],[-105.964618,31.365719],[-105.964291,31.365705],[-105.963612,31.365703],[-105.962695,31.365671],[-105.962,31.365671],[-105.96141,31.365652],[-105.960659,31.365593],[-105.960235,31.365595],[-105.957601,31.365522],[-105.956636,31.365481],[-105.956212,31.365448],[-105.955434,31.365426],[-105.95504,31.365393],[-105.95471,31.365345],[-105.954562,31.3653],[-105.954182,31.365128],[-105.953994,31.365018],[-105.953667,31.364755],[-105.953393,31.36445],[-105.953642,31.364347],[-105.95386,31.36458],[-105.954055,31.364755],[-105.954324,31.364942],[-105.954576,31.365043],[-105.95504,31.365139],[-105.955713,31.365151],[-105.956625,31.365222],[-105.957349,31.365226],[-105.958599,31.365281],[-105.960061,31.3653],[-105.960933,31.365364],[-105.961834,31.365378],[-105.962539,31.365439],[-105.962789,31.365442],[-105.963277,31.365409],[-105.96361,31.365407],[-105.965077,31.365478],[-105.965664,31.365462],[-105.965932,31.365471],[-105.966579,31.36552],[-105.967957,31.365547],[-105.968652,31.365517],[-105.969054,31.365561],[-105.969604,31.365659],[-105.969926,31.365776],[-105.970146,31.365888],[-105.970358,31.36601],[-105.970924,31.366397],[-105.972404,31.367558],[-105.973606,31.368666],[-105.974523,31.369353],[-105.976538,31.371137],[-105.977292,31.371719],[-105.978053,31.37242],[-105.978544,31.372795],[-105.980593,31.374568],[-105.982001,31.375715],[-105.983042,31.376491],[-105.983428,31.376769],[-105.983825,31.377029],[-105.984904,31.377895],[-105.985338,31.378229],[-105.985756,31.378518],[-105.987387,31.379805],[-105.98931,31.381151],[-105.989686,31.381458],[-105.991507,31.382807],[-105.992054,31.383237],[-105.993605,31.384391],[-105.994203,31.384879],[-105.995184,31.385568],[-105.995413,31.385756],[-105.996389,31.386443],[-105.999071,31.388447],[-105.999661,31.388856],[-106.000155,31.389278],[-106.000538,31.389575],[-106.000989,31.389857],[-106.002298,31.390803],[-106.003089,31.391441],[-106.003489,31.391696],[-106.003969,31.391961],[-106.004355,31.39214],[-106.005125,31.392369],[-106.005782,31.392497],[-106.007311,31.392618],[-106.00807,31.392655],[-106.008907,31.39276],[-106.009977,31.392813],[-106.010849,31.3929],[-106.012123,31.392978],[-106.012605,31.393033],[-106.013177,31.393072],[-106.014926,31.393138],[-106.016648,31.393335],[-106.017589,31.393376],[-106.01801,31.393422],[-106.018485,31.393449],[-106.01963,31.393569],[-106.020379,31.393584],[-106.022267,31.39369],[-106.023026,31.393781],[-106.023653,31.393823],[-106.024488,31.393905],[-106.025976,31.393981],[-106.026526,31.394079],[-106.027071,31.394109],[-106.027985,31.394116],[-106.028575,31.394148],[-106.028801,31.394171],[-106.029396,31.394296],[-106.030085,31.394354],[-106.031472,31.394409],[-106.032398,31.394409],[-106.034817,31.394537],[-106.035629,31.394603],[-106.036263,31.394683],[-106.037113,31.394674],[-106.037504,31.394731],[-106.038046,31.394878],[-106.039001,31.394981],[-106.039315,31.395009],[-106.039567,31.394997],[-106.039776,31.394951],[-106.040117,31.394945],[-106.040302,31.394958],[-106.041125,31.395093],[-106.042552,31.39526],[-106.044289,31.395384]]]}},{"type":"Feature","properties":{"leisure":"park"},"geometry":{"type":"Polygon","coordinates":[[[-106.006372,31.372412],[-106.006816,31.371916],[-106.005861,31.371321],[-106.005546,31.371775],[-106.006372,31.372412]]]}},{"type":"Feature","properties":{"leisure":"park"},"geometry":{"type":"Polygon","coordinates":[[[-106.012941,31.365212],[-106.013114,31.364793],[-106.013874,31.364937],[-106.013704,31.365348],[-106.012941,31.365212]]]}},{"type":"Feature","properties":{"natural":"water"},"geometry":{"type":"Polygon","coordinates":[[[-105.939535,31.321555],[-105.939419,31.321337],[-105.939657,31.32124],[-105.939754,31.321499],[-105.940687,31.323551],[-105.941133,31.324598],[-105.941487,31.325388],[-105.941747,31.325881],[-105.942286,31.327152],[-105.942946,31.328557],[-105.943265,31.329313],[-105.943584,31.329971],[-105.94375,31.330252],[-105.943928,31.330621],[-105.944727,31.332413],[-105.944957,31.332832],[-105.945081,31.33318],[-105.94562,31.334271],[-105.946207,31.335716],[-105.946677,31.336624],[-105.947109,31.337678],[-105.947321,31.338094],[-105.947924,31.339389],[-105.948058,31.339758],[-105.948109,31.340229],[-105.948007,31.340788],[-105.948034,31.34137],[-105.94802,31.341581],[-105.947972,31.341909],[-105.947881,31.342197],[-105.947782,31.342442],[-105.947506,31.343388],[-105.947382,31.344303],[-105.947232,31.344784],[-105.947184,31.344912],[-105.947114,31.345026],[-105.947066,31.345162],[-105.947025,31.345349],[-105.946942,31.345915],[-105.946867,31.346153],[-105.946712,31.34646],[-105.946634,31.346655],[-105.946588,31.346877],[-105.946575,31.347111],[-105.946583,31.347354],[-105.946494,31.34781],[-105.94621,31.348932],[-105.946119,31.349225],[-105.945918,31.349727],[-105.945853,31.350018],[-105.945821,31.350302],[-105.945719,31.350705],[-105.945679,31.351033],[-105.945717,31.351795],[-105.945738,31.352091],[-105.945845,31.352558],[-105.94606,31.353133],[-105.946202,31.353449],[-105.946312,31.353637],[-105.946642,31.354047],[-105.947168,31.354844],[-105.947527,31.355314],[-105.947935,31.356003],[-105.948096,31.356198],[-105.948401,31.356505],[-105.949107,31.357661],[-105.949375,31.358037],[-105.949638,31.358454],[-105.950107,31.359136],[-105.950327,31.359413],[-105.950842,31.360172],[-105.951706,31.361569],[-105.951923,31.361869],[-105.95228,31.362272],[-105.952489,31.362533],[-105.95302,31.363399],[-105.95343,31.363983],[-105.953642,31.364347],[-105.953393,31.36445],[-105.952808,31.363593],[-105.952519,31.363115],[-105.951843,31.362235],[-105.951692,31.362002],[-105.951502,31.361844],[-105.95144,31.361665],[-105.950681,31.360456],[-105.949407,31.358667],[-105.948806,31.357732],[-105.94856,31.357389],[-105.948286,31.356963],[-105.947962,31.3565],[-105.947304,31.355673],[-105.946921,31.355064],[-105.946738,31.354702],[-105.946518,31.354336],[-105.945856,31.353417],[-105.945666,31.353053],[-105.94559,31.35286],[-105.945467,31.352329],[-105.94537,31.351672],[-105.945381,31.350929],[-105.945411,31.350645],[-105.945539,31.350213],[-105.945741,31.349326],[-105.945926,31.348834],[-105.946234,31.347725],[-105.946403,31.346786],[-105.946521,31.346433],[-105.946792,31.345475],[-105.946835,31.345127],[-105.947224,31.343647],[-105.947345,31.343068],[-105.947425,31.342763],[-105.947632,31.342145],[-105.947707,31.341751],[-105.947758,31.341377],[-105.947752,31.341112],[-105.947787,31.34091],[-105.947782,31.340626],[-105.947838,31.340097],[-105.947841,31.339838],[-105.947809,31.339677],[-105.947726,31.339467],[-105.947562,31.339176],[-105.946988,31.338026],[-105.946076,31.336007],[-105.94577,31.335391],[-105.945003,31.333634],[-105.944654,31.332901],[-105.944099,31.331643],[-105.943627,31.33064],[-105.943099,31.329457],[-105.942849,31.328983],[-105.942455,31.328076],[-105.942227,31.327597],[-105.941902,31.326735],[-105.941366,31.32564],[-105.940191,31.322985],[-105.939535,31.321555]]]}},{"type":"Feature","properties":{"ele":"1150","name":"Soil Conservation Service Site 3 Reservoir","natural":"water"},"geometry":{"type":"Polygon","coordinates":[[[-105.862482,31.381638],[-105.858982,31.379259],[-105.858394,31.37912],[-105.858193,31.379124],[-105.85746,31.379519],[-105.857068,31.379623],[-105.856637,31.379674],[-105.855586,31.380882],[-105.854447,31.382286],[-105.854465,31.383423],[-105.855272,31.384292],[-105.856092,31.385041],[-105.858813,31.384393],[-105.861027,31.383474],[-105.862482,31.381638]]]}},{"type":"Feature","properties":{"leisure":"park"},"geometry":{"type":"Polygon","coordinates":[[[-105.963275,31.330332],[-105.962402,31.330157],[-105.962393,31.330193],[-105.96209,31.330142],[-105.962257,31.329514],[-105.96342,31.329739],[-105.963275,31.330332]]]}},{"type":"Feature","properties":{"natural":"water"},"geometry":{"type":"Polygon","coordinates":[[[-107.102096,31.478796],[-107.102218,31.478361],[-107.101646,31.478082],[-107.101258,31.477594],[-107.102096,31.478796]]]}},{"type":"Feature","properties":{"natural":"water"},"geometry":{"type":"Polygon","coordinates":[[[-107.124787,31.493175],[-107.125003,31.493091],[-107.125009,31.492977],[-107.12495,31.492892],[-107.124752,31.492927],[-107.124787,31.493175]]]}},{"type":"Feature","properties":{"natural":"water"},"geometry":{"type":"Polygon","coordinates":[[[-106.690212,31.457752],[-106.689965,31.457677],[-106.689863,31.457752],[-106.689761,31.457913],[-106.690052,31.457963],[-106.690212,31.457752]]]}},{"type":"Feature","properties":{"natural":"water"},"geometry":{"type":"Polygon","coordinates":[[[-106.69791,31.46345],[-106.697973,31.463336],[-106.698525,31.463366],[-106.699692,31.463468],[-106.69949,31.464165],[-106.699315,31.464118],[-106.699413,31.463801],[-106.699161,31.463694],[-106.698294,31.463563],[-106.69791,31.46345]]]}},{"type":"Feature","properties":{"natural":"water"},"geometry":{"type":"Polygon","coordinates":[[[-106.699888,31.463819],[-106.699902,31.463462],[-106.700566,31.463843],[-106.700874,31.463992],[-106.701182,31.464165],[-106.701105,31.46432],[-106.701042,31.464159],[-106.700678,31.463992],[-106.700098,31.463682],[-106.700028,31.46379],[-106.699888,31.463819]]]}},{"type":"Feature","properties":{"natural":"water"},"geometry":{"type":"Polygon","coordinates":[[[-106.696337,31.46172],[-106.696225,31.461619],[-106.69612,31.461607],[-106.696029,31.461726],[-106.696176,31.461762],[-106.696337,31.46172]]]}},{"type":"Feature","properties":{"natural":"water"},"geometry":{"type":"Polygon","coordinates":[[[-106.694966,31.461565],[-106.694987,31.461404],[-106.694722,31.461327],[-106.694575,31.461362],[-106.694966,31.461565]]]}},{"type":"Feature","properties":{"natural":"water"},"geometry":{"type":"Polygon","coordinates":[[[-106.696439,31.45307],[-106.696723,31.452538],[-106.695948,31.4517],[-106.695362,31.451506],[-106.694588,31.452264],[-106.694286,31.452683],[-106.694286,31.453279],[-106.695117,31.453521],[-106.69591,31.453005],[-106.696439,31.45307]]]}},{"type":"Feature","properties":{"natural":"water"},"geometry":{"type":"Polygon","coordinates":[[[-106.740666,31.564388],[-106.740766,31.564089],[-106.740499,31.563919],[-106.740249,31.563919],[-106.740198,31.564217],[-106.740666,31.564388]]]}},{"type":"Feature","properties":{"natural":"water"},"geometry":{"type":"Polygon","coordinates":[[[-106.745054,31.561701],[-106.744403,31.561871],[-106.743502,31.561687],[-106.743319,31.561246],[-106.742835,31.560919],[-106.742568,31.560364],[-106.743035,31.560066],[-106.742734,31.559782],[-106.742851,31.559497],[-106.743135,31.559526],[-106.743802,31.559057],[-106.744403,31.559113],[-106.74477,31.559213],[-106.745221,31.559711],[-106.746038,31.559455],[-106.746589,31.559682],[-106.746722,31.560123],[-106.746539,31.560862],[-106.746172,31.560834],[-106.745404,31.561189],[-106.745354,31.561473],[-106.745054,31.561701]]]}},{"type":"Feature","properties":{"natural":"water"},"geometry":{"type":"Polygon","coordinates":[[[-106.705789,31.507299],[-106.705466,31.506716],[-106.705034,31.506768],[-106.705478,31.507483],[-106.705789,31.507299]]]}},{"type":"Feature","properties":{"natural":"water"},"geometry":{"type":"Polygon","coordinates":[[[-106.637476,31.530154],[-106.636525,31.529982],[-106.636699,31.529138],[-106.63773,31.529297],[-106.637476,31.530154]]]}},{"type":"Feature","properties":{"natural":"water"},"geometry":{"type":"Polygon","coordinates":[[[-106.60164,31.488824],[-106.601898,31.488394],[-106.601436,31.48822],[-106.600921,31.488357],[-106.600761,31.488641],[-106.601115,31.488888],[-106.60164,31.488824]]]}},{"type":"Feature","properties":{"natural":"water"},"geometry":{"type":"Polygon","coordinates":[[[-106.61077,31.45635],[-106.611379,31.456287],[-106.611841,31.455862],[-106.611232,31.455121],[-106.610733,31.454176],[-106.609903,31.454051],[-106.609109,31.454428],[-106.608739,31.454932],[-106.608666,31.455531],[-106.608887,31.456113],[-106.609496,31.45605],[-106.609736,31.456255],[-106.610327,31.456239],[-106.61077,31.45635]]]}},{"type":"Feature","properties":{"natural":"water"},"geometry":{"type":"Polygon","coordinates":[[[-106.593815,31.507508],[-106.593543,31.507658],[-106.593526,31.507841],[-106.593702,31.508213],[-106.593923,31.508213],[-106.594127,31.508107],[-106.594143,31.507933],[-106.593945,31.507687],[-106.593906,31.50758],[-106.593815,31.507508]]]}},{"type":"Feature","properties":{"natural":"water"},"geometry":{"type":"Polygon","coordinates":[[[-106.596244,31.510815],[-106.595933,31.510617],[-106.595899,31.510458],[-106.595944,31.510356],[-106.596114,31.510342],[-106.596295,31.5104],[-106.596556,31.510405],[-106.596652,31.510472],[-106.596482,31.510564],[-106.596448,31.510747],[-106.596375,31.510825],[-106.596244,31.510815]]]}},{"type":"Feature","properties":{"leisure":"park","name":"Tierra Blanca"},"geometry":{"type":"Polygon","coordinates":[[[-106.474246,31.537129],[-106.474217,31.537159],[-106.474258,31.537185],[-106.474252,31.537301],[-106.474296,31.537372],[-106.474254,31.537398],[-106.474327,31.537429],[-106.474219,31.537734],[-106.474136,31.537815],[-106.473884,31.537964],[-106.473898,31.537935],[-106.473859,31.537944],[-106.473866,31.53797],[-106.473754,31.538015],[-106.473691,31.537973],[-106.473733,31.537951],[-106.473693,31.537949],[-106.473546,31.537848],[-106.473264,31.537812],[-106.473201,31.53785],[-106.473158,31.537826],[-106.473217,31.537886],[-106.473235,31.537937],[-106.473288,31.53794],[-106.473315,31.537973],[-106.473209,31.538028],[-106.473152,31.538091],[-106.473117,31.538063],[-106.473061,31.53807],[-106.473123,31.537958],[-106.472965,31.537982],[-106.472898,31.537949],[-106.472851,31.538032],[-106.472947,31.538115],[-106.472829,31.538108],[-106.472796,31.538164],[-106.472721,31.538115],[-106.472778,31.53807],[-106.472711,31.538037],[-106.472561,31.538087],[-106.472583,31.538042],[-106.47263,31.538022],[-106.472569,31.537992],[-106.472477,31.537989],[-106.472512,31.537963],[-106.472473,31.537945],[-106.472237,31.538016],[-106.472097,31.537989],[-106.471839,31.53773],[-106.471873,31.537705],[-106.471841,31.537661],[-106.471794,31.537692],[-106.471747,31.53767],[-106.471678,31.537677],[-106.471672,31.537583],[-106.471572,31.537582],[-106.471548,31.537471],[-106.471581,31.537393],[-106.471597,31.537296],[-106.471489,31.537207],[-106.471404,31.537232],[-106.471385,31.537194],[-106.471392,31.537067],[-106.47118,31.536774],[-106.471087,31.536764],[-106.47116,31.536691],[-106.471075,31.536611],[-106.471026,31.536585],[-106.470987,31.536644],[-106.470894,31.536665],[-106.470908,31.536606],[-106.470851,31.536641],[-106.470812,31.536637],[-106.47077,31.536592],[-106.47069,31.536589],[-106.470611,31.536625],[-106.47053,31.536516],[-106.47042,31.536516],[-106.470599,31.536326],[-106.470619,31.536338],[-106.470664,31.536261],[-106.470857,31.536178],[-106.470912,31.536244],[-106.470955,31.536151],[-106.471083,31.536107],[-106.471099,31.536029],[-106.47114,31.535979],[-106.471125,31.535905],[-106.471077,31.535839],[-106.471146,31.535756],[-106.471158,31.535657],[-106.471123,31.535589],[-106.471146,31.535437],[-106.47094,31.535381],[-106.47093,31.535305],[-106.470847,31.535225],[-106.470961,31.535125],[-106.470936,31.535035],[-106.470867,31.534986],[-106.470857,31.534901],[-106.470753,31.534848],[-106.470646,31.534832],[-106.47064,31.534786],[-106.470605,31.534797],[-106.470592,31.534914],[-106.470535,31.534932],[-106.47049,31.534985],[-106.470423,31.534989],[-106.470313,31.534932],[-106.470288,31.535031],[-106.47024,31.535117],[-106.470219,31.535074],[-106.470157,31.535056],[-106.470085,31.535145],[-106.47001,31.535051],[-106.470028,31.535003],[-106.469854,31.534889],[-106.469854,31.534857],[-106.469816,31.534852],[-106.469795,31.5349],[-106.469725,31.534877],[-106.469698,31.534912],[-106.469621,31.534889],[-106.469637,31.534857],[-106.469427,31.5348],[-106.469503,31.534736],[-106.469583,31.534715],[-106.469631,31.534747],[-106.469658,31.534717],[-106.469626,31.534676],[-106.469714,31.53458],[-106.469728,31.534432],[-106.469875,31.534315],[-106.469886,31.534196],[-106.469822,31.534164],[-106.469806,31.53407],[-106.469878,31.534006],[-106.469934,31.534004],[-106.470138,31.533817],[-106.470216,31.533903],[-106.470192,31.534018],[-106.470235,31.534082],[-106.470374,31.534082],[-106.470342,31.534043],[-106.470423,31.534043],[-106.470487,31.534006],[-106.470524,31.534052],[-106.470635,31.53407],[-106.470707,31.533942],[-106.47082,31.533951],[-106.470916,31.533983],[-106.470946,31.533949],[-106.470852,31.533851],[-106.471257,31.534018],[-106.47126,31.533922],[-106.471536,31.533627],[-106.471764,31.533545],[-106.471941,31.533524],[-106.472284,31.533567],[-106.47263,31.533245],[-106.472748,31.533218],[-106.472973,31.532998],[-106.47322,31.532939],[-106.473574,31.532961],[-106.473813,31.533083],[-106.47384,31.533346],[-106.473947,31.533704],[-106.474086,31.534777],[-106.474105,31.535017],[-106.474086,31.53519],[-106.474121,31.535277],[-106.474132,31.535394],[-106.474057,31.535476],[-106.474146,31.535634],[-106.47418,31.535796],[-106.474162,31.536299],[-106.474175,31.536651],[-106.474258,31.537049],[-106.474246,31.537129]]]}},{"type":"Feature","properties":{"natural":"water"},"geometry":{"type":"Polygon","coordinates":[[[-106.471031,31.45623],[-106.471102,31.456178],[-106.47112,31.455979],[-106.471063,31.45591],[-106.470667,31.455841],[-106.470597,31.455898],[-106.470533,31.4561],[-106.4706,31.456172],[-106.471031,31.45623]]]}},{"type":"Feature","properties":{"natural":"water"},"geometry":{"type":"Polygon","coordinates":[[[-106.472768,31.554457],[-106.47384,31.554283],[-106.473821,31.553912],[-106.472893,31.554097],[-106.472768,31.554457]]]}},{"type":"Feature","properties":{"natural":"water"},"geometry":{"type":"Polygon","coordinates":[[[-106.487228,31.553544],[-106.487243,31.553345],[-106.486995,31.553233],[-106.486778,31.553296],[-106.486587,31.553255],[-106.486529,31.55312],[-106.486386,31.553237],[-106.48627,31.553242],[-106.486021,31.552994],[-106.485931,31.553025],[-106.486159,31.553377],[-106.486349,31.553458],[-106.486598,31.55349],[-106.486746,31.553584],[-106.486979,31.553584],[-106.487053,31.55353],[-106.487228,31.553544]]]}},{"type":"Feature","properties":{"leisure":"park"},"geometry":{"type":"Polygon","coordinates":[[[-106.373171,31.537789],[-106.372822,31.537478],[-106.372012,31.538127],[-106.372366,31.538452],[-106.373171,31.537789]]]}},{"type":"Feature","properties":{"leisure":"park"},"geometry":{"type":"Polygon","coordinates":[[[-106.374668,31.538539],[-106.37374,31.537693],[-106.372559,31.538617],[-106.373514,31.539472],[-106.374668,31.538539]]]}},{"type":"Feature","properties":{"leisure":"park"},"geometry":{"type":"Polygon","coordinates":[[[-106.375792,31.534391],[-106.375572,31.534196],[-106.37507,31.53459],[-106.375266,31.534777],[-106.375792,31.534391]]]}},{"type":"Feature","properties":{"leisure":"park"},"geometry":{"type":"Polygon","coordinates":[[[-106.374826,31.533527],[-106.374652,31.533355],[-106.374156,31.533751],[-106.374335,31.533913],[-106.374826,31.533527]]]}},{"type":"Feature","properties":{"leisure":"park"},"geometry":{"type":"Polygon","coordinates":[[[-106.37338,31.533106],[-106.373131,31.532877],[-106.372809,31.533127],[-106.373069,31.53338],[-106.37338,31.533106]]]}},{"type":"Feature","properties":{"leisure":"park"},"geometry":{"type":"Polygon","coordinates":[[[-106.373262,31.531494],[-106.373083,31.531327],[-106.37223,31.532011],[-106.372412,31.532171],[-106.373262,31.531494]]]}},{"type":"Feature","properties":{"leisure":"park"},"geometry":{"type":"Polygon","coordinates":[[[-106.371165,31.531021],[-106.370867,31.530774],[-106.371256,31.530408],[-106.371518,31.530476],[-106.371798,31.530469],[-106.371833,31.530488],[-106.371165,31.531021]]]}},{"type":"Feature","properties":{"leisure":"park"},"geometry":{"type":"Polygon","coordinates":[[[-106.369609,31.535334],[-106.369073,31.534836],[-106.369392,31.534365],[-106.370081,31.534969],[-106.369609,31.535334]]]}},{"type":"Feature","properties":{"leisure":"park"},"geometry":{"type":"Polygon","coordinates":[[[-106.377206,31.540861],[-106.376755,31.540431],[-106.37597,31.541065],[-106.376406,31.541469],[-106.377206,31.540861]]]}},{"type":"Feature","properties":{"leisure":"park"},"geometry":{"type":"Polygon","coordinates":[[[-106.378925,31.542403],[-106.378378,31.542878],[-106.377804,31.542393],[-106.378383,31.541909],[-106.378925,31.542403]]]}},{"type":"Feature","properties":{"leisure":"park"},"geometry":{"type":"Polygon","coordinates":[[[-106.386309,31.543726],[-106.385729,31.543269],[-106.386202,31.542835],[-106.386797,31.543283],[-106.386309,31.543726]]]}},{"type":"Feature","properties":{"leisure":"park"},"geometry":{"type":"Polygon","coordinates":[[[-106.387301,31.54107],[-106.386759,31.541577],[-106.386379,31.541285],[-106.386507,31.541102],[-106.386534,31.541015],[-106.38677,31.540741],[-106.387301,31.54107]]]}},{"type":"Feature","properties":{"leisure":"park"},"geometry":{"type":"Polygon","coordinates":[[[-106.385966,31.539498],[-106.385681,31.539322],[-106.385346,31.539713],[-106.385609,31.539882],[-106.385966,31.539498]]]}},{"type":"Feature","properties":{"leisure":"park"},"geometry":{"type":"Polygon","coordinates":[[[-106.391919,31.543844],[-106.390853,31.544824],[-106.390792,31.544823],[-106.390713,31.544771],[-106.390148,31.544306],[-106.391311,31.543235],[-106.391919,31.543844]]]}},{"type":"Feature","properties":{"leisure":"park"},"geometry":{"type":"Polygon","coordinates":[[[-106.389354,31.546186],[-106.388727,31.545678],[-106.388904,31.5455],[-106.389521,31.546026],[-106.389354,31.546186]]]}},{"type":"Feature","properties":{"leisure":"park"},"geometry":{"type":"Polygon","coordinates":[[[-106.39279,31.546635],[-106.392705,31.546699],[-106.390709,31.545103],[-106.390806,31.545012],[-106.39279,31.546635]]]}},{"type":"Feature","properties":{"leisure":"park"},"geometry":{"type":"Polygon","coordinates":[[[-106.390725,31.544957],[-106.390634,31.54503],[-106.389974,31.544504],[-106.390071,31.544422],[-106.390725,31.544957]]]}},{"type":"Feature","properties":{"leisure":"park"},"geometry":{"type":"Polygon","coordinates":[[[-106.389996,31.544363],[-106.389899,31.544441],[-106.388177,31.543064],[-106.388241,31.543005],[-106.388537,31.543247],[-106.388638,31.543261],[-106.389996,31.544363]]]}},{"type":"Feature","properties":{"leisure":"park"},"geometry":{"type":"Polygon","coordinates":[[[-106.384757,31.540535],[-106.384709,31.540606],[-106.384304,31.540517],[-106.38417,31.540517],[-106.383835,31.540382],[-106.383937,31.540265],[-106.384328,31.540428],[-106.384757,31.540535]]]}},{"type":"Feature","properties":{"leisure":"park"},"geometry":{"type":"Polygon","coordinates":[[[-106.385379,31.540686],[-106.38527,31.54069],[-106.385086,31.540624],[-106.384848,31.540576],[-106.384779,31.540645],[-106.3851,31.540722],[-106.385224,31.540766],[-106.385503,31.540901],[-106.386061,31.541349],[-106.38616,31.541374],[-106.38645,31.5416],[-106.386498,31.54155],[-106.385562,31.540798],[-106.385379,31.540686]]]}},{"type":"Feature","properties":{"leisure":"park"},"geometry":{"type":"Polygon","coordinates":[[[-106.386672,31.541689],[-106.386584,31.541779],[-106.386485,31.541685],[-106.386557,31.541612],[-106.386672,31.541689]]]}},{"type":"Feature","properties":{"leisure":"park"},"geometry":{"type":"Polygon","coordinates":[[[-106.387142,31.542048],[-106.387002,31.542014],[-106.386737,31.541779],[-106.386691,31.541792],[-106.386664,31.541831],[-106.387531,31.542551],[-106.387635,31.542572],[-106.387938,31.542816],[-106.387997,31.542755],[-106.387142,31.542048]]]}},{"type":"Feature","properties":{"leisure":"park"},"geometry":{"type":"Polygon","coordinates":[[[-106.387817,31.538584],[-106.387566,31.538779],[-106.38709,31.538315],[-106.387301,31.538091],[-106.387817,31.538584]]]}},{"type":"Feature","properties":{"leisure":"park"},"geometry":{"type":"Polygon","coordinates":[[[-106.38823,31.537157],[-106.38794,31.536904],[-106.387529,31.537559],[-106.387689,31.537671],[-106.38823,31.537157]]]}},{"type":"Feature","properties":{"leisure":"park"},"geometry":{"type":"Polygon","coordinates":[[[-106.386544,31.552653],[-106.386557,31.552694],[-106.386521,31.552724],[-106.386471,31.552721],[-106.386377,31.552653],[-106.386368,31.552598],[-106.386423,31.552564],[-106.386458,31.552575],[-106.386544,31.552653]]]}},{"type":"Feature","properties":{"natural":"water"},"geometry":{"type":"Polygon","coordinates":[[[-106.366275,31.49875],[-106.366568,31.498428],[-106.366602,31.498179],[-106.366275,31.498164],[-106.366052,31.498325],[-106.365914,31.498516],[-106.366275,31.49875]]]}},{"type":"Feature","properties":{"leisure":"park"},"geometry":{"type":"Polygon","coordinates":[[[-106.342972,31.547392],[-106.342311,31.546793],[-106.342134,31.547086],[-106.342759,31.547632],[-106.342972,31.547392]]]}},{"type":"Feature","properties":{"leisure":"park"},"geometry":{"type":"Polygon","coordinates":[[[-106.341801,31.548759],[-106.341223,31.548244],[-106.34114,31.54824],[-106.340833,31.548874],[-106.341338,31.549313],[-106.341801,31.548759]]]}},{"type":"Feature","properties":{"natural":"water"},"geometry":{"type":"Polygon","coordinates":[[[-106.389809,31.562005],[-106.389846,31.561872],[-106.389801,31.561746],[-106.389454,31.561438],[-106.389387,31.561417],[-106.389291,31.561419],[-106.388819,31.56179],[-106.388773,31.561877],[-106.388789,31.561943],[-106.389224,31.562295],[-106.389278,31.56232],[-106.389379,31.562297],[-106.389809,31.562005]]]}},{"type":"Feature","properties":{"natural":"water"},"geometry":{"type":"Polygon","coordinates":[[[-106.388542,31.562832],[-106.388357,31.562725],[-106.388269,31.562608],[-106.388301,31.562523],[-106.38872,31.562155],[-106.38876,31.562162],[-106.389025,31.562418],[-106.388972,31.562498],[-106.388588,31.562823],[-106.388542,31.562832]]]}},{"type":"Feature","properties":{"natural":"water"},"geometry":{"type":"Polygon","coordinates":[[[-106.414616,31.490934],[-106.41463,31.491035],[-106.414658,31.491051],[-106.414706,31.491041],[-106.414723,31.491002],[-106.414692,31.490882],[-106.414641,31.490877],[-106.41462,31.490896],[-106.414616,31.490934]]]}},{"type":"Feature","properties":{"leisure":"park","name":"Jardines del D"},"geometry":{"type":"Polygon","coordinates":[[[-106.415022,31.491353],[-106.414732,31.491353],[-106.41473,31.491164],[-106.414807,31.491117],[-106.414858,31.491036],[-106.414846,31.490907],[-106.414807,31.49083],[-106.414744,31.490791],[-106.414647,31.490784],[-106.414567,31.490823],[-106.414521,31.490878],[-106.414496,31.49097],[-106.414309,31.490814],[-106.414313,31.490663],[-106.414153,31.490528],[-106.413144,31.490545],[-106.413159,31.49136],[-106.413632,31.491358],[-106.413655,31.491741],[-106.414081,31.49174],[-106.41408,31.492201],[-106.414269,31.492035],[-106.414336,31.492013],[-106.415022,31.491353]]]}},{"type":"Feature","properties":{"natural":"water"},"geometry":{"type":"Polygon","coordinates":[[[-106.414946,31.492678],[-106.415036,31.492732],[-106.415017,31.492758],[-106.414909,31.492778],[-106.414825,31.492728],[-106.414917,31.492666],[-106.414946,31.492678]]]}},{"type":"Feature","properties":{"natural":"water"},"geometry":{"type":"Polygon","coordinates":[[[-106.408374,31.49872],[-106.408605,31.498732],[-106.408707,31.498683],[-106.408764,31.498611],[-106.408537,31.498361],[-106.408428,31.4983],[-106.408396,31.498255],[-106.408145,31.498246],[-106.408077,31.498309],[-106.408052,31.498372],[-106.408077,31.498584],[-106.408374,31.49872]]]}},{"type":"Feature","properties":{"leisure":"park"},"geometry":{"type":"Polygon","coordinates":[[[-106.344983,31.552638],[-106.344627,31.552417],[-106.344624,31.552377],[-106.345029,31.551897],[-106.345064,31.551896],[-106.345276,31.552031],[-106.345034,31.552625],[-106.344983,31.552638]]]}},{"type":"Feature","properties":{"leisure":"park"},"geometry":{"type":"Polygon","coordinates":[[[-106.400526,31.570083],[-106.400344,31.57024],[-106.399742,31.569734],[-106.399923,31.569577],[-106.400526,31.570083]]]}},{"type":"Feature","properties":{"natural":"water"},"geometry":{"type":"Polygon","coordinates":[[[-106.426999,31.524884],[-106.426495,31.524884],[-106.426055,31.524609],[-106.425969,31.524225],[-106.426999,31.524884]]]}},{"type":"Feature","properties":{"name":"Atascosa","natural":"water"},"geometry":{"type":"Polygon","coordinates":[[[-106.410452,31.526178],[-106.410804,31.526024],[-106.410957,31.525678],[-106.41084,31.525424],[-106.409865,31.524894],[-106.409658,31.525255],[-106.409811,31.525786],[-106.409965,31.525924],[-106.410452,31.526178]]]}},{"type":"Feature","properties":{"natural":"water"},"geometry":{"type":"Polygon","coordinates":[[[-106.423636,31.535508],[-106.425159,31.534904],[-106.425545,31.533386],[-106.424859,31.531941],[-106.423142,31.531923],[-106.421984,31.532472],[-106.422027,31.533551],[-106.423293,31.534228],[-106.423636,31.535508]]]}},{"type":"Feature","properties":{"leisure":"park","name":"Unidad Deportiva Oriente Siglo XXI"},"geometry":{"type":"Polygon","coordinates":[[[-106.344581,31.555241],[-106.344438,31.555378],[-106.344151,31.555734],[-106.344041,31.555973],[-106.343934,31.556299],[-106.34386,31.556683],[-106.3438,31.557704],[-106.343683,31.558235],[-106.347401,31.56168],[-106.347531,31.561711],[-106.347744,31.561613],[-106.34796,31.561558],[-106.348242,31.56156],[-106.348498,31.561613],[-106.348564,31.561599],[-106.348619,31.561563],[-106.349905,31.560017],[-106.344581,31.555241]]]}},{"type":"Feature","properties":{"leisure":"park"},"geometry":{"type":"Polygon","coordinates":[[[-106.352279,31.559281],[-106.351879,31.559752],[-106.352467,31.560313],[-106.352608,31.560178],[-106.352279,31.559281]]]}},{"type":"Feature","properties":{"leisure":"park"},"geometry":{"type":"Polygon","coordinates":[[[-106.350274,31.554011],[-106.34994,31.553802],[-106.350434,31.553243],[-106.350784,31.55343],[-106.350274,31.554011]]]}},{"type":"Feature","properties":{"natural":"water"},"geometry":{"type":"Polygon","coordinates":[[[-106.346574,31.566345],[-106.346415,31.566193],[-106.346536,31.566002],[-106.34674,31.566119],[-106.346574,31.566345]]]}},{"type":"Feature","properties":{"natural":"water"},"geometry":{"type":"Polygon","coordinates":[[[-106.347324,31.565108],[-106.347164,31.564964],[-106.347305,31.564803],[-106.347497,31.564953],[-106.347324,31.565108]]]}},{"type":"Feature","properties":{"natural":"water"},"geometry":{"type":"Polygon","coordinates":[[[-106.350129,31.562151],[-106.349922,31.56205],[-106.350032,31.561881],[-106.350248,31.561994],[-106.350129,31.562151]]]}},{"type":"Feature","properties":{"natural":"water"},"geometry":{"type":"Polygon","coordinates":[[[-106.351305,31.560986],[-106.351142,31.560898],[-106.351318,31.560695],[-106.351484,31.560831],[-106.351305,31.560986]]]}},{"type":"Feature","properties":{"leisure":"park"},"geometry":{"type":"Polygon","coordinates":[[[-106.349912,31.559417],[-106.349558,31.559109],[-106.349853,31.558759],[-106.350276,31.559013],[-106.349912,31.559417]]]}},{"type":"Feature","properties":{"natural":"water"},"geometry":{"type":"Polygon","coordinates":[[[-106.347425,31.557243],[-106.347679,31.556925],[-106.346882,31.556463],[-106.346784,31.556559],[-106.347117,31.556981],[-106.347425,31.557243]]]}},{"type":"Feature","properties":{"leisure":"park"},"geometry":{"type":"Polygon","coordinates":[[[-106.34736,31.547647],[-106.348197,31.547277],[-106.347741,31.546639],[-106.34679,31.547142],[-106.34736,31.547647]]]}},{"type":"Feature","properties":{"natural":"water"},"geometry":{"type":"Polygon","coordinates":[[[-106.359341,31.550594],[-106.35964,31.550443],[-106.359889,31.5508],[-106.35959,31.550951],[-106.359341,31.550594]]]}},{"type":"Feature","properties":{"leisure":"park"},"geometry":{"type":"Polygon","coordinates":[[[-106.359377,31.548012],[-106.360445,31.547468],[-106.360096,31.546936],[-106.359994,31.546946],[-106.359638,31.547599],[-106.359377,31.548012]]]}},{"type":"Feature","properties":{"natural":"water"},"geometry":{"type":"Polygon","coordinates":[[[-106.36098,31.543239],[-106.361486,31.543079],[-106.36134,31.542743],[-106.360833,31.542904],[-106.36098,31.543239]]]}},{"type":"Feature","properties":{"natural":"water"},"geometry":{"type":"Polygon","coordinates":[[[-106.35825,31.547771],[-106.35905,31.547374],[-106.358947,31.547224],[-106.358148,31.547621],[-106.35825,31.547771]]]}},{"type":"Feature","properties":{"leisure":"park"},"geometry":{"type":"Polygon","coordinates":[[[-106.358365,31.553981],[-106.358551,31.553887],[-106.35781,31.552827],[-106.357624,31.552921],[-106.358365,31.553981]]]}},{"type":"Feature","properties":{"natural":"water"},"geometry":{"type":"Polygon","coordinates":[[[-106.367636,31.552191],[-106.368355,31.551864],[-106.368665,31.552604],[-106.368113,31.552977],[-106.367636,31.552191]]]}},{"type":"Feature","properties":{"leisure":"park"},"geometry":{"type":"Polygon","coordinates":[[[-106.372189,31.550189],[-106.372643,31.54997],[-106.371821,31.548723],[-106.371332,31.548952],[-106.372189,31.550189]]]}},{"type":"Feature","properties":{"natural":"water"},"geometry":{"type":"Polygon","coordinates":[[[-106.362808,31.540494],[-106.362964,31.540442],[-106.362783,31.540093],[-106.362633,31.540139],[-106.362808,31.540494]]]}},{"type":"Feature","properties":{"natural":"water"},"geometry":{"type":"Polygon","coordinates":[[[-106.368669,31.545316],[-106.369157,31.545058],[-106.368512,31.543912],[-106.368114,31.5441],[-106.368669,31.545316]]]}},{"type":"Feature","properties":{"natural":"water"},"geometry":{"type":"Polygon","coordinates":[[[-106.356142,31.553613],[-106.356623,31.553389],[-106.35643,31.553158],[-106.356235,31.552986],[-106.355964,31.553425],[-106.356142,31.553613]]]}},{"type":"Feature","properties":{"natural":"water"},"geometry":{"type":"Polygon","coordinates":[[[-106.347831,31.553933],[-106.348066,31.553766],[-106.347706,31.553472],[-106.347525,31.553654],[-106.347831,31.553933]]]}},{"type":"Feature","properties":{"natural":"water"},"geometry":{"type":"Polygon","coordinates":[[[-106.338822,31.569197],[-106.338537,31.568914],[-106.338675,31.568729],[-106.339004,31.569031],[-106.338822,31.569197]]]}},{"type":"Feature","properties":{"leisure":"park"},"geometry":{"type":"Polygon","coordinates":[[[-106.339996,31.569117],[-106.340736,31.569657],[-106.341043,31.569229],[-106.340435,31.568732],[-106.339996,31.569117]]]}},{"type":"Feature","properties":{"natural":"water"},"geometry":{"type":"Polygon","coordinates":[[[-106.334709,31.560945],[-106.334082,31.561442],[-106.334386,31.560744],[-106.334709,31.560945]]]}},{"type":"Feature","properties":{"natural":"water"},"geometry":{"type":"Polygon","coordinates":[[[-106.364941,31.570252],[-106.364775,31.570469],[-106.36448,31.570207],[-106.364634,31.569998],[-106.364941,31.570252]]]}},{"type":"Feature","properties":{"leisure":"park"},"geometry":{"type":"Polygon","coordinates":[[[-106.34754,31.550225],[-106.347231,31.550058],[-106.346563,31.550545],[-106.347011,31.550817],[-106.34754,31.550225]]]}},{"type":"Feature","properties":{"leisure":"park"},"geometry":{"type":"Polygon","coordinates":[[[-106.362065,31.569989],[-106.361861,31.569804],[-106.361616,31.569647],[-106.361611,31.569582],[-106.361762,31.56941],[-106.361815,31.569398],[-106.361857,31.569415],[-106.362246,31.569739],[-106.362253,31.569788],[-106.362065,31.569989]]]}},{"type":"Feature","properties":{"leisure":"park"},"geometry":{"type":"Polygon","coordinates":[[[-106.390754,31.570097],[-106.390608,31.569983],[-106.390597,31.569938],[-106.390599,31.56952],[-106.390726,31.5694],[-106.390756,31.569409],[-106.390985,31.569585],[-106.391072,31.569694],[-106.391075,31.569799],[-106.391033,31.569888],[-106.39079,31.570095],[-106.390754,31.570097]]]}},{"type":"Feature","properties":{"leisure":"park"},"geometry":{"type":"Polygon","coordinates":[[[-106.330015,31.569668],[-106.330666,31.569122],[-106.33015,31.568691],[-106.330105,31.568741],[-106.329774,31.56937],[-106.329767,31.569438],[-106.330015,31.569668]]]}},{"type":"Feature","properties":{"leisure":"park"},"geometry":{"type":"Polygon","coordinates":[[[-106.331701,31.568681],[-106.331771,31.568664],[-106.331874,31.567719],[-106.33174,31.567599],[-106.33169,31.567593],[-106.331099,31.568084],[-106.331097,31.568137],[-106.331701,31.568681]]]}},{"type":"Feature","properties":{"leisure":"park"},"geometry":{"type":"Polygon","coordinates":[[[-106.33719,31.562522],[-106.337254,31.562503],[-106.337307,31.562328],[-106.337359,31.56201],[-106.337347,31.561961],[-106.337036,31.561699],[-106.336996,31.561704],[-106.336653,31.561986],[-106.336642,31.562031],[-106.33719,31.562522]]]}},{"type":"Feature","properties":{"leisure":"park"},"geometry":{"type":"Polygon","coordinates":[[[-106.339416,31.560938],[-106.338905,31.560451],[-106.338896,31.560386],[-106.339147,31.560188],[-106.339582,31.559645],[-106.339629,31.559626],[-106.340196,31.560079],[-106.34022,31.560125],[-106.340037,31.560388],[-106.339732,31.560724],[-106.33947,31.56094],[-106.339416,31.560938]]]}},{"type":"Feature","properties":{"leisure":"park"},"geometry":{"type":"Polygon","coordinates":[[[-106.337048,31.557455],[-106.337,31.557463],[-106.336507,31.557209],[-106.336482,31.55715],[-106.336786,31.556553],[-106.336849,31.556537],[-106.33733,31.556807],[-106.337361,31.55686],[-106.337048,31.557455]]]}},{"type":"Feature","properties":{"leisure":"park"},"geometry":{"type":"Polygon","coordinates":[[[-106.338824,31.555052],[-106.338873,31.55504],[-106.33908,31.55462],[-106.338332,31.554297],[-106.338285,31.554314],[-106.338135,31.554615],[-106.33815,31.554662],[-106.338824,31.555052]]]}},{"type":"Feature","properties":{"leisure":"park"},"geometry":{"type":"Polygon","coordinates":[[[-106.338019,31.564647],[-106.338422,31.564214],[-106.338086,31.563896],[-106.337533,31.564347],[-106.338019,31.564647]]]}},{"type":"Feature","properties":{"leisure":"park"},"geometry":{"type":"Polygon","coordinates":[[[-106.334793,31.565187],[-106.334882,31.565058],[-106.334915,31.564943],[-106.334923,31.56479],[-106.334455,31.564387],[-106.334423,31.564392],[-106.334176,31.564593],[-106.334169,31.564623],[-106.334793,31.565187]]]}},{"type":"Feature","properties":{"natural":"water"},"geometry":{"type":"Polygon","coordinates":[[[-106.357677,31.539666],[-106.357893,31.539556],[-106.357554,31.538888],[-106.357211,31.539052],[-106.357677,31.539666]]]}},{"type":"Feature","properties":{"leisure":"park"},"geometry":{"type":"Polygon","coordinates":[[[-106.340791,31.56613],[-106.340837,31.566126],[-106.340957,31.565946],[-106.341078,31.565639],[-106.341223,31.565472],[-106.341221,31.56544],[-106.341039,31.565272],[-106.340982,31.565263],[-106.3404,31.565742],[-106.34039,31.565775],[-106.340791,31.56613]]]}},{"type":"Feature","properties":{"leisure":"park"},"geometry":{"type":"Polygon","coordinates":[[[-106.277771,31.549126],[-106.277257,31.549361],[-106.276981,31.548922],[-106.277495,31.548688],[-106.277771,31.549126]]]}},{"type":"Feature","properties":{"natural":"water"},"geometry":{"type":"Polygon","coordinates":[[[-106.327166,31.489595],[-106.326898,31.489048],[-106.326886,31.488701],[-106.327294,31.488313],[-106.327784,31.488293],[-106.328192,31.488363],[-106.327924,31.48882],[-106.327749,31.489158],[-106.327166,31.489595]]]}},{"type":"Feature","properties":{"leisure":"park","name":"Alejandra Flores Park"},"geometry":{"type":"Polygon","coordinates":[[[-106.247938,31.568228],[-106.247529,31.568489],[-106.248239,31.569103],[-106.248837,31.568663],[-106.24805,31.568163],[-106.247938,31.568228]]]}},{"type":"Feature","properties":{"natural":"water"},"geometry":{"type":"Polygon","coordinates":[[[-106.292032,31.56272],[-106.291577,31.56209],[-106.292084,31.561826],[-106.292582,31.561651],[-106.29272,31.56179],[-106.292462,31.562229],[-106.292282,31.562471],[-106.292032,31.56272]]]}},{"type":"Feature","properties":{"natural":"water"},"geometry":{"type":"Polygon","coordinates":[[[-106.292015,31.567092],[-106.291689,31.567139],[-106.291607,31.567104],[-106.29157,31.566884],[-106.291622,31.566683],[-106.291839,31.566502],[-106.291861,31.566565],[-106.292004,31.566604],[-106.29197,31.566923],[-106.292015,31.567092]]]}},{"type":"Feature","properties":{"natural":"water"},"geometry":{"type":"Polygon","coordinates":[[[-106.302859,31.476007],[-106.303079,31.476207],[-106.303588,31.476365],[-106.304041,31.476136],[-106.304158,31.475826],[-106.304502,31.475568],[-106.304495,31.475298],[-106.303697,31.474899],[-106.303491,31.474717],[-106.303292,31.474753],[-106.302907,31.474788],[-106.302721,31.475057],[-106.302577,31.475439],[-106.302927,31.475726],[-106.302859,31.476007]]]}},{"type":"Feature","properties":{"leisure":"park"},"geometry":{"type":"Polygon","coordinates":[[[-106.253632,31.517545],[-106.25402,31.517367],[-106.253855,31.51711],[-106.253477,31.517264],[-106.253632,31.517545]]]}},{"type":"Feature","properties":{"leisure":"park"},"geometry":{"type":"Polygon","coordinates":[[[-106.274385,31.54479],[-106.274823,31.544643],[-106.27446,31.544014],[-106.274026,31.544188],[-106.274385,31.54479]]]}},{"type":"Feature","properties":{"natural":"water"},"geometry":{"type":"Polygon","coordinates":[[[-106.287785,31.560534],[-106.287719,31.560499],[-106.28759,31.560275],[-106.287833,31.560064],[-106.287955,31.559926],[-106.288059,31.559907],[-106.288046,31.560056],[-106.288113,31.560162],[-106.288008,31.560316],[-106.287785,31.560534]]]}},{"type":"Feature","properties":{"leisure":"park","name":"Fabens Veterans Park"},"geometry":{"type":"Polygon","coordinates":[[[-106.149918,31.50292],[-106.149816,31.502915],[-106.149181,31.502311],[-106.151517,31.500707],[-106.152155,31.501307],[-106.152137,31.501384],[-106.149918,31.50292]]]}},{"type":"Feature","properties":{"leisure":"park","name":"Risinger Park"},"geometry":{"type":"Polygon","coordinates":[[[-106.149306,31.495526],[-106.148964,31.495243],[-106.148176,31.495897],[-106.148526,31.496245],[-106.149306,31.495526]]]}},{"type":"Feature","properties":{"leisure":"park","name":"Cotton Valley Lions Club"},"geometry":{"type":"Polygon","coordinates":[[[-106.159835,31.511139],[-106.161018,31.51287],[-106.161733,31.512673],[-106.161924,31.51313],[-106.162044,31.513491],[-106.162058,31.513709],[-106.16201,31.514527],[-106.161839,31.514576],[-106.159343,31.51404],[-106.159642,31.511091],[-106.159835,31.511139]]]}},{"type":"Feature","properties":{"leisure":"park","name":"San Felipe Park"},"geometry":{"type":"Polygon","coordinates":[[[-106.094994,31.547685],[-106.094781,31.547673],[-106.094293,31.547933],[-106.093705,31.548216],[-106.092948,31.548427],[-106.092417,31.548258],[-106.091928,31.548391],[-106.091093,31.547155],[-106.091596,31.54663],[-106.091723,31.54628],[-106.092254,31.545912],[-106.094555,31.545472],[-106.094809,31.546141],[-106.09493,31.547245],[-106.094994,31.547685]]]}},{"type":"Feature","properties":{"ele":"1128","name":"Fabens Lake","natural":"water"},"geometry":{"type":"Polygon","coordinates":[[[-106.126846,31.51916],[-106.123981,31.518026],[-106.124078,31.518429],[-106.123702,31.519069],[-106.123263,31.519316],[-106.12308,31.519883],[-106.122726,31.520642],[-106.122512,31.521959],[-106.123595,31.521328],[-106.124625,31.520862],[-106.125333,31.520294],[-106.126127,31.519782],[-106.126449,31.519398],[-106.126846,31.51916]]]}},{"type":"Feature","properties":{"ele":"1169","name":"Rattlesnake Lake","natural":"water"},"geometry":{"type":"Polygon","coordinates":[[[-106.095917,31.55355],[-106.097317,31.552703],[-106.09796,31.552337],[-106.098023,31.552711],[-106.098056,31.553331],[-106.098064,31.554059],[-106.098691,31.554516],[-106.098725,31.555009],[-106.098927,31.555357],[-106.099069,31.555993],[-106.098769,31.556853],[-106.09849,31.55795],[-106.098382,31.558681],[-106.097846,31.55795],[-106.097674,31.557438],[-106.097868,31.556725],[-106.098103,31.556267],[-106.098146,31.555701],[-106.097674,31.555426],[-106.097489,31.554867],[-106.09658,31.554457],[-106.096108,31.553836],[-106.095917,31.55355]]]}},{"type":"Feature","properties":{"ele":"1185","name":"Indian Cliffs Ranch Main Lake","natural":"water"},"geometry":{"type":"Polygon","coordinates":[[[-106.098284,31.552133],[-106.098027,31.552132],[-106.095829,31.553506],[-106.096451,31.554329],[-106.09761,31.554859],[-106.098206,31.555698],[-106.097782,31.557657],[-106.098468,31.559138],[-106.098511,31.557328],[-106.09894,31.556231],[-106.098601,31.555156],[-106.098648,31.554571],[-106.09815,31.554004],[-106.098132,31.553337],[-106.098091,31.552667],[-106.098284,31.552133]]]}},{"type":"Feature","properties":{"natural":"water"},"geometry":{"type":"Polygon","coordinates":[[[-106.151823,31.519831],[-106.151353,31.520474],[-106.15127,31.520538],[-106.151179,31.520471],[-106.15108,31.520202],[-106.151106,31.519955],[-106.151289,31.51974],[-106.151442,31.519717],[-106.151823,31.519831]]]}},{"type":"Feature","properties":{"leisure":"park"},"geometry":{"type":"Polygon","coordinates":[[[-106.201818,31.457904],[-106.201947,31.457701],[-106.201528,31.45754],[-106.201409,31.457706],[-106.201818,31.457904]]]}},{"type":"Feature","properties":{"ele":"1166","name":"Cottonwood Lake","natural":"water"},"geometry":{"type":"Polygon","coordinates":[[[-106.089928,31.54952],[-106.088963,31.547746],[-106.088383,31.547911],[-106.087804,31.548222],[-106.087546,31.548972],[-106.087031,31.549429],[-106.086538,31.55016],[-106.085851,31.55069],[-106.084778,31.551001],[-106.083899,31.55144],[-106.081538,31.551696],[-106.079049,31.554311],[-106.080594,31.554896],[-106.082847,31.554347],[-106.085422,31.554018],[-106.086516,31.553378],[-106.087804,31.553397],[-106.088555,31.552757],[-106.088426,31.551385],[-106.089306,31.551202],[-106.089735,31.550306],[-106.089928,31.54952]]]}},{"type":"Feature","properties":{"ele":"1192","name":"Rimrock Tank","natural":"water"},"geometry":{"type":"Polygon","coordinates":[[[-106.070509,31.568165],[-106.070563,31.567896],[-106.070477,31.567823],[-106.070182,31.567736],[-106.069913,31.567868],[-106.06986,31.568037],[-106.069989,31.56833],[-106.070487,31.568216],[-106.070509,31.568165]]]}},{"type":"Feature","properties":{"natural":"water"},"geometry":{"type":"Polygon","coordinates":[[[-106.080943,31.551578],[-106.080895,31.551505],[-106.080204,31.55153],[-106.079938,31.551494],[-106.080033,31.551677],[-106.0802,31.551658],[-106.08029,31.551812],[-106.08011,31.551885],[-106.08002,31.552094],[-106.079792,31.552287],[-106.079638,31.552459],[-106.079308,31.552606],[-106.079162,31.552986],[-106.078913,31.553114],[-106.078896,31.553315],[-106.078677,31.55345],[-106.078312,31.553834],[-106.077956,31.553973],[-106.077758,31.55442],[-106.077393,31.554705],[-106.077157,31.555107],[-106.07708,31.555326],[-106.077569,31.554972],[-106.078973,31.553575],[-106.079552,31.55303],[-106.080247,31.552306],[-106.080445,31.552181],[-106.080745,31.551801],[-106.080904,31.551717],[-106.080943,31.551578]]]}},{"type":"Feature","properties":{"name":"Cottonwood Lake","natural":"water"},"geometry":{"type":"Polygon","coordinates":[[[-105.975561,31.557229],[-105.975711,31.558034],[-105.975421,31.558829],[-105.974424,31.55957],[-105.973662,31.55988],[-105.973276,31.560246],[-105.972965,31.560411],[-105.972847,31.560356],[-105.972707,31.560182],[-105.972739,31.559213],[-105.972568,31.55797],[-105.972621,31.557641],[-105.97304,31.557357],[-105.974552,31.556982],[-105.975303,31.556982],[-105.975561,31.557229]]]}},{"type":"Feature","properties":{"natural":"water"},"geometry":{"type":"Polygon","coordinates":[[[-107.076786,31.596016],[-107.076456,31.595826],[-107.076387,31.595716],[-107.075967,31.595712],[-107.075799,31.595782],[-107.075786,31.595965],[-107.075992,31.596125],[-107.076366,31.595921],[-107.076786,31.596016]]]}},{"type":"Feature","properties":{"natural":"water"},"geometry":{"type":"Polygon","coordinates":[[[-107.028497,31.58296],[-107.02895,31.582935],[-107.028877,31.582773],[-107.028504,31.582823],[-107.028497,31.58296]]]}},{"type":"Feature","properties":{"natural":"water"},"geometry":{"type":"Polygon","coordinates":[[[-107.030237,31.583994],[-107.030609,31.583969],[-107.030588,31.58385],[-107.030215,31.583838],[-107.030237,31.583994]]]}},{"type":"Feature","properties":{"natural":"water"},"geometry":{"type":"Polygon","coordinates":[[[-106.744901,31.580052],[-106.746781,31.579355],[-106.746597,31.578502],[-106.745391,31.577423],[-106.74437,31.577127],[-106.74394,31.577945],[-106.744063,31.57892],[-106.744002,31.580051],[-106.744901,31.580052]]]}},{"type":"Feature","properties":{"natural":"water"},"geometry":{"type":"Polygon","coordinates":[[[-106.654978,31.636733],[-106.655619,31.636704],[-106.656352,31.636314],[-106.656577,31.635704],[-106.656602,31.634953],[-106.656394,31.634563],[-106.655453,31.634485],[-106.654628,31.634932],[-106.654004,31.636038],[-106.653904,31.636626],[-106.654062,31.636853],[-106.654978,31.636733]]]}},{"type":"Feature","properties":{"natural":"water"},"geometry":{"type":"Polygon","coordinates":[[[-106.621758,31.637984],[-106.624068,31.638316],[-106.625271,31.637403],[-106.626409,31.635907],[-106.626247,31.634717],[-106.626409,31.632889],[-106.624588,31.631006],[-106.622767,31.628791],[-106.62049,31.627821],[-106.617075,31.628597],[-106.616034,31.631006],[-106.616002,31.633609],[-106.615514,31.636627],[-106.61753,31.638012],[-106.618083,31.63671],[-106.62023,31.636876],[-106.621758,31.637984]]]}},{"type":"Feature","properties":{"natural":"water"},"geometry":{"type":"Polygon","coordinates":[[[-106.629847,31.587703],[-106.62988,31.587752],[-106.630173,31.58781],[-106.630245,31.587762],[-106.630323,31.587578],[-106.630278,31.587494],[-106.629973,31.587408],[-106.629907,31.587459],[-106.629847,31.587703]]]}},{"type":"Feature","properties":{"leisure":"park","name":"Parque Tarento"},"geometry":{"type":"Polygon","coordinates":[[[-106.472526,31.65904],[-106.471861,31.65961],[-106.471717,31.658386],[-106.471794,31.658355],[-106.471832,31.658373],[-106.47252,31.658962],[-106.472536,31.658991],[-106.472526,31.65904]]]}},{"type":"Feature","properties":{"leisure":"park"},"geometry":{"type":"Polygon","coordinates":[[[-106.462103,31.65167],[-106.462155,31.651159],[-106.46219,31.651144],[-106.462825,31.651674],[-106.462799,31.65171],[-106.462103,31.65167]]]}},{"type":"Feature","properties":{"leisure":"park"},"geometry":{"type":"Polygon","coordinates":[[[-106.470646,31.633107],[-106.470491,31.633022],[-106.470681,31.632221],[-106.470703,31.632205],[-106.471188,31.632502],[-106.471186,31.632531],[-106.470646,31.633107]]]}},{"type":"Feature","properties":{"leisure":"park","name":"Parque Oasis de Zaire"},"geometry":{"type":"Polygon","coordinates":[[[-106.460438,31.652556],[-106.460748,31.652172],[-106.459982,31.652041],[-106.459925,31.652045],[-106.459901,31.65208],[-106.459924,31.65213],[-106.460438,31.652556]]]}},{"type":"Feature","properties":{"leisure":"park"},"geometry":{"type":"Polygon","coordinates":[[[-106.466953,31.63313],[-106.466915,31.633127],[-106.466438,31.63276],[-106.466441,31.632728],[-106.466867,31.632257],[-106.466907,31.63225],[-106.467436,31.632703],[-106.46743,31.632746],[-106.466953,31.63313]]]}},{"type":"Feature","properties":{"leisure":"park","name":"Parque del Hoyo: Oasis"},"geometry":{"type":"Polygon","coordinates":[[[-106.452713,31.650555],[-106.453011,31.648322],[-106.452691,31.648269],[-106.452713,31.648185],[-106.450347,31.647792],[-106.449817,31.650038],[-106.452713,31.650555]]]}},{"type":"Feature","properties":{"leisure":"park"},"geometry":{"type":"Polygon","coordinates":[[[-106.451476,31.656323],[-106.451428,31.656809],[-106.450632,31.657086],[-106.450517,31.658063],[-106.451209,31.658107],[-106.45168,31.658118],[-106.451821,31.658101],[-106.452008,31.658045],[-106.451909,31.657666],[-106.452532,31.657364],[-106.452496,31.657262],[-106.452529,31.657209],[-106.454404,31.656515],[-106.454205,31.656306],[-106.453966,31.656145],[-106.45355,31.656119],[-106.452601,31.656304],[-106.452133,31.656351],[-106.451825,31.656356],[-106.451476,31.656323]]]}},{"type":"Feature","properties":{"natural":"water"},"geometry":{"type":"Polygon","coordinates":[[[-106.492052,31.680304],[-106.49207,31.679985],[-106.491667,31.678645],[-106.491253,31.678334],[-106.490149,31.678454],[-106.489798,31.67845],[-106.489714,31.678902],[-106.489677,31.679249],[-106.490105,31.679413],[-106.490316,31.679665],[-106.491165,31.680018],[-106.491459,31.680275],[-106.491724,31.680412],[-106.492052,31.680304]]]}},{"type":"Feature","properties":{"leisure":"park"},"geometry":{"type":"Polygon","coordinates":[[[-106.463103,31.656647],[-106.462747,31.65662],[-106.46289,31.655245],[-106.463042,31.655259],[-106.463242,31.655364],[-106.463103,31.656647]]]}},{"type":"Feature","properties":{"leisure":"park"},"geometry":{"type":"Polygon","coordinates":[[[-106.462915,31.655116],[-106.463045,31.65512],[-106.463111,31.655029],[-106.463222,31.654991],[-106.463318,31.654984],[-106.463358,31.654959],[-106.463515,31.653768],[-106.463444,31.653712],[-106.463375,31.653619],[-106.46334,31.653605],[-106.463089,31.653619],[-106.462915,31.655116]]]}},{"type":"Feature","properties":{"leisure":"park"},"geometry":{"type":"Polygon","coordinates":[[[-106.463731,31.651603],[-106.463783,31.6516],[-106.463799,31.651632],[-106.463561,31.653396],[-106.463453,31.653441],[-106.463378,31.653529],[-106.463105,31.653541],[-106.46328,31.651834],[-106.463488,31.651747],[-106.463731,31.651603]]]}},{"type":"Feature","properties":{"leisure":"park"},"geometry":{"type":"Polygon","coordinates":[[[-106.459667,31.659251],[-106.45895,31.659178],[-106.458999,31.658741],[-106.4599,31.658809],[-106.459884,31.658972],[-106.459811,31.658981],[-106.45974,31.659024],[-106.459702,31.659218],[-106.459667,31.659251]]]}},{"type":"Feature","properties":{"natural":"water"},"geometry":{"type":"Polygon","coordinates":[[[-106.502798,31.587011],[-106.502567,31.583425],[-106.501275,31.583493],[-106.501181,31.584603],[-106.499411,31.584852],[-106.499831,31.587509],[-106.502798,31.587011]]]}},{"type":"Feature","properties":{"leisure":"park","name":"Parque Oasis de Palau"},"geometry":{"type":"Polygon","coordinates":[[[-106.460883,31.653003],[-106.460972,31.65229],[-106.460911,31.652284],[-106.46055,31.652722],[-106.460883,31.653003]]]}},{"type":"Feature","properties":{"leisure":"park","name":"Parque 1ero de Mayo"},"geometry":{"type":"Polygon","coordinates":[[[-106.464942,31.659522],[-106.464446,31.659473],[-106.464571,31.658115],[-106.465126,31.658157],[-106.464942,31.659522]]]}},{"type":"Feature","properties":{"leisure":"park","name":"Distribuidor Vial Lic. benito Juárez"},"geometry":{"type":"Polygon","coordinates":[[[-106.451687,31.607275],[-106.451778,31.607316],[-106.451907,31.607323],[-106.452025,31.607273],[-106.452163,31.607183],[-106.45228,31.607052],[-106.45241,31.606776],[-106.452415,31.606639],[-106.452376,31.606518],[-106.452335,31.606449],[-106.452136,31.60635],[-106.452018,31.606357],[-106.45189,31.606413],[-106.45177,31.606499],[-106.451656,31.606641],[-106.451599,31.606743],[-106.451543,31.607036],[-106.451555,31.607126],[-106.451587,31.607205],[-106.451687,31.607275]]]}},{"type":"Feature","properties":{"leisure":"park"},"geometry":{"type":"Polygon","coordinates":[[[-106.464858,31.660168],[-106.464919,31.659682],[-106.464631,31.659639],[-106.464559,31.66015],[-106.464858,31.660168]]]}},{"type":"Feature","properties":{"leisure":"park"},"geometry":{"type":"Polygon","coordinates":[[[-106.457992,31.644788],[-106.458071,31.644657],[-106.456734,31.643944],[-106.45657,31.643929],[-106.456456,31.64398],[-106.45645,31.644043],[-106.456866,31.644318],[-106.457982,31.644805],[-106.457992,31.644788]]]}},{"type":"Feature","properties":{"leisure":"park","name":"Parque La Hacienda 1"},"geometry":{"type":"Polygon","coordinates":[[[-106.45929,31.623469],[-106.459935,31.622946],[-106.459357,31.622408],[-106.458803,31.622832],[-106.458832,31.622931],[-106.458831,31.622992],[-106.458803,31.623076],[-106.45929,31.623469]]]}},{"type":"Feature","properties":{"leisure":"park","name":"Parque La Hacienda 2"},"geometry":{"type":"Polygon","coordinates":[[[-106.457921,31.622845],[-106.457093,31.622838],[-106.457106,31.622891],[-106.457521,31.623222],[-106.457921,31.622845]]]}},{"type":"Feature","properties":{"leisure":"park"},"geometry":{"type":"Polygon","coordinates":[[[-106.454764,31.656903],[-106.454422,31.656508],[-106.454034,31.656646],[-106.454336,31.657102],[-106.454764,31.656903]]]}},{"type":"Feature","properties":{"leisure":"park"},"geometry":{"type":"Polygon","coordinates":[[[-106.456035,31.656081],[-106.454948,31.656793],[-106.454476,31.656244],[-106.455499,31.655468],[-106.456035,31.656081]]]}},{"type":"Feature","properties":{"leisure":"park"},"geometry":{"type":"Polygon","coordinates":[[[-106.458311,31.654509],[-106.458067,31.654279],[-106.458031,31.654509],[-106.458311,31.654509]]]}},{"type":"Feature","properties":{"leisure":"park"},"geometry":{"type":"Polygon","coordinates":[[[-106.45275,31.652965],[-106.452444,31.652693],[-106.452404,31.652717],[-106.452346,31.652925],[-106.452365,31.652968],[-106.452454,31.653011],[-106.45259,31.653044],[-106.452691,31.653038],[-106.45276,31.653009],[-106.45275,31.652965]]]}},{"type":"Feature","properties":{"leisure":"park","name":"Parque Tehuantepec"},"geometry":{"type":"Polygon","coordinates":[[[-106.473422,31.66057],[-106.473053,31.660353],[-106.472657,31.660708],[-106.473029,31.66104],[-106.473422,31.66057]]]}},{"type":"Feature","properties":{"leisure":"park","name":"Parque Eligio Pasten"},"geometry":{"type":"Polygon","coordinates":[[[-106.44922,31.658851],[-106.448019,31.658755],[-106.448228,31.657773],[-106.450288,31.657979],[-106.450239,31.658476],[-106.449381,31.658413],[-106.44929,31.658431],[-106.449258,31.658486],[-106.44922,31.658851]]]}},{"type":"Feature","properties":{"leisure":"park","name":"Parque Jerónimo"},"geometry":{"type":"Polygon","coordinates":[[[-106.485014,31.653698],[-106.484548,31.653625],[-106.484519,31.653211],[-106.484861,31.653027],[-106.485088,31.653195],[-106.485011,31.653317],[-106.485213,31.653398],[-106.485014,31.653698]]]}},{"type":"Feature","properties":{"leisure":"park"},"geometry":{"type":"Polygon","coordinates":[[[-106.469408,31.631509],[-106.469113,31.631258],[-106.468552,31.631715],[-106.46884,31.631974],[-106.469408,31.631509]]]}},{"type":"Feature","properties":{"leisure":"park","name":"Parque Lucha y Esfuerzo"},"geometry":{"type":"Polygon","coordinates":[[[-106.464068,31.629821],[-106.463722,31.629496],[-106.462778,31.630397],[-106.463258,31.630737],[-106.464068,31.629821]]]}},{"type":"Feature","properties":{"leisure":"park","name":"Parque Paseo de la Plaza"},"geometry":{"type":"Polygon","coordinates":[[[-106.455751,31.62699],[-106.455864,31.626764],[-106.455975,31.626444],[-106.455981,31.626216],[-106.455953,31.626016],[-106.456095,31.62549],[-106.456253,31.625234],[-106.455973,31.625002],[-106.455855,31.625251],[-106.455542,31.626547],[-106.455356,31.626938],[-106.455751,31.62699]]]}},{"type":"Feature","properties":{"leisure":"park"},"geometry":{"type":"Polygon","coordinates":[[[-106.460352,31.622961],[-106.460232,31.622837],[-106.460067,31.622966],[-106.460193,31.623093],[-106.460352,31.622961]]]}},{"type":"Feature","properties":{"leisure":"park","name":"Parque Uva"},"geometry":{"type":"Polygon","coordinates":[[[-106.462078,31.623864],[-106.46204,31.623964],[-106.461977,31.623978],[-106.460889,31.622984],[-106.460868,31.622944],[-106.461697,31.621851],[-106.461739,31.62184],[-106.462701,31.622702],[-106.462714,31.622756],[-106.462078,31.623864]]]}},{"type":"Feature","properties":{"leisure":"park","name":"Parque Cocote"},"geometry":{"type":"Polygon","coordinates":[[[-106.464773,31.6191],[-106.464491,31.619525],[-106.464441,31.619559],[-106.464139,31.619287],[-106.464136,31.619236],[-106.464451,31.618928],[-106.464511,31.618928],[-106.464733,31.61903],[-106.464777,31.619061],[-106.464773,31.6191]]]}},{"type":"Feature","properties":{"leisure":"park","name":"Parque Miguel Molinar"},"geometry":{"type":"Polygon","coordinates":[[[-106.464763,31.618277],[-106.464391,31.618652],[-106.463956,31.619035],[-106.463913,31.619058],[-106.463764,31.618951],[-106.463741,31.618905],[-106.464338,31.617955],[-106.464421,31.617944],[-106.464763,31.618218],[-106.46478,31.618255],[-106.464763,31.618277]]]}},{"type":"Feature","properties":{"leisure":"park","name":"Parque Serpiente"},"geometry":{"type":"Polygon","coordinates":[[[-106.46562,31.616852],[-106.465818,31.616528],[-106.465824,31.616493],[-106.465795,31.616458],[-106.465591,31.616314],[-106.465539,31.616299],[-106.465212,31.616605],[-106.46562,31.616852]]]}},{"type":"Feature","properties":{"leisure":"park","name":"Parque Cactus del Desierto"},"geometry":{"type":"Polygon","coordinates":[[[-106.466547,31.615346],[-106.465649,31.615008],[-106.466113,31.614221],[-106.466185,31.614215],[-106.466892,31.614752],[-106.466896,31.614807],[-106.466547,31.615346]]]}},{"type":"Feature","properties":{"leisure":"park","name":"Parque Av. de las Granjas"},"geometry":{"type":"Polygon","coordinates":[[[-106.463659,31.613607],[-106.463442,31.613414],[-106.463449,31.613377],[-106.464224,31.612758],[-106.464275,31.61275],[-106.464307,31.612773],[-106.463659,31.613607]]]}},{"type":"Feature","properties":{"leisure":"park"},"geometry":{"type":"Polygon","coordinates":[[[-106.455128,31.65887],[-106.454768,31.658481],[-106.454411,31.658609],[-106.454429,31.658669],[-106.454605,31.658852],[-106.455123,31.658883],[-106.455128,31.65887]]]}},{"type":"Feature","properties":{"leisure":"park"},"geometry":{"type":"Polygon","coordinates":[[[-106.454433,31.658826],[-106.454297,31.658672],[-106.454009,31.658789],[-106.454433,31.658826]]]}},{"type":"Feature","properties":{"leisure":"park"},"geometry":{"type":"Polygon","coordinates":[[[-106.471819,31.659093],[-106.471886,31.659568],[-106.472293,31.659155],[-106.471819,31.659093]]]}},{"type":"Feature","properties":{"leisure":"park","name":"Parque 1 de Septiembre"},"geometry":{"type":"Polygon","coordinates":[[[-106.478996,31.662333],[-106.479095,31.662053],[-106.479053,31.661752],[-106.478895,31.661216],[-106.478299,31.660933],[-106.478706,31.661585],[-106.478672,31.661777],[-106.47877,31.662175],[-106.478887,31.662346],[-106.478996,31.662333]]]}},{"type":"Feature","properties":{"leisure":"park"},"geometry":{"type":"Polygon","coordinates":[[[-106.475864,31.659584],[-106.476377,31.658973],[-106.475577,31.658447],[-106.47488,31.659247],[-106.475266,31.659468],[-106.475416,31.659529],[-106.475707,31.659593],[-106.475864,31.659584]]]}},{"type":"Feature","properties":{"leisure":"park","name":"Parque San Andres"},"geometry":{"type":"Polygon","coordinates":[[[-106.482809,31.667225],[-106.482223,31.66716],[-106.482268,31.666739],[-106.482843,31.666799],[-106.482809,31.667225]]]}},{"type":"Feature","properties":{"leisure":"park","name":"Parque Francisco Portillo"},"geometry":{"type":"Polygon","coordinates":[[[-106.476571,31.667214],[-106.476188,31.667185],[-106.47614,31.667636],[-106.476523,31.667665],[-106.476571,31.667214]]]}},{"type":"Feature","properties":{"leisure":"park"},"geometry":{"type":"Polygon","coordinates":[[[-106.47712,31.662011],[-106.476925,31.661835],[-106.476853,31.662018],[-106.47712,31.662011]]]}},{"type":"Feature","properties":{"leisure":"park","name":"Parque Morelos"},"geometry":{"type":"Polygon","coordinates":[[[-106.481785,31.675871],[-106.480779,31.676038],[-106.480837,31.67624],[-106.481148,31.676389],[-106.481309,31.676437],[-106.481513,31.676453],[-106.481514,31.676503],[-106.481563,31.676654],[-106.48165,31.676699],[-106.48179,31.676703],[-106.482002,31.676658],[-106.481785,31.675871]]]}},{"type":"Feature","properties":{"leisure":"park"},"geometry":{"type":"Polygon","coordinates":[[[-106.469095,31.652296],[-106.46856,31.65185],[-106.468254,31.652108],[-106.468787,31.652549],[-106.469095,31.652296]]]}},{"type":"Feature","properties":{"leisure":"park"},"geometry":{"type":"Polygon","coordinates":[[[-106.463465,31.656023],[-106.463277,31.655977],[-106.463284,31.655879],[-106.46348,31.655884],[-106.463498,31.655908],[-106.463495,31.655995],[-106.463465,31.656023]]]}},{"type":"Feature","properties":{"leisure":"park"},"geometry":{"type":"Polygon","coordinates":[[[-106.456174,31.655061],[-106.455904,31.654813],[-106.4549,31.655569],[-106.454146,31.656054],[-106.454476,31.656244],[-106.455499,31.655468],[-106.456174,31.655061]]]}},{"type":"Feature","properties":{"leisure":"park"},"geometry":{"type":"Polygon","coordinates":[[[-106.467356,31.61274],[-106.467106,31.612527],[-106.466922,31.612692],[-106.467025,31.612966],[-106.467071,31.612975],[-106.467356,31.61274]]]}},{"type":"Feature","properties":{"leisure":"park","name":"Parque Revolución Mexicana"},"geometry":{"type":"Polygon","coordinates":[[[-106.456063,31.679697],[-106.457055,31.67974],[-106.457134,31.678399],[-106.456142,31.678357],[-106.456063,31.679697]]]}},{"type":"Feature","properties":{"natural":"water"},"geometry":{"type":"Polygon","coordinates":[[[-106.48803,31.616639],[-106.487499,31.616394],[-106.487211,31.615955],[-106.487499,31.615774],[-106.488091,31.61589],[-106.488577,31.616418],[-106.48803,31.616639]]]}},{"type":"Feature","properties":{"natural":"water"},"geometry":{"type":"Polygon","coordinates":[[[-106.460591,31.674641],[-106.460624,31.674805],[-106.460806,31.674732],[-106.460881,31.674586],[-106.461965,31.674495],[-106.462018,31.67443],[-106.462115,31.673157],[-106.462174,31.672965],[-106.462249,31.672846],[-106.462211,31.672814],[-106.461959,31.672814],[-106.460661,31.67297],[-106.460489,31.673015],[-106.460404,31.673102],[-106.460398,31.673403],[-106.460591,31.674641]]]}},{"type":"Feature","properties":{"leisure":"park","name":"Parque Los Ojitos"},"geometry":{"type":"Polygon","coordinates":[[[-106.498281,31.677162],[-106.498036,31.67723],[-106.497765,31.676329],[-106.497983,31.676327],[-106.498281,31.677162]]]}},{"type":"Feature","properties":{"natural":"water"},"geometry":{"type":"Polygon","coordinates":[[[-106.482226,31.590091],[-106.48032,31.590138],[-106.480168,31.587665],[-106.48213,31.587652],[-106.482226,31.590091]]]}},{"type":"Feature","properties":{"natural":"water"},"geometry":{"type":"Polygon","coordinates":[[[-106.497473,31.589652],[-106.496476,31.589661],[-106.496457,31.588099],[-106.497455,31.588091],[-106.497473,31.589652]]]}},{"type":"Feature","properties":{"leisure":"park"},"geometry":{"type":"Polygon","coordinates":[[[-106.461244,31.6407],[-106.461217,31.640716],[-106.460968,31.640638],[-106.460856,31.640529],[-106.460869,31.640485],[-106.461009,31.640467],[-106.461275,31.640543],[-106.461298,31.640578],[-106.461244,31.6407]]]}},{"type":"Feature","properties":{"natural":"water"},"geometry":{"type":"Polygon","coordinates":[[[-106.477283,31.64765],[-106.476612,31.647395],[-106.476468,31.64719],[-106.476624,31.646782],[-106.476887,31.646711],[-106.477595,31.646946],[-106.477283,31.64765]]]}},{"type":"Feature","properties":{"leisure":"park"},"geometry":{"type":"Polygon","coordinates":[[[-106.457376,31.615978],[-106.456646,31.616887],[-106.456939,31.61719],[-106.457073,31.6173],[-106.457376,31.615978]]]}},{"type":"Feature","properties":{"leisure":"park"},"geometry":{"type":"Polygon","coordinates":[[[-106.466388,31.611248],[-106.466053,31.610955],[-106.465821,31.61124],[-106.465829,31.611289],[-106.466065,31.611484],[-106.466107,31.61148],[-106.466388,31.611248]]]}},{"type":"Feature","properties":{"natural":"water"},"geometry":{"type":"Polygon","coordinates":[[[-106.486054,31.607846],[-106.486095,31.608106],[-106.48672,31.608025],[-106.486693,31.607797],[-106.486054,31.607846]]]}},{"type":"Feature","properties":{"natural":"water"},"geometry":{"type":"Polygon","coordinates":[[[-106.453526,31.648113],[-106.453508,31.648175],[-106.453427,31.648157],[-106.453446,31.648095],[-106.453526,31.648113]]]}},{"type":"Feature","properties":{"natural":"water"},"geometry":{"type":"Polygon","coordinates":[[[-106.511118,31.684206],[-106.51063,31.684663],[-106.51106,31.684853],[-106.511591,31.68541],[-106.512737,31.685974],[-106.512523,31.685642],[-106.51145,31.684434],[-106.511118,31.684206]]]}},{"type":"Feature","properties":{"natural":"water"},"geometry":{"type":"Polygon","coordinates":[[[-106.497641,31.687885],[-106.497394,31.687936],[-106.49735,31.688212],[-106.497434,31.688303],[-106.497597,31.688283],[-106.497637,31.688374],[-106.497774,31.688303],[-106.497694,31.688272],[-106.497731,31.68809],[-106.497711,31.687953],[-106.497641,31.687885]]]}},{"type":"Feature","properties":{"natural":"water"},"geometry":{"type":"Polygon","coordinates":[[[-106.491708,31.687448],[-106.491923,31.687741],[-106.491613,31.687873],[-106.491445,31.687496],[-106.491708,31.687448]]]}},{"type":"Feature","properties":{"leisure":"park"},"geometry":{"type":"Polygon","coordinates":[[[-106.491164,31.684176],[-106.491122,31.684508],[-106.492134,31.684621],[-106.493786,31.684302],[-106.494397,31.684092],[-106.494366,31.683989],[-106.492971,31.684234],[-106.492653,31.684176],[-106.491971,31.684273],[-106.491164,31.684176]]]}},{"type":"Feature","properties":{"natural":"water"},"geometry":{"type":"Polygon","coordinates":[[[-106.486169,31.672434],[-106.485945,31.672525],[-106.485631,31.672477],[-106.485322,31.6725],[-106.485317,31.672408],[-106.485395,31.672353],[-106.485825,31.672258],[-106.486027,31.672295],[-106.486169,31.672434]]]}},{"type":"Feature","properties":{"leisure":"park"},"geometry":{"type":"Polygon","coordinates":[[[-106.483818,31.679462],[-106.483909,31.679699],[-106.483439,31.679674],[-106.482725,31.679783],[-106.48219,31.679968],[-106.481457,31.68026],[-106.481314,31.679736],[-106.481709,31.679639],[-106.481652,31.679405],[-106.48193,31.679288],[-106.482535,31.679155],[-106.482821,31.67915],[-106.482873,31.679299],[-106.48333,31.679288],[-106.483818,31.679462]]]}},{"type":"Feature","properties":{"natural":"water"},"geometry":{"type":"Polygon","coordinates":[[[-106.481011,31.66884],[-106.480998,31.668895],[-106.480794,31.668861],[-106.480807,31.668806],[-106.481011,31.66884]]]}},{"type":"Feature","properties":{"natural":"water"},"geometry":{"type":"Polygon","coordinates":[[[-106.484067,31.6498],[-106.4837,31.649749],[-106.483484,31.64951],[-106.483817,31.649571],[-106.484067,31.6498]]]}},{"type":"Feature","properties":{"natural":"water"},"geometry":{"type":"Polygon","coordinates":[[[-106.47164,31.649803],[-106.471474,31.649711],[-106.471431,31.649857],[-106.471572,31.64994],[-106.47164,31.649803]]]}},{"type":"Feature","properties":{"natural":"water"},"geometry":{"type":"Polygon","coordinates":[[[-106.452257,31.633146],[-106.45197,31.633375],[-106.451833,31.633288],[-106.452145,31.633009],[-106.452257,31.633146]]]}},{"type":"Feature","properties":{"natural":"water"},"geometry":{"type":"Polygon","coordinates":[[[-106.450843,31.634039],[-106.450687,31.634512],[-106.45055,31.634537],[-106.450448,31.634454],[-106.450843,31.634039]]]}},{"type":"Feature","properties":{"natural":"water"},"geometry":{"type":"Polygon","coordinates":[[[-106.460444,31.592194],[-106.460078,31.592471],[-106.459928,31.592327],[-106.460294,31.59205],[-106.460444,31.592194]]]}},{"type":"Feature","properties":{"natural":"water"},"geometry":{"type":"Polygon","coordinates":[[[-106.481067,31.655545],[-106.481011,31.655026],[-106.48141,31.655098],[-106.481562,31.655069],[-106.481802,31.654904],[-106.482087,31.65479],[-106.482387,31.654786],[-106.482887,31.654845],[-106.483317,31.654802],[-106.482995,31.655063],[-106.482739,31.655438],[-106.482467,31.655457],[-106.481993,31.65552],[-106.481659,31.655481],[-106.481414,31.655477],[-106.481067,31.655545]]]}},{"type":"Feature","properties":{"leisure":"park"},"geometry":{"type":"Polygon","coordinates":[[[-106.388859,31.655626],[-106.388999,31.654973],[-106.388419,31.654868],[-106.388387,31.655009],[-106.388806,31.655598],[-106.388859,31.655626]]]}},{"type":"Feature","properties":{"leisure":"park"},"geometry":{"type":"Polygon","coordinates":[[[-106.417725,31.686084],[-106.417843,31.68541],[-106.417812,31.685364],[-106.417121,31.685258],[-106.417084,31.685274],[-106.417068,31.685296],[-106.416956,31.686041],[-106.417653,31.686124],[-106.417699,31.686117],[-106.417725,31.686084]]]}},{"type":"Feature","properties":{"leisure":"park"},"geometry":{"type":"Polygon","coordinates":[[[-106.420668,31.684735],[-106.420721,31.684534],[-106.420163,31.684379],[-106.420078,31.684635],[-106.420668,31.684735]]]}},{"type":"Feature","properties":{"leisure":"park"},"geometry":{"type":"Polygon","coordinates":[[[-106.420281,31.685831],[-106.420389,31.685401],[-106.42026,31.685365],[-106.420217,31.685456],[-106.419874,31.685392],[-106.419734,31.685867],[-106.419852,31.685894],[-106.419906,31.685758],[-106.420281,31.685831]]]}},{"type":"Feature","properties":{"leisure":"park"},"geometry":{"type":"Polygon","coordinates":[[[-106.416612,31.687501],[-106.416709,31.68667],[-106.416462,31.686652],[-106.41629,31.686698],[-106.416065,31.686871],[-106.416419,31.687346],[-106.416612,31.687501]]]}},{"type":"Feature","properties":{"leisure":"park"},"geometry":{"type":"Polygon","coordinates":[[[-106.416947,31.684619],[-106.416911,31.683955],[-106.41689,31.683921],[-106.416854,31.683915],[-106.416427,31.684255],[-106.416412,31.684295],[-106.416674,31.6846],[-106.416726,31.68464],[-106.416914,31.684648],[-106.416947,31.684619]]]}},{"type":"Feature","properties":{"leisure":"park"},"geometry":{"type":"Polygon","coordinates":[[[-106.443307,31.6896],[-106.442733,31.689568],[-106.442695,31.689595],[-106.442663,31.690106],[-106.44269,31.690138],[-106.443001,31.690157],[-106.443146,31.690079],[-106.443275,31.689919],[-106.443318,31.689823],[-106.443334,31.689636],[-106.443307,31.6896]]]}},{"type":"Feature","properties":{"natural":"water"},"geometry":{"type":"Polygon","coordinates":[[[-106.423518,31.686416],[-106.423616,31.686355],[-106.423893,31.686265],[-106.424014,31.686187],[-106.42411,31.686023],[-106.424112,31.685876],[-106.424056,31.685724],[-106.424004,31.685681],[-106.423755,31.685659],[-106.423316,31.685732],[-106.423486,31.685946],[-106.423065,31.686136],[-106.423343,31.686528],[-106.423518,31.686416]]]}},{"type":"Feature","properties":{"natural":"water"},"geometry":{"type":"Polygon","coordinates":[[[-106.426059,31.687379],[-106.425551,31.685999],[-106.425521,31.685982],[-106.424887,31.686384],[-106.424873,31.686416],[-106.424882,31.686447],[-106.424909,31.686467],[-106.424944,31.686467],[-106.425303,31.686272],[-106.425363,31.686281],[-106.425374,31.686312],[-106.42536,31.686346],[-106.424966,31.686539],[-106.424944,31.68657],[-106.424954,31.686611],[-106.424994,31.686629],[-106.425032,31.686626],[-106.425364,31.686487],[-106.425402,31.686484],[-106.425445,31.686519],[-106.42543,31.686547],[-106.42506,31.686715],[-106.425036,31.68674],[-106.425038,31.686773],[-106.425101,31.686798],[-106.425456,31.686663],[-106.425509,31.686682],[-106.425517,31.686711],[-106.425493,31.686753],[-106.425134,31.686898],[-106.42511,31.686922],[-106.42511,31.686948],[-106.425141,31.686978],[-106.425181,31.68698],[-106.425508,31.686871],[-106.425542,31.68687],[-106.425564,31.686896],[-106.425565,31.686926],[-106.425536,31.686955],[-106.425185,31.687091],[-106.42516,31.687112],[-106.425161,31.687146],[-106.425206,31.687188],[-106.42558,31.687082],[-106.425617,31.687082],[-106.425646,31.687103],[-106.425648,31.687138],[-106.425613,31.687171],[-106.425255,31.687291],[-106.425233,31.687311],[-106.42523,31.687338],[-106.425258,31.687375],[-106.425294,31.687383],[-106.425681,31.687283],[-106.425712,31.687286],[-106.425729,31.687309],[-106.425735,31.687334],[-106.425709,31.687358],[-106.425351,31.687472],[-106.425325,31.687502],[-106.425322,31.687536],[-106.425345,31.687566],[-106.425417,31.687563],[-106.426059,31.687379]]]}},{"type":"Feature","properties":{"leisure":"park"},"geometry":{"type":"Polygon","coordinates":[[[-106.396055,31.686752],[-106.395862,31.68666],[-106.395841,31.686628],[-106.396061,31.68614],[-106.39612,31.686085],[-106.396179,31.686149],[-106.396254,31.686409],[-106.396232,31.686505],[-106.396109,31.686729],[-106.396055,31.686752]]]}},{"type":"Feature","properties":{"leisure":"park"},"geometry":{"type":"Polygon","coordinates":[[[-106.398792,31.684493],[-106.398713,31.684671],[-106.398931,31.68474],[-106.39901,31.684565],[-106.398792,31.684493]]]}},{"type":"Feature","properties":{"leisure":"park"},"geometry":{"type":"Polygon","coordinates":[[[-106.398595,31.685949],[-106.399062,31.684954],[-106.399057,31.684927],[-106.398901,31.684881],[-106.398419,31.685886],[-106.398424,31.685922],[-106.398558,31.685968],[-106.398595,31.685949]]]}},{"type":"Feature","properties":{"leisure":"park"},"geometry":{"type":"Polygon","coordinates":[[[-106.400961,31.685632],[-106.400526,31.685869],[-106.400301,31.685577],[-106.400403,31.68539],[-106.400977,31.685577],[-106.400961,31.685632]]]}},{"type":"Feature","properties":{"leisure":"park"},"geometry":{"type":"Polygon","coordinates":[[[-106.402352,31.686796],[-106.401799,31.686098],[-106.401756,31.686084],[-106.401611,31.686157],[-106.401611,31.686198],[-106.40211,31.68686],[-106.402293,31.686901],[-106.40233,31.686892],[-106.402352,31.686796]]]}},{"type":"Feature","properties":{"leisure":"park"},"geometry":{"type":"Polygon","coordinates":[[[-106.401208,31.686883],[-106.400961,31.686545],[-106.400837,31.686609],[-106.400837,31.686646],[-106.401057,31.686961],[-106.401106,31.686965],[-106.401197,31.686919],[-106.401208,31.686883]]]}},{"type":"Feature","properties":{"leisure":"park"},"geometry":{"type":"Polygon","coordinates":[[[-106.430572,31.690076],[-106.430639,31.689948],[-106.430629,31.689915],[-106.430208,31.689757],[-106.430165,31.689769],[-106.430109,31.689899],[-106.430181,31.689968],[-106.430525,31.690093],[-106.430572,31.690076]]]}},{"type":"Feature","properties":{"leisure":"park"},"geometry":{"type":"Polygon","coordinates":[[[-106.430896,31.689299],[-106.43041,31.688968],[-106.430357,31.688976],[-106.430304,31.689141],[-106.430314,31.689189],[-106.430815,31.689406],[-106.430868,31.689399],[-106.430909,31.689343],[-106.430896,31.689299]]]}},{"type":"Feature","properties":{"leisure":"park"},"geometry":{"type":"Polygon","coordinates":[[[-106.431224,31.690347],[-106.431555,31.689724],[-106.431549,31.689683],[-106.431487,31.68965],[-106.431452,31.689669],[-106.431119,31.690296],[-106.431126,31.690334],[-106.431182,31.69036],[-106.431224,31.690347]]]}},{"type":"Feature","properties":{"natural":"water"},"geometry":{"type":"Polygon","coordinates":[[[-106.445593,31.655988],[-106.445518,31.656],[-106.445444,31.656033],[-106.445409,31.656088],[-106.445483,31.656506],[-106.445475,31.656768],[-106.445362,31.656895],[-106.445393,31.657099],[-106.445255,31.657432],[-106.445129,31.657961],[-106.444806,31.658672],[-106.44459,31.659479],[-106.444603,31.659568],[-106.44479,31.659626],[-106.445499,31.659669],[-106.445712,31.659696],[-106.445855,31.659675],[-106.445931,31.659556],[-106.446031,31.658786],[-106.446145,31.65877],[-106.446157,31.658671],[-106.446023,31.65861],[-106.446045,31.65831],[-106.446159,31.65755],[-106.446176,31.657149],[-106.446144,31.656744],[-106.446147,31.656536],[-106.446155,31.656334],[-106.446204,31.656239],[-106.446193,31.656122],[-106.446105,31.656049],[-106.445928,31.656004],[-106.44574,31.655984],[-106.445593,31.655988]]]}},{"type":"Feature","properties":{"leisure":"park"},"geometry":{"type":"Polygon","coordinates":[[[-106.364912,31.690193],[-106.364948,31.689949],[-106.36445,31.689816],[-106.364411,31.690135],[-106.364912,31.690193]]]}},{"type":"Feature","properties":{"leisure":"park"},"geometry":{"type":"Polygon","coordinates":[[[-106.366772,31.68983],[-106.366692,31.689264],[-106.366686,31.68883],[-106.366209,31.68867],[-106.365941,31.689583],[-106.366772,31.68983]]]}},{"type":"Feature","properties":{"leisure":"park"},"geometry":{"type":"Polygon","coordinates":[[[-106.382935,31.687951],[-106.38288,31.688207],[-106.382784,31.688303],[-106.382618,31.688343],[-106.382136,31.688181],[-106.382215,31.687817],[-106.382935,31.687951]]]}},{"type":"Feature","properties":{"leisure":"park"},"geometry":{"type":"Polygon","coordinates":[[[-106.3813,31.687939],[-106.381476,31.687963],[-106.381581,31.687543],[-106.381647,31.6874],[-106.381763,31.687261],[-106.381876,31.687163],[-106.381879,31.687113],[-106.381526,31.687017],[-106.3813,31.687939]]]}},{"type":"Feature","properties":{"leisure":"park"},"geometry":{"type":"Polygon","coordinates":[[[-106.377886,31.679171],[-106.377965,31.678847],[-106.375774,31.67845],[-106.375687,31.678747],[-106.377886,31.679171]]]}},{"type":"Feature","properties":{"leisure":"park"},"geometry":{"type":"Polygon","coordinates":[[[-106.375429,31.678722],[-106.375524,31.678385],[-106.373286,31.677968],[-106.373167,31.678291],[-106.375429,31.678722]]]}},{"type":"Feature","properties":{"leisure":"park"},"geometry":{"type":"Polygon","coordinates":[[[-106.39684,31.641695],[-106.395577,31.641543],[-106.395799,31.639948],[-106.397068,31.640095],[-106.39684,31.641695]]]}},{"type":"Feature","properties":{"leisure":"park"},"geometry":{"type":"Polygon","coordinates":[[[-106.349636,31.618128],[-106.349121,31.617607],[-106.349379,31.617374],[-106.349567,31.617082],[-106.350216,31.617721],[-106.349636,31.618128]]]}},{"type":"Feature","properties":{"leisure":"park","name":"Parque Morelos 1"},"geometry":{"type":"Polygon","coordinates":[[[-106.372309,31.642331],[-106.371636,31.642163],[-106.371161,31.641885],[-106.371814,31.64128],[-106.372539,31.641591],[-106.372309,31.642331]]]}},{"type":"Feature","properties":{"leisure":"park"},"geometry":{"type":"Polygon","coordinates":[[[-106.353744,31.6122],[-106.353756,31.612153],[-106.353403,31.611808],[-106.353347,31.611815],[-106.353179,31.61216],[-106.353194,31.612197],[-106.353401,31.612401],[-106.353449,31.612405],[-106.353744,31.6122]]]}},{"type":"Feature","properties":{"leisure":"park"},"geometry":{"type":"Polygon","coordinates":[[[-106.351238,31.611032],[-106.351181,31.611161],[-106.351216,31.611204],[-106.351872,31.61144],[-106.351911,31.611432],[-106.351949,31.611347],[-106.351947,31.611316],[-106.351307,31.611024],[-106.351238,31.611032]]]}},{"type":"Feature","properties":{"leisure":"park"},"geometry":{"type":"Polygon","coordinates":[[[-106.382336,31.667829],[-106.383745,31.668236],[-106.383678,31.668569],[-106.382756,31.66828],[-106.382302,31.667947],[-106.382336,31.667829]]]}},{"type":"Feature","properties":{"leisure":"park"},"geometry":{"type":"Polygon","coordinates":[[[-106.383769,31.668593],[-106.383845,31.668268],[-106.384466,31.668443],[-106.384653,31.668752],[-106.384643,31.668841],[-106.383769,31.668593]]]}},{"type":"Feature","properties":{"leisure":"park"},"geometry":{"type":"Polygon","coordinates":[[[-106.401456,31.683339],[-106.40114,31.683984],[-106.401285,31.684171],[-106.401811,31.683857],[-106.401456,31.683339]]]}},{"type":"Feature","properties":{"leisure":"park"},"geometry":{"type":"Polygon","coordinates":[[[-106.400014,31.68261],[-106.399812,31.683015],[-106.399927,31.68307],[-106.399884,31.683242],[-106.400024,31.68327],[-106.400288,31.682691],[-106.400014,31.68261]]]}},{"type":"Feature","properties":{"leisure":"park"},"geometry":{"type":"Polygon","coordinates":[[[-106.399724,31.683884],[-106.399444,31.683748],[-106.399258,31.684108],[-106.399525,31.684205],[-106.399724,31.683884]]]}},{"type":"Feature","properties":{"natural":"water"},"geometry":{"type":"Polygon","coordinates":[[[-106.44569,31.660806],[-106.445874,31.660724],[-106.445925,31.660228],[-106.44585,31.660154],[-106.445418,31.660132],[-106.44402,31.660015],[-106.443532,31.659919],[-106.443415,31.660618],[-106.44569,31.660806]]]}},{"type":"Feature","properties":{"leisure":"park"},"geometry":{"type":"Polygon","coordinates":[[[-106.350963,31.611112],[-106.351023,31.611097],[-106.351082,31.610971],[-106.351066,31.610943],[-106.350404,31.610742],[-106.350339,31.610882],[-106.350963,31.611112]]]}},{"type":"Feature","properties":{"leisure":"park","name":"Parque Central Hermanos Escobar Poniente"},"geometry":{"type":"Polygon","coordinates":[[[-106.424805,31.684717],[-106.424799,31.684585],[-106.424895,31.684563],[-106.424927,31.684524],[-106.424925,31.684456],[-106.424904,31.684429],[-106.424944,31.684412],[-106.425087,31.684409],[-106.42521,31.68479],[-106.425909,31.684798],[-106.426647,31.685415],[-106.4278,31.686342],[-106.427776,31.686399],[-106.427768,31.686478],[-106.427787,31.68652],[-106.428488,31.686905],[-106.428624,31.686884],[-106.428805,31.686933],[-106.427202,31.689716],[-106.427074,31.689672],[-106.426984,31.689677],[-106.426881,31.689713],[-106.426819,31.689765],[-106.426788,31.689827],[-106.426775,31.689902],[-106.426797,31.689979],[-106.426853,31.690072],[-106.426785,31.690409],[-106.426764,31.690455],[-106.42668,31.690517],[-106.425065,31.690198],[-106.424953,31.690137],[-106.424999,31.690074],[-106.424981,31.689997],[-106.424892,31.689945],[-106.424821,31.689948],[-106.424819,31.689771],[-106.424854,31.689679],[-106.424862,31.68939],[-106.424792,31.689124],[-106.424812,31.68787],[-106.424792,31.685356],[-106.424852,31.685107],[-106.424843,31.684839],[-106.424805,31.684717]]]}},{"type":"Feature","properties":{"name":"Lago espejo PCO","natural":"water"},"geometry":{"type":"Polygon","coordinates":[[[-106.424108,31.685508],[-106.424165,31.685476],[-106.424172,31.684633],[-106.424073,31.68449],[-106.421848,31.684352],[-106.421713,31.6843],[-106.421616,31.684283],[-106.421521,31.684289],[-106.421442,31.684346],[-106.421116,31.685285],[-106.421266,31.685318],[-106.421364,31.68531],[-106.421493,31.68523],[-106.421801,31.685126],[-106.42198,31.685149],[-106.422248,31.685247],[-106.422443,31.685366],[-106.422646,31.685464],[-106.422944,31.685535],[-106.423265,31.685562],[-106.423717,31.685502],[-106.424108,31.685508]]]}},{"type":"Feature","properties":{"natural":"water"},"geometry":{"type":"Polygon","coordinates":[[[-106.397316,31.676745],[-106.397579,31.676651],[-106.397882,31.676453],[-106.397929,31.676392],[-106.397949,31.676285],[-106.397947,31.676191],[-106.397976,31.676114],[-106.398051,31.67597],[-106.398112,31.675894],[-106.398204,31.675832],[-106.398244,31.675773],[-106.398294,31.675671],[-106.398292,31.675617],[-106.398225,31.675584],[-106.398149,31.675583],[-106.398058,31.675679],[-106.397914,31.675777],[-106.397753,31.675844],[-106.397604,31.675878],[-106.397449,31.67584],[-106.397292,31.675772],[-106.397085,31.675623],[-106.396991,31.675531],[-106.396912,31.675504],[-106.396821,31.675498],[-106.396759,31.675545],[-106.396725,31.675593],[-106.396683,31.675725],[-106.396724,31.675905],[-106.396845,31.676013],[-106.396886,31.676082],[-106.396931,31.676231],[-106.397022,31.67639],[-106.397078,31.676527],[-106.397139,31.676563],[-106.397215,31.676741],[-106.397252,31.676754],[-106.397316,31.676745]]]}},{"type":"Feature","properties":{"leisure":"park"},"geometry":{"type":"Polygon","coordinates":[[[-106.437229,31.621818],[-106.436845,31.621528],[-106.437211,31.62121],[-106.437601,31.621551],[-106.437229,31.621818]]]}},{"type":"Feature","properties":{"leisure":"park"},"geometry":{"type":"Polygon","coordinates":[[[-106.437112,31.62257],[-106.436357,31.623437],[-106.436043,31.623189],[-106.436811,31.622362],[-106.437112,31.62257]]]}},{"type":"Feature","properties":{"leisure":"park"},"geometry":{"type":"Polygon","coordinates":[[[-106.43569,31.619885],[-106.434805,31.62067],[-106.434521,31.620453],[-106.435443,31.619665],[-106.43569,31.619885]]]}},{"type":"Feature","properties":{"leisure":"park"},"geometry":{"type":"Polygon","coordinates":[[[-106.417013,31.590502],[-106.417047,31.590555],[-106.417099,31.590594],[-106.417164,31.590617],[-106.417234,31.59062],[-106.417301,31.590603],[-106.417358,31.590568],[-106.417398,31.590519],[-106.417417,31.590462],[-106.417412,31.590402],[-106.417384,31.590348],[-106.417337,31.590304],[-106.417215,31.590266],[-106.417151,31.590273],[-106.417091,31.590297],[-106.417013,31.590385],[-106.417001,31.590444],[-106.417013,31.590502]]]}},{"type":"Feature","properties":{"leisure":"park","name":"Parque Anémona"},"geometry":{"type":"Polygon","coordinates":[[[-106.396676,31.665602],[-106.39625,31.665453],[-106.396031,31.665746],[-106.395694,31.665539],[-106.396387,31.664911],[-106.396609,31.665038],[-106.396767,31.665288],[-106.396676,31.665602]]]}},{"type":"Feature","properties":{"leisure":"park"},"geometry":{"type":"Polygon","coordinates":[[[-106.386747,31.65093],[-106.385657,31.6507],[-106.385834,31.649809],[-106.386919,31.650056],[-106.386747,31.65093]]]}},{"type":"Feature","properties":{"leisure":"park"},"geometry":{"type":"Polygon","coordinates":[[[-106.35874,31.625662],[-106.358673,31.625655],[-106.358238,31.62634],[-106.359998,31.627078],[-106.36004,31.627039],[-106.35874,31.625662]]]}},{"type":"Feature","properties":{"leisure":"park"},"geometry":{"type":"Polygon","coordinates":[[[-106.364197,31.627286],[-106.363574,31.626633],[-106.364296,31.626123],[-106.364918,31.626779],[-106.364197,31.627286]]]}},{"type":"Feature","properties":{"leisure":"park"},"geometry":{"type":"Polygon","coordinates":[[[-106.401629,31.668271],[-106.401641,31.667592],[-106.401249,31.667587],[-106.401251,31.667955],[-106.401324,31.668318],[-106.401629,31.668271]]]}},{"type":"Feature","properties":{"leisure":"park","name":"Parque Fernando Coronel"},"geometry":{"type":"Polygon","coordinates":[[[-106.407324,31.627642],[-106.40638,31.627519],[-106.406471,31.627199],[-106.406525,31.627108],[-106.406643,31.626948],[-106.407228,31.626318],[-106.407743,31.626624],[-106.407791,31.626679],[-106.407807,31.626738],[-106.407786,31.626802],[-106.407539,31.627117],[-106.407324,31.627642]]]}},{"type":"Feature","properties":{"leisure":"park"},"geometry":{"type":"Polygon","coordinates":[[[-106.385436,31.615022],[-106.384819,31.614698],[-106.384674,31.614561],[-106.384685,31.614474],[-106.384738,31.614469],[-106.385672,31.614643],[-106.385709,31.61467],[-106.385709,31.614712],[-106.385436,31.615022]]]}},{"type":"Feature","properties":{"leisure":"park"},"geometry":{"type":"Polygon","coordinates":[[[-106.383837,31.615692],[-106.38384,31.61563],[-106.383491,31.615136],[-106.38344,31.615118],[-106.383379,31.615125],[-106.383062,31.616016],[-106.383076,31.616046],[-106.383161,31.61608],[-106.383837,31.615692]]]}},{"type":"Feature","properties":{"leisure":"park"},"geometry":{"type":"Polygon","coordinates":[[[-106.341905,31.585894],[-106.341478,31.586054],[-106.341159,31.585707],[-106.341599,31.585524],[-106.341905,31.585894]]]}},{"type":"Feature","properties":{"leisure":"park"},"geometry":{"type":"Polygon","coordinates":[[[-106.338291,31.586932],[-106.337744,31.587124],[-106.337889,31.587311],[-106.338452,31.587106],[-106.338291,31.586932]]]}},{"type":"Feature","properties":{"leisure":"park"},"geometry":{"type":"Polygon","coordinates":[[[-106.339544,31.586731],[-106.339179,31.586868],[-106.339074,31.586738],[-106.33934,31.586516],[-106.339544,31.586731]]]}},{"type":"Feature","properties":{"leisure":"park"},"geometry":{"type":"Polygon","coordinates":[[[-106.347736,31.58933],[-106.347296,31.58944],[-106.346459,31.588686],[-106.346819,31.588542],[-106.347736,31.58933]]]}},{"type":"Feature","properties":{"leisure":"park"},"geometry":{"type":"Polygon","coordinates":[[[-106.33923,31.59228],[-106.339145,31.592166],[-106.337986,31.592458],[-106.338168,31.592691],[-106.33923,31.59228]]]}},{"type":"Feature","properties":{"leisure":"park"},"geometry":{"type":"Polygon","coordinates":[[[-106.338885,31.589529],[-106.338592,31.589744],[-106.338855,31.590022],[-106.339169,31.589883],[-106.33918,31.58983],[-106.338885,31.589529]]]}},{"type":"Feature","properties":{"leisure":"park"},"geometry":{"type":"Polygon","coordinates":[[[-106.339944,31.590388],[-106.338279,31.590856],[-106.338252,31.590778],[-106.338552,31.590669],[-106.33941,31.590264],[-106.339743,31.590134],[-106.339786,31.590136],[-106.339818,31.590175],[-106.339944,31.590388]]]}},{"type":"Feature","properties":{"leisure":"park"},"geometry":{"type":"Polygon","coordinates":[[[-106.340279,31.590008],[-106.340244,31.589983],[-106.340177,31.589972],[-106.339947,31.590052],[-106.339901,31.590077],[-106.339893,31.590125],[-106.339909,31.590178],[-106.340497,31.591261],[-106.34084,31.591171],[-106.340872,31.591151],[-106.340861,31.591117],[-106.340279,31.590008]]]}},{"type":"Feature","properties":{"leisure":"park"},"geometry":{"type":"Polygon","coordinates":[[[-106.344314,31.590235],[-106.344126,31.589938],[-106.344491,31.589842],[-106.344556,31.589867],[-106.344759,31.590048],[-106.344768,31.590084],[-106.344751,31.590118],[-106.344719,31.590132],[-106.344314,31.590235]]]}},{"type":"Feature","properties":{"leisure":"park"},"geometry":{"type":"Polygon","coordinates":[[[-106.342331,31.588518],[-106.342151,31.588235],[-106.342516,31.588113],[-106.342553,31.588127],[-106.342754,31.588333],[-106.342763,31.588367],[-106.342736,31.588404],[-106.342331,31.588518]]]}},{"type":"Feature","properties":{"leisure":"park"},"geometry":{"type":"Polygon","coordinates":[[[-106.355035,31.590363],[-106.355,31.590363],[-106.354976,31.59034],[-106.354898,31.590244],[-106.354898,31.590205],[-106.35492,31.590171],[-106.355153,31.58999],[-106.355204,31.589968],[-106.355475,31.590157],[-106.355502,31.590203],[-106.355456,31.590262],[-106.355035,31.590363]]]}},{"type":"Feature","properties":{"leisure":"park"},"geometry":{"type":"Polygon","coordinates":[[[-106.356749,31.591451],[-106.356558,31.591277],[-106.356097,31.591387],[-106.356298,31.591574],[-106.356325,31.591583],[-106.356679,31.591519],[-106.356749,31.591451]]]}},{"type":"Feature","properties":{"leisure":"park"},"geometry":{"type":"Polygon","coordinates":[[[-106.354992,31.591641],[-106.354641,31.591698],[-106.354305,31.591261],[-106.354496,31.591204],[-106.354579,31.591225],[-106.354992,31.591641]]]}},{"type":"Feature","properties":{"leisure":"park"},"geometry":{"type":"Polygon","coordinates":[[[-106.351408,31.590603],[-106.351081,31.590692],[-106.350834,31.590329],[-106.351006,31.590281],[-106.351076,31.590295],[-106.351408,31.590603]]]}},{"type":"Feature","properties":{"leisure":"park"},"geometry":{"type":"Polygon","coordinates":[[[-106.351371,31.589666],[-106.351162,31.589726],[-106.351129,31.589717],[-106.350928,31.589513],[-106.350931,31.589436],[-106.351191,31.589331],[-106.351237,31.589326],[-106.351277,31.589342],[-106.35139,31.589634],[-106.351371,31.589666]]]}},{"type":"Feature","properties":{"leisure":"park"},"geometry":{"type":"Polygon","coordinates":[[[-106.350242,31.589109],[-106.349853,31.589214],[-106.349721,31.588903],[-106.349952,31.588846],[-106.350247,31.589079],[-106.350242,31.589109]]]}},{"type":"Feature","properties":{"leisure":"park"},"geometry":{"type":"Polygon","coordinates":[[[-106.349407,31.588225],[-106.349788,31.588049],[-106.350022,31.588255],[-106.350038,31.588286],[-106.350027,31.588303],[-106.349646,31.588403],[-106.349598,31.588403],[-106.349407,31.588225]]]}},{"type":"Feature","properties":{"leisure":"park"},"geometry":{"type":"Polygon","coordinates":[[[-106.350065,31.587215],[-106.349665,31.586799],[-106.350236,31.586591],[-106.350593,31.586897],[-106.35062,31.586948],[-106.35062,31.586996],[-106.350555,31.587064],[-106.350065,31.587215]]]}},{"type":"Feature","properties":{"leisure":"park"},"geometry":{"type":"Polygon","coordinates":[[[-106.347919,31.591513],[-106.347557,31.591611],[-106.34735,31.591314],[-106.347342,31.591279],[-106.347364,31.59125],[-106.347661,31.591172],[-106.347704,31.591179],[-106.347745,31.591197],[-106.347919,31.591513]]]}},{"type":"Feature","properties":{"leisure":"park"},"geometry":{"type":"Polygon","coordinates":[[[-106.344901,31.592456],[-106.344588,31.592004],[-106.344429,31.59204],[-106.344496,31.592351],[-106.344507,31.592545],[-106.344523,31.592579],[-106.344558,31.592602],[-106.344604,31.592596],[-106.344858,31.592529],[-106.344907,31.592495],[-106.344901,31.592456]]]}},{"type":"Feature","properties":{"leisure":"park"},"geometry":{"type":"Polygon","coordinates":[[[-106.351038,31.592472],[-106.351078,31.592452],[-106.351092,31.592415],[-106.351081,31.592388],[-106.350985,31.592269],[-106.350958,31.592246],[-106.350928,31.592244],[-106.350885,31.592246],[-106.350333,31.592429],[-106.350293,31.592452],[-106.350287,31.592506],[-106.350352,31.592573],[-106.350384,31.592586],[-106.351038,31.592472]]]}},{"type":"Feature","properties":{"leisure":"park"},"geometry":{"type":"Polygon","coordinates":[[[-106.374314,31.666023],[-106.374103,31.665955],[-106.374483,31.66472],[-106.374674,31.664775],[-106.374314,31.666023]]]}},{"type":"Feature","properties":{"leisure":"park"},"geometry":{"type":"Polygon","coordinates":[[[-106.373628,31.664469],[-106.373866,31.664549],[-106.373521,31.665757],[-106.373352,31.665705],[-106.37346,31.665276],[-106.373516,31.664839],[-106.373628,31.664469]]]}},{"type":"Feature","properties":{"leisure":"park"},"geometry":{"type":"Polygon","coordinates":[[[-106.381008,31.668153],[-106.381181,31.667457],[-106.380751,31.667342],[-106.380565,31.668038],[-106.381008,31.668153]]]}},{"type":"Feature","properties":{"leisure":"park"},"geometry":{"type":"Polygon","coordinates":[[[-106.380471,31.667135],[-106.379075,31.666766],[-106.379103,31.666547],[-106.379542,31.666658],[-106.379892,31.666889],[-106.380466,31.667088],[-106.380471,31.667135]]]}},{"type":"Feature","properties":{"leisure":"park"},"geometry":{"type":"Polygon","coordinates":[[[-106.378953,31.666726],[-106.379009,31.666511],[-106.377707,31.666205],[-106.37759,31.666289],[-106.377641,31.666368],[-106.378953,31.666726]]]}},{"type":"Feature","properties":{"leisure":"park"},"geometry":{"type":"Polygon","coordinates":[[[-106.381994,31.662064],[-106.382129,31.661441],[-106.38176,31.661345],[-106.381597,31.662041],[-106.381994,31.662064]]]}},{"type":"Feature","properties":{"leisure":"park"},"geometry":{"type":"Polygon","coordinates":[[[-106.379158,31.660995],[-106.379205,31.660393],[-106.378797,31.660262],[-106.378605,31.661015],[-106.379158,31.660995]]]}},{"type":"Feature","properties":{"leisure":"park"},"geometry":{"type":"Polygon","coordinates":[[[-106.382119,31.667879],[-106.382144,31.667792],[-106.381698,31.667707],[-106.381671,31.667742],[-106.381677,31.667783],[-106.382119,31.667879]]]}},{"type":"Feature","properties":{"leisure":"park"},"geometry":{"type":"Polygon","coordinates":[[[-106.390134,31.668101],[-106.389894,31.668433],[-106.389752,31.668761],[-106.389509,31.668668],[-106.389803,31.667993],[-106.390134,31.668101]]]}},{"type":"Feature","properties":{"leisure":"park"},"geometry":{"type":"Polygon","coordinates":[[[-106.388752,31.668417],[-106.389061,31.667621],[-106.389286,31.667699],[-106.388974,31.668417],[-106.388752,31.668417]]]}},{"type":"Feature","properties":{"leisure":"park"},"geometry":{"type":"Polygon","coordinates":[[[-106.388493,31.667442],[-106.387973,31.667265],[-106.388064,31.668188],[-106.388188,31.668235],[-106.388493,31.667442]]]}},{"type":"Feature","properties":{"leisure":"park"},"geometry":{"type":"Polygon","coordinates":[[[-106.389363,31.669723],[-106.389502,31.669429],[-106.389103,31.669243],[-106.388974,31.669589],[-106.389363,31.669723]]]}},{"type":"Feature","properties":{"leisure":"park"},"geometry":{"type":"Polygon","coordinates":[[[-106.388749,31.671415],[-106.388808,31.671189],[-106.388324,31.671022],[-106.388356,31.671267],[-106.388749,31.671415]]]}},{"type":"Feature","properties":{"leisure":"park"},"geometry":{"type":"Polygon","coordinates":[[[-106.389331,31.671555],[-106.389313,31.671837],[-106.389481,31.672066],[-106.390394,31.672323],[-106.3905,31.671771],[-106.389331,31.671555]]]}},{"type":"Feature","properties":{"leisure":"park"},"geometry":{"type":"Polygon","coordinates":[[[-106.37701,31.675123],[-106.377698,31.675343],[-106.377661,31.67547],[-106.37697,31.675272],[-106.37701,31.675123]]]}},{"type":"Feature","properties":{"leisure":"park"},"geometry":{"type":"Polygon","coordinates":[[[-106.377156,31.674568],[-106.377843,31.674761],[-106.377789,31.674897],[-106.377105,31.674689],[-106.377156,31.674568]]]}},{"type":"Feature","properties":{"leisure":"park"},"geometry":{"type":"Polygon","coordinates":[[[-106.426484,31.661057],[-106.425599,31.660947],[-106.425695,31.660578],[-106.426575,31.660728],[-106.426484,31.661057]]]}},{"type":"Feature","properties":{"leisure":"park","name":"Parque Morelia"},"geometry":{"type":"Polygon","coordinates":[[[-106.414596,31.673554],[-106.414728,31.673118],[-106.41371,31.672896],[-106.413517,31.673561],[-106.414596,31.673554]]]}},{"type":"Feature","properties":{"leisure":"park"},"geometry":{"type":"Polygon","coordinates":[[[-106.368842,31.678105],[-106.368406,31.678032],[-106.368639,31.677191],[-106.3687,31.677165],[-106.368746,31.677212],[-106.368913,31.677622],[-106.368943,31.67776],[-106.368842,31.678105]]]}},{"type":"Feature","properties":{"leisure":"park"},"geometry":{"type":"Polygon","coordinates":[[[-106.369775,31.679184],[-106.368842,31.679024],[-106.368862,31.678968],[-106.369815,31.678709],[-106.369851,31.6788],[-106.369846,31.678908],[-106.369775,31.679184]]]}},{"type":"Feature","properties":{"leisure":"park"},"geometry":{"type":"Polygon","coordinates":[[[-106.367306,31.679615],[-106.367429,31.679249],[-106.366312,31.679224],[-106.366307,31.679374],[-106.367306,31.679615]]]}},{"type":"Feature","properties":{"leisure":"park"},"geometry":{"type":"Polygon","coordinates":[[[-106.365854,31.678758],[-106.365875,31.678695],[-106.365031,31.678514],[-106.364942,31.678833],[-106.365854,31.678758]]]}},{"type":"Feature","properties":{"leisure":"park"},"geometry":{"type":"Polygon","coordinates":[[[-106.363511,31.679687],[-106.363399,31.679709],[-106.363355,31.679804],[-106.363266,31.680095],[-106.365453,31.681323],[-106.365505,31.681281],[-106.363511,31.679687]]]}},{"type":"Feature","properties":{"leisure":"park"},"geometry":{"type":"Polygon","coordinates":[[[-106.362675,31.681068],[-106.36275,31.680758],[-106.361784,31.680545],[-106.36169,31.680853],[-106.362675,31.681068]]]}},{"type":"Feature","properties":{"leisure":"park"},"geometry":{"type":"Polygon","coordinates":[[[-106.362948,31.681148],[-106.363019,31.680895],[-106.363589,31.681204],[-106.363571,31.681261],[-106.362948,31.681148]]]}},{"type":"Feature","properties":{"leisure":"park"},"geometry":{"type":"Polygon","coordinates":[[[-106.362307,31.682301],[-106.36238,31.682073],[-106.361408,31.681851],[-106.361356,31.682006],[-106.362307,31.682301]]]}},{"type":"Feature","properties":{"leisure":"park"},"geometry":{"type":"Polygon","coordinates":[[[-106.362586,31.682392],[-106.363324,31.682623],[-106.363503,31.682756],[-106.363738,31.682594],[-106.3638,31.682361],[-106.362664,31.682117],[-106.362586,31.682392]]]}},{"type":"Feature","properties":{"leisure":"park"},"geometry":{"type":"Polygon","coordinates":[[[-106.362474,31.682783],[-106.362529,31.682607],[-106.363123,31.682798],[-106.363316,31.682913],[-106.363298,31.682962],[-106.362466,31.682807],[-106.362474,31.682783]]]}},{"type":"Feature","properties":{"leisure":"park"},"geometry":{"type":"Polygon","coordinates":[[[-106.361559,31.683514],[-106.361622,31.683301],[-106.361447,31.683244],[-106.361489,31.683115],[-106.36126,31.683066],[-106.361153,31.683423],[-106.361559,31.683514]]]}},{"type":"Feature","properties":{"leisure":"park"},"geometry":{"type":"Polygon","coordinates":[[[-106.360626,31.683301],[-106.360746,31.682953],[-106.360522,31.682904],[-106.360423,31.683257],[-106.360626,31.683301]]]}},{"type":"Feature","properties":{"leisure":"park"},"geometry":{"type":"Polygon","coordinates":[[[-106.362938,31.68384],[-106.36305,31.683485],[-106.362646,31.683399],[-106.362539,31.683747],[-106.362938,31.68384]]]}},{"type":"Feature","properties":{"leisure":"park"},"geometry":{"type":"Polygon","coordinates":[[[-106.355714,31.647984],[-106.356079,31.648076],[-106.356175,31.647671],[-106.355819,31.64759],[-106.355714,31.647984]]]}},{"type":"Feature","properties":{"leisure":"park"},"geometry":{"type":"Polygon","coordinates":[[[-106.356187,31.648207],[-106.356769,31.648307],[-106.356921,31.648379],[-106.357049,31.648483],[-106.357009,31.648537],[-106.356906,31.648585],[-106.356501,31.648485],[-106.356227,31.648438],[-106.35614,31.648406],[-106.356122,31.648302],[-106.356187,31.648207]]]}},{"type":"Feature","properties":{"leisure":"park"},"geometry":{"type":"Polygon","coordinates":[[[-106.417159,31.611959],[-106.417002,31.611957],[-106.416938,31.612981],[-106.416978,31.613033],[-106.417041,31.613052],[-106.417101,31.613036],[-106.417144,31.612972],[-106.417159,31.611959]]]}},{"type":"Feature","properties":{"leisure":"park"},"geometry":{"type":"Polygon","coordinates":[[[-106.417211,31.611468],[-106.417152,31.611517],[-106.417106,31.611526],[-106.417061,31.611518],[-106.416998,31.611465],[-106.416963,31.609818],[-106.416989,31.609094],[-106.417023,31.608988],[-106.417102,31.60894],[-106.417204,31.608928],[-106.417298,31.608949],[-106.417371,31.609008],[-106.417401,31.609109],[-106.41737,31.609829],[-106.417211,31.611468]]]}},{"type":"Feature","properties":{"leisure":"park"},"geometry":{"type":"Polygon","coordinates":[[[-106.417483,31.606632],[-106.417444,31.606552],[-106.417388,31.606509],[-106.417275,31.606481],[-106.417217,31.60649],[-106.417122,31.606543],[-106.417071,31.606637],[-106.417008,31.608617],[-106.417049,31.608678],[-106.4171,31.608717],[-106.417168,31.608736],[-106.417259,31.608736],[-106.41734,31.60871],[-106.417397,31.608638],[-106.417483,31.606632]]]}},{"type":"Feature","properties":{"leisure":"park"},"geometry":{"type":"Polygon","coordinates":[[[-106.410618,31.610813],[-106.410248,31.610726],[-106.41021,31.610694],[-106.410216,31.610626],[-106.411004,31.609593],[-106.411053,31.609588],[-106.411063,31.609634],[-106.410618,31.610813]]]}},{"type":"Feature","properties":{"leisure":"park"},"geometry":{"type":"Polygon","coordinates":[[[-106.348614,31.573625],[-106.348537,31.57362],[-106.34825,31.573858],[-106.348445,31.574088],[-106.34863,31.574354],[-106.348746,31.574559],[-106.348896,31.574986],[-106.349524,31.574491],[-106.349537,31.574461],[-106.349526,31.574429],[-106.348614,31.573625]]]}},{"type":"Feature","properties":{"leisure":"park","name":"Parque San Jualian"},"geometry":{"type":"Polygon","coordinates":[[[-106.386243,31.610206],[-106.386416,31.609447],[-106.385356,31.609192],[-106.385081,31.61006],[-106.386243,31.610206]]]}},{"type":"Feature","properties":{"leisure":"park","name":"Capulin Park"},"geometry":{"type":"Polygon","coordinates":[[[-106.408409,31.669491],[-106.408137,31.669423],[-106.408267,31.669003],[-106.408595,31.669095],[-106.408409,31.669491]]]}},{"type":"Feature","properties":{"leisure":"park","name":"Parque del Gimnasio Municipal Bertha Chiu"},"geometry":{"type":"Polygon","coordinates":[[[-106.422405,31.673627],[-106.422489,31.673246],[-106.424168,31.673614],[-106.424163,31.673639],[-106.422405,31.673627]]]}},{"type":"Feature","properties":{"leisure":"park"},"geometry":{"type":"Polygon","coordinates":[[[-106.34996,31.657291],[-106.349582,31.65719],[-106.349306,31.657903],[-106.349679,31.658026],[-106.34996,31.657291]]]}},{"type":"Feature","properties":{"leisure":"park"},"geometry":{"type":"Polygon","coordinates":[[[-106.350043,31.657168],[-106.349684,31.657061],[-106.350049,31.656045],[-106.350446,31.656134],[-106.350043,31.657168]]]}},{"type":"Feature","properties":{"leisure":"park","name":"Ysleta Park"},"geometry":{"type":"Polygon","coordinates":[[[-106.32953,31.689327],[-106.328895,31.689148],[-106.32877,31.689456],[-106.328657,31.68942],[-106.328603,31.689332],[-106.328699,31.689138],[-106.329147,31.688485],[-106.329237,31.688476],[-106.329443,31.688179],[-106.329986,31.68818],[-106.330065,31.688504],[-106.330113,31.688494],[-106.32993,31.688859],[-106.329737,31.689304],[-106.329562,31.689257],[-106.32953,31.689327]]]}},{"type":"Feature","properties":{"ele":"1119","leisure":"park","name":"Capistrano Park"},"geometry":{"type":"Polygon","coordinates":[[[-106.340406,31.684961],[-106.338291,31.684744],[-106.337011,31.6873],[-106.337245,31.687268],[-106.337506,31.687262],[-106.338274,31.687304],[-106.338523,31.687358],[-106.338926,31.687389],[-106.340496,31.687224],[-106.340406,31.684961]]]}},{"type":"Feature","properties":{"leisure":"park"},"geometry":{"type":"Polygon","coordinates":[[[-106.349438,31.578125],[-106.35033,31.577378],[-106.349754,31.576857],[-106.348842,31.577635],[-106.349438,31.578125]]]}},{"type":"Feature","properties":{"leisure":"park"},"geometry":{"type":"Polygon","coordinates":[[[-106.40374,31.646013],[-106.403818,31.645983],[-106.404191,31.645414],[-106.404196,31.645364],[-106.404167,31.645324],[-106.403692,31.645338],[-106.403695,31.645981],[-106.40374,31.646013]]]}},{"type":"Feature","properties":{"leisure":"park","name":"Parque Jiquilpan"},"geometry":{"type":"Polygon","coordinates":[[[-106.408019,31.671954],[-106.408174,31.671368],[-106.409423,31.671656],[-106.409977,31.671763],[-106.409853,31.672246],[-106.408226,31.672225],[-106.408019,31.671954]]]}},{"type":"Feature","properties":{"leisure":"park"},"geometry":{"type":"Polygon","coordinates":[[[-106.355335,31.608208],[-106.355251,31.608141],[-106.355166,31.608114],[-106.355771,31.607447],[-106.355953,31.60757],[-106.355335,31.608208]]]}},{"type":"Feature","properties":{"leisure":"park"},"geometry":{"type":"Polygon","coordinates":[[[-106.356031,31.607493],[-106.355837,31.60737],[-106.356363,31.606788],[-106.356573,31.606927],[-106.356031,31.607493]]]}},{"type":"Feature","properties":{"leisure":"park"},"geometry":{"type":"Polygon","coordinates":[[[-106.396079,31.61146],[-106.396329,31.610287],[-106.395811,31.610193],[-106.395579,31.611387],[-106.396079,31.61146]]]}},{"type":"Feature","properties":{"leisure":"park"},"geometry":{"type":"Polygon","coordinates":[[[-106.392948,31.611942],[-106.392996,31.611733],[-106.39241,31.611655],[-106.392375,31.611856],[-106.392948,31.611942]]]}},{"type":"Feature","properties":{"leisure":"park"},"geometry":{"type":"Polygon","coordinates":[[[-106.394886,31.610967],[-106.39464,31.610931],[-106.394716,31.610424],[-106.394971,31.610475],[-106.394886,31.610967]]]}},{"type":"Feature","properties":{"leisure":"park"},"geometry":{"type":"Polygon","coordinates":[[[-106.393194,31.610721],[-106.392956,31.610678],[-106.393041,31.610178],[-106.393288,31.610214],[-106.393194,31.610721]]]}},{"type":"Feature","properties":{"leisure":"park"},"geometry":{"type":"Polygon","coordinates":[[[-106.391213,31.610424],[-106.391451,31.610453],[-106.391502,31.609968],[-106.39129,31.609925],[-106.391213,31.610424]]]}},{"type":"Feature","properties":{"leisure":"park"},"geometry":{"type":"Polygon","coordinates":[[[-106.390941,31.611467],[-106.391553,31.611547],[-106.391528,31.611728],[-106.390924,31.611633],[-106.390941,31.611467]]]}},{"type":"Feature","properties":{"leisure":"park"},"geometry":{"type":"Polygon","coordinates":[[[-106.392099,31.613336],[-106.392142,31.613129],[-106.392711,31.613216],[-106.392668,31.613422],[-106.392099,31.613336]]]}},{"type":"Feature","properties":{"leisure":"park"},"geometry":{"type":"Polygon","coordinates":[[[-106.390671,31.612915],[-106.391279,31.613009],[-106.391241,31.61319],[-106.390633,31.613096],[-106.390671,31.612915]]]}},{"type":"Feature","properties":{"leisure":"park"},"geometry":{"type":"Polygon","coordinates":[[[-106.369439,31.663278],[-106.369547,31.663233],[-106.369597,31.663184],[-106.369629,31.66312],[-106.369617,31.663052],[-106.369576,31.662968],[-106.369506,31.662914],[-106.369408,31.662886],[-106.369248,31.662919],[-106.36917,31.662997],[-106.369152,31.663045],[-106.369178,31.663163],[-106.369272,31.663261],[-106.36935,31.663289],[-106.369439,31.663278]]]}},{"type":"Feature","properties":{"leisure":"park","name":"Parque Heroes de la Revolución"},"geometry":{"type":"Polygon","coordinates":[[[-106.420477,31.640934],[-106.419731,31.641693],[-106.418554,31.641313],[-106.418577,31.640279],[-106.420477,31.640934]]]}},{"type":"Feature","properties":{"leisure":"park"},"geometry":{"type":"Polygon","coordinates":[[[-106.430892,31.682679],[-106.43156,31.682941],[-106.431351,31.683669],[-106.431295,31.683789],[-106.431107,31.684081],[-106.431012,31.684082],[-106.430877,31.684153],[-106.430739,31.684022],[-106.430892,31.682679]]]}},{"type":"Feature","properties":{"leisure":"park"},"geometry":{"type":"Polygon","coordinates":[[[-106.412498,31.676822],[-106.412198,31.676929],[-106.412045,31.676465],[-106.411527,31.676149],[-106.412162,31.676151],[-106.412498,31.676822]]]}},{"type":"Feature","properties":{"leisure":"park"},"geometry":{"type":"Polygon","coordinates":[[[-106.409825,31.676375],[-106.410376,31.675916],[-106.410229,31.675733],[-106.40963,31.676202],[-106.409825,31.676375]]]}},{"type":"Feature","properties":{"leisure":"park"},"geometry":{"type":"Polygon","coordinates":[[[-106.411178,31.6751],[-106.411188,31.674606],[-106.410829,31.674608],[-106.410827,31.675097],[-106.411178,31.6751]]]}},{"type":"Feature","properties":{"leisure":"park"},"geometry":{"type":"Polygon","coordinates":[[[-106.414246,31.676862],[-106.414104,31.676553],[-106.415094,31.676555],[-106.414246,31.676862]]]}},{"type":"Feature","properties":{"leisure":"park"},"geometry":{"type":"Polygon","coordinates":[[[-106.378938,31.640436],[-106.37923,31.639473],[-106.3785,31.639104],[-106.378463,31.639119],[-106.378023,31.640187],[-106.378938,31.640436]]]}},{"type":"Feature","properties":{"leisure":"park"},"geometry":{"type":"Polygon","coordinates":[[[-106.380552,31.640882],[-106.380041,31.640745],[-106.380008,31.64072],[-106.38024,31.639996],[-106.380301,31.63998],[-106.38036,31.639999],[-106.380847,31.640246],[-106.380874,31.640298],[-106.380552,31.640882]]]}},{"type":"Feature","properties":{"leisure":"park"},"geometry":{"type":"Polygon","coordinates":[[[-106.378325,31.642312],[-106.376954,31.641997],[-106.377131,31.64141],[-106.378512,31.64178],[-106.378325,31.642312]]]}},{"type":"Feature","properties":{"leisure":"park"},"geometry":{"type":"Polygon","coordinates":[[[-106.384904,31.643387],[-106.383548,31.643075],[-106.383767,31.642445],[-106.384522,31.642612],[-106.384532,31.642583],[-106.38504,31.642733],[-106.384904,31.643387]]]}},{"type":"Feature","properties":{"leisure":"park"},"geometry":{"type":"Polygon","coordinates":[[[-106.352432,31.601868],[-106.352675,31.601621],[-106.35221,31.601285],[-106.351982,31.601522],[-106.352432,31.601868]]]}},{"type":"Feature","properties":{"natural":"water"},"geometry":{"type":"Polygon","coordinates":[[[-106.420969,31.631026],[-106.421066,31.630834],[-106.421037,31.630825],[-106.420883,31.630943],[-106.420969,31.631026]]]}},{"type":"Feature","properties":{"leisure":"park","name":"Parque Paseos del Alba 'Las montañas'"},"geometry":{"type":"Polygon","coordinates":[[[-106.417029,31.636865],[-106.41738,31.636877],[-106.417537,31.636861],[-106.417704,31.636826],[-106.417909,31.636754],[-106.418076,31.636668],[-106.418233,31.636558],[-106.418465,31.636315],[-106.418608,31.636043],[-106.418654,31.63592],[-106.418479,31.635742],[-106.417029,31.636865]]]}},{"type":"Feature","properties":{"leisure":"park","name":"Parque Gaviotas"},"geometry":{"type":"Polygon","coordinates":[[[-106.419798,31.634689],[-106.419964,31.634355],[-106.419668,31.634248],[-106.419502,31.634583],[-106.419798,31.634689]]]}},{"type":"Feature","properties":{"leisure":"park","name":"Parque Clarines"},"geometry":{"type":"Polygon","coordinates":[[[-106.418713,31.636324],[-106.419028,31.636426],[-106.419182,31.636083],[-106.418865,31.635971],[-106.418713,31.636324]]]}},{"type":"Feature","properties":{"leisure":"park","name":"Parque Gorriones"},"geometry":{"type":"Polygon","coordinates":[[[-106.419045,31.63827],[-106.419329,31.637622],[-106.418888,31.637476],[-106.418728,31.63821],[-106.419045,31.63827]]]}},{"type":"Feature","properties":{"leisure":"park","name":"Parque Cenzontles"},"geometry":{"type":"Polygon","coordinates":[[[-106.4161,31.637216],[-106.416131,31.636969],[-106.415705,31.636919],[-106.415665,31.637179],[-106.4161,31.637216]]]}},{"type":"Feature","properties":{"leisure":"park","name":"Parque Canoras"},"geometry":{"type":"Polygon","coordinates":[[[-106.412755,31.637522],[-106.412798,31.637252],[-106.412755,31.637246],[-106.41242,31.637481],[-106.412439,31.637517],[-106.412723,31.637538],[-106.412755,31.637522]]]}},{"type":"Feature","properties":{"leisure":"park","name":"Parque Papagayos"},"geometry":{"type":"Polygon","coordinates":[[[-106.413818,31.636168],[-106.414001,31.63603],[-106.413849,31.635884],[-106.413666,31.636022],[-106.413818,31.636168]]]}},{"type":"Feature","properties":{"leisure":"park","name":"Parque de los Cisnes"},"geometry":{"type":"Polygon","coordinates":[[[-106.415472,31.636384],[-106.416323,31.636482],[-106.415909,31.636036],[-106.415472,31.636384]]]}},{"type":"Feature","properties":{"leisure":"park","name":"Parque de las Golondrinas"},"geometry":{"type":"Polygon","coordinates":[[[-106.416164,31.635683],[-106.416486,31.635457],[-106.416331,31.635299],[-106.416011,31.635532],[-106.416164,31.635683]]]}},{"type":"Feature","properties":{"natural":"water"},"geometry":{"type":"Polygon","coordinates":[[[-106.416186,31.6356],[-106.416406,31.635434],[-106.416325,31.635365],[-106.416108,31.635516],[-106.416186,31.6356]]]}},{"type":"Feature","properties":{"leisure":"park","name":"Parque de las Codornices"},"geometry":{"type":"Polygon","coordinates":[[[-106.41857,31.633821],[-106.418884,31.633598],[-106.418678,31.633388],[-106.418356,31.633614],[-106.41857,31.633821]]]}},{"type":"Feature","properties":{"natural":"water"},"geometry":{"type":"Polygon","coordinates":[[[-106.418586,31.633753],[-106.418801,31.633588],[-106.418659,31.633456],[-106.418447,31.633616],[-106.418586,31.633753]]]}},{"type":"Feature","properties":{"natural":"water"},"geometry":{"type":"Polygon","coordinates":[[[-106.409974,31.628334],[-106.409862,31.628343],[-106.409599,31.62825],[-106.409508,31.628389],[-106.409811,31.628494],[-106.409894,31.628377],[-106.409974,31.628334]]]}},{"type":"Feature","properties":{"natural":"water"},"geometry":{"type":"Polygon","coordinates":[[[-106.410149,31.628115],[-106.410248,31.628012],[-106.410143,31.627962],[-106.410082,31.627976],[-106.410025,31.628024],[-106.41002,31.628083],[-106.410149,31.628115]]]}},{"type":"Feature","properties":{"natural":"water"},"geometry":{"type":"Polygon","coordinates":[[[-106.410258,31.624813],[-106.410118,31.624943],[-106.409909,31.624948],[-106.410043,31.624797],[-106.410258,31.624813]]]}},{"type":"Feature","properties":{"leisure":"park"},"geometry":{"type":"Polygon","coordinates":[[[-106.350315,31.644266],[-106.34992,31.643999],[-106.349833,31.644145],[-106.349694,31.644969],[-106.350315,31.644266]]]}},{"type":"Feature","properties":{"leisure":"park","name":"parque"},"geometry":{"type":"Polygon","coordinates":[[[-106.35306,31.646135],[-106.352808,31.64593],[-106.352277,31.646482],[-106.35306,31.646135]]]}},{"type":"Feature","properties":{"leisure":"park","name":"parque"},"geometry":{"type":"Polygon","coordinates":[[[-106.352124,31.646605],[-106.352055,31.646441],[-106.351714,31.646578],[-106.351929,31.646692],[-106.352124,31.646605]]]}},{"type":"Feature","properties":{"leisure":"park","name":"plaza zaragoza arriba"},"geometry":{"type":"Polygon","coordinates":[[[-106.35707,31.644847],[-106.356451,31.644719],[-106.356628,31.644171],[-106.357247,31.644313],[-106.35707,31.644847]]]}},{"type":"Feature","properties":{"leisure":"park","name":"Parque Rincon del Sur 1"},"geometry":{"type":"Polygon","coordinates":[[[-106.373845,31.643844],[-106.373874,31.643751],[-106.372142,31.643324],[-106.372102,31.643432],[-106.373845,31.643844]]]}},{"type":"Feature","properties":{"leisure":"park","name":"Parque Rincon del Sur 2"},"geometry":{"type":"Polygon","coordinates":[[[-106.371993,31.643389],[-106.372015,31.643296],[-106.371101,31.64307],[-106.370716,31.642856],[-106.370654,31.642921],[-106.371083,31.643156],[-106.371993,31.643389]]]}},{"type":"Feature","properties":{"leisure":"park","name":"Parque Central Hermanos Escobar Oriente"},"geometry":{"type":"Polygon","coordinates":[[[-106.423406,31.690191],[-106.423799,31.690203],[-106.423985,31.690153],[-106.42415,31.690046],[-106.424205,31.689977],[-106.424254,31.689849],[-106.424259,31.688913],[-106.424293,31.688586],[-106.424307,31.684604],[-106.424292,31.684548],[-106.424208,31.684466],[-106.424137,31.684429],[-106.42408,31.68442],[-106.42156,31.684262],[-106.421471,31.684278],[-106.421421,31.68431],[-106.421364,31.684377],[-106.42083,31.685761],[-106.419731,31.688861],[-106.419677,31.689054],[-106.419707,31.689136],[-106.419765,31.689215],[-106.420285,31.689447],[-106.420356,31.689494],[-106.420613,31.68959],[-106.421889,31.689863],[-106.421929,31.689854],[-106.422002,31.689867],[-106.422088,31.689886],[-106.422136,31.689921],[-106.423406,31.690191]]]}},{"type":"Feature","properties":{"leisure":"park","name":"Parque Lucerna"},"geometry":{"type":"Polygon","coordinates":[[[-106.432017,31.65476],[-106.432435,31.653858],[-106.43153,31.653574],[-106.431123,31.654508],[-106.432017,31.65476]]]}},{"type":"Feature","properties":{"leisure":"park","name":"Parque Unidad Juárez Nuevo"},"geometry":{"type":"Polygon","coordinates":[[[-106.395987,31.65395],[-106.396405,31.653981],[-106.397057,31.653235],[-106.397291,31.652988],[-106.397296,31.652923],[-106.396979,31.65272],[-106.396808,31.652644],[-106.395964,31.652443],[-106.396183,31.652969],[-106.396235,31.653139],[-106.396071,31.653628],[-106.395987,31.65395]]]}},{"type":"Feature","properties":{"leisure":"park","name":"Bosque de Andalucía"},"geometry":{"type":"Polygon","coordinates":[[[-106.415174,31.629755],[-106.416007,31.630257],[-106.416201,31.629307],[-106.416216,31.629202],[-106.41619,31.629148],[-106.415597,31.629056],[-106.415445,31.62905],[-106.415393,31.62932],[-106.415348,31.629467],[-106.415282,31.629614],[-106.415174,31.629755]]]}},{"type":"Feature","properties":{"natural":"water"},"geometry":{"type":"Polygon","coordinates":[[[-106.415487,31.629131],[-106.415474,31.629186],[-106.415515,31.629235],[-106.415606,31.629256],[-106.41565,31.629232],[-106.415667,31.629156],[-106.415618,31.629117],[-106.415565,31.629092],[-106.415506,31.629106],[-106.415487,31.629131]]]}},{"type":"Feature","properties":{"leisure":"park"},"geometry":{"type":"Polygon","coordinates":[[[-106.414013,31.628498],[-106.414123,31.628358],[-106.413916,31.628224],[-106.413862,31.628223],[-106.413736,31.628348],[-106.414013,31.628498]]]}},{"type":"Feature","properties":{"natural":"water"},"geometry":{"type":"Polygon","coordinates":[[[-106.414,31.628423],[-106.414043,31.628359],[-106.413902,31.628272],[-106.413896,31.628224],[-106.413862,31.628223],[-106.413859,31.628264],[-106.413827,31.628321],[-106.414,31.628423]]]}},{"type":"Feature","properties":{"leisure":"park"},"geometry":{"type":"Polygon","coordinates":[[[-106.41548,31.627833],[-106.415524,31.627825],[-106.415564,31.627787],[-106.415676,31.627244],[-106.415599,31.627161],[-106.41533,31.627502],[-106.415412,31.62756],[-106.415281,31.627733],[-106.415407,31.627821],[-106.41548,31.627833]]]}},{"type":"Feature","properties":{"leisure":"park"},"geometry":{"type":"Polygon","coordinates":[[[-106.41237,31.625255],[-106.412534,31.625077],[-106.41223,31.624883],[-106.41206,31.62507],[-106.41237,31.625255]]]}},{"type":"Feature","properties":{"leisure":"park"},"geometry":{"type":"Polygon","coordinates":[[[-106.411955,31.625028],[-106.412144,31.624827],[-106.411847,31.624636],[-106.411654,31.624835],[-106.411955,31.625028]]]}},{"type":"Feature","properties":{"natural":"water"},"geometry":{"type":"Polygon","coordinates":[[[-106.411882,31.624863],[-106.411936,31.624789],[-106.411831,31.624716],[-106.411773,31.624787],[-106.411882,31.624863]]]}},{"type":"Feature","properties":{"leisure":"park"},"geometry":{"type":"Polygon","coordinates":[[[-106.411588,31.624749],[-106.411789,31.624525],[-106.411507,31.624346],[-106.411294,31.624563],[-106.411588,31.624749]]]}},{"type":"Feature","properties":{"leisure":"park"},"geometry":{"type":"Polygon","coordinates":[[[-106.413022,31.623835],[-106.413201,31.623634],[-106.412554,31.623224],[-106.412382,31.623421],[-106.413022,31.623835]]]}},{"type":"Feature","properties":{"leisure":"park"},"geometry":{"type":"Polygon","coordinates":[[[-106.414536,31.622297],[-106.414549,31.621905],[-106.414538,31.621793],[-106.41451,31.621761],[-106.414158,31.62177],[-106.413293,31.621922],[-106.413252,31.621971],[-106.413262,31.62215],[-106.413293,31.622174],[-106.414536,31.622297]]]}},{"type":"Feature","properties":{"leisure":"park"},"geometry":{"type":"Polygon","coordinates":[[[-106.415669,31.621984],[-106.415987,31.622016],[-106.416061,31.621573],[-106.41594,31.621575],[-106.415879,31.621501],[-106.415886,31.621454],[-106.415741,31.621436],[-106.41565,31.621905],[-106.415669,31.621984]]]}},{"type":"Feature","properties":{"leisure":"park","name":"Río Carretas"},"geometry":{"type":"Polygon","coordinates":[[[-106.413414,31.618098],[-106.413455,31.618102],[-106.413494,31.618081],[-106.413506,31.617884],[-106.413485,31.61783],[-106.413044,31.617563],[-106.412987,31.617554],[-106.412934,31.617581],[-106.412842,31.617691],[-106.412839,31.617727],[-106.413414,31.618098]]]}},{"type":"Feature","properties":{"leisure":"park","name":"Río Me Kong"},"geometry":{"type":"Polygon","coordinates":[[[-106.411367,31.617818],[-106.411428,31.61782],[-106.411488,31.61778],[-106.411675,31.617572],[-106.411126,31.617255],[-106.410926,31.617512],[-106.411367,31.617818]]]}},{"type":"Feature","properties":{"leisure":"park","name":"Tutuaca"},"geometry":{"type":"Polygon","coordinates":[[[-106.410585,31.619927],[-106.411142,31.619284],[-106.411135,31.619251],[-106.410399,31.618763],[-106.409871,31.619436],[-106.409873,31.619452],[-106.410585,31.619927]]]}},{"type":"Feature","properties":{"natural":"water"},"geometry":{"type":"Polygon","coordinates":[[[-106.4111,31.619341],[-106.411013,31.619295],[-106.411005,31.619248],[-106.411051,31.619199],[-106.411135,31.619251],[-106.411142,31.619284],[-106.4111,31.619341]]]}},{"type":"Feature","properties":{"leisure":"park","name":"Río Huang Ho"},"geometry":{"type":"Polygon","coordinates":[[[-106.409567,31.620329],[-106.409765,31.620101],[-106.409762,31.620067],[-106.40925,31.619745],[-106.409029,31.62003],[-106.409567,31.620329]]]}},{"type":"Feature","properties":{"natural":"water"},"geometry":{"type":"Polygon","coordinates":[[[-106.409686,31.620119],[-106.409636,31.620087],[-106.409629,31.620062],[-106.409661,31.620026],[-106.409685,31.620029],[-106.409745,31.620081],[-106.409714,31.620118],[-106.409686,31.620119]]]}},{"type":"Feature","properties":{"leisure":"park"},"geometry":{"type":"Polygon","coordinates":[[[-106.405483,31.62317],[-106.405535,31.623226],[-106.405743,31.62319],[-106.405661,31.622796],[-106.405483,31.622826],[-106.405399,31.622904],[-106.405483,31.62317]]]}},{"type":"Feature","properties":{"leisure":"park","name":"Parajes del Sol"},"geometry":{"type":"Polygon","coordinates":[[[-106.404806,31.623027],[-106.405256,31.622886],[-106.405247,31.622837],[-106.405186,31.622783],[-106.404273,31.622628],[-106.404076,31.622576],[-106.403985,31.622592],[-106.403496,31.622519],[-106.403314,31.622459],[-106.403211,31.622459],[-106.403108,31.62254],[-106.403063,31.622759],[-106.404806,31.623027]]]}},{"type":"Feature","properties":{"natural":"water"},"geometry":{"type":"Polygon","coordinates":[[[-106.404344,31.622414],[-106.404117,31.622396],[-106.404106,31.622251],[-106.404271,31.622275],[-106.404344,31.622414]]]}},{"type":"Feature","properties":{"leisure":"park","name":"Margarito Herrera"},"geometry":{"type":"Polygon","coordinates":[[[-106.398853,31.623168],[-106.399469,31.622369],[-106.398855,31.622273],[-106.398449,31.622836],[-106.398423,31.6229],[-106.398451,31.622947],[-106.398853,31.623168]]]}},{"type":"Feature","properties":{"leisure":"park","name":"De los Alámos"},"geometry":{"type":"Polygon","coordinates":[[[-106.400509,31.623872],[-106.400904,31.62235],[-106.401018,31.622156],[-106.400928,31.622114],[-106.400856,31.622337],[-106.399813,31.62373],[-106.400013,31.623835],[-106.40046,31.623893],[-106.400509,31.623872]]]}},{"type":"Feature","properties":{"leisure":"park","name":"Praderas de los álamos"},"geometry":{"type":"Polygon","coordinates":[[[-106.399203,31.625034],[-106.400155,31.625155],[-106.400186,31.625139],[-106.400466,31.624061],[-106.400454,31.624011],[-106.400001,31.623959],[-106.399958,31.623966],[-106.399185,31.624997],[-106.399203,31.625034]]]}},{"type":"Feature","properties":{"leisure":"park"},"geometry":{"type":"Polygon","coordinates":[[[-106.398756,31.624546],[-106.398861,31.624402],[-106.398504,31.624179],[-106.398377,31.624331],[-106.398756,31.624546]]]}},{"type":"Feature","properties":{"leisure":"park","name":"Del Estero"},"geometry":{"type":"Polygon","coordinates":[[[-106.398279,31.624255],[-106.398396,31.624113],[-106.398017,31.623922],[-106.397891,31.624071],[-106.398279,31.624255]]]}},{"type":"Feature","properties":{"leisure":"park","name":"Sauce"},"geometry":{"type":"Polygon","coordinates":[[[-106.396879,31.626072],[-106.397599,31.626158],[-106.397679,31.626057],[-106.397122,31.625743],[-106.396879,31.626072]]]}},{"type":"Feature","properties":{"leisure":"park"},"geometry":{"type":"Polygon","coordinates":[[[-106.401195,31.629148],[-106.401186,31.629193],[-106.401218,31.629279],[-106.401305,31.629331],[-106.401413,31.629327],[-106.401462,31.629302],[-106.401517,31.62922],[-106.401499,31.629126],[-106.401416,31.629063],[-106.401308,31.629058],[-106.40122,31.629108],[-106.401195,31.629148]]]}},{"type":"Feature","properties":{"leisure":"park"},"geometry":{"type":"Polygon","coordinates":[[[-106.400375,31.631221],[-106.400791,31.631269],[-106.400825,31.631101],[-106.400406,31.631056],[-106.400375,31.631221]]]}},{"type":"Feature","properties":{"leisure":"park","name":"Acueducto"},"geometry":{"type":"Polygon","coordinates":[[[-106.406128,31.628322],[-106.406229,31.628336],[-106.406331,31.627716],[-106.406233,31.627709],[-106.406128,31.628322]]]}},{"type":"Feature","properties":{"leisure":"park","name":"Portal de Augusto"},"geometry":{"type":"Polygon","coordinates":[[[-106.407439,31.627962],[-106.408,31.628023],[-106.408024,31.627957],[-106.407439,31.627865],[-106.407439,31.627962]]]}},{"type":"Feature","properties":{"leisure":"park"},"geometry":{"type":"Polygon","coordinates":[[[-106.40543,31.63179],[-106.405682,31.631821],[-106.405806,31.631063],[-106.405571,31.631042],[-106.40543,31.63179]]]}},{"type":"Feature","properties":{"leisure":"park"},"geometry":{"type":"Polygon","coordinates":[[[-106.406314,31.631876],[-106.406333,31.631805],[-106.407001,31.631879],[-106.407001,31.631957],[-106.406314,31.631876]]]}},{"type":"Feature","properties":{"leisure":"park"},"geometry":{"type":"Polygon","coordinates":[[[-106.407312,31.632018],[-106.407405,31.632047],[-106.407716,31.63133],[-106.407411,31.631254],[-106.407312,31.632018]]]}},{"type":"Feature","properties":{"leisure":"park"},"geometry":{"type":"Polygon","coordinates":[[[-106.40758,31.632099],[-106.407667,31.632144],[-106.408163,31.631501],[-106.407882,31.63137],[-106.40758,31.632099]]]}},{"type":"Feature","properties":{"leisure":"park"},"geometry":{"type":"Polygon","coordinates":[[[-106.409337,31.633043],[-106.409386,31.632983],[-106.408286,31.632338],[-106.408224,31.632427],[-106.409337,31.633043]]]}},{"type":"Feature","properties":{"leisure":"park"},"geometry":{"type":"Polygon","coordinates":[[[-106.408055,31.632658],[-106.408089,31.632603],[-106.409207,31.633201],[-106.409133,31.633272],[-106.408055,31.632658]]]}},{"type":"Feature","properties":{"leisure":"park"},"geometry":{"type":"Polygon","coordinates":[[[-106.404439,31.63197],[-106.404455,31.63188],[-106.403829,31.631807],[-106.403817,31.63189],[-106.404439,31.63197]]]}},{"type":"Feature","properties":{"leisure":"park"},"geometry":{"type":"Polygon","coordinates":[[[-106.402621,31.631765],[-106.402634,31.631682],[-106.401999,31.631596],[-106.401979,31.631686],[-106.402621,31.631765]]]}},{"type":"Feature","properties":{"natural":"water"},"geometry":{"type":"Polygon","coordinates":[[[-106.402679,31.634765],[-106.402435,31.634685],[-106.402508,31.634118],[-106.402846,31.634107],[-106.402679,31.634765]]]}},{"type":"Feature","properties":{"natural":"water"},"geometry":{"type":"Polygon","coordinates":[[[-106.40594,31.636851],[-106.406311,31.636399],[-106.405813,31.636113],[-106.405599,31.636636],[-106.405687,31.636749],[-106.405792,31.636837],[-106.40594,31.636851]]]}},{"type":"Feature","properties":{"natural":"water"},"geometry":{"type":"Polygon","coordinates":[[[-106.405613,31.636157],[-106.405344,31.636765],[-106.404435,31.636679],[-106.404564,31.636032],[-106.405613,31.636157]]]}},{"type":"Feature","properties":{"leisure":"park"},"geometry":{"type":"Polygon","coordinates":[[[-106.405613,31.636157],[-106.405655,31.636065],[-106.404578,31.635944],[-106.404564,31.636032],[-106.405613,31.636157]]]}},{"type":"Feature","properties":{"leisure":"park"},"geometry":{"type":"Polygon","coordinates":[[[-106.410411,31.632011],[-106.410848,31.631455],[-106.410786,31.631415],[-106.410347,31.631976],[-106.410411,31.632011]]]}},{"type":"Feature","properties":{"leisure":"park"},"geometry":{"type":"Polygon","coordinates":[[[-106.41097,31.63131],[-106.411415,31.630725],[-106.411317,31.630726],[-106.4109,31.631272],[-106.41097,31.63131]]]}},{"type":"Feature","properties":{"leisure":"park"},"geometry":{"type":"Polygon","coordinates":[[[-106.413752,31.630004],[-106.41391,31.630094],[-106.413986,31.630006],[-106.413961,31.629965],[-106.413779,31.629974],[-106.413752,31.630004]]]}},{"type":"Feature","properties":{"leisure":"park"},"geometry":{"type":"Polygon","coordinates":[[[-106.413207,31.629709],[-106.413554,31.629751],[-106.413586,31.629732],[-106.41358,31.629696],[-106.413372,31.62956],[-106.413315,31.629562],[-106.413207,31.629709]]]}},{"type":"Feature","properties":{"leisure":"park"},"geometry":{"type":"Polygon","coordinates":[[[-106.40677,31.626554],[-106.406743,31.626552],[-106.406601,31.626185],[-106.406616,31.626154],[-106.406747,31.626135],[-106.407045,31.626191],[-106.40705,31.626243],[-106.40677,31.626554]]]}},{"type":"Feature","properties":{"leisure":"park"},"geometry":{"type":"Polygon","coordinates":[[[-106.404394,31.625528],[-106.404436,31.625222],[-106.404242,31.625196],[-106.404184,31.625504],[-106.404394,31.625528]]]}},{"type":"Feature","properties":{"leisure":"park"},"geometry":{"type":"Polygon","coordinates":[[[-106.404473,31.625104],[-106.404487,31.624812],[-106.404291,31.624786],[-106.404242,31.625077],[-106.404473,31.625104]]]}},{"type":"Feature","properties":{"leisure":"park"},"geometry":{"type":"Polygon","coordinates":[[[-106.399312,31.618756],[-106.399704,31.618223],[-106.399433,31.618087],[-106.399537,31.617926],[-106.399072,31.617656],[-106.399094,31.618622],[-106.399312,31.618756]]]}},{"type":"Feature","properties":{"leisure":"park"},"geometry":{"type":"Polygon","coordinates":[[[-106.399068,31.616958],[-106.399556,31.616321],[-106.399247,31.615857],[-106.398881,31.615999],[-106.398987,31.616245],[-106.39906,31.61657],[-106.399068,31.616958]]]}},{"type":"Feature","properties":{"leisure":"park"},"geometry":{"type":"Polygon","coordinates":[[[-106.406389,31.6096],[-106.406438,31.609579],[-106.406471,31.609445],[-106.406357,31.609429],[-106.40638,31.609322],[-106.40649,31.609334],[-106.406478,31.609181],[-106.406368,31.609111],[-106.406244,31.609073],[-106.406109,31.609075],[-106.405941,31.609288],[-106.405936,31.609348],[-106.405976,31.609386],[-106.406389,31.6096]]]}},{"type":"Feature","properties":{"natural":"water"},"geometry":{"type":"Polygon","coordinates":[[[-106.406488,31.609256],[-106.40638,31.609322],[-106.40627,31.609332],[-106.4062,31.609268],[-106.406214,31.609185],[-106.406293,31.609125],[-106.406368,31.609111],[-106.406478,31.609181],[-106.406488,31.609256]]]}},{"type":"Feature","properties":{"natural":"water"},"geometry":{"type":"Polygon","coordinates":[[[-106.404237,31.612194],[-106.404241,31.612073],[-106.404294,31.612014],[-106.40429,31.611938],[-106.404168,31.611883],[-106.404058,31.61191],[-106.404022,31.611983],[-106.40407,31.612052],[-106.40416,31.61209],[-106.404237,31.612194]]]}},{"type":"Feature","properties":{"leisure":"park"},"geometry":{"type":"Polygon","coordinates":[[[-106.407598,31.612959],[-106.407521,31.612944],[-106.407422,31.61271],[-106.407247,31.612419],[-106.407287,31.612369],[-106.407937,31.612374],[-106.408005,31.612432],[-106.407598,31.612959]]]}},{"type":"Feature","properties":{"leisure":"park"},"geometry":{"type":"Polygon","coordinates":[[[-106.40826,31.613216],[-106.40843,31.61329],[-106.408584,31.612878],[-106.408535,31.612849],[-106.40826,31.613216]]]}},{"type":"Feature","properties":{"natural":"water"},"geometry":{"type":"Polygon","coordinates":[[[-106.409088,31.610986],[-106.408792,31.61108],[-106.408792,31.611146],[-106.408758,31.611203],[-106.408684,31.611238],[-106.408604,31.611238],[-106.408521,31.611206],[-106.408487,31.611154],[-106.408481,31.611091],[-106.408573,31.611004],[-106.408656,31.610983],[-106.408733,31.610999],[-106.408764,31.61103],[-106.409057,31.610936],[-106.409088,31.610986]]]}},{"type":"Feature","properties":{"natural":"water"},"geometry":{"type":"Polygon","coordinates":[[[-106.412894,31.609863],[-106.412987,31.609921],[-106.41305,31.60992],[-106.413062,31.609852],[-106.41286,31.609228],[-106.41286,31.609148],[-106.412,31.60913],[-106.411931,31.609159],[-106.411898,31.609234],[-106.411902,31.609283],[-106.411981,31.609348],[-106.412338,31.609521],[-106.412681,31.609712],[-106.412894,31.609863]]]}},{"type":"Feature","properties":{"leisure":"park"},"geometry":{"type":"Polygon","coordinates":[[[-106.436847,31.635731],[-106.436903,31.635748],[-106.437006,31.635726],[-106.437068,31.635661],[-106.437078,31.635613],[-106.437027,31.635518],[-106.436921,31.63545],[-106.436786,31.635393],[-106.436734,31.635401],[-106.436648,31.635464],[-106.436631,31.635555],[-106.436684,31.63562],[-106.436847,31.635731]]]}},{"type":"Feature","properties":{"leisure":"park"},"geometry":{"type":"Polygon","coordinates":[[[-106.434769,31.647076],[-106.434831,31.646476],[-106.43465,31.646481],[-106.434651,31.64634],[-106.43435,31.646329],[-106.434246,31.646358],[-106.433977,31.64699],[-106.43399,31.647055],[-106.434769,31.647076]]]}},{"type":"Feature","properties":{"leisure":"park"},"geometry":{"type":"Polygon","coordinates":[[[-106.385209,31.664018],[-106.384892,31.663517],[-106.384859,31.66342],[-106.384807,31.663402],[-106.384734,31.66344],[-106.38468,31.663496],[-106.384667,31.663586],[-106.384557,31.66371],[-106.384467,31.663921],[-106.384463,31.66426],[-106.384557,31.664592],[-106.384494,31.664751],[-106.384494,31.664833],[-106.384653,31.665018],[-106.385126,31.665262],[-106.385361,31.665324],[-106.385269,31.664936],[-106.38523,31.664504],[-106.385209,31.664018]]]}},{"type":"Feature","properties":{"natural":"water"},"geometry":{"type":"Polygon","coordinates":[[[-106.385088,31.665122],[-106.38519,31.664936],[-106.385186,31.664838],[-106.385127,31.664684],[-106.38504,31.664612],[-106.384916,31.664577],[-106.384745,31.664557],[-106.384701,31.664598],[-106.384646,31.664577],[-106.384604,31.664656],[-106.384637,31.664692],[-106.384616,31.664746],[-106.384621,31.664815],[-106.384673,31.664911],[-106.384975,31.665107],[-106.385088,31.665122]]]}},{"type":"Feature","properties":{"leisure":"park"},"geometry":{"type":"Polygon","coordinates":[[[-106.386159,31.666492],[-106.386153,31.666345],[-106.386194,31.666181],[-106.386284,31.666063],[-106.386389,31.665991],[-106.386648,31.665898],[-106.385879,31.665713],[-106.385826,31.665737],[-106.385811,31.665792],[-106.385874,31.665884],[-106.386042,31.666338],[-106.38606,31.666457],[-106.386204,31.666783],[-106.386257,31.66677],[-106.386159,31.666492]]]}},{"type":"Feature","properties":{"leisure":"park"},"geometry":{"type":"Polygon","coordinates":[[[-106.407199,31.642541],[-106.407199,31.64223],[-106.406958,31.642547],[-106.407199,31.642541]]]}},{"type":"Feature","properties":{"name":"Morelia","natural":"water"},"geometry":{"type":"Polygon","coordinates":[[[-106.402909,31.671269],[-106.404359,31.67045],[-106.404315,31.670239],[-106.403877,31.670078],[-106.403381,31.669986],[-106.403154,31.669907],[-106.402694,31.669966],[-106.402242,31.669951],[-106.40177,31.669874],[-106.401806,31.670276],[-106.40188,31.670488],[-106.402493,31.670971],[-106.402493,31.671058],[-106.402909,31.671269]]]}},{"type":"Feature","properties":{"leisure":"park"},"geometry":{"type":"Polygon","coordinates":[[[-106.393043,31.625874],[-106.392983,31.625896],[-106.393,31.625914],[-106.392938,31.625945],[-106.392822,31.625962],[-106.392089,31.625888],[-106.39205,31.62583],[-106.392103,31.625466],[-106.392157,31.625399],[-106.393043,31.625874]]]}},{"type":"Feature","properties":{"natural":"water"},"geometry":{"type":"Polygon","coordinates":[[[-106.417233,31.624108],[-106.417181,31.624133],[-106.417098,31.62413],[-106.416956,31.62408],[-106.416922,31.624047],[-106.416936,31.623969],[-106.417036,31.623854],[-106.417307,31.623478],[-106.417358,31.623495],[-106.417373,31.623537],[-106.417233,31.624108]]]}},{"type":"Feature","properties":{"landuse":"forest"},"geometry":{"type":"Polygon","coordinates":[[[-106.421402,31.629437],[-106.421875,31.628815],[-106.421967,31.628741],[-106.422043,31.628777],[-106.421718,31.629183],[-106.421842,31.629255],[-106.421619,31.629536],[-106.421402,31.629437]]]}},{"type":"Feature","properties":{"natural":"water"},"geometry":{"type":"Polygon","coordinates":[[[-106.425185,31.625218],[-106.425248,31.625143],[-106.425425,31.625242],[-106.425334,31.625272],[-106.425248,31.625258],[-106.425185,31.625218]]]}},{"type":"Feature","properties":{"natural":"water"},"geometry":{"type":"Polygon","coordinates":[[[-106.404663,31.574592],[-106.404795,31.574587],[-106.405069,31.574343],[-106.405065,31.574263],[-106.40406,31.573405],[-106.403983,31.573413],[-106.403762,31.573617],[-106.403581,31.573616],[-106.403533,31.573657],[-106.404663,31.574592]]]}},{"type":"Feature","properties":{"natural":"water"},"geometry":{"type":"Polygon","coordinates":[[[-106.401748,31.626689],[-106.401776,31.62654],[-106.40166,31.626516],[-106.401603,31.626566],[-106.401594,31.62665],[-106.401662,31.626712],[-106.401748,31.626689]]]}},{"type":"Feature","properties":{"leisure":"park"},"geometry":{"type":"Polygon","coordinates":[[[-106.40677,31.602426],[-106.406794,31.602448],[-106.407129,31.60246],[-106.407156,31.602418],[-106.407135,31.602158],[-106.407062,31.601838],[-106.406906,31.601494],[-106.4068,31.601318],[-106.406575,31.601078],[-106.406242,31.600744],[-106.406013,31.600737],[-106.405993,31.601085],[-106.406563,31.601108],[-106.406669,31.601202],[-106.406784,31.601348],[-106.406807,31.601528],[-106.40677,31.602426]]]}},{"type":"Feature","properties":{"natural":"water"},"geometry":{"type":"Polygon","coordinates":[[[-106.426475,31.595788],[-106.426626,31.59567],[-106.426725,31.595648],[-106.426831,31.595681],[-106.426961,31.595781],[-106.427115,31.59573],[-106.427229,31.595617],[-106.427154,31.595453],[-106.426392,31.594839],[-106.426334,31.594819],[-106.426363,31.594948],[-106.426319,31.594977],[-106.426334,31.594997],[-106.426379,31.595008],[-106.426475,31.595788]]]}},{"type":"Feature","properties":{"natural":"water"},"geometry":{"type":"Polygon","coordinates":[[[-106.430982,31.599381],[-106.43083,31.599247],[-106.4304,31.599626],[-106.43057,31.599742],[-106.430982,31.599381]]]}},{"type":"Feature","properties":{"natural":"water"},"geometry":{"type":"Polygon","coordinates":[[[-106.433851,31.600809],[-106.434078,31.600607],[-106.433733,31.600342],[-106.43349,31.600538],[-106.433851,31.600809]]]}},{"type":"Feature","properties":{"natural":"water"},"geometry":{"type":"Polygon","coordinates":[[[-106.431978,31.602127],[-106.432143,31.602256],[-106.432413,31.602034],[-106.432248,31.60188],[-106.431978,31.602127]]]}},{"type":"Feature","properties":{"natural":"water"},"geometry":{"type":"Polygon","coordinates":[[[-106.424283,31.602519],[-106.424292,31.602137],[-106.422499,31.602099],[-106.422489,31.602485],[-106.424283,31.602519]]]}},{"type":"Feature","properties":{"natural":"water"},"geometry":{"type":"Polygon","coordinates":[[[-106.425859,31.603102],[-106.425864,31.602728],[-106.424401,31.602689],[-106.424392,31.603052],[-106.425859,31.603102]]]}},{"type":"Feature","properties":{"leisure":"park","name":"Parque Hacienda del Real"},"geometry":{"type":"Polygon","coordinates":[[[-106.400792,31.594846],[-106.400781,31.594904],[-106.400891,31.595001],[-106.400943,31.595001],[-106.40223,31.593865],[-106.402231,31.593832],[-106.402212,31.593814],[-106.400236,31.593758],[-106.400205,31.593796],[-106.400308,31.594112],[-106.40037,31.594176],[-106.40061,31.594264],[-106.40072,31.594328],[-106.40086,31.59453],[-106.400867,31.594659],[-106.400847,31.594776],[-106.400792,31.594846]]]}},{"type":"Feature","properties":{"leisure":"park","name":"Hacienda de las Torres Universidad"},"geometry":{"type":"Polygon","coordinates":[[[-106.400026,31.594735],[-106.400081,31.594822],[-106.400168,31.594889],[-106.400276,31.594926],[-106.400384,31.594932],[-106.400488,31.594908],[-106.400579,31.594858],[-106.400646,31.594786],[-106.400683,31.594699],[-106.400687,31.594607],[-106.400657,31.594518],[-106.400595,31.594443],[-106.400509,31.594387],[-106.400407,31.594357],[-106.40029,31.594357],[-106.400181,31.594391],[-106.400091,31.594454],[-106.400031,31.594539],[-106.400009,31.594637],[-106.400026,31.594735]]]}},{"type":"Feature","properties":{"leisure":"park"},"geometry":{"type":"Polygon","coordinates":[[[-106.400273,31.595493],[-106.400296,31.595513],[-106.400354,31.595502],[-106.400721,31.595201],[-106.400726,31.595163],[-106.400661,31.59511],[-106.400572,31.595072],[-106.400385,31.595085],[-106.400359,31.595114],[-106.400273,31.595493]]]}},{"type":"Feature","properties":{"leisure":"park"},"geometry":{"type":"Polygon","coordinates":[[[-106.399418,31.594512],[-106.399768,31.594523],[-106.399875,31.594474],[-106.399937,31.594385],[-106.400005,31.594328],[-106.400055,31.594235],[-106.400039,31.594117],[-106.399924,31.593776],[-106.399896,31.593752],[-106.399431,31.593743],[-106.399418,31.594512]]]}},{"type":"Feature","properties":{"leisure":"park"},"geometry":{"type":"Polygon","coordinates":[[[-106.397581,31.594548],[-106.396995,31.594605],[-106.396859,31.594597],[-106.396474,31.594535],[-106.396283,31.59453],[-106.39667,31.594489],[-106.396949,31.594478],[-106.397581,31.594548]]]}},{"type":"Feature","properties":{"leisure":"park"},"geometry":{"type":"Polygon","coordinates":[[[-106.414002,31.636705],[-106.414001,31.636648],[-106.413962,31.63662],[-106.413446,31.636447],[-106.413341,31.636453],[-106.413262,31.636502],[-106.413398,31.63664],[-106.414002,31.636705]]]}},{"type":"Feature","properties":{"natural":"water"},"geometry":{"type":"Polygon","coordinates":[[[-106.399602,31.61218],[-106.399334,31.612013],[-106.399265,31.612289],[-106.399289,31.612322],[-106.399391,31.612342],[-106.399602,31.61218]]]}},{"type":"Feature","properties":{"natural":"water"},"geometry":{"type":"Polygon","coordinates":[[[-106.401581,31.609245],[-106.401368,31.609215],[-106.401387,31.609114],[-106.401598,31.609142],[-106.401581,31.609245]]]}},{"type":"Feature","properties":{"natural":"water"},"geometry":{"type":"Polygon","coordinates":[[[-106.40206,31.609704],[-106.402111,31.609432],[-106.401606,31.609373],[-106.401555,31.609631],[-106.40206,31.609704]]]}},{"type":"Feature","properties":{"natural":"water"},"geometry":{"type":"Polygon","coordinates":[[[-106.398697,31.611735],[-106.398748,31.611759],[-106.398807,31.611744],[-106.398822,31.611724],[-106.398821,31.611655],[-106.398699,31.611637],[-106.398697,31.611735]]]}},{"type":"Feature","properties":{"natural":"water"},"geometry":{"type":"Polygon","coordinates":[[[-106.398896,31.607657],[-106.399717,31.607784],[-106.399802,31.607757],[-106.39983,31.607697],[-106.399781,31.607636],[-106.3997,31.607577],[-106.398904,31.60755],[-106.398896,31.607657]]]}},{"type":"Feature","properties":{"leisure":"park"},"geometry":{"type":"Polygon","coordinates":[[[-106.361424,31.685595],[-106.361481,31.685376],[-106.361462,31.685113],[-106.360994,31.684974],[-106.360998,31.685346],[-106.361188,31.685423],[-106.361148,31.685556],[-106.361424,31.685595]]]}},{"type":"Feature","properties":{"leisure":"park"},"geometry":{"type":"Polygon","coordinates":[[[-106.361088,31.68601],[-106.361215,31.685689],[-106.361403,31.685732],[-106.361297,31.686047],[-106.361088,31.68601]]]}},{"type":"Feature","properties":{"leisure":"park"},"geometry":{"type":"Polygon","coordinates":[[[-106.361692,31.685713],[-106.36183,31.685709],[-106.361782,31.686582],[-106.361493,31.686516],[-106.361692,31.685713]]]}},{"type":"Feature","properties":{"leisure":"park"},"geometry":{"type":"Polygon","coordinates":[[[-106.361163,31.686189],[-106.361291,31.686221],[-106.361042,31.687317],[-106.36085,31.687265],[-106.361011,31.686715],[-106.360929,31.686684],[-106.360971,31.686547],[-106.361038,31.686541],[-106.361163,31.686189]]]}},{"type":"Feature","properties":{"leisure":"park"},"geometry":{"type":"Polygon","coordinates":[[[-106.361429,31.687717],[-106.361477,31.687578],[-106.361445,31.687553],[-106.361583,31.687199],[-106.361351,31.687149],[-106.361238,31.687658],[-106.361429,31.687717]]]}},{"type":"Feature","properties":{"leisure":"park","name":"Primer Parque"},"geometry":{"type":"Polygon","coordinates":[[[-106.363597,31.688862],[-106.36362,31.688532],[-106.362964,31.688505],[-106.362948,31.688674],[-106.363597,31.688862]]]}},{"type":"Feature","properties":{"leisure":"park","name":"Segundo Parque"},"geometry":{"type":"Polygon","coordinates":[[[-106.363668,31.687429],[-106.363668,31.687233],[-106.362956,31.68722],[-106.362948,31.687429],[-106.363668,31.687429]]]}},{"type":"Feature","properties":{"leisure":"park"},"geometry":{"type":"Polygon","coordinates":[[[-106.360747,31.690065],[-106.361005,31.690122],[-106.361061,31.689789],[-106.360875,31.689814],[-106.3608,31.689892],[-106.360747,31.690065]]]}},{"type":"Feature","properties":{"leisure":"park"},"geometry":{"type":"Polygon","coordinates":[[[-106.3585,31.690367],[-106.358446,31.690384],[-106.358165,31.690316],[-106.358178,31.689997],[-106.35856,31.690048],[-106.3585,31.690367]]]}},{"type":"Feature","properties":{"leisure":"park"},"geometry":{"type":"Polygon","coordinates":[[[-106.359491,31.689678],[-106.359652,31.688755],[-106.359498,31.688703],[-106.359324,31.689655],[-106.359491,31.689678]]]}},{"type":"Feature","properties":{"leisure":"park"},"geometry":{"type":"Polygon","coordinates":[[[-106.358768,31.6888],[-106.358821,31.688515],[-106.358359,31.688407],[-106.358333,31.688743],[-106.358768,31.6888]]]}},{"type":"Feature","properties":{"leisure":"park","name":"Parque Jiquilpan"},"geometry":{"type":"Polygon","coordinates":[[[-106.412347,31.672607],[-106.412336,31.67279],[-106.411773,31.672794],[-106.411767,31.672479],[-106.412347,31.672607]]]}},{"type":"Feature","properties":{"leisure":"park","name":"Balcón del Sol"},"geometry":{"type":"Polygon","coordinates":[[[-106.408117,31.672981],[-106.408102,31.673031],[-106.408024,31.673047],[-106.407241,31.672871],[-106.407219,31.672843],[-106.407233,31.672811],[-106.407884,31.672714],[-106.408117,31.672981]]]}},{"type":"Feature","properties":{"leisure":"park","name":"Del hoyo"},"geometry":{"type":"Polygon","coordinates":[[[-106.405816,31.673723],[-106.406067,31.673473],[-106.406226,31.672961],[-106.405845,31.672166],[-106.40518,31.672017],[-106.404828,31.672163],[-106.404816,31.672213],[-106.404866,31.672284],[-106.405242,31.672629],[-106.405506,31.672978],[-106.40577,31.673712],[-106.405816,31.673723]]]}},{"type":"Feature","properties":{"natural":"water"},"geometry":{"type":"Polygon","coordinates":[[[-106.392637,31.673011],[-106.39176,31.672571],[-106.392202,31.670948],[-106.393028,31.671119],[-106.392929,31.671427],[-106.3932,31.671506],[-106.392637,31.673011]]]}},{"type":"Feature","properties":{"leisure":"park"},"geometry":{"type":"Polygon","coordinates":[[[-106.387865,31.611893],[-106.387066,31.611765],[-106.387216,31.611087],[-106.388015,31.611215],[-106.387865,31.611893]]]}},{"type":"Feature","properties":{"leisure":"park","name":"Parque Estancia del Carmen"},"geometry":{"type":"Polygon","coordinates":[[[-106.362725,31.684586],[-106.362345,31.684497],[-106.362404,31.684277],[-106.36278,31.684367],[-106.362725,31.684586]]]}},{"type":"Feature","properties":{"natural":"water"},"geometry":{"type":"Polygon","coordinates":[[[-106.3625,31.68439],[-106.362437,31.684374],[-106.36245,31.684331],[-106.362511,31.684348],[-106.3625,31.68439]]]}},{"type":"Feature","properties":{"leisure":"park","name":"Parque Estancia del Rosario"},"geometry":{"type":"Polygon","coordinates":[[[-106.361296,31.684403],[-106.360888,31.684342],[-106.360997,31.683985],[-106.36138,31.684085],[-106.361296,31.684403]]]}},{"type":"Feature","properties":{"leisure":"park","name":"Parque Rincones del Valle"},"geometry":{"type":"Polygon","coordinates":[[[-106.365408,31.685757],[-106.365347,31.685925],[-106.364963,31.685813],[-106.365039,31.685644],[-106.364688,31.685523],[-106.364721,31.685425],[-106.364803,31.685397],[-106.365897,31.685691],[-106.365814,31.685902],[-106.365408,31.685757]]]}},{"type":"Feature","properties":{"leisure":"park"},"geometry":{"type":"Polygon","coordinates":[[[-106.398858,31.681467],[-106.398666,31.681419],[-106.398854,31.681016],[-106.399047,31.681057],[-106.398858,31.681467]]]}},{"type":"Feature","properties":{"leisure":"park"},"geometry":{"type":"Polygon","coordinates":[[[-106.39824,31.682864],[-106.398433,31.682447],[-106.398213,31.682373],[-106.398015,31.682797],[-106.39824,31.682864]]]}},{"type":"Feature","properties":{"leisure":"park","name":"Glorieta Mision Del Sol"},"geometry":{"type":"Polygon","coordinates":[[[-106.398411,31.683334],[-106.398454,31.683309],[-106.398454,31.683286],[-106.398425,31.683263],[-106.398386,31.68327],[-106.398371,31.683291],[-106.398385,31.683325],[-106.398411,31.683334]]]}},{"type":"Feature","properties":{"leisure":"park"},"geometry":{"type":"Polygon","coordinates":[[[-106.397771,31.683614],[-106.397956,31.683184],[-106.39774,31.683113],[-106.397545,31.683526],[-106.397771,31.683614]]]}},{"type":"Feature","properties":{"leisure":"park"},"geometry":{"type":"Polygon","coordinates":[[[-106.364431,31.672549],[-106.363476,31.67522],[-106.362773,31.67559],[-106.361829,31.675704],[-106.362312,31.671924],[-106.364431,31.672549]]]}},{"type":"Feature","properties":{"leisure":"park","name":"Parque de los Sueños"},"geometry":{"type":"Polygon","coordinates":[[[-106.382971,31.621969],[-106.383095,31.621797],[-106.381631,31.620847],[-106.38143,31.621131],[-106.382971,31.621969]]]}},{"type":"Feature","properties":{"leisure":"park","name":"Parque Ricon"},"geometry":{"type":"Polygon","coordinates":[[[-106.381267,31.621032],[-106.381616,31.620472],[-106.381066,31.62003],[-106.380439,31.620511],[-106.380405,31.620514],[-106.381267,31.621032]]]}},{"type":"Feature","properties":{"leisure":"park","name":"Parque Scientific Atlanta"},"geometry":{"type":"Polygon","coordinates":[[[-106.385853,31.622378],[-106.386078,31.622094],[-106.384799,31.621349],[-106.384536,31.621692],[-106.385853,31.622378]]]}},{"type":"Feature","properties":{"leisure":"park"},"geometry":{"type":"Polygon","coordinates":[[[-106.388634,31.653976],[-106.389218,31.65409],[-106.389371,31.653524],[-106.388786,31.65341],[-106.388634,31.653976]]]}},{"type":"Feature","properties":{"leisure":"park"},"geometry":{"type":"Polygon","coordinates":[[[-106.387729,31.654242],[-106.387928,31.654274],[-106.388262,31.652804],[-106.388062,31.652771],[-106.387729,31.654242]]]}},{"type":"Feature","properties":{"leisure":"park"},"geometry":{"type":"Polygon","coordinates":[[[-106.386299,31.653709],[-106.386638,31.653789],[-106.386792,31.653107],[-106.386442,31.653034],[-106.386299,31.653709]]]}},{"type":"Feature","properties":{"leisure":"park"},"geometry":{"type":"Polygon","coordinates":[[[-106.386073,31.653661],[-106.386156,31.653677],[-106.386246,31.653344],[-106.385934,31.653293],[-106.386073,31.653661]]]}},{"type":"Feature","properties":{"leisure":"park"},"geometry":{"type":"Polygon","coordinates":[[[-106.385682,31.653575],[-106.38587,31.653613],[-106.385754,31.653261],[-106.385573,31.653303],[-106.385682,31.653575]]]}},{"type":"Feature","properties":{"leisure":"park"},"geometry":{"type":"Polygon","coordinates":[[[-106.383571,31.651805],[-106.384312,31.651966],[-106.384338,31.651438],[-106.383726,31.651284],[-106.383571,31.651805]]]}},{"type":"Feature","properties":{"leisure":"park","name":"Parque Francisco Villareal"},"geometry":{"type":"Polygon","coordinates":[[[-106.334357,31.610002],[-106.333601,31.609253],[-106.335002,31.608281],[-106.335757,31.609051],[-106.334357,31.610002]]]}},{"type":"Feature","properties":{"name":"Lago Parque Oriente","natural":"water"},"geometry":{"type":"Polygon","coordinates":[[[-106.337786,31.604114],[-106.337744,31.604074],[-106.337687,31.604067],[-106.337457,31.603859],[-106.337446,31.603802],[-106.337451,31.603749],[-106.337548,31.603644],[-106.337572,31.603651],[-106.337766,31.603585],[-106.337811,31.603617],[-106.337933,31.603786],[-106.338029,31.603831],[-106.338048,31.603853],[-106.338033,31.603882],[-106.338185,31.604049],[-106.338294,31.604121],[-106.3384,31.604217],[-106.338626,31.60432],[-106.338711,31.604403],[-106.338754,31.604452],[-106.338814,31.604577],[-106.338802,31.604689],[-106.33872,31.60479],[-106.338601,31.60487],[-106.338468,31.604913],[-106.33843,31.604911],[-106.338321,31.604841],[-106.33817,31.604969],[-106.33815,31.604791],[-106.33848,31.604754],[-106.338541,31.604711],[-106.338588,31.604643],[-106.338606,31.604561],[-106.338599,31.604481],[-106.33855,31.604412],[-106.338457,31.604367],[-106.338351,31.604355],[-106.338273,31.604375],[-106.338234,31.604418],[-106.338077,31.604475],[-106.338035,31.604514],[-106.337929,31.604333],[-106.337797,31.604172],[-106.337786,31.604114]]]}},{"type":"Feature","properties":{"leisure":"park","name":"Parque Jarudo"},"geometry":{"type":"Polygon","coordinates":[[[-106.432057,31.685185],[-106.432014,31.68485],[-106.431508,31.684904],[-106.43151,31.68503],[-106.43158,31.68521],[-106.432057,31.685185]]]}},{"type":"Feature","properties":{"leisure":"park","name":"Parque Fuente de Baco"},"geometry":{"type":"Polygon","coordinates":[[[-106.414474,31.684213],[-106.414398,31.684261],[-106.414358,31.684261],[-106.414073,31.683776],[-106.414075,31.683722],[-106.414108,31.683685],[-106.414564,31.683705],[-106.415106,31.683582],[-106.415144,31.68362],[-106.415132,31.683683],[-106.414474,31.684213]]]}},{"type":"Feature","properties":{"leisure":"park","name":"Parque Rincon de Extremadura 1"},"geometry":{"type":"Polygon","coordinates":[[[-106.378472,31.619969],[-106.378098,31.620205],[-106.376751,31.618825],[-106.377098,31.618588],[-106.377333,31.618831],[-106.377431,31.618827],[-106.378472,31.619969]]]}},{"type":"Feature","properties":{"leisure":"park","name":"Parque Rincon de Extremadura 2"},"geometry":{"type":"Polygon","coordinates":[[[-106.375665,31.619706],[-106.376642,31.61901],[-106.37671,31.618999],[-106.376747,31.619015],[-106.376907,31.619187],[-106.376837,31.619281],[-106.375837,31.619899],[-106.375762,31.619845],[-106.375665,31.619706]]]}},{"type":"Feature","properties":{"leisure":"park"},"geometry":{"type":"Polygon","coordinates":[[[-106.376178,31.618173],[-106.375829,31.617921],[-106.376144,31.61763],[-106.376489,31.617934],[-106.376178,31.618173]]]}},{"type":"Feature","properties":{"leisure":"park"},"geometry":{"type":"Polygon","coordinates":[[[-106.376661,31.618698],[-106.377397,31.618173],[-106.377178,31.617974],[-106.376497,31.618536],[-106.376661,31.618698]]]}},{"type":"Feature","properties":{"leisure":"park"},"geometry":{"type":"Polygon","coordinates":[[[-106.411463,31.589473],[-106.411212,31.589254],[-106.41152,31.588998],[-106.411771,31.589217],[-106.411463,31.589473]]]}},{"type":"Feature","properties":{"leisure":"park"},"geometry":{"type":"Polygon","coordinates":[[[-106.410881,31.589974],[-106.410563,31.589696],[-106.410903,31.589412],[-106.411222,31.58969],[-106.410881,31.589974]]]}},{"type":"Feature","properties":{"leisure":"park"},"geometry":{"type":"Polygon","coordinates":[[[-106.437675,31.660118],[-106.433819,31.659808],[-106.433955,31.658462],[-106.437816,31.658764],[-106.437675,31.660118]]]}},{"type":"Feature","properties":{"leisure":"park"},"geometry":{"type":"Polygon","coordinates":[[[-106.383338,31.647139],[-106.38304,31.648055],[-106.384807,31.648468],[-106.384971,31.647707],[-106.384486,31.647004],[-106.384407,31.646991],[-106.384348,31.647062],[-106.383927,31.647282],[-106.383338,31.647139]]]}},{"type":"Feature","properties":{"leisure":"park"},"geometry":{"type":"Polygon","coordinates":[[[-106.372963,31.645302],[-106.372393,31.645161],[-106.372624,31.644486],[-106.373194,31.644627],[-106.372963,31.645302]]]}},{"type":"Feature","properties":{"leisure":"park"},"geometry":{"type":"Polygon","coordinates":[[[-106.378698,31.636921],[-106.378773,31.636652],[-106.378844,31.636529],[-106.378992,31.636345],[-106.379271,31.636487],[-106.379161,31.636636],[-106.379001,31.636812],[-106.378834,31.636967],[-106.378791,31.636978],[-106.378698,31.636921]]]}},{"type":"Feature","properties":{"leisure":"park"},"geometry":{"type":"Polygon","coordinates":[[[-106.330455,31.576988],[-106.32957,31.576209],[-106.329482,31.57623],[-106.329007,31.576769],[-106.32902,31.576812],[-106.329616,31.577352],[-106.329868,31.577187],[-106.330021,31.577132],[-106.330386,31.577039],[-106.330455,31.576988]]]}},{"type":"Feature","properties":{"leisure":"park"},"geometry":{"type":"Polygon","coordinates":[[[-106.367538,31.591709],[-106.366745,31.590963],[-106.367196,31.590581],[-106.368033,31.591258],[-106.367538,31.591709]]]}},{"type":"Feature","properties":{"leisure":"park"},"geometry":{"type":"Polygon","coordinates":[[[-106.339584,31.594691],[-106.339292,31.594385],[-106.339855,31.593994],[-106.340147,31.5943],[-106.339584,31.594691]]]}},{"type":"Feature","properties":{"leisure":"park"},"geometry":{"type":"Polygon","coordinates":[[[-106.354309,31.585309],[-106.353671,31.584753],[-106.353599,31.584758],[-106.353383,31.584843],[-106.353377,31.584881],[-106.354028,31.585428],[-106.354065,31.585428],[-106.354292,31.585346],[-106.354309,31.585309]]]}},{"type":"Feature","properties":{"leisure":"park"},"geometry":{"type":"Polygon","coordinates":[[[-106.355094,31.585983],[-106.354419,31.585396],[-106.354347,31.585402],[-106.354134,31.585499],[-106.354126,31.585524],[-106.354838,31.586125],[-106.354893,31.586118],[-106.355077,31.58602],[-106.355094,31.585983]]]}},{"type":"Feature","properties":{"leisure":"park"},"geometry":{"type":"Polygon","coordinates":[[[-106.368569,31.592347],[-106.368341,31.592533],[-106.367915,31.593003],[-106.367818,31.592983],[-106.367089,31.592368],[-106.367813,31.591731],[-106.368569,31.592347]]]}},{"type":"Feature","properties":{"leisure":"park"},"geometry":{"type":"Polygon","coordinates":[[[-106.423498,31.652849],[-106.422619,31.652573],[-106.42301,31.652135],[-106.423743,31.652365],[-106.423498,31.652849]]]}},{"type":"Feature","properties":{"leisure":"park"},"geometry":{"type":"Polygon","coordinates":[[[-106.428059,31.647935],[-106.42871,31.648157],[-106.428342,31.648938],[-106.427692,31.648717],[-106.428059,31.647935]]]}},{"type":"Feature","properties":{"leisure":"park"},"geometry":{"type":"Polygon","coordinates":[[[-106.38394,31.587711],[-106.383949,31.587643],[-106.383755,31.587471],[-106.383708,31.587477],[-106.381955,31.589015],[-106.38195,31.589049],[-106.382166,31.589223],[-106.382204,31.589224],[-106.38394,31.587711]]]}},{"type":"Feature","properties":{"leisure":"park"},"geometry":{"type":"Polygon","coordinates":[[[-106.374214,31.582487],[-106.373818,31.582461],[-106.373754,31.582442],[-106.373879,31.581251],[-106.373915,31.581143],[-106.374,31.580994],[-106.375046,31.580127],[-106.375134,31.580138],[-106.375354,31.580341],[-106.37531,31.580401],[-106.374554,31.581062],[-106.374394,31.58137],[-106.374344,31.581581],[-106.374248,31.582455],[-106.374214,31.582487]]]}},{"type":"Feature","properties":{"leisure":"park"},"geometry":{"type":"Polygon","coordinates":[[[-106.377142,31.588035],[-106.377072,31.58793],[-106.376992,31.58788],[-106.377264,31.587719],[-106.377466,31.587559],[-106.377591,31.587433],[-106.377659,31.587337],[-106.377796,31.586777],[-106.378149,31.586821],[-106.378093,31.587091],[-106.378024,31.587278],[-106.377942,31.587384],[-106.377776,31.587577],[-106.377659,31.587679],[-106.377533,31.587777],[-106.377234,31.587937],[-106.377142,31.588035]]]}},{"type":"Feature","properties":{"leisure":"park"},"geometry":{"type":"Polygon","coordinates":[[[-106.382858,31.592539],[-106.381262,31.591185],[-106.381486,31.590992],[-106.381956,31.591391],[-106.385155,31.588656],[-106.385304,31.588783],[-106.383159,31.590616],[-106.38318,31.590635],[-106.382126,31.591536],[-106.383082,31.592347],[-106.382858,31.592539]]]}},{"type":"Feature","properties":{"leisure":"park"},"geometry":{"type":"Polygon","coordinates":[[[-106.375027,31.589775],[-106.374932,31.589699],[-106.374944,31.589638],[-106.375829,31.588871],[-106.375852,31.588859],[-106.375882,31.588869],[-106.375971,31.588942],[-106.375974,31.588992],[-106.375071,31.589766],[-106.375027,31.589775]]]}},{"type":"Feature","properties":{"leisure":"park"},"geometry":{"type":"Polygon","coordinates":[[[-106.378176,31.586742],[-106.377818,31.586693],[-106.378034,31.58555],[-106.378392,31.585599],[-106.378176,31.586742]]]}},{"type":"Feature","properties":{"leisure":"park"},"geometry":{"type":"Polygon","coordinates":[[[-106.380795,31.594264],[-106.379851,31.593469],[-106.379717,31.593211],[-106.379561,31.593364],[-106.37977,31.593711],[-106.380063,31.59405],[-106.380436,31.594397],[-106.380516,31.594454],[-106.380629,31.594468],[-106.38068,31.594436],[-106.380795,31.594308],[-106.380795,31.594264]]]}},{"type":"Feature","properties":{"leisure":"park"},"geometry":{"type":"Polygon","coordinates":[[[-106.377631,31.592644],[-106.3768,31.592014],[-106.376824,31.591918],[-106.377212,31.592034],[-106.377481,31.592093],[-106.378239,31.592065],[-106.378259,31.592135],[-106.377631,31.592644]]]}},{"type":"Feature","properties":{"leisure":"park"},"geometry":{"type":"Polygon","coordinates":[[[-106.377774,31.589798],[-106.377504,31.590066],[-106.377461,31.590086],[-106.377423,31.590079],[-106.377237,31.589924],[-106.377232,31.589857],[-106.377468,31.589661],[-106.377492,31.589596],[-106.377487,31.589562],[-106.37747,31.58953],[-106.376447,31.588671],[-106.376481,31.588594],[-106.37657,31.588495],[-106.376761,31.588379],[-106.376851,31.588375],[-106.376919,31.588408],[-106.377094,31.588555],[-106.377753,31.589499],[-106.377801,31.589637],[-106.3778,31.589731],[-106.377774,31.589798]]]}},{"type":"Feature","properties":{"leisure":"park","name":"parque familiar"},"geometry":{"type":"Polygon","coordinates":[[[-106.378397,31.584895],[-106.379524,31.583902],[-106.379754,31.584091],[-106.378627,31.585085],[-106.378539,31.585177],[-106.378433,31.585331],[-106.378381,31.585503],[-106.378075,31.585454],[-106.378102,31.585278],[-106.378178,31.585112],[-106.378271,31.585005],[-106.378397,31.584895]]]}},{"type":"Feature","properties":{"leisure":"park"},"geometry":{"type":"Polygon","coordinates":[[[-106.379902,31.583963],[-106.379689,31.583786],[-106.381316,31.582373],[-106.381528,31.58255],[-106.379902,31.583963]]]}},{"type":"Feature","properties":{"leisure":"park"},"geometry":{"type":"Polygon","coordinates":[[[-106.335339,31.603531],[-106.336247,31.602842],[-106.336317,31.602904],[-106.336315,31.602947],[-106.336525,31.603016],[-106.336746,31.60304],[-106.336852,31.603011],[-106.337324,31.602686],[-106.33843,31.603848],[-106.338567,31.604023],[-106.338751,31.604312],[-106.338872,31.604565],[-106.33896,31.604869],[-106.339058,31.605301],[-106.339091,31.605634],[-106.339083,31.605728],[-106.33899,31.605777],[-106.337767,31.606215],[-106.337652,31.606215],[-106.337501,31.605831],[-106.337317,31.605536],[-106.335339,31.603531]]]}},{"type":"Feature","properties":{"leisure":"park"},"geometry":{"type":"Polygon","coordinates":[[[-106.400953,31.570723],[-106.400465,31.570313],[-106.400637,31.570165],[-106.401124,31.570575],[-106.400953,31.570723]]]}},{"type":"Feature","properties":{"leisure":"park"},"geometry":{"type":"Polygon","coordinates":[[[-106.40957,31.581053],[-106.409267,31.580804],[-106.409524,31.580578],[-106.409826,31.580828],[-106.40957,31.581053]]]}},{"type":"Feature","properties":{"leisure":"park"},"geometry":{"type":"Polygon","coordinates":[[[-106.410892,31.584667],[-106.410625,31.584438],[-106.410955,31.584159],[-106.411222,31.584387],[-106.410892,31.584667]]]}},{"type":"Feature","properties":{"leisure":"park"},"geometry":{"type":"Polygon","coordinates":[[[-106.411947,31.58553],[-106.411681,31.585309],[-106.412045,31.584989],[-106.412312,31.58521],[-106.411947,31.58553]]]}},{"type":"Feature","properties":{"leisure":"park"},"geometry":{"type":"Polygon","coordinates":[[[-106.406032,31.58397],[-106.405719,31.583722],[-106.405968,31.583495],[-106.40628,31.583743],[-106.406032,31.58397]]]}},{"type":"Feature","properties":{"leisure":"park"},"geometry":{"type":"Polygon","coordinates":[[[-106.405573,31.583592],[-106.405254,31.583338],[-106.40551,31.583105],[-106.405829,31.583358],[-106.405573,31.583592]]]}},{"type":"Feature","properties":{"leisure":"park"},"geometry":{"type":"Polygon","coordinates":[[[-106.40685,31.582459],[-106.40659,31.582687],[-106.406284,31.582435],[-106.406544,31.582207],[-106.40685,31.582459]]]}},{"type":"Feature","properties":{"leisure":"park"},"geometry":{"type":"Polygon","coordinates":[[[-106.408829,31.584065],[-106.408573,31.583853],[-106.408871,31.583592],[-106.409127,31.583805],[-106.408829,31.584065]]]}},{"type":"Feature","properties":{"leisure":"park"},"geometry":{"type":"Polygon","coordinates":[[[-106.409505,31.583487],[-106.409237,31.583262],[-106.409548,31.582993],[-106.409816,31.583219],[-106.409505,31.583487]]]}},{"type":"Feature","properties":{"leisure":"park"},"geometry":{"type":"Polygon","coordinates":[[[-106.415232,31.583391],[-106.41489,31.58311],[-106.415204,31.582833],[-106.415546,31.583115],[-106.415232,31.583391]]]}},{"type":"Feature","properties":{"leisure":"park"},"geometry":{"type":"Polygon","coordinates":[[[-106.414709,31.583711],[-106.414439,31.583489],[-106.414746,31.583219],[-106.415015,31.583441],[-106.414709,31.583711]]]}},{"type":"Feature","properties":{"leisure":"park"},"geometry":{"type":"Polygon","coordinates":[[[-106.411942,31.581376],[-106.411665,31.581142],[-106.411974,31.580875],[-106.412252,31.581108],[-106.411942,31.581376]]]}},{"type":"Feature","properties":{"leisure":"park"},"geometry":{"type":"Polygon","coordinates":[[[-106.412371,31.580993],[-106.412101,31.580766],[-106.412421,31.58049],[-106.412691,31.580717],[-106.412371,31.580993]]]}},{"type":"Feature","properties":{"leisure":"park"},"geometry":{"type":"Polygon","coordinates":[[[-106.413314,31.582546],[-106.413041,31.582316],[-106.413376,31.582027],[-106.413649,31.582256],[-106.413314,31.582546]]]}},{"type":"Feature","properties":{"leisure":"park"},"geometry":{"type":"Polygon","coordinates":[[[-106.413765,31.582173],[-106.413486,31.581939],[-106.41381,31.581659],[-106.414089,31.581893],[-106.413765,31.582173]]]}},{"type":"Feature","properties":{"leisure":"park"},"geometry":{"type":"Polygon","coordinates":[[[-106.436534,31.661261],[-106.435268,31.661145],[-106.435378,31.660279],[-106.436644,31.660395],[-106.436534,31.661261]]]}},{"type":"Feature","properties":{"leisure":"park"},"geometry":{"type":"Polygon","coordinates":[[[-106.357478,31.573626],[-106.357326,31.573514],[-106.357344,31.573448],[-106.358452,31.572477],[-106.358657,31.572627],[-106.357478,31.573626]]]}},{"type":"Feature","properties":{"leisure":"park"},"geometry":{"type":"Polygon","coordinates":[[[-106.412787,31.603089],[-106.412858,31.60227],[-106.411471,31.602211],[-106.411444,31.603154],[-106.412656,31.60318],[-106.412787,31.603089]]]}},{"type":"Feature","properties":{"leisure":"park"},"geometry":{"type":"Polygon","coordinates":[[[-106.37643,31.622828],[-106.375603,31.621968],[-106.375323,31.622159],[-106.376416,31.623285],[-106.37643,31.622828]]]}},{"type":"Feature","properties":{"leisure":"park"},"geometry":{"type":"Polygon","coordinates":[[[-106.344698,31.621646],[-106.344086,31.620994],[-106.344904,31.620416],[-106.34505,31.620655],[-106.345454,31.621102],[-106.344698,31.621646]]]}},{"type":"Feature","properties":{"leisure":"park"},"geometry":{"type":"Polygon","coordinates":[[[-106.35413,31.621603],[-106.354614,31.62212],[-106.354177,31.622416],[-106.353693,31.621898],[-106.35413,31.621603]]]}},{"type":"Feature","properties":{"leisure":"park"},"geometry":{"type":"Polygon","coordinates":[[[-106.352775,31.619547],[-106.353546,31.618998],[-106.352823,31.618291],[-106.352498,31.618526],[-106.352645,31.6188],[-106.352732,31.619121],[-106.352775,31.619547]]]}},{"type":"Feature","properties":{"natural":"water"},"geometry":{"type":"Polygon","coordinates":[[[-106.424962,31.591713],[-106.424498,31.591678],[-106.424515,31.59131],[-106.424962,31.591713]]]}},{"type":"Feature","properties":{"leisure":"park","name":"Parque pradera de Palmarejo"},"geometry":{"type":"Polygon","coordinates":[[[-106.40654,31.618447],[-106.407019,31.618666],[-106.407982,31.617639],[-106.408199,31.617374],[-106.407627,31.617046],[-106.40654,31.618447]]]}},{"type":"Feature","properties":{"leisure":"park"},"geometry":{"type":"Polygon","coordinates":[[[-106.417907,31.691241],[-106.417579,31.691102],[-106.417415,31.690297],[-106.41696,31.689401],[-106.41722,31.689298],[-106.417273,31.68929],[-106.417304,31.689305],[-106.417431,31.689555],[-106.4172,31.689614],[-106.417553,31.690284],[-106.417744,31.69022],[-106.417915,31.690925],[-106.417955,31.691235],[-106.417907,31.691241]]]}},{"type":"Feature","properties":{"leisure":"park"},"geometry":{"type":"Polygon","coordinates":[[[-106.406948,31.674913],[-106.40679,31.674833],[-106.406802,31.674748],[-106.406839,31.67473],[-106.406997,31.674759],[-106.407009,31.674864],[-106.406988,31.6749],[-106.406948,31.674913]]]}},{"type":"Feature","properties":{"leisure":"park"},"geometry":{"type":"Polygon","coordinates":[[[-106.391444,31.662667],[-106.391152,31.662819],[-106.39075,31.662486],[-106.389177,31.662122],[-106.389384,31.661948],[-106.390855,31.662129],[-106.391444,31.662667]]]}},{"type":"Feature","properties":{"leisure":"park"},"geometry":{"type":"Polygon","coordinates":[[[-106.391072,31.662882],[-106.390704,31.663197],[-106.390656,31.663202],[-106.390805,31.662655],[-106.391072,31.662882]]]}},{"type":"Feature","properties":{"leisure":"park"},"geometry":{"type":"Polygon","coordinates":[[[-106.388788,31.662829],[-106.388613,31.662749],[-106.388684,31.662491],[-106.388897,31.662259],[-106.388922,31.662259],[-106.388935,31.662277],[-106.388788,31.662829]]]}},{"type":"Feature","properties":{"leisure":"park"},"geometry":{"type":"Polygon","coordinates":[[[-106.391458,31.662791],[-106.391251,31.662897],[-106.392967,31.664381],[-106.393228,31.664176],[-106.392384,31.663467],[-106.39252,31.663354],[-106.392311,31.663169],[-106.39218,31.663285],[-106.39173,31.662899],[-106.39167,31.662953],[-106.391458,31.662791]]]}},{"type":"Feature","properties":{"leisure":"park"},"geometry":{"type":"Polygon","coordinates":[[[-106.389839,31.665541],[-106.389945,31.665198],[-106.389201,31.665124],[-106.389164,31.66515],[-106.389157,31.665183],[-106.389186,31.665225],[-106.389824,31.665558],[-106.389839,31.665541]]]}},{"type":"Feature","properties":{"leisure":"park"},"geometry":{"type":"Polygon","coordinates":[[[-106.396158,31.661521],[-106.395657,31.66151],[-106.396117,31.659988],[-106.396158,31.661521]]]}},{"type":"Feature","properties":{"leisure":"park"},"geometry":{"type":"Polygon","coordinates":[[[-106.398111,31.65899],[-106.397206,31.658999],[-106.397204,31.658223],[-106.397708,31.658214],[-106.397713,31.6586],[-106.397989,31.658645],[-106.398111,31.658891],[-106.398111,31.65899]]]}},{"type":"Feature","properties":{"leisure":"park"},"geometry":{"type":"Polygon","coordinates":[[[-106.382118,31.589311],[-106.381872,31.589106],[-106.381607,31.589446],[-106.381454,31.589721],[-106.38113,31.59065],[-106.381144,31.590694],[-106.38133,31.590819],[-106.381368,31.590822],[-106.381422,31.59079],[-106.381569,31.590445],[-106.381638,31.590153],[-106.381751,31.589885],[-106.381867,31.589666],[-106.382118,31.589311]]]}},{"type":"Feature","properties":{"leisure":"park"},"geometry":{"type":"Polygon","coordinates":[[[-106.380583,31.584872],[-106.380419,31.585153],[-106.381467,31.585733],[-106.381553,31.585735],[-106.381615,31.585677],[-106.380874,31.585026],[-106.380735,31.584939],[-106.380583,31.584872]]]}},{"type":"Feature","properties":{"leisure":"park"},"geometry":{"type":"Polygon","coordinates":[[[-106.381323,31.590959],[-106.3811,31.591233],[-106.38085,31.591452],[-106.380674,31.591568],[-106.380356,31.591737],[-106.3803,31.59174],[-106.380209,31.591659],[-106.380709,31.591206],[-106.381044,31.590794],[-106.381084,31.590774],[-106.381311,31.590916],[-106.381323,31.590959]]]}},{"type":"Feature","properties":{"leisure":"park"},"geometry":{"type":"Polygon","coordinates":[[[-106.372561,31.584747],[-106.372422,31.584637],[-106.371322,31.585519],[-106.371515,31.58566],[-106.372561,31.584747]]]}},{"type":"Feature","properties":{"leisure":"park"},"geometry":{"type":"Polygon","coordinates":[[[-106.374026,31.583531],[-106.372991,31.584404],[-106.372782,31.584244],[-106.373509,31.583597],[-106.37364,31.58338],[-106.37379,31.582539],[-106.374235,31.582594],[-106.374163,31.583188],[-106.374118,31.583345],[-106.374026,31.583531]]]}},{"type":"Feature","properties":{"leisure":"park"},"geometry":{"type":"Polygon","coordinates":[[[-106.375512,31.580218],[-106.377126,31.578931],[-106.377132,31.578899],[-106.376965,31.578757],[-106.376927,31.578756],[-106.375579,31.57984],[-106.375265,31.58],[-106.375512,31.580218]]]}},{"type":"Feature","properties":{"leisure":"park"},"geometry":{"type":"Polygon","coordinates":[[[-106.377728,31.58281],[-106.377583,31.58268],[-106.377838,31.582469],[-106.377926,31.582653],[-106.377728,31.58281]]]}},{"type":"Feature","properties":{"leisure":"park"},"geometry":{"type":"Polygon","coordinates":[[[-106.372497,31.58052],[-106.372275,31.581118],[-106.371333,31.581354],[-106.372497,31.58052]]]}},{"type":"Feature","properties":{"leisure":"park"},"geometry":{"type":"Polygon","coordinates":[[[-106.375985,31.580257],[-106.375788,31.58042],[-106.37564,31.580278],[-106.375849,31.580142],[-106.375985,31.580257]]]}},{"type":"Feature","properties":{"leisure":"park"},"geometry":{"type":"Polygon","coordinates":[[[-106.381795,31.589043],[-106.381453,31.58951],[-106.381148,31.58852],[-106.381795,31.589043]]]}},{"type":"Feature","properties":{"leisure":"park"},"geometry":{"type":"Polygon","coordinates":[[[-106.381066,31.587663],[-106.380894,31.58752],[-106.38113,31.587331],[-106.381278,31.587458],[-106.381066,31.587663]]]}},{"type":"Feature","properties":{"leisure":"park"},"geometry":{"type":"Polygon","coordinates":[[[-106.37103,31.583378],[-106.370881,31.583282],[-106.368715,31.585024],[-106.368871,31.585133],[-106.37103,31.583378]]]}},{"type":"Feature","properties":{"leisure":"park"},"geometry":{"type":"Polygon","coordinates":[[[-106.369565,31.579689],[-106.3693,31.579896],[-106.369143,31.579768],[-106.369064,31.579635],[-106.368925,31.579542],[-106.369186,31.579338],[-106.369565,31.579689]]]}},{"type":"Feature","properties":{"leisure":"park"},"geometry":{"type":"Polygon","coordinates":[[[-106.371064,31.578598],[-106.370795,31.57882],[-106.370394,31.578466],[-106.370663,31.578245],[-106.371064,31.578598]]]}},{"type":"Feature","properties":{"leisure":"park"},"geometry":{"type":"Polygon","coordinates":[[[-106.372899,31.578622],[-106.372777,31.578712],[-106.37237,31.57838],[-106.37246,31.57829],[-106.372899,31.578622]]]}},{"type":"Feature","properties":{"leisure":"park","name":"Parque Altagracia 2"},"geometry":{"type":"Polygon","coordinates":[[[-106.379219,31.594142],[-106.378938,31.594384],[-106.378734,31.594222],[-106.379018,31.593968],[-106.379219,31.594142]]]}},{"type":"Feature","properties":{"leisure":"park","name":"Parque Mar de plata"},"geometry":{"type":"Polygon","coordinates":[[[-106.385517,31.588649],[-106.385335,31.588508],[-106.385469,31.58832],[-106.385512,31.58817],[-106.385512,31.587882],[-106.385458,31.587105],[-106.38541,31.587046],[-106.384777,31.586525],[-106.38548,31.585871],[-106.386279,31.586534],[-106.385694,31.587087],[-106.385732,31.588188],[-106.385683,31.588352],[-106.385517,31.588649]]]}},{"type":"Feature","properties":{"leisure":"park"},"geometry":{"type":"Polygon","coordinates":[[[-106.371466,31.58574],[-106.371241,31.585555],[-106.370308,31.586366],[-106.370527,31.586551],[-106.371466,31.58574]]]}},{"type":"Feature","properties":{"leisure":"park"},"geometry":{"type":"Polygon","coordinates":[[[-106.40581,31.598516],[-106.405801,31.598778],[-106.405445,31.598769],[-106.405455,31.598507],[-106.40581,31.598516]]]}},{"type":"Feature","properties":{"leisure":"park"},"geometry":{"type":"Polygon","coordinates":[[[-106.405871,31.599989],[-106.405504,31.59964],[-106.405555,31.599608],[-106.405635,31.599615],[-106.405753,31.599656],[-106.405815,31.599701],[-106.405877,31.599781],[-106.405898,31.599907],[-106.405871,31.599989]]]}},{"type":"Feature","properties":{"natural":"water"},"geometry":{"type":"Polygon","coordinates":[[[-106.442779,31.583274],[-106.442545,31.583458],[-106.441877,31.583381],[-106.441498,31.583166],[-106.441498,31.582751],[-106.442779,31.583274]]]}},{"type":"Feature","properties":{"leisure":"park","name":"Parque Félix Candela"},"geometry":{"type":"Polygon","coordinates":[[[-106.378835,31.615722],[-106.379071,31.615478],[-106.378859,31.615311],[-106.377547,31.616444],[-106.377719,31.616745],[-106.378784,31.615802],[-106.378835,31.615722]]]}},{"type":"Feature","properties":{"leisure":"park"},"geometry":{"type":"Polygon","coordinates":[[[-106.378676,31.616937],[-106.37886,31.616851],[-106.378881,31.616791],[-106.37887,31.616539],[-106.37881,31.616512],[-106.37855,31.616716],[-106.378501,31.616783],[-106.378501,31.616846],[-106.378589,31.616922],[-106.378676,31.616937]]]}},{"type":"Feature","properties":{"leisure":"park","name":"Parque Cuarzo"},"geometry":{"type":"Polygon","coordinates":[[[-106.390476,31.619797],[-106.390891,31.619826],[-106.390992,31.619492],[-106.390985,31.619426],[-106.390767,31.619331],[-106.39046,31.619745],[-106.390476,31.619797]]]}},{"type":"Feature","properties":{"leisure":"park","name":"Parque del Cobre"},"geometry":{"type":"Polygon","coordinates":[[[-106.391497,31.619102],[-106.391556,31.619063],[-106.391669,31.618557],[-106.391642,31.618483],[-106.391464,31.618457],[-106.391394,31.618482],[-106.391134,31.618835],[-106.391134,31.618927],[-106.391497,31.619102]]]}},{"type":"Feature","properties":{"leisure":"park","name":"Parque La Paloma"},"geometry":{"type":"Polygon","coordinates":[[[-106.390962,31.618078],[-106.391155,31.617825],[-106.390647,31.617709],[-106.390558,31.617996],[-106.390962,31.618078]]]}},{"type":"Feature","properties":{"leisure":"park","name":"Parque del Rincón"},"geometry":{"type":"Polygon","coordinates":[[[-106.391874,31.617379],[-106.392176,31.617414],[-106.392331,31.616822],[-106.392513,31.61656],[-106.392485,31.616547],[-106.391874,31.617379]]]}},{"type":"Feature","properties":{"leisure":"park","name":"Parque Villas de Salvárcar"},"geometry":{"type":"Polygon","coordinates":[[[-106.388026,31.616559],[-106.388071,31.616589],[-106.388503,31.616695],[-106.38855,31.616781],[-106.38846,31.617076],[-106.389402,31.61731],[-106.389422,31.617286],[-106.389347,31.616902],[-106.389295,31.616747],[-106.389111,31.616532],[-106.38857,31.616161],[-106.388425,31.616003],[-106.388308,31.61579],[-106.388238,31.615526],[-106.388254,31.615253],[-106.388329,31.615028],[-106.388305,31.614969],[-106.388081,31.614899],[-106.38797,31.614943],[-106.387721,31.614931],[-106.38742,31.614872],[-106.38713,31.61477],[-106.386797,31.614573],[-106.386411,31.6145],[-106.38609,31.614932],[-106.38813,31.616431],[-106.388026,31.616559]]]}},{"type":"Feature","properties":{"leisure":"park","name":"Parque Haciendas Norte"},"geometry":{"type":"Polygon","coordinates":[[[-106.391367,31.61544],[-106.391308,31.615474],[-106.391179,31.615931],[-106.391194,31.615972],[-106.392298,31.616227],[-106.392366,31.616206],[-106.392787,31.615623],[-106.392788,31.615588],[-106.392765,31.615571],[-106.391367,31.61544]]]}},{"type":"Feature","properties":{"natural":"water"},"geometry":{"type":"Polygon","coordinates":[[[-106.392482,31.615928],[-106.392128,31.615768],[-106.392084,31.615797],[-106.39204,31.616104],[-106.392256,31.616159],[-106.392346,31.616138],[-106.392482,31.615928]]]}},{"type":"Feature","properties":{"leisure":"park","name":"Parque Haciendas Sur"},"geometry":{"type":"Polygon","coordinates":[[[-106.391929,31.615295],[-106.391911,31.615255],[-106.391981,31.614871],[-106.392019,31.614848],[-106.392989,31.614994],[-106.392905,31.615395],[-106.391929,31.615295]]]}},{"type":"Feature","properties":{"leisure":"park","name":"Parque Haciendas Este"},"geometry":{"type":"Polygon","coordinates":[[[-106.391228,31.615221],[-106.391247,31.615148],[-106.389069,31.614829],[-106.389015,31.615002],[-106.391228,31.615221]]]}},{"type":"Feature","properties":{"natural":"water"},"geometry":{"type":"Polygon","coordinates":[[[-106.433728,31.614206],[-106.433975,31.61398],[-106.433774,31.613972],[-106.433673,31.614014],[-106.433637,31.614051],[-106.433637,31.614095],[-106.433652,31.614143],[-106.433728,31.614206]]]}},{"type":"Feature","properties":{"leisure":"park","name":"Parque de los Cántaros"},"geometry":{"type":"Polygon","coordinates":[[[-106.43315,31.6144],[-106.43315,31.614359],[-106.432776,31.614351],[-106.432537,31.614545],[-106.432533,31.614577],[-106.432626,31.614666],[-106.432622,31.614794],[-106.432357,31.615017],[-106.432363,31.615049],[-106.432393,31.615051],[-106.43315,31.6144]]]}},{"type":"Feature","properties":{"leisure":"park","name":"Parque Regidores"},"geometry":{"type":"Polygon","coordinates":[[[-106.433278,31.616003],[-106.433176,31.615582],[-106.433138,31.615566],[-106.432781,31.615879],[-106.432781,31.615911],[-106.432755,31.615934],[-106.432688,31.615959],[-106.432634,31.61616],[-106.4324,31.616201],[-106.432379,31.61627],[-106.432312,31.616288],[-106.431939,31.616599],[-106.431955,31.616633],[-106.432468,31.616706],[-106.433278,31.616003]]]}},{"type":"Feature","properties":{"natural":"water"},"geometry":{"type":"Polygon","coordinates":[[[-106.404806,31.623027],[-106.405042,31.622953],[-106.404952,31.622868],[-106.404805,31.622819],[-106.404627,31.622843],[-106.404532,31.622899],[-106.404475,31.62298],[-106.404806,31.623027]]]}},{"type":"Feature","properties":{"leisure":"park"},"geometry":{"type":"Polygon","coordinates":[[[-106.414549,31.624738],[-106.414764,31.624826],[-106.414915,31.624793],[-106.415018,31.624189],[-106.414549,31.624738]]]}},{"type":"Feature","properties":{"natural":"water"},"geometry":{"type":"Polygon","coordinates":[[[-106.414801,31.62475],[-106.41484,31.624714],[-106.414935,31.624516],[-106.414936,31.624469],[-106.414892,31.624427],[-106.414856,31.624428],[-106.414773,31.624522],[-106.414705,31.624667],[-106.414704,31.624702],[-106.414726,31.624734],[-106.414801,31.62475]]]}},{"type":"Feature","properties":{"leisure":"park"},"geometry":{"type":"Polygon","coordinates":[[[-106.403346,31.618272],[-106.403418,31.618183],[-106.403808,31.618343],[-106.403767,31.618396],[-106.403721,31.618411],[-106.403651,31.618405],[-106.403346,31.618272]]]}},{"type":"Feature","properties":{"natural":"water"},"geometry":{"type":"Polygon","coordinates":[[[-106.412244,31.606333],[-106.412287,31.606333],[-106.412343,31.606375],[-106.412287,31.60743],[-106.412253,31.607474],[-106.412183,31.607476],[-106.41214,31.60743],[-106.412201,31.606368],[-106.412244,31.606333]]]}},{"type":"Feature","properties":{"natural":"water"},"geometry":{"type":"Polygon","coordinates":[[[-106.412803,31.607247],[-106.412834,31.607224],[-106.412866,31.606509],[-106.412832,31.60647],[-106.412669,31.606462],[-106.412625,31.606488],[-106.412614,31.607213],[-106.412651,31.607245],[-106.412803,31.607247]]]}},{"type":"Feature","properties":{"natural":"water"},"geometry":{"type":"Polygon","coordinates":[[[-106.412854,31.608137],[-106.412875,31.607558],[-106.412854,31.60752],[-106.412699,31.607515],[-106.412661,31.607542],[-106.412644,31.607576],[-106.412796,31.608127],[-106.412854,31.608137]]]}},{"type":"Feature","properties":{"natural":"water"},"geometry":{"type":"Polygon","coordinates":[[[-106.412678,31.608898],[-106.412743,31.608831],[-106.412472,31.60795],[-106.412418,31.607888],[-106.412359,31.607888],[-106.412327,31.607943],[-106.412297,31.608861],[-106.412319,31.608909],[-106.412678,31.608898]]]}},{"type":"Feature","properties":{"leisure":"park","name":"Desierto de Gobi"},"geometry":{"type":"Polygon","coordinates":[[[-106.413003,31.61214],[-106.413059,31.612107],[-106.413228,31.611669],[-106.41321,31.611608],[-106.411895,31.611262],[-106.411837,31.611285],[-106.411667,31.611737],[-106.411703,31.611785],[-106.413003,31.61214]]]}},{"type":"Feature","properties":{"natural":"water"},"geometry":{"type":"Polygon","coordinates":[[[-106.413003,31.61214],[-106.412962,31.611957],[-106.412696,31.611996],[-106.412213,31.611871],[-106.412209,31.611809],[-106.412326,31.6115],[-106.412412,31.611454],[-106.413111,31.611644],[-106.413158,31.611692],[-106.413052,31.611927],[-106.41308,31.612052],[-106.413059,31.612107],[-106.413003,31.61214]]]}},{"type":"Feature","properties":{"leisure":"park"},"geometry":{"type":"Polygon","coordinates":[[[-106.402354,31.614684],[-106.402696,31.614225],[-106.402231,31.613945],[-106.401881,31.614422],[-106.402354,31.614684]]]}},{"type":"Feature","properties":{"leisure":"park","name":"La Noria"},"geometry":{"type":"Polygon","coordinates":[[[-106.404467,31.614488],[-106.404266,31.614754],[-106.404221,31.614783],[-106.404178,31.614773],[-106.403672,31.6145],[-106.403752,31.614393],[-106.403018,31.613996],[-106.403357,31.613556],[-106.403404,31.613529],[-106.403454,31.613527],[-106.403966,31.613838],[-106.403973,31.613888],[-106.404043,31.613963],[-106.404164,31.613961],[-106.403959,31.614228],[-106.404467,31.614488]]]}},{"type":"Feature","properties":{"natural":"water"},"geometry":{"type":"Polygon","coordinates":[[[-106.403963,31.614657],[-106.404092,31.614485],[-106.403909,31.614381],[-106.403772,31.614554],[-106.403963,31.614657]]]}},{"type":"Feature","properties":{"leisure":"park","name":"La Yunta"},"geometry":{"type":"Polygon","coordinates":[[[-106.405715,31.615644],[-106.405791,31.615644],[-106.405903,31.61553],[-106.405867,31.615444],[-106.40548,31.615231],[-106.4054,31.615232],[-106.405304,31.615354],[-106.405332,31.615426],[-106.405715,31.615644]]]}},{"type":"Feature","properties":{"natural":"water"},"geometry":{"type":"Polygon","coordinates":[[[-106.428843,31.612088],[-106.428897,31.61204],[-106.428842,31.611988],[-106.429128,31.61173],[-106.429513,31.611511],[-106.429561,31.611373],[-106.429531,31.611305],[-106.429428,31.611215],[-106.429354,31.611212],[-106.429271,31.611248],[-106.429107,31.611416],[-106.42906,31.611381],[-106.429017,31.611418],[-106.429065,31.611462],[-106.428862,31.611594],[-106.428715,31.611727],[-106.428689,31.6117],[-106.428655,31.611729],[-106.428682,31.611757],[-106.428537,31.611871],[-106.428517,31.611985],[-106.428569,31.612041],[-106.428629,31.612074],[-106.428679,31.612078],[-106.428726,31.61207],[-106.42878,31.612032],[-106.428843,31.612088]]]}},{"type":"Feature","properties":{"natural":"water"},"geometry":{"type":"Polygon","coordinates":[[[-106.425746,31.614982],[-106.425931,31.615121],[-106.42599,31.615116],[-106.426017,31.615064],[-106.426084,31.615089],[-106.426102,31.615037],[-106.426041,31.615004],[-106.426199,31.614541],[-106.426218,31.614395],[-106.426274,31.614276],[-106.426231,31.614212],[-106.426159,31.614169],[-106.426006,31.614139],[-106.425706,31.614148],[-106.425606,31.614169],[-106.425531,31.614267],[-106.425496,31.614504],[-106.425435,31.614482],[-106.425413,31.614543],[-106.425469,31.614568],[-106.425472,31.614671],[-106.425646,31.614767],[-106.425711,31.614824],[-106.425711,31.614913],[-106.425746,31.614982]]]}},{"type":"Feature","properties":{"natural":"water"},"geometry":{"type":"Polygon","coordinates":[[[-106.42341,31.619057],[-106.423477,31.618996],[-106.423681,31.618737],[-106.423681,31.618686],[-106.423658,31.618639],[-106.42358,31.618598],[-106.423467,31.618597],[-106.42333,31.61865],[-106.423178,31.618841],[-106.423154,31.618895],[-106.42319,31.618975],[-106.42341,31.619057]]]}},{"type":"Feature","properties":{"leisure":"park"},"geometry":{"type":"Polygon","coordinates":[[[-106.424749,31.61865],[-106.424534,31.618921],[-106.424654,31.618973],[-106.424849,31.618957],[-106.424885,31.618941],[-106.424901,31.618884],[-106.424859,31.618747],[-106.424834,31.618703],[-106.424749,31.61865]]]}},{"type":"Feature","properties":{"natural":"water"},"geometry":{"type":"Polygon","coordinates":[[[-106.429174,31.608929],[-106.429624,31.609312],[-106.429774,31.609236],[-106.429936,31.609192],[-106.429994,31.609127],[-106.430042,31.608204],[-106.429174,31.608929]]]}},{"type":"Feature","properties":{"natural":"water"},"geometry":{"type":"Polygon","coordinates":[[[-106.428412,31.608692],[-106.427704,31.609316],[-106.427634,31.609147],[-106.427637,31.609042],[-106.427564,31.608923],[-106.427546,31.608825],[-106.427573,31.608775],[-106.427982,31.608662],[-106.428412,31.608692]]]}},{"type":"Feature","properties":{"natural":"water"},"geometry":{"type":"Polygon","coordinates":[[[-106.432231,31.609102],[-106.432243,31.608812],[-106.431428,31.608799],[-106.431414,31.609054],[-106.431435,31.609081],[-106.432231,31.609102]]]}},{"type":"Feature","properties":{"natural":"water"},"geometry":{"type":"Polygon","coordinates":[[[-106.432112,31.61131],[-106.432133,31.611356],[-106.432192,31.611402],[-106.432311,31.611389],[-106.43236,31.61135],[-106.432375,31.6112],[-106.432497,31.611182],[-106.432582,31.611148],[-106.432616,31.6111],[-106.432633,31.611038],[-106.432607,31.610962],[-106.432406,31.610765],[-106.432349,31.610735],[-106.432197,31.610767],[-106.432192,31.610833],[-106.43214,31.610846],[-106.432093,31.610783],[-106.432034,31.610738],[-106.431962,31.610757],[-106.431943,31.610801],[-106.432011,31.611042],[-106.432097,31.611143],[-106.432118,31.611218],[-106.432112,31.61131]]]}},{"type":"Feature","properties":{"leisure":"park"},"geometry":{"type":"Polygon","coordinates":[[[-106.431864,31.611655],[-106.431828,31.611531],[-106.431774,31.611523],[-106.431752,31.611549],[-106.431742,31.611676],[-106.431733,31.612345],[-106.431737,31.612567],[-106.431749,31.612607],[-106.431781,31.612622],[-106.431815,31.612618],[-106.431844,31.612592],[-106.43191,31.612433],[-106.431919,31.612073],[-106.431864,31.611655]]]}},{"type":"Feature","properties":{"natural":"water"},"geometry":{"type":"Polygon","coordinates":[[[-106.435394,31.60973],[-106.435099,31.609486],[-106.434292,31.610196],[-106.434586,31.610439],[-106.435394,31.60973]]]}},{"type":"Feature","properties":{"leisure":"park"},"geometry":{"type":"Polygon","coordinates":[[[-106.437353,31.612977],[-106.437154,31.61343],[-106.435711,31.613292],[-106.436667,31.612447],[-106.437353,31.612977]]]}},{"type":"Feature","properties":{"natural":"water"},"geometry":{"type":"Polygon","coordinates":[[[-106.436108,31.613215],[-106.43609,31.613176],[-106.436631,31.612708],[-106.436739,31.61265],[-106.436833,31.612575],[-106.436921,31.612643],[-106.436811,31.612742],[-106.436865,31.612842],[-106.437028,31.612977],[-106.437082,31.613084],[-106.437078,31.613157],[-106.43701,31.613219],[-106.43692,31.613261],[-106.436604,31.613203],[-106.436252,31.613192],[-106.436108,31.613215]]]}},{"type":"Feature","properties":{"natural":"water"},"geometry":{"type":"Polygon","coordinates":[[[-106.433983,31.613107],[-106.432872,31.612996],[-106.432897,31.612266],[-106.433983,31.613107]]]}},{"type":"Feature","properties":{"natural":"water"},"geometry":{"type":"Polygon","coordinates":[[[-106.427454,31.613539],[-106.428062,31.61311],[-106.428903,31.613907],[-106.427849,31.613862],[-106.427454,31.613539]]]}},{"type":"Feature","properties":{"leisure":"park"},"geometry":{"type":"Polygon","coordinates":[[[-106.430607,31.682876],[-106.430626,31.682568],[-106.43049,31.682535],[-106.430255,31.682532],[-106.429753,31.682646],[-106.429799,31.682978],[-106.430607,31.682876]]]}},{"type":"Feature","properties":{"natural":"water"},"geometry":{"type":"Polygon","coordinates":[[[-106.433825,31.606943],[-106.434188,31.607241],[-106.434777,31.606765],[-106.43404,31.60674],[-106.433825,31.606943]]]}},{"type":"Feature","properties":{"natural":"water"},"geometry":{"type":"Polygon","coordinates":[[[-106.411395,31.635965],[-106.411401,31.635942],[-106.41129,31.635859],[-106.411059,31.636158],[-106.411158,31.636208],[-106.411323,31.636097],[-106.411342,31.636012],[-106.411395,31.635965]]]}},{"type":"Feature","properties":{"natural":"water"},"geometry":{"type":"Polygon","coordinates":[[[-106.412003,31.635494],[-106.411903,31.635427],[-106.411739,31.635656],[-106.411703,31.635693],[-106.411625,31.63573],[-106.411556,31.635819],[-106.411589,31.635831],[-106.411697,31.635756],[-106.411761,31.635758],[-106.411933,31.635625],[-106.411947,31.635566],[-106.412003,31.635494]]]}},{"type":"Feature","properties":{"natural":"water"},"geometry":{"type":"Polygon","coordinates":[[[-106.412351,31.635076],[-106.41209,31.635428],[-106.412105,31.635447],[-106.412171,31.63539],[-106.412259,31.635372],[-106.41245,31.635225],[-106.412434,31.63514],[-106.412351,31.635076]]]}},{"type":"Feature","properties":{"leisure":"park","name":"Walter Gropius"},"geometry":{"type":"Polygon","coordinates":[[[-106.377959,31.615322],[-106.378417,31.614916],[-106.378415,31.614878],[-106.377927,31.614523],[-106.377959,31.615322]]]}},{"type":"Feature","properties":{"leisure":"park","name":"Adamo Boari"},"geometry":{"type":"Polygon","coordinates":[[[-106.37631,31.614421],[-106.376632,31.614673],[-106.375949,31.615285],[-106.375667,31.615065],[-106.37631,31.614421]]]}},{"type":"Feature","properties":{"leisure":"park","name":"parque Romero Soto"},"geometry":{"type":"Polygon","coordinates":[[[-106.377276,31.615244],[-106.377302,31.6147],[-106.376962,31.615018],[-106.376981,31.615056],[-106.377276,31.615244]]]}},{"type":"Feature","properties":{"leisure":"park","name":"parque victor O"},"geometry":{"type":"Polygon","coordinates":[[[-106.37594,31.61883],[-106.375736,31.61861],[-106.375365,31.618875],[-106.375579,31.619113],[-106.37594,31.61883]]]}},{"type":"Feature","properties":{"leisure":"park","name":"parque anapra"},"geometry":{"type":"Polygon","coordinates":[[[-106.374545,31.618177],[-106.374218,31.617907],[-106.374041,31.617966],[-106.374325,31.618263],[-106.374545,31.618177]]]}},{"type":"Feature","properties":{"leisure":"park","name":"parque praderas"},"geometry":{"type":"Polygon","coordinates":[[[-106.374619,31.617087],[-106.374052,31.616658],[-106.373751,31.61704],[-106.373645,31.617299],[-106.373591,31.617493],[-106.373796,31.617499],[-106.374008,31.617469],[-106.37413,31.617425],[-106.374292,31.617332],[-106.374619,31.617087]]]}},{"type":"Feature","properties":{"leisure":"park","name":"parque Elizario"},"geometry":{"type":"Polygon","coordinates":[[[-106.373113,31.617926],[-106.372759,31.617551],[-106.371659,31.618946],[-106.373113,31.617926]]]}},{"type":"Feature","properties":{"name":"pinos walter G.","natural":"wood"},"geometry":{"type":"Polygon","coordinates":[[[-106.378766,31.61464],[-106.378739,31.614586],[-106.378516,31.614809],[-106.378548,31.614829],[-106.378766,31.61464]]]}},{"type":"Feature","properties":{"natural":"water"},"geometry":{"type":"Polygon","coordinates":[[[-106.417159,31.611959],[-106.417169,31.611798],[-106.417087,31.611744],[-106.417038,31.611761],[-106.417013,31.611794],[-106.417002,31.611957],[-106.417159,31.611959]]]}},{"type":"Feature","properties":{"natural":"water"},"geometry":{"type":"Polygon","coordinates":[[[-106.417577,31.608314],[-106.417566,31.608602],[-106.417664,31.608726],[-106.417744,31.608734],[-106.42028,31.608815],[-106.420354,31.608805],[-106.420431,31.608749],[-106.420536,31.60841],[-106.417577,31.608314]]]}},{"type":"Feature","properties":{"natural":"water"},"geometry":{"type":"Polygon","coordinates":[[[-106.417266,31.608213],[-106.417268,31.608055],[-106.417187,31.608055],[-106.417186,31.608213],[-106.417266,31.608213]]]}},{"type":"Feature","properties":{"leisure":"park"},"geometry":{"type":"Polygon","coordinates":[[[-106.415147,31.631422],[-106.414959,31.631328],[-106.415127,31.631108],[-106.415324,31.631223],[-106.415147,31.631422]]]}},{"type":"Feature","properties":{"leisure":"park"},"geometry":{"type":"Polygon","coordinates":[[[-106.414984,31.630302],[-106.415152,31.630116],[-106.415085,31.630068],[-106.414764,31.630145],[-106.414758,31.630179],[-106.414984,31.630302]]]}},{"type":"Feature","properties":{"natural":"water"},"geometry":{"type":"Polygon","coordinates":[[[-106.42106,31.591919],[-106.4217,31.591945],[-106.421764,31.591909],[-106.421768,31.591855],[-106.421759,31.591816],[-106.421074,31.591252],[-106.421026,31.591241],[-106.42104,31.591852],[-106.42101,31.591852],[-106.42101,31.591991],[-106.421058,31.591991],[-106.42106,31.591919]]]}},{"type":"Feature","properties":{"natural":"water"},"geometry":{"type":"Polygon","coordinates":[[[-106.421918,31.591809],[-106.422,31.591862],[-106.422082,31.591875],[-106.422758,31.591888],[-106.422811,31.591859],[-106.42284,31.591805],[-106.422819,31.591764],[-106.421421,31.590718],[-106.421219,31.590718],[-106.421153,31.590766],[-106.421125,31.591129],[-106.421132,31.591203],[-106.421918,31.591809]]]}},{"type":"Feature","properties":{"natural":"water"},"geometry":{"type":"Polygon","coordinates":[[[-106.425658,31.592028],[-106.425729,31.592032],[-106.425831,31.591993],[-106.426224,31.591615],[-106.426286,31.59153],[-106.426314,31.591445],[-106.426286,31.591371],[-106.426237,31.591339],[-106.426163,31.59133],[-106.426033,31.591391],[-106.42588,31.591547],[-106.425622,31.591832],[-106.425617,31.591858],[-106.425668,31.591882],[-106.425716,31.591867],[-106.425737,31.59191],[-106.425645,31.591991],[-106.425658,31.592028]]]}},{"type":"Feature","properties":{"natural":"water"},"geometry":{"type":"Polygon","coordinates":[[[-106.429496,31.590248],[-106.429373,31.590287],[-106.429251,31.590274],[-106.429149,31.590187],[-106.429062,31.590083],[-106.429072,31.589969],[-106.431915,31.58777],[-106.432073,31.587765],[-106.43216,31.587826],[-106.432247,31.587931],[-106.432262,31.588057],[-106.432211,31.588165],[-106.429496,31.590248]]]}},{"type":"Feature","properties":{"leisure":"park","name":"Parque Monte Germin"},"geometry":{"type":"Polygon","coordinates":[[[-106.420323,31.591463],[-106.4199,31.591447],[-106.420259,31.591136],[-106.420308,31.59116],[-106.420323,31.591463]]]}},{"type":"Feature","properties":{"leisure":"park","name":"Parque Monte Tabor"},"geometry":{"type":"Polygon","coordinates":[[[-106.419546,31.591613],[-106.419276,31.591386],[-106.419111,31.59154],[-106.419177,31.591618],[-106.419546,31.591613]]]}},{"type":"Feature","properties":{"leisure":"park","name":"Parque Monte Ebal"},"geometry":{"type":"Polygon","coordinates":[[[-106.417992,31.591595],[-106.417527,31.591588],[-106.417471,31.59154],[-106.417546,31.591363],[-106.417535,31.591195],[-106.417582,31.591164],[-106.418035,31.591535],[-106.417992,31.591595]]]}},{"type":"Feature","properties":{"leisure":"park","name":"Parque Monte Moriah"},"geometry":{"type":"Polygon","coordinates":[[[-106.416737,31.591369],[-106.416784,31.591288],[-106.416789,31.591193],[-106.416771,31.591128],[-106.416741,31.591088],[-106.416448,31.591354],[-106.416737,31.591369]]]}},{"type":"Feature","properties":{"leisure":"park","name":"Parque Monte Gólgota"},"geometry":{"type":"Polygon","coordinates":[[[-106.415995,31.590402],[-106.415842,31.59027],[-106.415626,31.590451],[-106.415779,31.590584],[-106.415995,31.590402]]]}},{"type":"Feature","properties":{"leisure":"park"},"geometry":{"type":"Polygon","coordinates":[[[-106.415841,31.590272],[-106.415688,31.590139],[-106.415471,31.590321],[-106.415624,31.590453],[-106.415841,31.590272]]]}},{"type":"Feature","properties":{"leisure":"park"},"geometry":{"type":"Polygon","coordinates":[[[-106.414505,31.591789],[-106.414571,31.591365],[-106.414973,31.590949],[-106.414335,31.590409],[-106.413856,31.590804],[-106.413895,31.591779],[-106.414505,31.591789]]]}},{"type":"Feature","properties":{"name":"Parque Mexicana Noble","natural":"water"},"geometry":{"type":"Polygon","coordinates":[[[-106.41687,31.592584],[-106.415038,31.592527],[-106.415041,31.592288],[-106.416878,31.592332],[-106.41687,31.592584]]]}},{"type":"Feature","properties":{"natural":"water"},"geometry":{"type":"Polygon","coordinates":[[[-106.422733,31.592727],[-106.422496,31.59251],[-106.421061,31.592462],[-106.421051,31.592667],[-106.422733,31.592727]]]}},{"type":"Feature","properties":{"leisure":"park","name":"Parque Hacienda de los Lirios"},"geometry":{"type":"Polygon","coordinates":[[[-106.426235,31.599525],[-106.426271,31.599504],[-106.426164,31.598923],[-106.426142,31.598889],[-106.424617,31.598832],[-106.424561,31.598876],[-106.424535,31.599437],[-106.424552,31.599453],[-106.425797,31.599492],[-106.426235,31.599525]]]}},{"type":"Feature","properties":{"natural":"water"},"geometry":{"type":"Polygon","coordinates":[[[-106.425909,31.599475],[-106.425898,31.598905],[-106.424612,31.598868],[-106.424574,31.599431],[-106.425909,31.599475]]]}},{"type":"Feature","properties":{"natural":"water"},"geometry":{"type":"Polygon","coordinates":[[[-106.424287,31.599982],[-106.424325,31.599954],[-106.42434,31.599653],[-106.424314,31.599628],[-106.423504,31.599613],[-106.423474,31.59997],[-106.424287,31.599982]]]}},{"type":"Feature","properties":{"natural":"water"},"geometry":{"type":"Polygon","coordinates":[[[-106.427424,31.594166],[-106.42805,31.593639],[-106.427673,31.593314],[-106.427047,31.593841],[-106.427424,31.594166]]]}},{"type":"Feature","properties":{"natural":"water"},"geometry":{"type":"Polygon","coordinates":[[[-106.427203,31.593377],[-106.427463,31.593153],[-106.427027,31.59279],[-106.426527,31.592797],[-106.427203,31.593377]]]}},{"type":"Feature","properties":{"natural":"water"},"geometry":{"type":"Polygon","coordinates":[[[-106.425176,31.60875],[-106.425758,31.608778],[-106.425795,31.60823],[-106.425176,31.60875]]]}},{"type":"Feature","properties":{"leisure":"park"},"geometry":{"type":"Polygon","coordinates":[[[-106.425831,31.609859],[-106.426111,31.609617],[-106.425907,31.60944],[-106.425854,31.609461],[-106.425831,31.609859]]]}},{"type":"Feature","properties":{"leisure":"park"},"geometry":{"type":"Polygon","coordinates":[[[-106.425748,31.611195],[-106.426195,31.610815],[-106.425819,31.610506],[-106.425787,31.610515],[-106.425748,31.611195]]]}},{"type":"Feature","properties":{"leisure":"park"},"geometry":{"type":"Polygon","coordinates":[[[-106.425609,31.611073],[-106.42562,31.610795],[-106.425534,31.610788],[-106.4253,31.610821],[-106.425609,31.611073]]]}},{"type":"Feature","properties":{"leisure":"park"},"geometry":{"type":"Polygon","coordinates":[[[-106.425023,31.610817],[-106.425051,31.610817],[-106.425152,31.610758],[-106.425349,31.610702],[-106.425637,31.610673],[-106.425637,31.610625],[-106.425594,31.610609],[-106.425281,31.610641],[-106.425062,31.610718],[-106.424993,31.610762],[-106.424972,31.610784],[-106.424993,31.610815],[-106.425023,31.610817]]]}},{"type":"Feature","properties":{"natural":"water"},"geometry":{"type":"Polygon","coordinates":[[[-106.407064,31.606608],[-106.40786,31.605968],[-106.40741,31.605949],[-106.407401,31.606099],[-106.407095,31.606085],[-106.407064,31.606608]]]}},{"type":"Feature","properties":{"leisure":"park"},"geometry":{"type":"Polygon","coordinates":[[[-106.398548,31.665885],[-106.398544,31.665607],[-106.398469,31.665596],[-106.398417,31.665855],[-106.398548,31.665885]]]}},{"type":"Feature","properties":{"leisure":"park"},"geometry":{"type":"Polygon","coordinates":[[[-106.399672,31.68176],[-106.399481,31.68171],[-106.399708,31.681206],[-106.399748,31.681185],[-106.399918,31.681228],[-106.399924,31.681287],[-106.399672,31.68176]]]}},{"type":"Feature","properties":{"leisure":"park"},"geometry":{"type":"Polygon","coordinates":[[[-106.400703,31.681833],[-106.400641,31.681833],[-106.400388,31.68173],[-106.400376,31.681707],[-106.400485,31.681524],[-106.400759,31.681613],[-106.400703,31.681833]]]}},{"type":"Feature","properties":{"leisure":"park"},"geometry":{"type":"Polygon","coordinates":[[[-106.354737,31.617274],[-106.354948,31.61713],[-106.354718,31.616885],[-106.354507,31.617029],[-106.354737,31.617274]]]}},{"type":"Feature","properties":{"leisure":"park"},"geometry":{"type":"Polygon","coordinates":[[[-106.354646,31.616802],[-106.354426,31.61695],[-106.35419,31.616699],[-106.354424,31.616551],[-106.354646,31.616802]]]}},{"type":"Feature","properties":{"leisure":"park"},"geometry":{"type":"Polygon","coordinates":[[[-106.354374,31.616418],[-106.35415,31.616568],[-106.35393,31.61633],[-106.354154,31.61618],[-106.354374,31.616418]]]}},{"type":"Feature","properties":{"leisure":"park"},"geometry":{"type":"Polygon","coordinates":[[[-106.354083,31.616071],[-106.353881,31.616203],[-106.353662,31.61596],[-106.353864,31.615828],[-106.354083,31.616071]]]}},{"type":"Feature","properties":{"leisure":"park","name":"Parqu Metropoli"},"geometry":{"type":"Polygon","coordinates":[[[-106.35926,31.688046],[-106.359385,31.687639],[-106.358349,31.68738],[-106.358367,31.687285],[-106.35813,31.687228],[-106.358059,31.687753],[-106.35926,31.688046]]]}},{"type":"Feature","properties":{"leisure":"park","name":"Deportiva verde"},"geometry":{"type":"Polygon","coordinates":[[[-106.343172,31.619714],[-106.342199,31.620461],[-106.34159,31.619855],[-106.342661,31.619139],[-106.343172,31.619714]]]}},{"type":"Feature","properties":{"natural":"water"},"geometry":{"type":"Polygon","coordinates":[[[-106.403213,31.609364],[-106.403238,31.609314],[-106.403224,31.609271],[-106.403163,31.609257],[-106.402197,31.609264],[-106.402155,31.609295],[-106.402136,31.609974],[-106.402199,31.610033],[-106.402263,31.610047],[-106.402336,31.610023],[-106.403213,31.609364]]]}},{"type":"Feature","properties":{"leisure":"park","name":"Parque candra"},"geometry":{"type":"Polygon","coordinates":[[[-106.335959,31.582229],[-106.335537,31.582354],[-106.334887,31.581772],[-106.335542,31.58126],[-106.33587,31.581527],[-106.336414,31.582013],[-106.33628,31.582124],[-106.335959,31.582229]]]}},{"type":"Feature","properties":{"leisure":"park"},"geometry":{"type":"Polygon","coordinates":[[[-106.394276,31.677058],[-106.39434,31.677046],[-106.394354,31.676975],[-106.393988,31.67653],[-106.393759,31.676294],[-106.393441,31.676015],[-106.393324,31.675986],[-106.393222,31.676007],[-106.393095,31.676111],[-106.393061,31.676186],[-106.393065,31.676256],[-106.393519,31.676601],[-106.394198,31.677033],[-106.394276,31.677058]]]}},{"type":"Feature","properties":{"leisure":"park"},"geometry":{"type":"Polygon","coordinates":[[[-106.372799,31.659018],[-106.372622,31.65998],[-106.372314,31.659828],[-106.371996,31.659534],[-106.371875,31.65928],[-106.371679,31.659042],[-106.371071,31.658604],[-106.372799,31.659018]]]}},{"type":"Feature","properties":{"leisure":"park","name":"Parque Municipal Suroriente"},"geometry":{"type":"Polygon","coordinates":[[[-106.422229,31.611344],[-106.424759,31.609092],[-106.423733,31.608971],[-106.421726,31.608892],[-106.421103,31.608976],[-106.420937,31.608968],[-106.420921,31.60901],[-106.420804,31.608991],[-106.420338,31.61131],[-106.422229,31.611344]]]}},{"type":"Feature","properties":{"natural":"water"},"geometry":{"type":"Polygon","coordinates":[[[-106.417221,31.629632],[-106.416576,31.629248],[-106.416499,31.629612],[-106.416514,31.629668],[-106.416578,31.629694],[-106.416702,31.629694],[-106.417221,31.629632]]]}},{"type":"Feature","properties":{"leisure":"park"},"geometry":{"type":"Polygon","coordinates":[[[-106.406995,31.680421],[-106.406647,31.680348],[-106.406253,31.680329],[-106.406247,31.680296],[-106.406574,31.680058],[-106.406647,31.680021],[-106.406698,31.680044],[-106.406977,31.680336],[-106.407009,31.680378],[-106.407013,31.680407],[-106.406995,31.680421]]]}},{"type":"Feature","properties":{"leisure":"park"},"geometry":{"type":"Polygon","coordinates":[[[-106.406261,31.679613],[-106.405641,31.680061],[-106.405594,31.680063],[-106.405417,31.679904],[-106.405424,31.679862],[-106.406088,31.679411],[-106.406159,31.67945],[-106.406275,31.679589],[-106.406261,31.679613]]]}},{"type":"Feature","properties":{"leisure":"park"},"geometry":{"type":"Polygon","coordinates":[[[-106.405692,31.678978],[-106.405698,31.679011],[-106.405671,31.679059],[-106.40497,31.679532],[-106.404909,31.679547],[-106.404684,31.679431],[-106.40469,31.679399],[-106.404769,31.679333],[-106.405326,31.678923],[-106.405464,31.67884],[-106.405525,31.678836],[-106.405584,31.678867],[-106.405692,31.678978]]]}},{"type":"Feature","properties":{"leisure":"park"},"geometry":{"type":"Polygon","coordinates":[[[-106.405119,31.678395],[-106.405129,31.678425],[-106.405096,31.678466],[-106.404051,31.679182],[-106.403986,31.679203],[-106.403698,31.679132],[-106.403696,31.679103],[-106.403724,31.679073],[-106.404893,31.678245],[-106.404938,31.678226],[-106.404983,31.67825],[-106.405119,31.678395]]]}},{"type":"Feature","properties":{"leisure":"park"},"geometry":{"type":"Polygon","coordinates":[[[-106.403875,31.678302],[-106.403842,31.678355],[-106.403395,31.678667],[-106.403318,31.678715],[-106.403285,31.678682],[-106.403283,31.678596],[-106.403322,31.678451],[-106.403553,31.678015],[-106.403596,31.678013],[-106.403663,31.678054],[-106.403867,31.678271],[-106.403875,31.678302]]]}},{"type":"Feature","properties":{"leisure":"park"},"geometry":{"type":"Polygon","coordinates":[[[-106.404578,31.6778],[-106.404566,31.677845],[-106.404369,31.677982],[-106.404316,31.677966],[-106.40385,31.677489],[-106.40384,31.677446],[-106.403864,31.677383],[-106.403915,31.677366],[-106.404159,31.677383],[-106.40421,31.677411],[-106.404578,31.6778]]]}},{"type":"Feature","properties":{"leisure":"park"},"geometry":{"type":"Polygon","coordinates":[[[-106.405448,31.676368],[-106.405448,31.676447],[-106.405419,31.676504],[-106.405279,31.676556],[-106.404602,31.676722],[-106.404545,31.676717],[-106.404537,31.676537],[-106.40456,31.676496],[-106.404619,31.676472],[-106.405135,31.67635],[-106.405326,31.676333],[-106.405448,31.676368]]]}},{"type":"Feature","properties":{"leisure":"park"},"geometry":{"type":"Polygon","coordinates":[[[-106.405985,31.676515],[-106.406002,31.676481],[-106.406065,31.676432],[-106.406149,31.676418],[-106.406191,31.676427],[-106.406259,31.676471],[-106.406289,31.676541],[-106.406285,31.676579],[-106.406268,31.676615],[-106.406203,31.676667],[-106.406115,31.67668],[-106.406033,31.676649],[-106.406005,31.676621],[-106.40598,31.676551],[-106.405985,31.676515]]]}},{"type":"Feature","properties":{"leisure":"park"},"geometry":{"type":"Polygon","coordinates":[[[-106.405852,31.677136],[-106.405314,31.677281],[-106.404922,31.677361],[-106.404873,31.677333],[-106.404773,31.677221],[-106.404777,31.677195],[-106.404808,31.677167],[-106.405543,31.676978],[-106.405663,31.676963],[-106.405761,31.677003],[-106.405824,31.677048],[-106.405875,31.677103],[-106.405852,31.677136]]]}},{"type":"Feature","properties":{"leisure":"park"},"geometry":{"type":"Polygon","coordinates":[[[-106.405885,31.678305],[-106.405826,31.678333],[-106.405365,31.677842],[-106.40534,31.677807],[-106.405356,31.677772],[-106.405773,31.677667],[-106.405871,31.67766],[-106.405903,31.677717],[-106.405901,31.678276],[-106.405885,31.678305]]]}},{"type":"Feature","properties":{"leisure":"park"},"geometry":{"type":"Polygon","coordinates":[[[-106.407596,31.680127],[-106.40755,31.680139],[-106.406838,31.67939],[-106.406798,31.679328],[-106.406814,31.679286],[-106.40759,31.679426],[-106.407656,31.67945],[-106.407662,31.679597],[-106.407617,31.680104],[-106.407596,31.680127]]]}},{"type":"Feature","properties":{"leisure":"park"},"geometry":{"type":"Polygon","coordinates":[[[-106.407642,31.678912],[-106.407594,31.678921],[-106.407473,31.678894],[-106.407442,31.678836],[-106.40744,31.678417],[-106.407464,31.678391],[-106.407599,31.678386],[-106.407643,31.678408],[-106.407657,31.678441],[-106.407666,31.678886],[-106.407642,31.678912]]]}},{"type":"Feature","properties":{"leisure":"park"},"geometry":{"type":"Polygon","coordinates":[[[-106.406852,31.678725],[-106.406859,31.678338],[-106.406837,31.678302],[-106.406705,31.678289],[-106.406678,31.678311],[-106.406677,31.67872],[-106.406707,31.67875],[-106.406775,31.678766],[-106.406833,31.678753],[-106.406852,31.678725]]]}},{"type":"Feature","properties":{"leisure":"park"},"geometry":{"type":"Polygon","coordinates":[[[-106.407653,31.677878],[-106.407462,31.677855],[-106.407424,31.677769],[-106.407432,31.677473],[-106.40745,31.677425],[-106.407613,31.677454],[-106.407651,31.677475],[-106.40768,31.677561],[-106.407676,31.677854],[-106.407653,31.677878]]]}},{"type":"Feature","properties":{"leisure":"park"},"geometry":{"type":"Polygon","coordinates":[[[-106.404759,31.675927],[-106.40469,31.675953],[-106.404611,31.675947],[-106.404584,31.675921],[-106.404643,31.675056],[-106.404663,31.675027],[-106.404785,31.675034],[-106.404814,31.67507],[-106.404759,31.675927]]]}},{"type":"Feature","properties":{"leisure":"park"},"geometry":{"type":"Polygon","coordinates":[[[-106.405529,31.675856],[-106.405489,31.675873],[-106.405415,31.675866],[-106.405356,31.675849],[-106.405338,31.675812],[-106.405361,31.675198],[-106.405393,31.675053],[-106.405505,31.675056],[-106.405558,31.675089],[-106.405578,31.675209],[-106.405529,31.675856]]]}},{"type":"Feature","properties":{"leisure":"park"},"geometry":{"type":"Polygon","coordinates":[[[-106.403461,31.676935],[-106.403438,31.676987],[-106.403396,31.677029],[-106.403339,31.677057],[-106.40321,31.677057],[-106.403153,31.677029],[-106.403111,31.676987],[-106.403088,31.676935],[-106.403087,31.676879],[-106.403108,31.676826],[-106.403145,31.676786],[-106.403251,31.676744],[-106.40331,31.676746],[-106.403366,31.676763],[-106.403447,31.676836],[-106.403461,31.676935]]]}},{"type":"Feature","properties":{"leisure":"park"},"geometry":{"type":"Polygon","coordinates":[[[-106.402702,31.677835],[-106.402667,31.677864],[-106.402606,31.677855],[-106.401791,31.67767],[-106.401771,31.677639],[-106.401758,31.677551],[-106.401779,31.677499],[-106.401818,31.677484],[-106.402687,31.677681],[-106.402732,31.677707],[-106.402736,31.677752],[-106.402702,31.677835]]]}},{"type":"Feature","properties":{"leisure":"park"},"geometry":{"type":"Polygon","coordinates":[[[-106.402433,31.678482],[-106.402366,31.678502],[-106.401685,31.678348],[-106.401643,31.678321],[-106.401637,31.678265],[-106.401651,31.678212],[-106.401673,31.678167],[-106.401736,31.678156],[-106.402411,31.678323],[-106.402454,31.678357],[-106.402454,31.678421],[-106.402433,31.678482]]]}},{"type":"Feature","properties":{"leisure":"park"},"geometry":{"type":"Polygon","coordinates":[[[-106.40234,31.679165],[-106.402316,31.679198],[-106.402277,31.679196],[-106.40159,31.679042],[-106.401563,31.678966],[-106.401561,31.67888],[-106.401594,31.678867],[-106.402334,31.679039],[-106.402364,31.679056],[-106.402377,31.679103],[-106.40234,31.679165]]]}},{"type":"Feature","properties":{"leisure":"park"},"geometry":{"type":"Polygon","coordinates":[[[-106.402868,31.679566],[-106.402834,31.679554],[-106.402799,31.679566],[-106.40258,31.679952],[-106.402568,31.680007],[-106.402618,31.680049],[-106.402722,31.680096],[-106.402771,31.680082],[-106.402992,31.679658],[-106.402974,31.679622],[-106.402868,31.679566]]]}},{"type":"Feature","properties":{"leisure":"park"},"geometry":{"type":"Polygon","coordinates":[[[-106.402021,31.679689],[-106.401994,31.679789],[-106.401921,31.679815],[-106.40163,31.679746],[-106.401598,31.679677],[-106.401614,31.679622],[-106.401639,31.679597],[-106.402021,31.679689]]]}},{"type":"Feature","properties":{"leisure":"park"},"geometry":{"type":"Polygon","coordinates":[[[-106.403726,31.679909],[-106.403732,31.679971],[-106.403472,31.680395],[-106.40337,31.680362],[-106.403303,31.680314],[-106.403314,31.680269],[-106.403509,31.679916],[-106.403584,31.679872],[-106.403726,31.679909]]]}},{"type":"Feature","properties":{"leisure":"park"},"geometry":{"type":"Polygon","coordinates":[[[-106.404462,31.680199],[-106.404438,31.680274],[-106.404196,31.680675],[-106.404167,31.680691],[-106.404027,31.680627],[-106.404017,31.680589],[-106.404279,31.680134],[-106.40432,31.68012],[-106.404462,31.680199]]]}},{"type":"Feature","properties":{"leisure":"park"},"geometry":{"type":"Polygon","coordinates":[[[-106.405839,31.680762],[-106.405765,31.68084],[-106.405707,31.68086],[-106.405585,31.680847],[-106.405501,31.68077],[-106.405487,31.680718],[-106.405494,31.680665],[-106.405563,31.680583],[-106.405671,31.680555],[-106.405728,31.680563],[-106.405818,31.680622],[-106.40585,31.680714],[-106.405839,31.680762]]]}},{"type":"Feature","properties":{"leisure":"park"},"geometry":{"type":"Polygon","coordinates":[[[-106.401857,31.676976],[-106.40182,31.67699],[-106.401696,31.676958],[-106.401672,31.67691],[-106.401755,31.676465],[-106.401777,31.676412],[-106.401871,31.676426],[-106.402029,31.676497],[-106.401857,31.676976]]]}},{"type":"Feature","properties":{"leisure":"park"},"geometry":{"type":"Polygon","coordinates":[[[-106.402721,31.677136],[-106.402686,31.677166],[-106.402455,31.677115],[-106.402447,31.677072],[-106.402496,31.676857],[-106.402552,31.676825],[-106.402603,31.676837],[-106.402638,31.676889],[-106.402721,31.677136]]]}},{"type":"Feature","properties":{"leisure":"park"},"geometry":{"type":"Polygon","coordinates":[[[-106.402415,31.676068],[-106.401868,31.675903],[-106.401836,31.675848],[-106.401838,31.675796],[-106.40186,31.675757],[-106.401898,31.675757],[-106.402356,31.675908],[-106.402418,31.675953],[-106.402431,31.676015],[-106.402415,31.676068]]]}},{"type":"Feature","properties":{"name":"Lago Principal","natural":"water"},"geometry":{"type":"Polygon","coordinates":[[[-106.336783,31.655848],[-106.336706,31.655855],[-106.336684,31.655914],[-106.336592,31.655975],[-106.336425,31.655948],[-106.336239,31.656008],[-106.336137,31.656019],[-106.336078,31.655999],[-106.335909,31.656186],[-106.335799,31.656244],[-106.335587,31.656267],[-106.335507,31.656261],[-106.335429,31.656133],[-106.335448,31.655955],[-106.335429,31.65588],[-106.335373,31.655798],[-106.335359,31.655688],[-106.335466,31.655517],[-106.335539,31.655451],[-106.335662,31.655423],[-106.336057,31.655508],[-106.336191,31.655508],[-106.336556,31.655383],[-106.336652,31.655391],[-106.336708,31.655373],[-106.336794,31.655385],[-106.336891,31.655362],[-106.337065,31.655503],[-106.33706,31.655558],[-106.336783,31.655848]]]}},{"type":"Feature","properties":{"natural":"water"},"geometry":{"type":"Polygon","coordinates":[[[-106.337254,31.653823],[-106.337183,31.653955],[-106.337093,31.653978],[-106.336995,31.653955],[-106.336976,31.653886],[-106.337026,31.653608],[-106.337124,31.653603],[-106.337208,31.653684],[-106.337303,31.653732],[-106.337291,31.65381],[-106.337254,31.653823]]]}},{"type":"Feature","properties":{"leisure":"park"},"geometry":{"type":"Polygon","coordinates":[[[-106.336015,31.653944],[-106.336274,31.652963],[-106.336231,31.652932],[-106.33599,31.65301],[-106.336015,31.653944]]]}},{"type":"Feature","properties":{"leisure":"park"},"geometry":{"type":"Polygon","coordinates":[[[-106.335189,31.654154],[-106.334897,31.65417],[-106.334884,31.653288],[-106.335168,31.653212],[-106.335189,31.654154]]]}},{"type":"Feature","properties":{"natural":"water"},"geometry":{"type":"Polygon","coordinates":[[[-106.335134,31.654078],[-106.335085,31.654109],[-106.335005,31.654091],[-106.334961,31.654049],[-106.334964,31.653957],[-106.334995,31.653931],[-106.335063,31.653913],[-106.335085,31.653831],[-106.335072,31.653752],[-106.334931,31.653663],[-106.334943,31.653516],[-106.334928,31.65343],[-106.334961,31.653364],[-106.335023,31.653336],[-106.335116,31.653391],[-106.3351,31.653454],[-106.335042,31.65349],[-106.335014,31.65353],[-106.335029,31.653603],[-106.335119,31.653637],[-106.335146,31.653692],[-106.335122,31.653871],[-106.335149,31.653934],[-106.335159,31.65402],[-106.335134,31.654078]]]}},{"type":"Feature","properties":{"leisure":"park"},"geometry":{"type":"Polygon","coordinates":[[[-106.333288,31.654285],[-106.333295,31.654083],[-106.332266,31.654075],[-106.332226,31.654298],[-106.333288,31.654285]]]}},{"type":"Feature","properties":{"natural":"water"},"geometry":{"type":"Polygon","coordinates":[[[-106.333242,31.654145],[-106.333247,31.654196],[-106.333198,31.654237],[-106.333102,31.654241],[-106.33304,31.654226],[-106.332941,31.654244],[-106.332672,31.654247],[-106.332637,31.654192],[-106.332582,31.65416],[-106.332508,31.654152],[-106.33246,31.654181],[-106.332435,31.654231],[-106.332394,31.654256],[-106.332325,31.654259],[-106.332293,31.654225],[-106.332295,31.654168],[-106.332458,31.654124],[-106.332732,31.654131],[-106.332785,31.654163],[-106.332854,31.654174],[-106.333049,31.654157],[-106.333081,31.654119],[-106.333214,31.654124],[-106.333242,31.654145]]]}},{"type":"Feature","properties":{"leisure":"park"},"geometry":{"type":"Polygon","coordinates":[[[-106.331594,31.654057],[-106.331566,31.654027],[-106.331143,31.654216],[-106.331106,31.654258],[-106.331246,31.654478],[-106.331293,31.654496],[-106.331501,31.654433],[-106.331549,31.654389],[-106.331594,31.654057]]]}},{"type":"Feature","properties":{"natural":"water"},"geometry":{"type":"Polygon","coordinates":[[[-106.331479,31.654327],[-106.331444,31.654355],[-106.331412,31.654431],[-106.331353,31.654437],[-106.33133,31.654397],[-106.331241,31.654385],[-106.331213,31.654351],[-106.331223,31.65429],[-106.33126,31.654246],[-106.331356,31.654232],[-106.331386,31.65418],[-106.331421,31.654168],[-106.331524,31.654208],[-106.331512,31.654311],[-106.331479,31.654327]]]}},{"type":"Feature","properties":{"leisure":"park"},"geometry":{"type":"Polygon","coordinates":[[[-106.387235,31.665923],[-106.387269,31.665887],[-106.386862,31.665724],[-106.386474,31.665478],[-106.386135,31.665152],[-106.385858,31.664783],[-106.385667,31.664324],[-106.385568,31.663815],[-106.385491,31.663807],[-106.385494,31.664174],[-106.385716,31.66547],[-106.385901,31.665504],[-106.386545,31.665753],[-106.387235,31.665923]]]}},{"type":"Feature","properties":{"natural":"water"},"geometry":{"type":"Polygon","coordinates":[[[-106.385989,31.665509],[-106.38606,31.665509],[-106.386101,31.66548],[-106.386194,31.665474],[-106.386366,31.665592],[-106.386463,31.665633],[-106.386593,31.665674],[-106.386627,31.665647],[-106.386264,31.665462],[-106.386035,31.665203],[-106.386012,31.665142],[-106.385912,31.665033],[-106.385779,31.664899],[-106.38569,31.664869],[-106.385662,31.664908],[-106.385775,31.665278],[-106.385742,31.665413],[-106.385756,31.665443],[-106.385881,31.665468],[-106.385989,31.665509]]]}},{"type":"Feature","properties":{"natural":"water"},"geometry":{"type":"Polygon","coordinates":[[[-106.388756,31.627372],[-106.38855,31.627663],[-106.388331,31.628094],[-106.388078,31.62797],[-106.38835,31.627736],[-106.388306,31.627544],[-106.388518,31.62738],[-106.388756,31.627372]]]}},{"type":"Feature","properties":{"leisure":"park"},"geometry":{"type":"Polygon","coordinates":[[[-106.398954,31.641914],[-106.399943,31.64202],[-106.399999,31.641643],[-106.39901,31.641537],[-106.398954,31.641914]]]}},{"type":"Feature","properties":{"leisure":"park"},"geometry":{"type":"Polygon","coordinates":[[[-106.369601,31.635603],[-106.368822,31.636012],[-106.368145,31.636423],[-106.36807,31.63608],[-106.368125,31.635721],[-106.368295,31.635447],[-106.368564,31.635158],[-106.368786,31.635015],[-106.369601,31.635603]]]}},{"type":"Feature","properties":{"leisure":"park"},"geometry":{"type":"Polygon","coordinates":[[[-106.371403,31.633363],[-106.371169,31.633196],[-106.371482,31.632878],[-106.371716,31.633045],[-106.371403,31.633363]]]}}],"attribution":"© OpenStreetMap contributors"}
