{"type":"FeatureCollection","features":[{"type":"Feature","properties":{"natural":"water"},"geometry":{"type":"Polygon","coordinates":[[[-97.855801,30.100207],[-97.855743,30.100157],[-97.855821,30.100103],[-97.855816,30.100026],[-97.85566,30.100099],[-97.855665,30.10018],[-97.855362,30.100275],[-97.855096,30.100266],[-97.854877,30.100189],[-97.854694,30.100252],[-97.854548,30.100279],[-97.854454,30.100225],[-97.854277,30.10032],[-97.853995,30.100369],[-97.853583,30.100591],[-97.853447,30.100636],[-97.853296,30.100636],[-97.853045,30.100546],[-97.852659,30.100239],[-97.85255,30.10004],[-97.852519,30.099895],[-97.852581,30.09957],[-97.852686,30.099525],[-97.852774,30.099521],[-97.852858,30.099476],[-97.852879,30.099543],[-97.852993,30.09958],[-97.853411,30.099534],[-97.85399,30.099647],[-97.854136,30.099661],[-97.854235,30.09971],[-97.854387,30.099756],[-97.854522,30.099733],[-97.854517,30.099792],[-97.854747,30.099878],[-97.854788,30.099959],[-97.854887,30.099941],[-97.854945,30.0999],[-97.854976,30.100013],[-97.855117,30.09999],[-97.855133,30.099918],[-97.855263,30.100017],[-97.855451,30.100044],[-97.85556,30.099981],[-97.855795,30.099927],[-97.855915,30.099959],[-97.855915,30.100099],[-97.855801,30.100207]]]}},{"type":"Feature","properties":{"leisure":"park","name":"Bauerle Ranch at Slaughter Creek Greenbelt"},"geometry":{"type":"Polygon","coordinates":[[[-97.841423,30.173178],[-97.84134,30.172948],[-97.841285,30.172861],[-97.84115,30.17271],[-97.841141,30.172607],[-97.841076,30.172514],[-97.840975,30.172472],[-97.840833,30.172491],[-97.840795,30.172482],[-97.840358,30.172222],[-97.839381,30.171473],[-97.83946,30.171392],[-97.839337,30.170204],[-97.83939,30.170232],[-97.83949,30.170233],[-97.839554,30.170199],[-97.839593,30.170143],[-97.839598,30.170078],[-97.839582,30.170037],[-97.839501,30.169969],[-97.839476,30.169642],[-97.839835,30.169624],[-97.839826,30.169483],[-97.839749,30.169033],[-97.839644,30.168619],[-97.839575,30.168443],[-97.839468,30.16828],[-97.839169,30.168444],[-97.839104,30.168335],[-97.839121,30.168305],[-97.839225,30.168327],[-97.839365,30.168185],[-97.839813,30.167609],[-97.839962,30.167444],[-97.840126,30.167207],[-97.840261,30.166958],[-97.84022,30.166881],[-97.840323,30.166608],[-97.840357,30.166578],[-97.840481,30.166603],[-97.840392,30.166941],[-97.840547,30.166985],[-97.840648,30.16705],[-97.840939,30.16739],[-97.841089,30.167527],[-97.841361,30.167279],[-97.8416,30.167469],[-97.841302,30.16776],[-97.842116,30.168408],[-97.842078,30.168444],[-97.841913,30.168535],[-97.842181,30.168768],[-97.84215,30.168809],[-97.842137,30.168873],[-97.842175,30.168954],[-97.842259,30.168999],[-97.842348,30.169002],[-97.8429,30.169443],[-97.842952,30.169486],[-97.842975,30.169596],[-97.843037,30.169664],[-97.843132,30.169692],[-97.843249,30.169658],[-97.843305,30.169586],[-97.843308,30.169484],[-97.843633,30.169792],[-97.843891,30.169878],[-97.843894,30.169942],[-97.843946,30.170016],[-97.844012,30.170049],[-97.844123,30.170053],[-97.844178,30.170098],[-97.8439,30.170341],[-97.844286,30.170678],[-97.844199,30.170757],[-97.844217,30.171849],[-97.845327,30.171836],[-97.845322,30.171861],[-97.845242,30.17195],[-97.845244,30.172047],[-97.845285,30.172103],[-97.845385,30.172145],[-97.845495,30.172126],[-97.845578,30.172063],[-97.845581,30.172381],[-97.846452,30.172358],[-97.84683,30.172244],[-97.846695,30.171951],[-97.84855,30.171307],[-97.848652,30.171337],[-97.848762,30.171319],[-97.848838,30.171247],[-97.848847,30.171151],[-97.848814,30.171092],[-97.848777,30.171062],[-97.848691,30.171026],[-97.849066,30.170892],[-97.848901,30.170564],[-97.848689,30.170242],[-97.848259,30.16969],[-97.847954,30.16987],[-97.847945,30.169799],[-97.847903,30.169743],[-97.847836,30.16971],[-97.847725,30.169722],[-97.847666,30.169763],[-97.847613,30.169874],[-97.847389,30.169604],[-97.846846,30.16995],[-97.846726,30.169821],[-97.846405,30.169545],[-97.846667,30.169311],[-97.845997,30.168727],[-97.84639,30.168383],[-97.8461,30.168181],[-97.846102,30.168122],[-97.846046,30.168039],[-97.845979,30.168008],[-97.845871,30.167997],[-97.844237,30.166705],[-97.844009,30.166588],[-97.843487,30.166425],[-97.843749,30.166035],[-97.843816,30.165805],[-97.843814,30.16557],[-97.843735,30.165344],[-97.843586,30.165143],[-97.843381,30.164985],[-97.843138,30.164883],[-97.842829,30.163614],[-97.842585,30.163559],[-97.842374,30.163612],[-97.842135,30.163706],[-97.841987,30.163678],[-97.84177,30.1637],[-97.84138,30.163827],[-97.841512,30.164678],[-97.840476,30.164627],[-97.84003,30.164958],[-97.839307,30.165326],[-97.83933,30.166268],[-97.839387,30.166437],[-97.839436,30.166513],[-97.839574,30.166642],[-97.839726,30.166719],[-97.840049,30.166828],[-97.839963,30.16686],[-97.839669,30.167332],[-97.839225,30.167868],[-97.838886,30.1677],[-97.838445,30.167352],[-97.838215,30.167087],[-97.838174,30.167001],[-97.838131,30.166962],[-97.837401,30.167164],[-97.837191,30.166582],[-97.837079,30.16638],[-97.836915,30.166213],[-97.836806,30.166138],[-97.836592,30.166043],[-97.836471,30.166012],[-97.836462,30.165529],[-97.83657,30.165302],[-97.836403,30.164993],[-97.836266,30.164935],[-97.836395,30.164728],[-97.836049,30.164584],[-97.835582,30.164298],[-97.835458,30.164303],[-97.835393,30.162577],[-97.836225,30.162246],[-97.836611,30.161736],[-97.837579,30.161103],[-97.837561,30.160543],[-97.838385,30.160084],[-97.838356,30.159076],[-97.838684,30.159073],[-97.838678,30.158768],[-97.83878,30.158769],[-97.838838,30.158801],[-97.838841,30.159071],[-97.838975,30.159069],[-97.839091,30.159999],[-97.839707,30.159945],[-97.839726,30.160111],[-97.840323,30.160056],[-97.840773,30.16023],[-97.840851,30.16008],[-97.841018,30.160144],[-97.841055,30.160179],[-97.841115,30.159734],[-97.842905,30.159846],[-97.844162,30.159515],[-97.844488,30.159409],[-97.844642,30.159781],[-97.844608,30.159888],[-97.844618,30.159953],[-97.844667,30.160016],[-97.844722,30.160044],[-97.844834,30.160046],[-97.844961,30.15997],[-97.846339,30.15991],[-97.846589,30.159935],[-97.846782,30.159989],[-97.846919,30.160048],[-97.847159,30.160208],[-97.84733,30.160364],[-97.847336,30.160414],[-97.846872,30.160797],[-97.846751,30.160809],[-97.846684,30.160838],[-97.846643,30.16088],[-97.846622,30.160931],[-97.846131,30.160862],[-97.84568,30.161233],[-97.846773,30.162237],[-97.847463,30.161671],[-97.847608,30.161789],[-97.847793,30.161905],[-97.847994,30.161997],[-97.848183,30.162059],[-97.848067,30.162388],[-97.848259,30.16243],[-97.84853,30.162462],[-97.84854,30.162503],[-97.848138,30.162641],[-97.848331,30.162962],[-97.848045,30.16308],[-97.84835,30.163394],[-97.848288,30.163481],[-97.848291,30.163568],[-97.848345,30.163642],[-97.848409,30.163677],[-97.848277,30.164],[-97.848666,30.164],[-97.848909,30.163818],[-97.849677,30.163784],[-97.849678,30.164002],[-97.849625,30.164411],[-97.849621,30.164628],[-97.849537,30.164753],[-97.849548,30.16484],[-97.849611,30.164907],[-97.849706,30.164933],[-97.849802,30.164909],[-97.849874,30.164855],[-97.850262,30.164863],[-97.850387,30.173159],[-97.847508,30.17321],[-97.847509,30.173402],[-97.846794,30.173384],[-97.842431,30.173427],[-97.84146,30.173454],[-97.841423,30.173178]]]}},{"type":"Feature","properties":{"leisure":"park","name":"Southland Oaks Neighborhood Park"},"geometry":{"type":"Polygon","coordinates":[[[-97.863691,30.160306],[-97.863687,30.159841],[-97.864044,30.159791],[-97.864295,30.159582],[-97.864365,30.159369],[-97.864356,30.158815],[-97.866554,30.158801],[-97.866587,30.161495],[-97.863697,30.161451],[-97.863691,30.160306]]]}},{"type":"Feature","properties":{"natural":"water"},"geometry":{"type":"Polygon","coordinates":[[[-97.838258,30.057522],[-97.837839,30.056382],[-97.837384,30.056228],[-97.837262,30.056321],[-97.83704,30.057002],[-97.83712,30.0573],[-97.837285,30.057423],[-97.83757,30.057526],[-97.838258,30.057522]]]}},{"type":"Feature","properties":{"natural":"water"},"geometry":{"type":"Polygon","coordinates":[[[-97.834259,30.080262],[-97.834046,30.080368],[-97.833897,30.080322],[-97.833832,30.080359],[-97.833633,30.080359],[-97.833535,30.08025],[-97.833405,30.079991],[-97.833484,30.079904],[-97.833818,30.079759],[-97.83391,30.079753],[-97.833993,30.079773],[-97.834128,30.079913],[-97.834182,30.080077],[-97.834259,30.080151],[-97.834259,30.080262]]]}},{"type":"Feature","properties":{"natural":"water"},"geometry":{"type":"Polygon","coordinates":[[[-97.835512,30.084315],[-97.835449,30.084238],[-97.835327,30.084183],[-97.835241,30.084188],[-97.835056,30.084047],[-97.834782,30.083955],[-97.834437,30.08388],[-97.834146,30.083882],[-97.834006,30.084186],[-97.83399,30.084392],[-97.833866,30.084498],[-97.833822,30.084626],[-97.833948,30.084811],[-97.834151,30.085014],[-97.834455,30.08511],[-97.835036,30.085031],[-97.835113,30.08497],[-97.835178,30.08471],[-97.835249,30.084594],[-97.835386,30.084524],[-97.835492,30.084434],[-97.835512,30.084315]]]}},{"type":"Feature","properties":{"natural":"water"},"geometry":{"type":"Polygon","coordinates":[[[-97.855209,30.052698],[-97.853578,30.052438],[-97.853867,30.051388],[-97.85523,30.05163],[-97.855541,30.052159],[-97.855209,30.052698]]]}},{"type":"Feature","properties":{"natural":"water"},"geometry":{"type":"Polygon","coordinates":[[[-97.847489,30.130727],[-97.847425,30.13116],[-97.847401,30.131193],[-97.847288,30.131212],[-97.846615,30.131178],[-97.846582,30.131148],[-97.846598,30.130916],[-97.846626,30.13089],[-97.847076,30.130835],[-97.847336,30.130744],[-97.847457,30.130665],[-97.84749,30.130676],[-97.847489,30.130727]]]}},{"type":"Feature","properties":{"natural":"water"},"geometry":{"type":"Polygon","coordinates":[[[-97.847186,30.130622],[-97.847129,30.130687],[-97.846995,30.130741],[-97.846588,30.130782],[-97.846455,30.130746],[-97.846423,30.130679],[-97.84668,30.129967],[-97.846726,30.129954],[-97.846763,30.129965],[-97.847193,30.130566],[-97.847186,30.130622]]]}},{"type":"Feature","properties":{"natural":"water"},"geometry":{"type":"Polygon","coordinates":[[[-97.848585,30.1376],[-97.848539,30.137728],[-97.848553,30.137776],[-97.848577,30.137794],[-97.848961,30.137866],[-97.849011,30.137828],[-97.84904,30.137714],[-97.849009,30.137687],[-97.848585,30.1376]]]}},{"type":"Feature","properties":{"natural":"water"},"geometry":{"type":"Polygon","coordinates":[[[-97.848464,30.137794],[-97.848516,30.137829],[-97.848675,30.137859],[-97.84869,30.137881],[-97.848683,30.137925],[-97.848641,30.137952],[-97.848446,30.137984],[-97.848372,30.13797],[-97.848283,30.137922],[-97.848001,30.13796],[-97.847965,30.137931],[-97.847889,30.137581],[-97.847926,30.137559],[-97.848358,30.137613],[-97.848457,30.13766],[-97.84847,30.137688],[-97.848464,30.137794]]]}},{"type":"Feature","properties":{"leisure":"park","name":"Historic Stagecoach Park"},"geometry":{"type":"Polygon","coordinates":[[[-97.839631,30.089809],[-97.838354,30.094597],[-97.835185,30.093325],[-97.835135,30.091678],[-97.835451,30.089845],[-97.835724,30.089589],[-97.835976,30.089289],[-97.834975,30.08662],[-97.835623,30.086433],[-97.835918,30.086865],[-97.835897,30.087238],[-97.835927,30.087729],[-97.835947,30.08785],[-97.836105,30.087885],[-97.836478,30.087909],[-97.836676,30.08798],[-97.836773,30.088184],[-97.836801,30.089134],[-97.836846,30.089573],[-97.83692,30.089838],[-97.839631,30.089809]]]}},{"type":"Feature","properties":{"access":"yes","leisure":"park","name":"City Park"},"geometry":{"type":"Polygon","coordinates":[[[-97.843688,30.084747],[-97.841843,30.084806],[-97.841765,30.08502],[-97.841661,30.085126],[-97.841488,30.085212],[-97.841401,30.085279],[-97.841313,30.085406],[-97.84126,30.085542],[-97.84111,30.086059],[-97.840798,30.087321],[-97.841296,30.087413],[-97.842855,30.087613],[-97.842966,30.087603],[-97.843424,30.087374],[-97.8437,30.08709],[-97.843993,30.086276],[-97.844003,30.085885],[-97.843956,30.085559],[-97.843781,30.085116],[-97.843688,30.084747]]]}},{"type":"Feature","properties":{"leisure":"park","name":"Bradfield Village Park"},"geometry":{"type":"Polygon","coordinates":[[[-97.834991,30.086412],[-97.833792,30.086763],[-97.833707,30.086358],[-97.833648,30.085653],[-97.833455,30.085115],[-97.833484,30.084361],[-97.833559,30.084214],[-97.833491,30.084076],[-97.833884,30.083732],[-97.834045,30.08311],[-97.834077,30.082265],[-97.834131,30.081661],[-97.833465,30.080536],[-97.833048,30.080562],[-97.833006,30.080461],[-97.833489,30.08042],[-97.833133,30.07987],[-97.832671,30.079563],[-97.834946,30.079433],[-97.835021,30.082599],[-97.835718,30.082636],[-97.835737,30.083778],[-97.835784,30.084528],[-97.835449,30.08457],[-97.835208,30.084946],[-97.835155,30.085185],[-97.835089,30.085349],[-97.834819,30.085411],[-97.834991,30.086412]]]}},{"type":"Feature","properties":{"natural":"water"},"geometry":{"type":"Polygon","coordinates":[[[-97.835018,30.083755],[-97.834341,30.083662],[-97.834354,30.083321],[-97.834431,30.083142],[-97.834542,30.083089],[-97.834607,30.082894],[-97.83477,30.082223],[-97.834745,30.081756],[-97.834574,30.081485],[-97.83432,30.08125],[-97.834598,30.081359],[-97.834815,30.081535],[-97.834912,30.081802],[-97.834866,30.081983],[-97.834855,30.082189],[-97.834804,30.082562],[-97.834768,30.082759],[-97.834714,30.082944],[-97.834726,30.083071],[-97.834848,30.083105],[-97.834887,30.08315],[-97.834958,30.083267],[-97.834978,30.083375],[-97.835036,30.083414],[-97.835121,30.083564],[-97.835137,30.083698],[-97.835018,30.083755]]]}},{"type":"Feature","properties":{"name":"Elm Waterhole","natural":"water"},"geometry":{"type":"Polygon","coordinates":[[[-97.843677,30.162239],[-97.843604,30.162255],[-97.843545,30.162353],[-97.845706,30.164164],[-97.845965,30.164347],[-97.845583,30.163903],[-97.844132,30.162601],[-97.843677,30.162239]]]}},{"type":"Feature","properties":{"leisure":"park","name":"Olypmic Heights Trail Park"},"geometry":{"type":"Polygon","coordinates":[[[-97.845855,30.151582],[-97.845799,30.149622],[-97.843966,30.149675],[-97.843743,30.149941],[-97.843741,30.150167],[-97.843698,30.150345],[-97.843626,30.150495],[-97.843499,30.150688],[-97.8438,30.151012],[-97.84425,30.151595],[-97.845855,30.151582]]]}},{"type":"Feature","properties":{"leisure":"park","name":"Gatling Gun Park"},"geometry":{"type":"Polygon","coordinates":[[[-97.852045,30.162415],[-97.852128,30.161886],[-97.852018,30.161519],[-97.851667,30.161789],[-97.851388,30.162113],[-97.851259,30.162479],[-97.851112,30.162707],[-97.850836,30.162837],[-97.850658,30.162795],[-97.850457,30.162696],[-97.850304,30.162533],[-97.850333,30.162191],[-97.850967,30.16125],[-97.851274,30.16095],[-97.851805,30.160825],[-97.851737,30.160613],[-97.851259,30.160712],[-97.850795,30.160725],[-97.850194,30.16067],[-97.850254,30.164405],[-97.851043,30.164188],[-97.851165,30.16414],[-97.851095,30.163995],[-97.851039,30.163446],[-97.851694,30.162345],[-97.852045,30.162415]]]}},{"type":"Feature","properties":{"leisure":"park","name":"Villages of Shady Hollow Community Park"},"geometry":{"type":"Polygon","coordinates":[[[-97.854616,30.154596],[-97.854278,30.154545],[-97.854005,30.154397],[-97.853468,30.154007],[-97.853602,30.153882],[-97.853833,30.15378],[-97.85409,30.153692],[-97.854504,30.153618],[-97.854895,30.153506],[-97.85504,30.153543],[-97.855169,30.153455],[-97.855432,30.153576],[-97.855587,30.15372],[-97.855904,30.153808],[-97.856102,30.154058],[-97.856193,30.154091],[-97.856306,30.154049],[-97.856563,30.154434],[-97.856762,30.154694],[-97.856633,30.154777],[-97.856408,30.154865],[-97.856097,30.15493],[-97.855582,30.154912],[-97.855609,30.154703],[-97.855684,30.154541],[-97.855657,30.154364],[-97.855576,30.154137],[-97.855442,30.153938],[-97.855238,30.153905],[-97.854863,30.153896],[-97.854724,30.153924],[-97.85467,30.154012],[-97.854616,30.154596]]]}},{"type":"Feature","properties":{"leisure":"park","name":"Barker Ranch Park"},"geometry":{"type":"Polygon","coordinates":[[[-97.859058,30.153455],[-97.858902,30.153061],[-97.859112,30.152885],[-97.859358,30.152866],[-97.859621,30.15282],[-97.859761,30.152778],[-97.859562,30.152384],[-97.859375,30.152393],[-97.859069,30.152467],[-97.858677,30.152579],[-97.85828,30.152736],[-97.858023,30.152811],[-97.858114,30.153005],[-97.858243,30.153223],[-97.858468,30.153441],[-97.858725,30.153529],[-97.859058,30.153455]]]}},{"type":"Feature","properties":{"natural":"water"},"geometry":{"type":"Polygon","coordinates":[[[-97.920274,30.168506],[-97.919499,30.168],[-97.919276,30.167894],[-97.919268,30.167843],[-97.91937,30.167659],[-97.919424,30.167597],[-97.919499,30.16755],[-97.919609,30.167569],[-97.919652,30.167611],[-97.92032,30.168399],[-97.920344,30.168446],[-97.920325,30.168499],[-97.920306,30.168513],[-97.920274,30.168506]]]}},{"type":"Feature","properties":{"natural":"water"},"geometry":{"type":"Polygon","coordinates":[[[-97.890965,30.067885],[-97.890873,30.067793],[-97.890866,30.067676],[-97.890746,30.067401],[-97.890484,30.067284],[-97.891128,30.067027],[-97.891708,30.066941],[-97.891878,30.066739],[-97.892628,30.066623],[-97.893011,30.0665],[-97.893308,30.066341],[-97.894405,30.06601],[-97.894653,30.065875],[-97.895283,30.065936],[-97.895623,30.065918],[-97.895785,30.066022],[-97.895814,30.06737],[-97.895453,30.067443],[-97.895474,30.067517],[-97.895071,30.067511],[-97.895007,30.067284],[-97.893535,30.06726],[-97.893386,30.067303],[-97.89328,30.067682],[-97.893258,30.068068],[-97.893053,30.068068],[-97.892912,30.067976],[-97.89248,30.067921],[-97.892274,30.068025],[-97.891496,30.067915],[-97.891128,30.067946],[-97.890965,30.067885]]]}},{"type":"Feature","properties":{"natural":"water"},"geometry":{"type":"Polygon","coordinates":[[[-97.897088,30.068191],[-97.896819,30.068307],[-97.896168,30.068264],[-97.896076,30.068203],[-97.895991,30.068203],[-97.895977,30.067394],[-97.895906,30.065936],[-97.896274,30.065967],[-97.896698,30.066114],[-97.897095,30.066353],[-97.897237,30.066378],[-97.897314,30.066733],[-97.897102,30.067045],[-97.897024,30.067064],[-97.896982,30.067376],[-97.897166,30.06745],[-97.897293,30.06775],[-97.89747,30.06786],[-97.89742,30.068099],[-97.897293,30.06816],[-97.897272,30.068221],[-97.89718,30.068221],[-97.897088,30.068191]]]}},{"type":"Feature","properties":{"leisure":"park"},"geometry":{"type":"Polygon","coordinates":[[[-97.830373,30.144549],[-97.829889,30.144566],[-97.829896,30.144455],[-97.830373,30.144549]]]}},{"type":"Feature","properties":{"natural":"water"},"geometry":{"type":"Polygon","coordinates":[[[-97.832336,30.155221],[-97.832332,30.154859],[-97.832114,30.154867],[-97.83211,30.155202],[-97.832129,30.15522],[-97.832204,30.155221],[-97.832204,30.155199],[-97.832266,30.155197],[-97.832267,30.155223],[-97.832336,30.155221]]]}},{"type":"Feature","properties":{"leisure":"park","name":"Arbor Downs Park"},"geometry":{"type":"Polygon","coordinates":[[[-97.848074,30.156844],[-97.84762,30.156633],[-97.847154,30.156548],[-97.847329,30.156891],[-97.846813,30.157523],[-97.846043,30.157473],[-97.845963,30.1588],[-97.845851,30.158933],[-97.845693,30.159342],[-97.845835,30.159381],[-97.846775,30.159372],[-97.847059,30.159061],[-97.847056,30.158588],[-97.847151,30.158487],[-97.847303,30.158259],[-97.847384,30.157643],[-97.847555,30.157151],[-97.848074,30.156844]]]}},{"type":"Feature","properties":{"name":"Arbor Downs Lake","natural":"water"},"geometry":{"type":"Polygon","coordinates":[[[-97.84686,30.158561],[-97.846885,30.158533],[-97.846888,30.158322],[-97.846855,30.158296],[-97.846565,30.158297],[-97.846548,30.158312],[-97.846547,30.158545],[-97.84658,30.158567],[-97.84686,30.158561]]]}},{"type":"Feature","properties":{"leisure":"park","name":"Scotia Bluff Park"},"geometry":{"type":"Polygon","coordinates":[[[-97.849497,30.160004],[-97.849428,30.160021],[-97.849138,30.159842],[-97.849139,30.159755],[-97.84941,30.159549],[-97.849499,30.159543],[-97.849603,30.159575],[-97.849666,30.159679],[-97.84966,30.159736],[-97.849497,30.160004]]]}},{"type":"Feature","properties":{"leisure":"park","name":"Arroyo Blanco Park"},"geometry":{"type":"Polygon","coordinates":[[[-97.850148,30.160507],[-97.850163,30.160326],[-97.849832,30.160287],[-97.849795,30.160472],[-97.850148,30.160507]]]}},{"type":"Feature","properties":{"natural":"water"},"geometry":{"type":"Polygon","coordinates":[[[-97.847106,30.161756],[-97.847161,30.161659],[-97.847121,30.161583],[-97.847027,30.161567],[-97.846906,30.161587],[-97.846882,30.161668],[-97.846886,30.161752],[-97.846992,30.161771],[-97.847106,30.161756]]]}},{"type":"Feature","properties":{"natural":"water"},"geometry":{"type":"Polygon","coordinates":[[[-97.846588,30.161536],[-97.846562,30.161618],[-97.846438,30.161641],[-97.846312,30.16162],[-97.84623,30.161577],[-97.84623,30.161495],[-97.84626,30.16143],[-97.846363,30.16143],[-97.846512,30.161485],[-97.846588,30.161536]]]}},{"type":"Feature","properties":{"leisure":"park","name":"Hillcrest HOA Park"},"geometry":{"type":"Polygon","coordinates":[[[-97.841215,30.15974],[-97.841252,30.159306],[-97.841076,30.15926],[-97.840886,30.159273],[-97.840918,30.159323],[-97.840919,30.159353],[-97.840872,30.15943],[-97.840824,30.159455],[-97.840745,30.159446],[-97.840655,30.1594],[-97.840493,30.159412],[-97.840526,30.159743],[-97.840617,30.15981],[-97.840641,30.159996],[-97.841018,30.160144],[-97.841055,30.160179],[-97.841115,30.159734],[-97.841215,30.15974]]]}},{"type":"Feature","properties":{"leisure":"park","name":"The Reserve Community Park"},"geometry":{"type":"Polygon","coordinates":[[[-97.833557,30.161732],[-97.833291,30.161739],[-97.833192,30.161806],[-97.832961,30.161812],[-97.832675,30.161693],[-97.832591,30.161827],[-97.833164,30.162041],[-97.833629,30.162161],[-97.83376,30.162107],[-97.834048,30.162125],[-97.834234,30.162172],[-97.834695,30.162178],[-97.835261,30.162082],[-97.835817,30.161859],[-97.835932,30.161766],[-97.835668,30.161594],[-97.835577,30.161679],[-97.835443,30.161756],[-97.835314,30.161799],[-97.835141,30.161823],[-97.834156,30.161847],[-97.833884,30.161812],[-97.833769,30.161855],[-97.83372,30.161855],[-97.833627,30.161824],[-97.833557,30.161732]]]}},{"type":"Feature","properties":{"natural":"water"},"geometry":{"type":"Polygon","coordinates":[[[-97.840691,30.170465],[-97.840749,30.170401],[-97.840999,30.170217],[-97.840766,30.169927],[-97.840683,30.169957],[-97.840498,30.17008],[-97.840493,30.170204],[-97.840604,30.170452],[-97.840691,30.170465]]]}},{"type":"Feature","properties":{"natural":"water"},"geometry":{"type":"Polygon","coordinates":[[[-97.834728,30.15094],[-97.834723,30.150748],[-97.834404,30.150759],[-97.834409,30.150948],[-97.834728,30.15094]]]}},{"type":"Feature","properties":{"natural":"water"},"geometry":{"type":"Polygon","coordinates":[[[-97.83437,30.150943],[-97.834368,30.150763],[-97.834193,30.15069],[-97.833469,30.150714],[-97.833474,30.150971],[-97.83437,30.150943]]]}},{"type":"Feature","properties":{"natural":"water"},"geometry":{"type":"Polygon","coordinates":[[[-97.834219,30.142271],[-97.834219,30.142185],[-97.834056,30.142192],[-97.834007,30.142225],[-97.83401,30.142349],[-97.834098,30.142353],[-97.834094,30.142267],[-97.834219,30.142271]]]}},{"type":"Feature","properties":{"natural":"water"},"geometry":{"type":"Polygon","coordinates":[[[-97.833216,30.161739],[-97.833029,30.161746],[-97.833027,30.161708],[-97.833002,30.161709],[-97.832983,30.161324],[-97.833062,30.161179],[-97.833205,30.161175],[-97.833237,30.161213],[-97.833243,30.161718],[-97.833216,30.161739]]]}},{"type":"Feature","properties":{"natural":"water"},"geometry":{"type":"Polygon","coordinates":[[[-97.840513,30.144485],[-97.840446,30.144548],[-97.840323,30.144567],[-97.839164,30.144613],[-97.839111,30.144591],[-97.839095,30.144546],[-97.83907,30.144111],[-97.839082,30.144069],[-97.839123,30.144037],[-97.839317,30.144013],[-97.839807,30.143992],[-97.840422,30.143879],[-97.840471,30.143897],[-97.840506,30.14397],[-97.840513,30.144485]]]}},{"type":"Feature","properties":{"natural":"water"},"geometry":{"type":"Polygon","coordinates":[[[-97.839968,30.165891],[-97.840063,30.165833],[-97.840102,30.165708],[-97.840087,30.165638],[-97.839945,30.16535],[-97.839866,30.165305],[-97.839776,30.165327],[-97.839577,30.165485],[-97.839568,30.165573],[-97.83975,30.165798],[-97.839867,30.165886],[-97.839968,30.165891]]]}},{"type":"Feature","properties":{"natural":"water"},"geometry":{"type":"Polygon","coordinates":[[[-97.842417,30.16419],[-97.842547,30.1641],[-97.842507,30.163882],[-97.841929,30.16397],[-97.841866,30.16403],[-97.841906,30.164229],[-97.842021,30.164292],[-97.842417,30.16419]]]}},{"type":"Feature","properties":{"leisure":"park","name":"David C. Ellis Community Center"},"geometry":{"type":"Polygon","coordinates":[[[-97.852337,30.170498],[-97.852218,30.170046],[-97.851927,30.170102],[-97.851174,30.170091],[-97.850329,30.169897],[-97.850304,30.16813],[-97.850707,30.168201],[-97.85176,30.168589],[-97.852385,30.168477],[-97.852675,30.168281],[-97.852997,30.167935],[-97.854216,30.168548],[-97.854073,30.169576],[-97.854092,30.170059],[-97.853454,30.170097],[-97.852337,30.170498]]]}},{"type":"Feature","properties":{"natural":"water"},"geometry":{"type":"Polygon","coordinates":[[[-97.832424,30.154623],[-97.832451,30.154609],[-97.832457,30.154571],[-97.832335,30.154456],[-97.832182,30.154446],[-97.832142,30.154465],[-97.832142,30.154583],[-97.832162,30.154612],[-97.832424,30.154623]]]}},{"type":"Feature","properties":{"natural":"water"},"geometry":{"type":"Polygon","coordinates":[[[-97.833713,30.155271],[-97.833713,30.155043],[-97.833834,30.15504],[-97.833834,30.154954],[-97.833609,30.154952],[-97.833621,30.155274],[-97.833713,30.155271]]]}},{"type":"Feature","properties":{"natural":"water"},"geometry":{"type":"Polygon","coordinates":[[[-97.833713,30.154522],[-97.833701,30.15431],[-97.833676,30.154265],[-97.833574,30.154261],[-97.833575,30.154523],[-97.833713,30.154522]]]}},{"type":"Feature","properties":{"natural":"water"},"geometry":{"type":"Polygon","coordinates":[[[-97.833682,30.153983],[-97.833682,30.154084],[-97.833606,30.154151],[-97.833563,30.15415],[-97.833561,30.153985],[-97.833682,30.153983]]]}},{"type":"Feature","properties":{"natural":"water"},"geometry":{"type":"Polygon","coordinates":[[[-97.833676,30.155921],[-97.833663,30.155557],[-97.833593,30.155556],[-97.833601,30.155923],[-97.833676,30.155921]]]}},{"type":"Feature","properties":{"natural":"water"},"geometry":{"type":"Polygon","coordinates":[[[-97.833606,30.156326],[-97.833607,30.156069],[-97.833785,30.156069],[-97.833743,30.156175],[-97.833746,30.156325],[-97.833606,30.156326]]]}},{"type":"Feature","properties":{"natural":"water"},"geometry":{"type":"Polygon","coordinates":[[[-97.833639,30.15756],[-97.833665,30.15756],[-97.833685,30.158023],[-97.833648,30.158019],[-97.833639,30.15756]]]}},{"type":"Feature","properties":{"natural":"water"},"geometry":{"type":"Polygon","coordinates":[[[-97.833808,30.158303],[-97.833812,30.158249],[-97.83377,30.158191],[-97.833675,30.158185],[-97.833672,30.158296],[-97.833808,30.158303]]]}},{"type":"Feature","properties":{"natural":"water"},"geometry":{"type":"Polygon","coordinates":[[[-97.833938,30.157276],[-97.833861,30.157317],[-97.833816,30.157318],[-97.833814,30.157375],[-97.833748,30.15743],[-97.833719,30.157411],[-97.833719,30.157282],[-97.833938,30.157276]]]}},{"type":"Feature","properties":{"natural":"water"},"geometry":{"type":"Polygon","coordinates":[[[-97.833639,30.164383],[-97.833588,30.164417],[-97.8333,30.16443],[-97.833224,30.164395],[-97.83318,30.164346],[-97.833193,30.164292],[-97.83334,30.164236],[-97.833435,30.164244],[-97.833514,30.164279],[-97.833598,30.164331],[-97.833639,30.164383]]]}},{"type":"Feature","properties":{"natural":"water"},"geometry":{"type":"Polygon","coordinates":[[[-97.838987,30.167934],[-97.838981,30.16799],[-97.838699,30.168107],[-97.838609,30.168052],[-97.838647,30.167969],[-97.838789,30.167827],[-97.838864,30.167838],[-97.838987,30.167934]]]}},{"type":"Feature","properties":{"natural":"water"},"geometry":{"type":"Polygon","coordinates":[[[-97.838682,30.167774],[-97.838519,30.167946],[-97.838468,30.167957],[-97.838273,30.167831],[-97.838258,30.167766],[-97.838416,30.167591],[-97.838465,30.167588],[-97.838676,30.167731],[-97.838682,30.167774]]]}},{"type":"Feature","properties":{"natural":"water"},"geometry":{"type":"Polygon","coordinates":[[[-97.838278,30.167496],[-97.838283,30.167562],[-97.83814,30.167715],[-97.838089,30.167733],[-97.837682,30.16748],[-97.83765,30.1674],[-97.837667,30.167322],[-97.837694,30.167281],[-97.837901,30.167214],[-97.837959,30.16723],[-97.838218,30.167421],[-97.838278,30.167496]]]}},{"type":"Feature","properties":{"leisure":"park","name":"Bauerle Ranch Community Park"},"geometry":{"type":"Polygon","coordinates":[[[-97.840981,30.165662],[-97.841139,30.16518],[-97.841141,30.165109],[-97.841107,30.165052],[-97.841102,30.164955],[-97.84118,30.164883],[-97.84125,30.164863],[-97.841321,30.164875],[-97.84143,30.164929],[-97.841512,30.164678],[-97.840476,30.164627],[-97.84003,30.164958],[-97.839307,30.165326],[-97.83933,30.166268],[-97.839387,30.166437],[-97.839436,30.166513],[-97.839574,30.166642],[-97.839726,30.166719],[-97.840049,30.166828],[-97.840132,30.166539],[-97.840221,30.166309],[-97.840247,30.165699],[-97.840525,30.165659],[-97.84068,30.165657],[-97.84093,30.165683],[-97.840981,30.165662]]]}},{"type":"Feature","properties":{"leisure":"park","name":"GreyRock Park"},"geometry":{"type":"Polygon","coordinates":[[[-97.891532,30.166787],[-97.891255,30.167292],[-97.891157,30.167336],[-97.891053,30.167418],[-97.890923,30.167572],[-97.89081,30.167582],[-97.890784,30.166387],[-97.890797,30.166369],[-97.890849,30.166339],[-97.891313,30.166341],[-97.891281,30.166723],[-97.891422,30.166745],[-97.891532,30.166787]]]}},{"type":"Feature","properties":{"natural":"water"},"geometry":{"type":"Polygon","coordinates":[[[-97.910115,30.16917],[-97.910345,30.169137],[-97.910633,30.169397],[-97.910651,30.169466],[-97.910641,30.169495],[-97.910604,30.169544],[-97.910437,30.169604],[-97.910411,30.16964],[-97.910343,30.169666],[-97.910069,30.169552],[-97.910043,30.169534],[-97.910103,30.169464],[-97.910221,30.169409],[-97.910147,30.169317],[-97.910115,30.16917]]]}},{"type":"Feature","properties":{"natural":"water"},"geometry":{"type":"Polygon","coordinates":[[[-97.887247,30.17009],[-97.887407,30.170118],[-97.887779,30.170105],[-97.887913,30.17007],[-97.888259,30.170023],[-97.888314,30.169996],[-97.888355,30.169919],[-97.888338,30.169417],[-97.88832,30.16938],[-97.888289,30.16935],[-97.888233,30.169334],[-97.888076,30.169329],[-97.887304,30.169336],[-97.887263,30.169353],[-97.88723,30.169408],[-97.88723,30.17007],[-97.887247,30.17009]]]}},{"type":"Feature","properties":{"natural":"water"},"geometry":{"type":"Polygon","coordinates":[[[-97.886118,30.168533],[-97.886208,30.168615],[-97.886356,30.168671],[-97.886503,30.168663],[-97.886562,30.168629],[-97.886594,30.168589],[-97.886614,30.168485],[-97.886604,30.168336],[-97.88668,30.168223],[-97.886671,30.168155],[-97.886621,30.168042],[-97.886342,30.167907],[-97.886263,30.167896],[-97.886131,30.167895],[-97.885978,30.167917],[-97.885864,30.168009],[-97.885844,30.168074],[-97.88586,30.168148],[-97.886118,30.168533]]]}},{"type":"Feature","properties":{"natural":"water"},"geometry":{"type":"Polygon","coordinates":[[[-97.884793,30.166364],[-97.884853,30.16645],[-97.884939,30.166465],[-97.885125,30.16638],[-97.885162,30.166348],[-97.885165,30.166317],[-97.884671,30.165383],[-97.884631,30.165358],[-97.884526,30.165353],[-97.884298,30.165449],[-97.884276,30.165474],[-97.884273,30.16551],[-97.884793,30.166364]]]}},{"type":"Feature","properties":{"natural":"water"},"geometry":{"type":"Polygon","coordinates":[[[-97.851052,30.149197],[-97.850711,30.149204],[-97.850706,30.149037],[-97.850778,30.148992],[-97.850993,30.149104],[-97.850993,30.149118],[-97.851049,30.149118],[-97.851052,30.149197]]]}},{"type":"Feature","properties":{"natural":"water"},"geometry":{"type":"Polygon","coordinates":[[[-97.849966,30.148206],[-97.850043,30.148112],[-97.850067,30.14803],[-97.850038,30.147921],[-97.849943,30.147852],[-97.849806,30.147798],[-97.849539,30.147739],[-97.849024,30.147467],[-97.848906,30.147625],[-97.849076,30.147715],[-97.849106,30.147785],[-97.84939,30.147921],[-97.849418,30.147946],[-97.849474,30.148062],[-97.849666,30.148096],[-97.849688,30.148094],[-97.849726,30.148051],[-97.849818,30.148048],[-97.849907,30.148101],[-97.849947,30.148148],[-97.849966,30.148206]]]}},{"type":"Feature","properties":{"natural":"water"},"geometry":{"type":"Polygon","coordinates":[[[-97.850147,30.147163],[-97.850033,30.147135],[-97.849896,30.147074],[-97.849849,30.147031],[-97.849828,30.146984],[-97.849742,30.146558],[-97.850065,30.146117],[-97.850376,30.146104],[-97.850411,30.14614],[-97.850415,30.146191],[-97.8504,30.146232],[-97.850376,30.146256],[-97.850236,30.146308],[-97.850219,30.146342],[-97.850218,30.146483],[-97.850267,30.146584],[-97.850393,30.14667],[-97.850424,30.14675],[-97.850436,30.146879],[-97.85052,30.146972],[-97.850521,30.147067],[-97.850501,30.147091],[-97.850456,30.147105],[-97.850147,30.147163]]]}},{"type":"Feature","properties":{"natural":"water"},"geometry":{"type":"Polygon","coordinates":[[[-97.848518,30.145317],[-97.848608,30.145383],[-97.848714,30.145383],[-97.848881,30.145355],[-97.849672,30.145322],[-97.849704,30.145308],[-97.849728,30.145238],[-97.849713,30.144436],[-97.849688,30.144411],[-97.849649,30.144402],[-97.84933,30.14439],[-97.849313,30.144416],[-97.84926,30.144439],[-97.848274,30.144414],[-97.848377,30.14499],[-97.848444,30.14501],[-97.848465,30.145166],[-97.848518,30.145317]]]}},{"type":"Feature","properties":{"natural":"water"},"geometry":{"type":"Polygon","coordinates":[[[-97.852793,30.150128],[-97.852751,30.150157],[-97.852725,30.150217],[-97.852761,30.150348],[-97.85287,30.15049],[-97.852929,30.150496],[-97.852999,30.150472],[-97.853062,30.150358],[-97.853055,30.150124],[-97.852793,30.150128]]]}},{"type":"Feature","properties":{"natural":"water","surface":"asphalt"},"geometry":{"type":"Polygon","coordinates":[[[-97.851413,30.150025],[-97.851703,30.150472],[-97.851773,30.150617],[-97.851761,30.1507],[-97.851682,30.150916],[-97.85164,30.150966],[-97.851581,30.150986],[-97.851525,30.150986],[-97.851457,30.15096],[-97.851411,30.150918],[-97.851373,30.150817],[-97.851378,30.150427],[-97.851413,30.150025]]]}},{"type":"Feature","properties":{"natural":"water"},"geometry":{"type":"Polygon","coordinates":[[[-97.916301,30.145866],[-97.91637,30.145942],[-97.916416,30.145945],[-97.916465,30.145895],[-97.916483,30.145587],[-97.916559,30.145379],[-97.916527,30.145301],[-97.916476,30.145278],[-97.916409,30.145281],[-97.916377,30.1453],[-97.91623,30.145635],[-97.916218,30.14569],[-97.916301,30.145866]]]}},{"type":"Feature","properties":{"natural":"water"},"geometry":{"type":"Polygon","coordinates":[[[-97.916057,30.14615],[-97.916124,30.146112],[-97.916165,30.146067],[-97.916175,30.146013],[-97.916156,30.145955],[-97.916115,30.145912],[-97.916072,30.145893],[-97.91591,30.14593],[-97.915849,30.145984],[-97.915727,30.146168],[-97.915725,30.146203],[-97.915747,30.146232],[-97.915903,30.146231],[-97.916057,30.14615]]]}},{"type":"Feature","properties":{"natural":"water"},"geometry":{"type":"Polygon","coordinates":[[[-97.914008,30.14626],[-97.914559,30.146245],[-97.914921,30.146187],[-97.914955,30.14615],[-97.914954,30.146122],[-97.914927,30.146101],[-97.914849,30.146106],[-97.914754,30.146155],[-97.914726,30.146155],[-97.914683,30.146103],[-97.914657,30.146098],[-97.914032,30.1461],[-97.913961,30.146127],[-97.913954,30.146165],[-97.913981,30.146243],[-97.914008,30.14626]]]}},{"type":"Feature","properties":{"natural":"water"},"geometry":{"type":"Polygon","coordinates":[[[-97.916267,30.145021],[-97.916226,30.144994],[-97.916202,30.144997],[-97.916183,30.145022],[-97.916112,30.145262],[-97.916076,30.145328],[-97.915981,30.145421],[-97.915777,30.145519],[-97.915698,30.14558],[-97.915684,30.145626],[-97.915694,30.145687],[-97.915718,30.14572],[-97.91575,30.145742],[-97.915827,30.145712],[-97.915934,30.145623],[-97.916063,30.145479],[-97.916131,30.14539],[-97.916267,30.145021]]]}},{"type":"Feature","properties":{"natural":"water"},"geometry":{"type":"Polygon","coordinates":[[[-97.92935,30.148507],[-97.929398,30.14856],[-97.929432,30.148554],[-97.929517,30.148433],[-97.929654,30.14833],[-97.929647,30.148278],[-97.929519,30.148187],[-97.929249,30.148316],[-97.929238,30.14835],[-97.929249,30.14839],[-97.92935,30.148507]]]}},{"type":"Feature","properties":{"natural":"water"},"geometry":{"type":"Polygon","coordinates":[[[-97.929633,30.148229],[-97.929671,30.148264],[-97.92972,30.148264],[-97.929734,30.148184],[-97.929796,30.14813],[-97.929819,30.14798],[-97.929806,30.147944],[-97.929733,30.147915],[-97.929688,30.147948],[-97.929638,30.148077],[-97.92958,30.148134],[-97.929587,30.148188],[-97.929633,30.148229]]]}},{"type":"Feature","properties":{"natural":"water"},"geometry":{"type":"Polygon","coordinates":[[[-97.929204,30.150285],[-97.929206,30.150329],[-97.929257,30.150358],[-97.930004,30.150261],[-97.930048,30.150244],[-97.930057,30.150215],[-97.930036,30.150056],[-97.93002,30.150025],[-97.929992,30.150012],[-97.929823,30.150003],[-97.929244,30.150045],[-97.92921,30.150094],[-97.929204,30.150285]]]}},{"type":"Feature","properties":{"natural":"water"},"geometry":{"type":"Polygon","coordinates":[[[-97.933822,30.150924],[-97.933854,30.150948],[-97.934452,30.151031],[-97.93455,30.151023],[-97.934623,30.150995],[-97.934658,30.150944],[-97.934695,30.150744],[-97.934681,30.150696],[-97.934641,30.150668],[-97.933936,30.150587],[-97.933894,30.150597],[-97.933854,30.150637],[-97.933803,30.15088],[-97.933822,30.150924]]]}},{"type":"Feature","properties":{"natural":"water"},"geometry":{"type":"Polygon","coordinates":[[[-97.939538,30.148632],[-97.939916,30.148785],[-97.939969,30.148781],[-97.940014,30.148752],[-97.940081,30.148676],[-97.940081,30.148627],[-97.940034,30.148565],[-97.939691,30.148439],[-97.939601,30.14846],[-97.939528,30.148579],[-97.939538,30.148632]]]}},{"type":"Feature","properties":{"natural":"water"},"geometry":{"type":"Polygon","coordinates":[[[-97.929834,30.155988],[-97.929962,30.156086],[-97.930031,30.156106],[-97.930079,30.156089],[-97.930102,30.156054],[-97.930084,30.155751],[-97.930058,30.15572],[-97.929994,30.155694],[-97.929928,30.155697],[-97.929803,30.155733],[-97.929659,30.15573],[-97.929604,30.155759],[-97.929583,30.155804],[-97.929571,30.155898],[-97.929581,30.155953],[-97.929675,30.155996],[-97.929834,30.155988]]]}},{"type":"Feature","properties":{"natural":"water"},"geometry":{"type":"Polygon","coordinates":[[[-97.923448,30.164287],[-97.92353,30.164279],[-97.923722,30.164216],[-97.923971,30.164194],[-97.924016,30.164166],[-97.92403,30.164117],[-97.924023,30.164073],[-97.923971,30.164035],[-97.923869,30.164015],[-97.923535,30.164002],[-97.923455,30.164019],[-97.923378,30.164073],[-97.923362,30.164146],[-97.923364,30.164218],[-97.923448,30.164287]]]}},{"type":"Feature","properties":{"natural":"water"},"geometry":{"type":"Polygon","coordinates":[[[-97.922579,30.169597],[-97.922752,30.169637],[-97.922846,30.169582],[-97.922885,30.16952],[-97.922809,30.169436],[-97.922695,30.169417],[-97.922652,30.169433],[-97.922574,30.169521],[-97.922562,30.169574],[-97.922579,30.169597]]]}},{"type":"Feature","properties":{"natural":"water"},"geometry":{"type":"Polygon","coordinates":[[[-97.923121,30.168948],[-97.923118,30.168975],[-97.92315,30.169001],[-97.923184,30.168965],[-97.923163,30.168917],[-97.923137,30.168917],[-97.923121,30.168948]]]}},{"type":"Feature","properties":{"natural":"water"},"geometry":{"type":"Polygon","coordinates":[[[-97.906841,30.168988],[-97.906743,30.169018],[-97.906707,30.169055],[-97.906669,30.169224],[-97.906671,30.169266],[-97.906702,30.169314],[-97.906844,30.169434],[-97.906905,30.169463],[-97.907143,30.169383],[-97.907182,30.16934],[-97.907197,30.169284],[-97.907204,30.169231],[-97.907185,30.169133],[-97.907147,30.16909],[-97.906989,30.169],[-97.906841,30.168988]]]}},{"type":"Feature","properties":{"natural":"water"},"geometry":{"type":"Polygon","coordinates":[[[-97.915749,30.162578],[-97.915506,30.162629],[-97.915207,30.162604],[-97.915169,30.162617],[-97.915135,30.162668],[-97.915142,30.1627],[-97.915262,30.162855],[-97.915355,30.162902],[-97.915717,30.162924],[-97.915825,30.162855],[-97.916026,30.162811],[-97.916085,30.162771],[-97.9161,30.162704],[-97.916085,30.162642],[-97.916033,30.162589],[-97.915749,30.162578]]]}},{"type":"Feature","properties":{"natural":"water"},"geometry":{"type":"Polygon","coordinates":[[[-97.916449,30.161158],[-97.916409,30.161182],[-97.91632,30.161125],[-97.916197,30.161146],[-97.916158,30.161173],[-97.916136,30.161218],[-97.916037,30.161668],[-97.915959,30.161784],[-97.915939,30.161883],[-97.915814,30.161969],[-97.915796,30.161998],[-97.915792,30.162035],[-97.915814,30.162075],[-97.91593,30.162192],[-97.916045,30.162236],[-97.916087,30.162233],[-97.91614,30.162199],[-97.916288,30.161897],[-97.916346,30.161863],[-97.916441,30.161863],[-97.916521,30.161807],[-97.91641,30.161653],[-97.916304,30.16162],[-97.916282,30.161599],[-97.916276,30.161561],[-97.916282,30.161524],[-97.916347,30.161478],[-97.916604,30.161522],[-97.91648,30.161197],[-97.916449,30.161158]]]}},{"type":"Feature","properties":{"natural":"water"},"geometry":{"type":"Polygon","coordinates":[[[-97.837525,30.141293],[-97.837414,30.141251],[-97.837193,30.141225],[-97.836891,30.141018],[-97.837004,30.140845],[-97.83718,30.140966],[-97.837368,30.141045],[-97.837521,30.141045],[-97.83756,30.141078],[-97.837567,30.141246],[-97.837525,30.141293]]]}},{"type":"Feature","properties":{"natural":"water"},"geometry":{"type":"Polygon","coordinates":[[[-97.836114,30.140723],[-97.835622,30.140719],[-97.835622,30.140672],[-97.835367,30.140674],[-97.83537,30.140823],[-97.835624,30.140824],[-97.835818,30.140793],[-97.836112,30.140793],[-97.836114,30.140723]]]}},{"type":"Feature","properties":{"natural":"wood"},"geometry":{"type":"Polygon","coordinates":[[[-97.913152,30.169725],[-97.913014,30.169155],[-97.912964,30.169015],[-97.912943,30.168981],[-97.912905,30.168962],[-97.912795,30.168962],[-97.912622,30.16912],[-97.912569,30.169154],[-97.912504,30.169161],[-97.912404,30.169134],[-97.912352,30.169075],[-97.912311,30.168911],[-97.91228,30.168886],[-97.912201,30.168895],[-97.911844,30.169198],[-97.911577,30.169546],[-97.911516,30.169888],[-97.911335,30.170182],[-97.911,30.170617],[-97.910876,30.17092],[-97.91074,30.171422],[-97.910642,30.171716],[-97.910514,30.172001],[-97.910384,30.172201],[-97.910366,30.172262],[-97.910372,30.172312],[-97.910461,30.17241],[-97.910575,30.172442],[-97.910734,30.172419],[-97.910872,30.172342],[-97.911112,30.172059],[-97.911164,30.172048],[-97.911524,30.172059],[-97.911593,30.172094],[-97.91165,30.172249],[-97.911888,30.172321],[-97.911989,30.172415],[-97.91199,30.172536],[-97.911932,30.172607],[-97.912055,30.172663],[-97.912207,30.172653],[-97.911991,30.171952],[-97.911931,30.171329],[-97.911934,30.171076],[-97.91213,30.170862],[-97.912244,30.170448],[-97.912431,30.170089],[-97.912761,30.169781],[-97.913152,30.169725]]]}},{"type":"Feature","properties":{"natural":"wood"},"geometry":{"type":"Polygon","coordinates":[[[-97.916777,30.169316],[-97.916636,30.169166],[-97.916578,30.169206],[-97.915967,30.169877],[-97.916548,30.170252],[-97.915298,30.171204],[-97.915692,30.171225],[-97.918987,30.171198],[-97.918968,30.169829],[-97.919007,30.169827],[-97.919011,30.169355],[-97.919145,30.16909],[-97.918874,30.16892],[-97.918384,30.168846],[-97.918312,30.168828],[-97.918281,30.168783],[-97.918235,30.168761],[-97.918058,30.168808],[-97.918139,30.168987],[-97.917085,30.169313],[-97.916777,30.169316]]]}},{"type":"Feature","properties":{"natural":"water"},"geometry":{"type":"Polygon","coordinates":[[[-97.872612,30.169545],[-97.872521,30.169504],[-97.872274,30.1695],[-97.872145,30.169514],[-97.8721,30.169555],[-97.872081,30.169779],[-97.872124,30.169818],[-97.872275,30.169857],[-97.872563,30.169852],[-97.872596,30.169823],[-97.872612,30.169545]]]}},{"type":"Feature","properties":{"natural":"water"},"geometry":{"type":"Polygon","coordinates":[[[-97.870928,30.169777],[-97.87096,30.169815],[-97.871193,30.169824],[-97.871241,30.169628],[-97.871243,30.169588],[-97.871227,30.169563],[-97.871135,30.169535],[-97.870977,30.169535],[-97.870949,30.169548],[-97.87093,30.169582],[-97.870928,30.169777]]]}},{"type":"Feature","properties":{"natural":"water"},"geometry":{"type":"Polygon","coordinates":[[[-97.874404,30.169215],[-97.874295,30.169183],[-97.874221,30.169103],[-97.874217,30.168957],[-97.874237,30.168918],[-97.874325,30.168859],[-97.87442,30.168859],[-97.874458,30.168891],[-97.87446,30.169159],[-97.874435,30.169204],[-97.874404,30.169215]]]}},{"type":"Feature","properties":{"natural":"water"},"geometry":{"type":"Polygon","coordinates":[[[-97.871106,30.167121],[-97.871279,30.167122],[-97.87133,30.1671],[-97.87135,30.167069],[-97.871354,30.166723],[-97.871329,30.166677],[-97.871281,30.166655],[-97.871156,30.166646],[-97.871128,30.166635],[-97.871131,30.166617],[-97.871802,30.166626],[-97.872216,30.166682],[-97.872271,30.166674],[-97.872282,30.166655],[-97.872267,30.166632],[-97.871905,30.166533],[-97.871639,30.166514],[-97.871054,30.166508],[-97.870978,30.166481],[-97.870903,30.166388],[-97.870868,30.166377],[-97.870853,30.166419],[-97.870863,30.166454],[-97.870926,30.166546],[-97.870951,30.166641],[-97.87098,30.166985],[-97.871018,30.167088],[-97.871063,30.167118],[-97.871106,30.167121]]]}},{"type":"Feature","properties":{"natural":"water"},"geometry":{"type":"Polygon","coordinates":[[[-97.871653,30.167422],[-97.871499,30.167315],[-97.871455,30.167268],[-97.871454,30.166809],[-97.871426,30.16669],[-97.871767,30.166698],[-97.871868,30.16693],[-97.871906,30.167107],[-97.871898,30.167207],[-97.871863,30.167285],[-97.871762,30.167377],[-97.871698,30.167417],[-97.871653,30.167422]]]}},{"type":"Feature","properties":{"natural":"water"},"geometry":{"type":"Polygon","coordinates":[[[-97.85707,30.152392],[-97.857149,30.152406],[-97.857472,30.152292],[-97.85752,30.152207],[-97.857273,30.151699],[-97.857224,30.151672],[-97.856861,30.1518],[-97.856837,30.15182],[-97.856817,30.151875],[-97.856829,30.151928],[-97.85707,30.152392]]]}},{"type":"Feature","properties":{"natural":"water"},"geometry":{"type":"Polygon","coordinates":[[[-97.856978,30.151139],[-97.856573,30.151284],[-97.856535,30.151341],[-97.856533,30.151369],[-97.856718,30.151737],[-97.856756,30.151776],[-97.856783,30.151781],[-97.857135,30.151662],[-97.857192,30.151617],[-97.857186,30.151538],[-97.857009,30.151167],[-97.856978,30.151139]]]}},{"type":"Feature","properties":{"natural":"water"},"geometry":{"type":"Polygon","coordinates":[[[-97.855372,30.148909],[-97.855401,30.148915],[-97.855767,30.148781],[-97.855768,30.148739],[-97.855633,30.14846],[-97.855587,30.148452],[-97.855239,30.148579],[-97.855239,30.148625],[-97.855372,30.148909]]]}},{"type":"Feature","properties":{"natural":"water"},"geometry":{"type":"Polygon","coordinates":[[[-97.856208,30.148251],[-97.855709,30.148424],[-97.855861,30.148756],[-97.856364,30.148598],[-97.856375,30.148583],[-97.856234,30.148258],[-97.856208,30.148251]]]}},{"type":"Feature","properties":{"natural":"water"},"geometry":{"type":"Polygon","coordinates":[[[-97.855058,30.146774],[-97.854825,30.146738],[-97.854662,30.146738],[-97.854525,30.146794],[-97.854505,30.146809],[-97.854498,30.146858],[-97.854589,30.147027],[-97.854649,30.147053],[-97.8551,30.146875],[-97.855111,30.146854],[-97.855101,30.146804],[-97.855058,30.146774]]]}},{"type":"Feature","properties":{"natural":"water"},"geometry":{"type":"Polygon","coordinates":[[[-97.854916,30.146715],[-97.854744,30.146698],[-97.854666,30.146709],[-97.85433,30.146846],[-97.854298,30.146838],[-97.854235,30.146717],[-97.854282,30.14661],[-97.854308,30.146587],[-97.854806,30.146382],[-97.854866,30.1464],[-97.855045,30.146733],[-97.855011,30.146747],[-97.854916,30.146715]]]}},{"type":"Feature","properties":{"natural":"water"},"geometry":{"type":"Polygon","coordinates":[[[-97.853026,30.144707],[-97.853254,30.144958],[-97.853286,30.144968],[-97.853333,30.144967],[-97.853474,30.144897],[-97.853502,30.14485],[-97.853495,30.144756],[-97.853305,30.14441],[-97.85328,30.144392],[-97.853247,30.144391],[-97.853218,30.144411],[-97.85303,30.144636],[-97.853015,30.144659],[-97.853026,30.144707]]]}},{"type":"Feature","properties":{"natural":"water"},"geometry":{"type":"Polygon","coordinates":[[[-97.853231,30.144307],[-97.852743,30.143452],[-97.852605,30.143336],[-97.852555,30.143314],[-97.852529,30.143312],[-97.85246,30.143349],[-97.851975,30.144057],[-97.852006,30.14412],[-97.852347,30.144259],[-97.852538,30.14436],[-97.852699,30.144457],[-97.85294,30.144647],[-97.852966,30.144653],[-97.852997,30.144642],[-97.853233,30.144367],[-97.853246,30.144333],[-97.853231,30.144307]]]}},{"type":"Feature","properties":{"leisure":"park","name":"Capistrano Park"},"geometry":{"type":"Polygon","coordinates":[[[-97.86605,30.170657],[-97.865428,30.170861],[-97.864481,30.170429],[-97.864442,30.170267],[-97.865032,30.169579],[-97.865511,30.169872],[-97.865583,30.16995],[-97.865682,30.170024],[-97.865722,30.170024],[-97.865849,30.170192],[-97.865978,30.170564],[-97.86605,30.170657]]]}},{"type":"Feature","properties":{"natural":"wood"},"geometry":{"type":"Polygon","coordinates":[[[-97.870752,30.16906],[-97.87082,30.169116],[-97.870868,30.169243],[-97.870941,30.169369],[-97.871,30.169401],[-97.87108,30.16935],[-97.871193,30.169315],[-97.871391,30.16929],[-97.87152,30.169322],[-97.871579,30.169392],[-97.871649,30.169329],[-97.871708,30.169304],[-97.871718,30.168654],[-97.871831,30.168237],[-97.872386,30.167956],[-97.872416,30.168109],[-97.872478,30.168267],[-97.872555,30.168334],[-97.872638,30.168325],[-97.872671,30.168285],[-97.872679,30.168163],[-97.872622,30.167905],[-97.872577,30.167787],[-97.872587,30.167655],[-97.872612,30.167578],[-97.872716,30.16746],[-97.87284,30.167333],[-97.872883,30.167333],[-97.872971,30.167458],[-97.872987,30.167576],[-97.872963,30.16762],[-97.872928,30.167634],[-97.872861,30.167611],[-97.87277,30.167502],[-97.872722,30.167539],[-97.872679,30.167636],[-97.872708,30.167847],[-97.872748,30.167949],[-97.872783,30.167982],[-97.872853,30.167989],[-97.87295,30.167903],[-97.873001,30.167891],[-97.873027,30.167912],[-97.87303,30.167959],[-97.872979,30.168049],[-97.872901,30.168093],[-97.872864,30.168142],[-97.872858,30.168269],[-97.872797,30.168443],[-97.872708,30.168575],[-97.872665,30.168696],[-97.87266,30.168823],[-97.872678,30.169025],[-97.873051,30.169071],[-97.873196,30.169108],[-97.873294,30.169189],[-97.873579,30.169334],[-97.873649,30.169318],[-97.873709,30.169266],[-97.87377,30.169163],[-97.873807,30.169055],[-97.873798,30.168782],[-97.87326,30.168782],[-97.873232,30.167053],[-97.873846,30.167041],[-97.8739,30.166916],[-97.874211,30.166381],[-97.874278,30.16616],[-97.874296,30.166041],[-97.874293,30.16591],[-97.873606,30.166033],[-97.873434,30.166217],[-97.873271,30.16633],[-97.872224,30.166879],[-97.87216,30.166925],[-97.872134,30.166993],[-97.872102,30.167176],[-97.871754,30.167525],[-97.871737,30.167572],[-97.871749,30.16764],[-97.871727,30.167677],[-97.871675,30.167693],[-97.871556,30.167668],[-97.871509,30.167482],[-97.871445,30.167408],[-97.871413,30.167412],[-97.871357,30.16751],[-97.871317,30.167529],[-97.871281,30.167519],[-97.871256,30.167443],[-97.871279,30.167276],[-97.871208,30.167195],[-97.8711,30.16719],[-97.871071,30.167227],[-97.87107,30.167313],[-97.871031,30.167493],[-97.870997,30.167507],[-97.870908,30.167497],[-97.870919,30.167352],[-97.870801,30.167347],[-97.870788,30.167621],[-97.870808,30.168157],[-97.870801,30.168223],[-97.870748,30.168322],[-97.870752,30.16906]]]}},{"type":"Feature","properties":{"natural":"water"},"geometry":{"type":"Polygon","coordinates":[[[-97.850549,30.147712],[-97.850439,30.147557],[-97.850429,30.147492],[-97.850437,30.147431],[-97.850517,30.147296],[-97.850553,30.14727],[-97.850601,30.147264],[-97.850652,30.147298],[-97.850669,30.14739],[-97.850613,30.147543],[-97.850601,30.1477],[-97.850572,30.14773],[-97.850549,30.147712]]]}},{"type":"Feature","properties":{"natural":"water"},"geometry":{"type":"Polygon","coordinates":[[[-97.851363,30.152832],[-97.851426,30.15285],[-97.851515,30.152833],[-97.851726,30.15269],[-97.851788,30.152604],[-97.851786,30.152558],[-97.851767,30.15253],[-97.851691,30.152464],[-97.851642,30.152459],[-97.851616,30.152474],[-97.851338,30.152755],[-97.851318,30.152804],[-97.851363,30.152832]]]}},{"type":"Feature","properties":{"natural":"water"},"geometry":{"type":"Polygon","coordinates":[[[-97.84975,30.154046],[-97.849873,30.154053],[-97.849907,30.154032],[-97.849928,30.153993],[-97.849932,30.15393],[-97.849905,30.153826],[-97.849872,30.153792],[-97.849771,30.153761],[-97.849727,30.15368],[-97.849607,30.153629],[-97.849513,30.153628],[-97.849466,30.153648],[-97.849437,30.1537],[-97.849428,30.153762],[-97.849444,30.153837],[-97.849474,30.153885],[-97.84952,30.15392],[-97.849651,30.153962],[-97.849714,30.154034],[-97.84975,30.154046]]]}},{"type":"Feature","properties":{"natural":"water"},"geometry":{"type":"Polygon","coordinates":[[[-97.848827,30.154049],[-97.848877,30.154039],[-97.848959,30.15396],[-97.848967,30.153903],[-97.848951,30.153745],[-97.848862,30.153716],[-97.848734,30.153721],[-97.848703,30.153738],[-97.848693,30.153771],[-97.848704,30.153974],[-97.848719,30.154023],[-97.848746,30.154041],[-97.848827,30.154049]]]}},{"type":"Feature","properties":{"natural":"water"},"geometry":{"type":"Polygon","coordinates":[[[-97.84862,30.153711],[-97.84831,30.153524],[-97.848279,30.153518],[-97.848172,30.153555],[-97.848149,30.153584],[-97.848296,30.153912],[-97.848359,30.153998],[-97.848469,30.154074],[-97.84857,30.154107],[-97.848617,30.154089],[-97.848646,30.154021],[-97.848647,30.153744],[-97.84862,30.153711]]]}},{"type":"Feature","properties":{"natural":"water"},"geometry":{"type":"Polygon","coordinates":[[[-97.84813,30.153061],[-97.848307,30.152981],[-97.84837,30.152968],[-97.848455,30.153004],[-97.848484,30.153102],[-97.848472,30.153156],[-97.84844,30.153197],[-97.848272,30.153261],[-97.848247,30.153291],[-97.848251,30.153353],[-97.848295,30.153429],[-97.848492,30.153598],[-97.84868,30.153704],[-97.8489,30.153701],[-97.848919,30.153689],[-97.848928,30.153402],[-97.848903,30.153207],[-97.848681,30.152698],[-97.848638,30.152652],[-97.848591,30.152624],[-97.848542,30.152624],[-97.848457,30.152667],[-97.848405,30.152672],[-97.848337,30.152631],[-97.848309,30.152527],[-97.848212,30.152501],[-97.84795,30.152506],[-97.84785,30.152572],[-97.847828,30.15266],[-97.847847,30.152735],[-97.847981,30.153012],[-97.848048,30.15306],[-97.84813,30.153061]]]}},{"type":"Feature","properties":{"natural":"wood"},"geometry":{"type":"Polygon","coordinates":[[[-97.913586,30.163284],[-97.91385,30.163109],[-97.914424,30.162872],[-97.914769,30.162796],[-97.914882,30.162733],[-97.915134,30.162541],[-97.915545,30.162497],[-97.9157,30.16245],[-97.91581,30.162355],[-97.915856,30.162235],[-97.915837,30.162144],[-97.915727,30.162093],[-97.915706,30.16201],[-97.915735,30.161901],[-97.91606,30.161277],[-97.91613,30.161087],[-97.916055,30.160978],[-97.915971,30.160964],[-97.915692,30.160985],[-97.91562,30.161026],[-97.915526,30.16133],[-97.915475,30.161434],[-97.915341,30.161502],[-97.91422,30.161757],[-97.914032,30.161817],[-97.91387,30.161903],[-97.913329,30.16244],[-97.911757,30.162505],[-97.911665,30.162464],[-97.911632,30.162344],[-97.911831,30.162201],[-97.912919,30.161605],[-97.913227,30.161322],[-97.914217,30.16058],[-97.914268,30.160501],[-97.914279,30.160432],[-97.914034,30.160566],[-97.913152,30.161181],[-97.912519,30.161566],[-97.912369,30.161598],[-97.911835,30.161893],[-97.911264,30.162185],[-97.910853,30.162375],[-97.910628,30.162542],[-97.910081,30.162797],[-97.909966,30.162834],[-97.909778,30.162857],[-97.909368,30.162985],[-97.909276,30.163036],[-97.909255,30.163092],[-97.909257,30.163189],[-97.909308,30.163233],[-97.909386,30.163221],[-97.910086,30.162978],[-97.910135,30.162976],[-97.910218,30.163017],[-97.910322,30.163444],[-97.910333,30.163591],[-97.908101,30.164545],[-97.906549,30.164523],[-97.906466,30.165068],[-97.906541,30.165179],[-97.906653,30.165255],[-97.906696,30.165345],[-97.906676,30.165468],[-97.906555,30.165556],[-97.906511,30.165611],[-97.906487,30.166198],[-97.906392,30.166377],[-97.906412,30.168896],[-97.906813,30.168934],[-97.907118,30.16903],[-97.907249,30.169168],[-97.907266,30.169261],[-97.90776,30.169284],[-97.908063,30.169477],[-97.908337,30.169836],[-97.908321,30.17027],[-97.908074,30.170267],[-97.908081,30.170717],[-97.908403,30.170776],[-97.908559,30.17075],[-97.908521,30.170634],[-97.908528,30.170461],[-97.908675,30.169956],[-97.908767,30.170029],[-97.908865,30.170032],[-97.908922,30.170001],[-97.909095,30.169731],[-97.909425,30.169664],[-97.909682,30.169519],[-97.909761,30.169405],[-97.909725,30.169294],[-97.909735,30.169246],[-97.909902,30.16911],[-97.910102,30.169042],[-97.910125,30.169136],[-97.910351,30.169107],[-97.910542,30.169267],[-97.910657,30.16939],[-97.910676,30.169464],[-97.910647,30.169539],[-97.910585,30.169585],[-97.910564,30.169629],[-97.910564,30.169668],[-97.910593,30.169696],[-97.910645,30.169694],[-97.910693,30.169642],[-97.910762,30.1696],[-97.91087,30.169602],[-97.911062,30.169666],[-97.911096,30.169664],[-97.911255,30.169359],[-97.911581,30.168932],[-97.911745,30.168838],[-97.912213,30.168521],[-97.912319,30.168434],[-97.912381,30.168283],[-97.912393,30.16816],[-97.912327,30.167931],[-97.911859,30.167427],[-97.911163,30.166753],[-97.910884,30.166591],[-97.91063,30.166526],[-97.910556,30.16629],[-97.910431,30.166225],[-97.909734,30.16612],[-97.909607,30.166141],[-97.909522,30.166249],[-97.909396,30.166164],[-97.909258,30.166126],[-97.909213,30.16608],[-97.909209,30.166032],[-97.909404,30.16598],[-97.909489,30.165927],[-97.909382,30.165871],[-97.909306,30.165785],[-97.908921,30.165914],[-97.908433,30.166245],[-97.907958,30.166962],[-97.907703,30.167087],[-97.907033,30.166632],[-97.906714,30.16628],[-97.907154,30.165982],[-97.90704,30.16584],[-97.907251,30.165714],[-97.907293,30.165662],[-97.90728,30.165413],[-97.907299,30.165296],[-97.907329,30.165261],[-97.907872,30.165346],[-97.908125,30.165319],[-97.909426,30.164903],[-97.909631,30.164866],[-97.910108,30.164837],[-97.910528,30.164872],[-97.911012,30.165047],[-97.911297,30.165186],[-97.911674,30.165797],[-97.911734,30.166427],[-97.91171,30.166505],[-97.911561,30.166717],[-97.911691,30.166961],[-97.912393,30.167539],[-97.912476,30.167698],[-97.912542,30.167917],[-97.91261,30.16799],[-97.912777,30.168053],[-97.912892,30.168066],[-97.913,30.168021],[-97.913798,30.167208],[-97.913801,30.167166],[-97.913777,30.167136],[-97.913711,30.167103],[-97.913579,30.167109],[-97.913485,30.167151],[-97.913266,30.167306],[-97.913083,30.167387],[-97.912889,30.167427],[-97.912713,30.167425],[-97.912619,30.167398],[-97.912583,30.167342],[-97.912585,30.167293],[-97.91263,30.167267],[-97.912834,30.167263],[-97.91297,30.167226],[-97.913181,30.16704],[-97.9133,30.166993],[-97.913383,30.166993],[-97.913437,30.166972],[-97.913532,30.166807],[-97.913607,30.166788],[-97.913694,30.166809],[-97.91382,30.166882],[-97.913905,30.166882],[-97.913982,30.166842],[-97.914524,30.166341],[-97.914593,30.166111],[-97.914406,30.165499],[-97.914345,30.165179],[-97.913919,30.164412],[-97.913833,30.164344],[-97.913635,30.164268],[-97.913605,30.164219],[-97.913618,30.164173],[-97.913766,30.164099],[-97.913769,30.164048],[-97.913726,30.164008],[-97.913576,30.163925],[-97.913522,30.163783],[-97.913495,30.163656],[-97.913586,30.163284]]]}},{"type":"Feature","properties":{"natural":"water"},"geometry":{"type":"Polygon","coordinates":[[[-97.918436,30.163608],[-97.918481,30.163617],[-97.918547,30.163574],[-97.918506,30.16345],[-97.918483,30.163429],[-97.918423,30.163449],[-97.918406,30.16348],[-97.918408,30.163571],[-97.918436,30.163608]]]}},{"type":"Feature","properties":{"natural":"water"},"geometry":{"type":"Polygon","coordinates":[[[-97.834838,30.166437],[-97.834836,30.166274],[-97.834821,30.166234],[-97.834752,30.166217],[-97.834566,30.166218],[-97.834554,30.166208],[-97.834553,30.166135],[-97.834568,30.166088],[-97.834602,30.16608],[-97.834914,30.166116],[-97.835067,30.166154],[-97.835109,30.166189],[-97.835108,30.166455],[-97.835046,30.166477],[-97.8349,30.16648],[-97.834866,30.166472],[-97.834838,30.166437]]]}},{"type":"Feature","properties":{"natural":"water"},"geometry":{"type":"Polygon","coordinates":[[[-97.834225,30.16421],[-97.83443,30.164218],[-97.834456,30.164181],[-97.834453,30.164068],[-97.834272,30.163978],[-97.834233,30.163979],[-97.834217,30.163994],[-97.834204,30.164194],[-97.834225,30.16421]]]}},{"type":"Feature","properties":{"natural":"water"},"geometry":{"type":"Polygon","coordinates":[[[-97.842223,30.159689],[-97.841959,30.159704],[-97.841384,30.159699],[-97.841318,30.159679],[-97.841259,30.159611],[-97.841274,30.159431],[-97.841352,30.159337],[-97.841419,30.159324],[-97.84227,30.159334],[-97.842326,30.159357],[-97.842371,30.159416],[-97.842391,30.159492],[-97.84239,30.159574],[-97.842367,30.159633],[-97.842318,30.159673],[-97.842223,30.159689]]]}},{"type":"Feature","properties":{"natural":"water"},"geometry":{"type":"Polygon","coordinates":[[[-97.840689,30.160143],[-97.840576,30.160089],[-97.84059,30.160027],[-97.840692,30.160036],[-97.84075,30.160067],[-97.840727,30.160141],[-97.840689,30.160143]]]}},{"type":"Feature","properties":{"natural":"water"},"geometry":{"type":"Polygon","coordinates":[[[-97.840461,30.159992],[-97.840148,30.15994],[-97.840007,30.159937],[-97.839976,30.15993],[-97.839953,30.159887],[-97.839989,30.159859],[-97.840399,30.159826],[-97.840496,30.15988],[-97.840519,30.159912],[-97.840514,30.159976],[-97.840461,30.159992]]]}},{"type":"Feature","properties":{"natural":"water"},"geometry":{"type":"Polygon","coordinates":[[[-97.837687,30.15975],[-97.837635,30.159291],[-97.837646,30.159247],[-97.837672,30.159219],[-97.838133,30.15918],[-97.838163,30.159201],[-97.838185,30.159275],[-97.838187,30.159625],[-97.838167,30.159679],[-97.838127,30.159713],[-97.837783,30.15983],[-97.83771,30.159802],[-97.837687,30.15975]]]}},{"type":"Feature","properties":{"natural":"water"},"geometry":{"type":"Polygon","coordinates":[[[-97.837704,30.160184],[-97.838185,30.159989],[-97.83821,30.15995],[-97.838202,30.159824],[-97.838176,30.159805],[-97.838142,30.159805],[-97.837663,30.16],[-97.837655,30.160175],[-97.837704,30.160184]]]}},{"type":"Feature","properties":{"natural":"water"},"geometry":{"type":"Polygon","coordinates":[[[-97.834186,30.160428],[-97.834175,30.160258],[-97.834187,30.160225],[-97.834211,30.160212],[-97.834444,30.160234],[-97.835312,30.160434],[-97.835358,30.160456],[-97.835368,30.160477],[-97.835331,30.160502],[-97.834246,30.160515],[-97.834201,30.160493],[-97.834184,30.160466],[-97.834186,30.160428]]]}},{"type":"Feature","properties":{"natural":"water"},"geometry":{"type":"Polygon","coordinates":[[[-97.834124,30.160486],[-97.834116,30.160272],[-97.834078,30.160199],[-97.833644,30.160158],[-97.833612,30.160174],[-97.833598,30.160268],[-97.833624,30.16031],[-97.833861,30.160331],[-97.833876,30.160354],[-97.833884,30.160503],[-97.83391,30.160515],[-97.834101,30.160516],[-97.834124,30.160486]]]}},{"type":"Feature","properties":{"natural":"water"},"geometry":{"type":"Polygon","coordinates":[[[-97.833812,30.16052],[-97.833812,30.160409],[-97.833782,30.160363],[-97.833597,30.160341],[-97.83355,30.160369],[-97.833544,30.160482],[-97.833582,30.160528],[-97.833782,30.160539],[-97.833812,30.16052]]]}},{"type":"Feature","properties":{"natural":"water"},"geometry":{"type":"Polygon","coordinates":[[[-97.835594,30.156575],[-97.835382,30.156576],[-97.835285,30.15655],[-97.835233,30.156515],[-97.835207,30.156462],[-97.835224,30.156369],[-97.835494,30.156239],[-97.835563,30.156234],[-97.835642,30.156297],[-97.835646,30.156536],[-97.835631,30.156561],[-97.835594,30.156575]]]}},{"type":"Feature","properties":{"natural":"water"},"geometry":{"type":"Polygon","coordinates":[[[-97.83557,30.155933],[-97.835339,30.155929],[-97.835279,30.155908],[-97.835231,30.155863],[-97.835206,30.155808],[-97.835207,30.155702],[-97.83526,30.155643],[-97.835465,30.155623],[-97.835653,30.155626],[-97.835685,30.15567],[-97.835689,30.155877],[-97.835639,30.15593],[-97.83557,30.155933]]]}},{"type":"Feature","properties":{"natural":"water"},"geometry":{"type":"Polygon","coordinates":[[[-97.835213,30.156164],[-97.835296,30.156167],[-97.835395,30.156138],[-97.835422,30.156105],[-97.835426,30.15605],[-97.835399,30.156004],[-97.835348,30.15598],[-97.8352,30.155982],[-97.835166,30.15601],[-97.835151,30.15606],[-97.835157,30.156102],[-97.835169,30.156133],[-97.835213,30.156164]]]}},{"type":"Feature","properties":{"natural":"water"},"geometry":{"type":"Polygon","coordinates":[[[-97.844348,30.150897],[-97.844263,30.150842],[-97.844172,30.150739],[-97.844132,30.150655],[-97.844118,30.150529],[-97.844149,30.15049],[-97.844252,30.150441],[-97.844266,30.15042],[-97.844245,30.150396],[-97.844146,30.150376],[-97.844141,30.150162],[-97.844155,30.150132],[-97.844206,30.150103],[-97.844651,30.150106],[-97.844688,30.150144],[-97.844696,30.150191],[-97.84468,30.150435],[-97.844664,30.15048],[-97.844636,30.150512],[-97.844424,30.150631],[-97.844395,30.150671],[-97.844411,30.15072],[-97.844468,30.150765],[-97.844492,30.150816],[-97.844493,30.150896],[-97.844452,30.150933],[-97.844423,30.150936],[-97.844348,30.150897]]]}},{"type":"Feature","properties":{"natural":"water"},"geometry":{"type":"Polygon","coordinates":[[[-97.845857,30.155642],[-97.845861,30.155748],[-97.84584,30.15578],[-97.845564,30.15578],[-97.845542,30.155777],[-97.845513,30.155744],[-97.845513,30.155623],[-97.845539,30.155605],[-97.845802,30.155604],[-97.845843,30.155619],[-97.845857,30.155642]]]}},{"type":"Feature","properties":{"natural":"water"},"geometry":{"type":"Polygon","coordinates":[[[-97.845398,30.15577],[-97.844793,30.155768],[-97.844691,30.155665],[-97.844688,30.155569],[-97.844716,30.155512],[-97.844745,30.155498],[-97.844885,30.155479],[-97.845278,30.155479],[-97.845411,30.155493],[-97.845473,30.155557],[-97.845491,30.155631],[-97.845473,30.155732],[-97.845398,30.15577]]]}},{"type":"Feature","properties":{"natural":"wood"},"geometry":{"type":"Polygon","coordinates":[[[-97.845415,30.153516],[-97.844994,30.153522],[-97.844847,30.153563],[-97.844801,30.153594],[-97.84477,30.153685],[-97.84478,30.153808],[-97.844815,30.153897],[-97.844847,30.153938],[-97.844942,30.153967],[-97.845366,30.153952],[-97.845396,30.153939],[-97.845427,30.153896],[-97.845415,30.153516]]]}},{"type":"Feature","properties":{"natural":"wood"},"geometry":{"type":"Polygon","coordinates":[[[-97.845799,30.149622],[-97.844824,30.14965],[-97.844857,30.149738],[-97.84499,30.149897],[-97.845176,30.149989],[-97.845536,30.150492],[-97.845718,30.150783],[-97.845743,30.151042],[-97.84572,30.151072],[-97.845485,30.151111],[-97.845332,30.151162],[-97.844939,30.151446],[-97.844896,30.151515],[-97.844876,30.151591],[-97.845855,30.151582],[-97.845799,30.149622]]]}},{"type":"Feature","properties":{"natural":"water"},"geometry":{"type":"Polygon","coordinates":[[[-97.835196,30.154076],[-97.835198,30.153924],[-97.835172,30.153852],[-97.835008,30.15384],[-97.834959,30.15382],[-97.834948,30.1536],[-97.834884,30.15357],[-97.834761,30.153569],[-97.834719,30.153589],[-97.834718,30.154045],[-97.834732,30.154066],[-97.835128,30.154162],[-97.835166,30.154152],[-97.835196,30.154076]]]}},{"type":"Feature","properties":{"natural":"water"},"geometry":{"type":"Polygon","coordinates":[[[-97.838426,30.150245],[-97.837791,30.150238],[-97.837753,30.150221],[-97.837712,30.150162],[-97.837708,30.150003],[-97.837721,30.149977],[-97.837787,30.149956],[-97.838431,30.149953],[-97.838469,30.149964],[-97.838492,30.149995],[-97.838501,30.150048],[-97.838492,30.150192],[-97.838481,30.150221],[-97.838426,30.150245]]]}},{"type":"Feature","properties":{"natural":"water"},"geometry":{"type":"Polygon","coordinates":[[[-97.838782,30.150541],[-97.838264,30.150543],[-97.838136,30.150527],[-97.838033,30.150482],[-97.837832,30.150483],[-97.837715,30.150454],[-97.837657,30.150378],[-97.837649,30.150058],[-97.83766,30.149993],[-97.837693,30.149939],[-97.837737,30.149916],[-97.838726,30.149908],[-97.838771,30.149927],[-97.838801,30.149957],[-97.838816,30.150005],[-97.838826,30.15048],[-97.838817,30.150514],[-97.838782,30.150541]]]}},{"type":"Feature","properties":{"natural":"wood"},"geometry":{"type":"Polygon","coordinates":[[[-97.841491,30.151083],[-97.841346,30.151007],[-97.841276,30.150947],[-97.841181,30.150806],[-97.84116,30.150604],[-97.841173,30.150559],[-97.841496,30.150521],[-97.841539,30.150533],[-97.841562,30.150554],[-97.841578,30.150608],[-97.841621,30.150623],[-97.841719,30.150549],[-97.841763,30.15056],[-97.841763,30.150682],[-97.841743,30.150776],[-97.841702,30.150861],[-97.841653,30.15092],[-97.841611,30.150851],[-97.841563,30.150856],[-97.841508,30.150938],[-97.841579,30.151009],[-97.841517,30.151083],[-97.841491,30.151083]]]}},{"type":"Feature","properties":{"natural":"wood"},"geometry":{"type":"Polygon","coordinates":[[[-97.837427,30.155441],[-97.836843,30.155446],[-97.836823,30.155234],[-97.836635,30.155003],[-97.836859,30.154867],[-97.836962,30.154826],[-97.837056,30.154749],[-97.837168,30.154496],[-97.837181,30.154404],[-97.837121,30.154252],[-97.837312,30.153895],[-97.837416,30.153945],[-97.837617,30.153976],[-97.837687,30.153936],[-97.837785,30.153833],[-97.837911,30.153751],[-97.83797,30.153578],[-97.838383,30.153602],[-97.838366,30.153779],[-97.838193,30.153851],[-97.838225,30.153943],[-97.838119,30.154021],[-97.837945,30.154296],[-97.837913,30.154487],[-97.837808,30.154707],[-97.837451,30.154694],[-97.837395,30.154971],[-97.837427,30.155441]]]}},{"type":"Feature","properties":{"natural":"wood"},"geometry":{"type":"Polygon","coordinates":[[[-97.845867,30.147717],[-97.847009,30.1477],[-97.847022,30.14822],[-97.848225,30.148246],[-97.848232,30.148363],[-97.848192,30.1485],[-97.848114,30.148561],[-97.847675,30.148576],[-97.847624,30.148649],[-97.847597,30.149082],[-97.847556,30.149108],[-97.847002,30.149076],[-97.847026,30.149251],[-97.845894,30.149292],[-97.845867,30.147717]]]}},{"type":"Feature","properties":{"natural":"water"},"geometry":{"type":"Polygon","coordinates":[[[-97.835313,30.149447],[-97.83518,30.149446],[-97.835178,30.149396],[-97.835036,30.149398],[-97.835033,30.149157],[-97.834827,30.149157],[-97.834831,30.149433],[-97.834954,30.149532],[-97.834955,30.149575],[-97.835314,30.149574],[-97.835313,30.149447]]]}},{"type":"Feature","properties":{"natural":"water"},"geometry":{"type":"Polygon","coordinates":[[[-97.837832,30.144767],[-97.837806,30.144403],[-97.837473,30.144399],[-97.837477,30.144612],[-97.837616,30.144734],[-97.837623,30.144987],[-97.837846,30.144981],[-97.837832,30.144767]]]}},{"type":"Feature","properties":{"natural":"water"},"geometry":{"type":"Polygon","coordinates":[[[-97.833324,30.14502],[-97.833313,30.144472],[-97.833341,30.14444],[-97.833471,30.144432],[-97.833511,30.144465],[-97.833515,30.144492],[-97.833522,30.144963],[-97.833491,30.145015],[-97.833365,30.145032],[-97.833324,30.14502]]]}},{"type":"Feature","properties":{"natural":"water"},"geometry":{"type":"Polygon","coordinates":[[[-97.847603,30.13774],[-97.847564,30.137499],[-97.847548,30.137221],[-97.847532,30.137192],[-97.84746,30.137156],[-97.847268,30.137162],[-97.847243,30.137189],[-97.847229,30.137247],[-97.847225,30.137409],[-97.847237,30.137637],[-97.847269,30.137792],[-97.847334,30.137822],[-97.847531,30.137799],[-97.847583,30.137779],[-97.847603,30.13774]]]}},{"type":"Feature","properties":{"natural":"water"},"geometry":{"type":"Polygon","coordinates":[[[-97.847582,30.138196],[-97.847204,30.138238],[-97.847094,30.138202],[-97.847071,30.13816],[-97.846911,30.13749],[-97.846889,30.137325],[-97.846912,30.137256],[-97.847189,30.137024],[-97.847289,30.137022],[-97.847349,30.137072],[-97.847341,30.137111],[-97.847245,30.137128],[-97.847215,30.137148],[-97.847173,30.137243],[-97.847178,30.137705],[-97.847212,30.137816],[-97.847235,30.137848],[-97.847306,30.137885],[-97.84753,30.137864],[-97.847611,30.137889],[-97.847636,30.137922],[-97.847666,30.138095],[-97.847634,30.138161],[-97.847582,30.138196]]]}},{"type":"Feature","properties":{"natural":"water"},"geometry":{"type":"Polygon","coordinates":[[[-97.847146,30.13922],[-97.847144,30.139353],[-97.847105,30.139396],[-97.846811,30.139393],[-97.846781,30.139372],[-97.846785,30.139251],[-97.846812,30.139215],[-97.847146,30.13922]]]}},{"type":"Feature","properties":{"natural":"water"},"geometry":{"type":"Polygon","coordinates":[[[-97.846761,30.139335],[-97.846788,30.139074],[-97.846776,30.139038],[-97.846743,30.139017],[-97.846578,30.139015],[-97.846565,30.139027],[-97.846549,30.139346],[-97.846596,30.139375],[-97.846711,30.139379],[-97.846761,30.139335]]]}},{"type":"Feature","properties":{"natural":"water"},"geometry":{"type":"Polygon","coordinates":[[[-97.843999,30.127193],[-97.843562,30.128181],[-97.843524,30.128174],[-97.843511,30.128219],[-97.843841,30.128298],[-97.843856,30.128233],[-97.843897,30.128191],[-97.844042,30.127755],[-97.844089,30.127655],[-97.844102,30.127579],[-97.843999,30.127193]]]}},{"type":"Feature","properties":{"landuse":"forest"},"geometry":{"type":"Polygon","coordinates":[[[-97.935135,30.149047],[-97.93554,30.148972],[-97.935503,30.148805],[-97.935111,30.148926],[-97.935052,30.14874],[-97.934862,30.148409],[-97.934738,30.148286],[-97.934572,30.148181],[-97.934148,30.148028],[-97.933703,30.147912],[-97.932469,30.147857],[-97.932413,30.147441],[-97.932215,30.147458],[-97.932048,30.147513],[-97.931742,30.147699],[-97.9316,30.147854],[-97.932035,30.148031],[-97.931734,30.148557],[-97.932075,30.148594],[-97.932402,30.148664],[-97.933456,30.149207],[-97.933813,30.149253],[-97.933974,30.149244],[-97.935135,30.149047]]]}},{"type":"Feature","properties":{"landuse":"forest"},"geometry":{"type":"Polygon","coordinates":[[[-97.939102,30.149479],[-97.938957,30.149173],[-97.938828,30.149089],[-97.938678,30.149071],[-97.938541,30.149112],[-97.938361,30.149333],[-97.937849,30.149887],[-97.937406,30.150144],[-97.936819,30.150381],[-97.936457,30.150358],[-97.93565,30.150149],[-97.935346,30.150151],[-97.933928,30.150409],[-97.933155,30.150302],[-97.932654,30.15011],[-97.931991,30.149743],[-97.93223,30.149326],[-97.932047,30.149256],[-97.93172,30.149242],[-97.931135,30.149351],[-97.931122,30.149372],[-97.931235,30.149727],[-97.931487,30.150205],[-97.931532,30.150427],[-97.932031,30.150416],[-97.932082,30.150481],[-97.932098,30.150898],[-97.932181,30.151054],[-97.932289,30.15116],[-97.932393,30.151225],[-97.932611,30.1513],[-97.933431,30.151536],[-97.933254,30.152035],[-97.933574,30.15219],[-97.933638,30.152204],[-97.933708,30.152183],[-97.933434,30.15178],[-97.934319,30.151457],[-97.934979,30.151422],[-97.935934,30.15168],[-97.936114,30.151671],[-97.936441,30.151608],[-97.937077,30.151439],[-97.937355,30.151399],[-97.937522,30.151397],[-97.937999,30.15145],[-97.938718,30.151664],[-97.938517,30.1521],[-97.93893,30.152253],[-97.938978,30.152146],[-97.938689,30.15203],[-97.938935,30.151473],[-97.939067,30.15126],[-97.939212,30.151072],[-97.939617,30.151397],[-97.939711,30.151311],[-97.93978,30.151237],[-97.939536,30.150938],[-97.939681,30.150854],[-97.939643,30.150761],[-97.940099,30.150569],[-97.939995,30.150358],[-97.939617,30.150516],[-97.939421,30.150636],[-97.939088,30.150966],[-97.938831,30.151114],[-97.938447,30.151179],[-97.938171,30.151121],[-97.937935,30.150949],[-97.93782,30.150759],[-97.937744,30.150432],[-97.937793,30.150221],[-97.937897,30.15008],[-97.938096,30.149892],[-97.938563,30.149688],[-97.938809,30.149609],[-97.939102,30.149479]]]}},{"type":"Feature","properties":{"landuse":"forest"},"geometry":{"type":"Polygon","coordinates":[[[-97.938467,30.152448],[-97.93836,30.152411],[-97.938213,30.152709],[-97.937702,30.152549],[-97.937798,30.152116],[-97.937683,30.152092],[-97.93747,30.1521],[-97.937615,30.152566],[-97.93767,30.152556],[-97.937764,30.152705],[-97.937845,30.152983],[-97.937485,30.153074],[-97.9372,30.153197],[-97.9364,30.153313],[-97.936293,30.152888],[-97.936223,30.152391],[-97.936059,30.152422],[-97.936067,30.152805],[-97.935576,30.152775],[-97.934839,30.152579],[-97.934714,30.152577],[-97.93456,30.152604],[-97.934388,30.152236],[-97.933947,30.152417],[-97.933975,30.152488],[-97.934362,30.152387],[-97.934805,30.153247],[-97.934948,30.153372],[-97.93512,30.153442],[-97.935318,30.153477],[-97.935314,30.153913],[-97.935608,30.153909],[-97.935595,30.153464],[-97.937174,30.153422],[-97.937349,30.153396],[-97.937726,30.153278],[-97.937883,30.153193],[-97.938064,30.153064],[-97.93826,30.152823],[-97.938467,30.152448]]]}},{"type":"Feature","properties":{"natural":"wood"},"geometry":{"type":"Polygon","coordinates":[[[-97.939364,30.152372],[-97.939445,30.152122],[-97.939466,30.151941],[-97.939526,30.151783],[-97.939696,30.15161],[-97.940011,30.151356],[-97.940411,30.151095],[-97.940492,30.151073],[-97.94056,30.151113],[-97.940863,30.151728],[-97.94091,30.152056],[-97.940876,30.152387],[-97.940748,30.152781],[-97.94056,30.153164],[-97.940028,30.154055],[-97.939722,30.154533],[-97.939543,30.155181],[-97.939496,30.155465],[-97.938342,30.155708],[-97.93741,30.156297],[-97.937018,30.156691],[-97.936822,30.157],[-97.936301,30.158368],[-97.934807,30.160401],[-97.934577,30.160869],[-97.934395,30.161289],[-97.934381,30.161763],[-97.93451,30.162394],[-97.934929,30.163305],[-97.935064,30.163732],[-97.935186,30.164796],[-97.935158,30.164956],[-97.935022,30.165029],[-97.934868,30.164989],[-97.934451,30.163818],[-97.934331,30.163621],[-97.933851,30.163328],[-97.933682,30.162423],[-97.933587,30.162241],[-97.933303,30.161996],[-97.933134,30.161872],[-97.932749,30.161627],[-97.932391,30.16144],[-97.93185,30.16134],[-97.931607,30.161369],[-97.931512,30.161521],[-97.931424,30.162135],[-97.931424,30.162421],[-97.931593,30.162708],[-97.931681,30.163011],[-97.931641,30.163199],[-97.931472,30.16331],[-97.931262,30.163315],[-97.931039,30.163105],[-97.930958,30.162778],[-97.931127,30.161188],[-97.93133,30.160516],[-97.931391,30.160142],[-97.931316,30.159879],[-97.93108,30.159675],[-97.930654,30.15954],[-97.929958,30.15947],[-97.929451,30.159558],[-97.929133,30.159768],[-97.92891,30.160183],[-97.928748,30.160732],[-97.928714,30.161358],[-97.928836,30.161627],[-97.92889,30.161995],[-97.928843,30.163029],[-97.928876,30.164677],[-97.928944,30.164864],[-97.92912,30.164911],[-97.929417,30.164782],[-97.929856,30.164484],[-97.930167,30.164355],[-97.931458,30.164379],[-97.931803,30.164279],[-97.932296,30.164063],[-97.932749,30.163987],[-97.933155,30.164069],[-97.933499,30.164244],[-97.933641,30.164478],[-97.933628,30.1647],[-97.933445,30.164998],[-97.933182,30.165185],[-97.932729,30.16525],[-97.932371,30.165232],[-97.932046,30.165086],[-97.931654,30.164957],[-97.930884,30.164934],[-97.930093,30.165033],[-97.929532,30.16515],[-97.929147,30.165664],[-97.929086,30.165863],[-97.929194,30.166003],[-97.92941,30.166009],[-97.930309,30.165764],[-97.930809,30.165653],[-97.932452,30.165694],[-97.934142,30.165882],[-97.934206,30.165975],[-97.934227,30.166188],[-97.934147,30.166355],[-97.933932,30.166378],[-97.932613,30.166095],[-97.931744,30.166016],[-97.930971,30.166035],[-97.930467,30.166151],[-97.929362,30.166225],[-97.929029,30.166318],[-97.928836,30.166485],[-97.928788,30.166693],[-97.928863,30.16718],[-97.928847,30.167825],[-97.928697,30.168377],[-97.928595,30.168869],[-97.928477,30.169114],[-97.928198,30.169216],[-97.927854,30.169212],[-97.927538,30.169161],[-97.926959,30.168813],[-97.925505,30.168613],[-97.924968,30.168507],[-97.924539,30.168354],[-97.92433,30.168219],[-97.924276,30.168122],[-97.924282,30.167922],[-97.924164,30.16769],[-97.924099,30.16751],[-97.924148,30.167343],[-97.924276,30.167199],[-97.924233,30.167078],[-97.923434,30.166689],[-97.92322,30.166485],[-97.922399,30.165562],[-97.921959,30.165251],[-97.921932,30.165191],[-97.921959,30.165112],[-97.922072,30.165047],[-97.92367,30.164996],[-97.926052,30.164973],[-97.928439,30.165001],[-97.928541,30.164982],[-97.928573,30.164903],[-97.928482,30.16187],[-97.928418,30.158057],[-97.929155,30.158033],[-97.932613,30.157589],[-97.93257,30.157209],[-97.932867,30.157177],[-97.932975,30.157563],[-97.933239,30.157513],[-97.934036,30.15723],[-97.934695,30.156797],[-97.935287,30.156207],[-97.935662,30.155558],[-97.935888,30.154828],[-97.935885,30.154103],[-97.936104,30.1541],[-97.936121,30.154445],[-97.937524,30.154401],[-97.938024,30.154267],[-97.938673,30.153963],[-97.938997,30.153641],[-97.93924,30.153305],[-97.939555,30.152773],[-97.939673,30.152505],[-97.939364,30.152372]]]}},{"type":"Feature","properties":{"natural":"water"},"geometry":{"type":"Polygon","coordinates":[[[-97.838383,30.059118],[-97.838394,30.058935],[-97.837888,30.05873],[-97.83748,30.058439],[-97.836993,30.058345],[-97.836976,30.058376],[-97.837115,30.058539],[-97.838206,30.059066],[-97.838383,30.059118]]]}},{"type":"Feature","properties":{"natural":"water"},"geometry":{"type":"Polygon","coordinates":[[[-97.831411,30.138476],[-97.831346,30.138489],[-97.831353,30.138457],[-97.831072,30.138408],[-97.831063,30.138448],[-97.830958,30.138432],[-97.830969,30.138345],[-97.831424,30.138425],[-97.831411,30.138476]]]}},{"type":"Feature","properties":{"natural":"water"},"geometry":{"type":"Polygon","coordinates":[[[-97.83133,30.138495],[-97.831346,30.138489],[-97.831353,30.138457],[-97.831237,30.138434],[-97.831227,30.138478],[-97.83133,30.138495]]]}},{"type":"Feature","properties":{"natural":"water"},"geometry":{"type":"Polygon","coordinates":[[[-97.831227,30.138478],[-97.831063,30.138448],[-97.831072,30.138408],[-97.831237,30.138434],[-97.831227,30.138478]]]}},{"type":"Feature","properties":{"natural":"wood"},"geometry":{"type":"Polygon","coordinates":[[[-97.875473,30.124806],[-97.865675,30.125019],[-97.861621,30.126426],[-97.861781,30.126767],[-97.862545,30.126735],[-97.863716,30.127385],[-97.865072,30.127524],[-97.866008,30.127897],[-97.866242,30.127695],[-97.868375,30.127716],[-97.868461,30.132736],[-97.872589,30.132886],[-97.87201,30.134026],[-97.871924,30.135348],[-97.873107,30.135401],[-97.874863,30.136689],[-97.876236,30.135549],[-97.874056,30.134005],[-97.875313,30.13248],[-97.875473,30.131734],[-97.875966,30.131649],[-97.87726,30.13263],[-97.879873,30.130775],[-97.879787,30.128483],[-97.886134,30.125296],[-97.886232,30.124614],[-97.875473,30.124806]]]}},{"type":"Feature","properties":{"landuse":"forest"},"geometry":{"type":"Polygon","coordinates":[[[-97.906367,30.124471],[-97.906369,30.117903],[-97.901668,30.121515],[-97.900848,30.124507],[-97.906367,30.124471]]]}},{"type":"Feature","properties":{"natural":"wood"},"geometry":{"type":"Polygon","coordinates":[[[-97.846197,30.124675],[-97.845898,30.116572],[-97.845225,30.116394],[-97.8436,30.117347],[-97.843451,30.11822],[-97.841915,30.119291],[-97.841353,30.118888],[-97.840107,30.11885],[-97.840499,30.1252],[-97.843637,30.127284],[-97.84408,30.126871],[-97.844115,30.126664],[-97.84415,30.126561],[-97.8443,30.12634],[-97.844498,30.126145],[-97.844558,30.12595],[-97.844745,30.125799],[-97.844941,30.125324],[-97.845103,30.124647],[-97.846197,30.124675]]]}},{"type":"Feature","properties":{"natural":"wood"},"geometry":{"type":"Polygon","coordinates":[[[-97.839362,30.134994],[-97.837735,30.135173],[-97.837183,30.137707],[-97.837599,30.137783],[-97.838172,30.137953],[-97.838036,30.138423],[-97.838084,30.138473],[-97.838853,30.138614],[-97.839027,30.138731],[-97.838853,30.139372],[-97.838712,30.139996],[-97.838641,30.140511],[-97.840269,30.14116],[-97.840935,30.14149],[-97.841187,30.140982],[-97.840781,30.140719],[-97.840511,30.140459],[-97.840291,30.140035],[-97.840234,30.13967],[-97.840301,30.139237],[-97.840588,30.138448],[-97.84073,30.137791],[-97.840974,30.136928],[-97.841004,30.136683],[-97.840987,30.136455],[-97.840859,30.136107],[-97.840663,30.135809],[-97.84044,30.135564],[-97.840061,30.135339],[-97.839362,30.134994]]]}},{"type":"Feature","properties":{"natural":"wood"},"geometry":{"type":"Polygon","coordinates":[[[-97.83186,30.120726],[-97.831838,30.118749],[-97.832062,30.116438],[-97.830886,30.116406],[-97.830064,30.117456],[-97.828962,30.118264],[-97.828233,30.118684],[-97.828214,30.119169],[-97.829111,30.119492],[-97.830065,30.120758],[-97.83186,30.120726]]]}},{"type":"Feature","properties":{"natural":"wood"},"geometry":{"type":"Polygon","coordinates":[[[-97.843637,30.127284],[-97.842856,30.126765],[-97.842172,30.128191],[-97.841871,30.129309],[-97.841147,30.130568],[-97.840375,30.130857],[-97.839497,30.130547],[-97.838488,30.131911],[-97.841513,30.132045],[-97.841717,30.1317],[-97.842513,30.131419],[-97.842733,30.130477],[-97.843489,30.130475],[-97.843749,30.129652],[-97.843058,30.12938],[-97.843637,30.127284]]]}},{"type":"Feature","properties":{"natural":"wood"},"geometry":{"type":"Polygon","coordinates":[[[-97.851158,30.071101],[-97.851401,30.07369],[-97.852085,30.073704],[-97.852182,30.07407],[-97.853272,30.07407],[-97.854475,30.073197],[-97.85563,30.072494],[-97.856248,30.071875],[-97.856426,30.071551],[-97.852946,30.071509],[-97.851158,30.071101]]]}},{"type":"Feature","properties":{"natural":"wood"},"geometry":{"type":"Polygon","coordinates":[[[-97.851109,30.073408],[-97.8508,30.071115],[-97.850279,30.070692],[-97.850507,30.068708],[-97.848263,30.072409],[-97.849824,30.073971],[-97.850702,30.07324],[-97.851109,30.073408]]]}},{"type":"Feature","properties":{"natural":"wood"},"geometry":{"type":"Polygon","coordinates":[[[-97.831953,30.097328],[-97.830876,30.097342],[-97.831048,30.0935],[-97.826907,30.093537],[-97.829031,30.09556],[-97.826563,30.095337],[-97.824847,30.097454],[-97.828409,30.101278],[-97.832027,30.101126],[-97.831953,30.097328]]]}},{"type":"Feature","properties":{"natural":"wood"},"geometry":{"type":"Polygon","coordinates":[[[-97.824847,30.097454],[-97.823817,30.096099],[-97.825705,30.094075],[-97.826907,30.093537],[-97.824675,30.09259],[-97.822765,30.09311],[-97.822529,30.09478],[-97.821965,30.094669],[-97.821946,30.09506],[-97.821812,30.09563],[-97.821523,30.096355],[-97.821066,30.096687],[-97.822143,30.099366],[-97.822315,30.100535],[-97.823109,30.101371],[-97.824825,30.101389],[-97.825405,30.10061],[-97.828559,30.102299],[-97.828967,30.103042],[-97.828945,30.103951],[-97.828216,30.104657],[-97.827035,30.104861],[-97.82607,30.104638],[-97.822529,30.103877],[-97.82122,30.103766],[-97.820266,30.103762],[-97.820491,30.104954],[-97.822218,30.105162],[-97.822444,30.107979],[-97.82371,30.107979],[-97.825297,30.110522],[-97.827722,30.110578],[-97.827937,30.108314],[-97.829289,30.108202],[-97.829718,30.108685],[-97.82961,30.109483],[-97.828602,30.111246],[-97.830597,30.11249],[-97.831885,30.114346],[-97.832335,30.114383],[-97.835104,30.10475],[-97.830876,30.104601],[-97.831906,30.103227],[-97.832027,30.101126],[-97.828409,30.101278],[-97.824847,30.097454]]]}},{"type":"Feature","properties":{"natural":"wood"},"geometry":{"type":"Polygon","coordinates":[[[-97.915752,30.052063],[-97.927594,30.052001],[-97.927311,30.044526],[-97.923965,30.044607],[-97.91558,30.044689],[-97.915752,30.052063]]]}},{"type":"Feature","properties":{"natural":"wood"},"geometry":{"type":"Polygon","coordinates":[[[-97.874601,30.055896],[-97.875989,30.054597],[-97.875422,30.053519],[-97.876357,30.053029],[-97.876668,30.052588],[-97.87899,30.051043],[-97.881736,30.051019],[-97.885502,30.052735],[-97.887173,30.054475],[-97.885361,30.056141],[-97.886861,30.055847],[-97.888135,30.054426],[-97.889374,30.052985],[-97.891325,30.054055],[-97.89152,30.057805],[-97.89156,30.063266],[-97.891278,30.06364],[-97.890882,30.063101],[-97.890967,30.061826],[-97.889664,30.061802],[-97.889183,30.059327],[-97.889636,30.058273],[-97.88907,30.057195],[-97.889523,30.056214],[-97.889834,30.055014],[-97.889607,30.054891],[-97.889041,30.055381],[-97.888815,30.05695],[-97.888758,30.057955],[-97.888022,30.058763],[-97.887371,30.059155],[-97.886946,30.058886],[-97.886663,30.059376],[-97.886295,30.059278],[-97.88587,30.057881],[-97.885559,30.057832],[-97.886097,30.059523],[-97.886748,30.059547],[-97.886889,30.061655],[-97.886606,30.062218],[-97.88335,30.063297],[-97.88335,30.062488],[-97.884681,30.061998],[-97.885304,30.060944],[-97.885615,30.059841],[-97.884115,30.059645],[-97.884992,30.057636],[-97.884483,30.057415],[-97.883548,30.059008],[-97.882756,30.059057],[-97.882869,30.059621],[-97.880887,30.059645],[-97.878735,30.059008],[-97.876244,30.059253],[-97.876045,30.059572],[-97.876866,30.059621],[-97.876555,30.059964],[-97.875819,30.060013],[-97.874431,30.059817],[-97.874403,30.058861],[-97.874148,30.058469],[-97.874233,30.057734],[-97.87446,30.057758],[-97.874601,30.055896]]]}},{"type":"Feature","properties":{"natural":"wood"},"geometry":{"type":"Polygon","coordinates":[[[-97.872913,30.060212],[-97.869513,30.057335],[-97.863719,30.059724],[-97.863892,30.062412],[-97.86436,30.063926],[-97.865617,30.064523],[-97.867466,30.06431],[-97.868945,30.064523],[-97.869364,30.064865],[-97.869019,30.065121],[-97.867564,30.065099],[-97.865702,30.065354],[-97.864282,30.064658],[-97.863571,30.063854],[-97.862477,30.062851],[-97.862305,30.061403],[-97.863966,30.058465],[-97.869512,30.056417],[-97.869882,30.053264],[-97.86791,30.053297],[-97.868353,30.051723],[-97.87067,30.05183],[-97.872543,30.051873],[-97.87242,30.054369],[-97.873283,30.054433],[-97.873825,30.054305],[-97.873973,30.054561],[-97.873858,30.056807],[-97.873759,30.057904],[-97.873547,30.058187],[-97.873406,30.059638],[-97.872913,30.060212]]]}},{"type":"Feature","properties":{"natural":"wood"},"geometry":{"type":"Polygon","coordinates":[[[-97.839362,30.134994],[-97.838488,30.131911],[-97.839497,30.130547],[-97.839255,30.129594],[-97.837759,30.128244],[-97.83545,30.127203],[-97.831932,30.126514],[-97.831986,30.127428],[-97.834555,30.12785],[-97.837141,30.128947],[-97.838117,30.129735],[-97.838426,30.130241],[-97.838442,30.130846],[-97.838117,30.131732],[-97.837808,30.13266],[-97.838052,30.133476],[-97.838444,30.135095],[-97.839362,30.134994]]]}},{"type":"Feature","properties":{"natural":"wood"},"geometry":{"type":"Polygon","coordinates":[[[-97.92767,30.055823],[-97.927594,30.052001],[-97.922807,30.052026],[-97.922792,30.055872],[-97.92767,30.055823]]]}},{"type":"Feature","properties":{"natural":"wood"},"geometry":{"type":"Polygon","coordinates":[[[-97.928297,30.108934],[-97.92441,30.10913],[-97.923419,30.110844],[-97.923533,30.112387],[-97.922032,30.113294],[-97.919569,30.112706],[-97.917445,30.11322],[-97.916313,30.113612],[-97.915095,30.11224],[-97.915492,30.111163],[-97.916907,30.110085],[-97.91753,30.109571],[-97.917842,30.109081],[-97.919427,30.107979],[-97.921522,30.107342],[-97.922882,30.107293],[-97.924184,30.106974],[-97.922129,30.106197],[-97.919043,30.107226],[-97.916822,30.109144],[-97.914382,30.111073],[-97.914259,30.112246],[-97.915011,30.113728],[-97.914949,30.114911],[-97.914222,30.115807],[-97.912657,30.119772],[-97.912734,30.124194],[-97.928312,30.123916],[-97.928297,30.108934]]]}},{"type":"Feature","properties":{"natural":"wood"},"geometry":{"type":"Polygon","coordinates":[[[-97.956085,30.140603],[-97.955063,30.141354],[-97.945091,30.148844],[-97.945066,30.150944],[-97.955562,30.150777],[-97.955344,30.142432],[-97.957189,30.141931],[-97.957304,30.142087],[-97.957381,30.142545],[-97.957196,30.143344],[-97.956946,30.143705],[-97.957613,30.143586],[-97.958108,30.142468],[-97.958197,30.142019],[-97.958335,30.14179],[-97.958136,30.140931],[-97.956085,30.140603]]]}},{"type":"Feature","properties":{"natural":"water"},"geometry":{"type":"Polygon","coordinates":[[[-97.831168,30.169345],[-97.831166,30.16915],[-97.830848,30.169159],[-97.830784,30.169216],[-97.830796,30.169495],[-97.830829,30.169522],[-97.83083,30.169562],[-97.831035,30.169561],[-97.83103,30.169398],[-97.830862,30.16932],[-97.830857,30.169229],[-97.830969,30.169228],[-97.830966,30.169263],[-97.831064,30.169344],[-97.831168,30.169345]]]}},{"type":"Feature","properties":{"natural":"water"},"geometry":{"type":"Polygon","coordinates":[[[-97.846139,30.134766],[-97.846165,30.13365],[-97.846206,30.133297],[-97.846182,30.13327],[-97.84598,30.133219],[-97.845916,30.133237],[-97.845892,30.13327],[-97.845731,30.13475],[-97.845766,30.13478],[-97.84612,30.134784],[-97.846139,30.134766]]]}},{"type":"Feature","properties":{"leisure":"park","name":"Bess Ln Park","surface":"grass"},"geometry":{"type":"Polygon","coordinates":[[[-97.83614,30.167978],[-97.836262,30.167973],[-97.8364,30.167912],[-97.836468,30.167816],[-97.836475,30.1677],[-97.836426,30.167609],[-97.836348,30.167547],[-97.836243,30.167517],[-97.836144,30.167517],[-97.836106,30.167533],[-97.836077,30.167569],[-97.836088,30.167954],[-97.83614,30.167978]]]}},{"type":"Feature","properties":{"leisure":"park","name":"Wardour Ln Park","surface":"grass"},"geometry":{"type":"Polygon","coordinates":[[[-97.843006,30.166075],[-97.843063,30.166075],[-97.843221,30.165941],[-97.843286,30.165819],[-97.843294,30.165664],[-97.843251,30.165554],[-97.843173,30.165448],[-97.843053,30.16537],[-97.842937,30.165334],[-97.842818,30.165326],[-97.842688,30.16535],[-97.842573,30.165404],[-97.842461,30.165505],[-97.842467,30.165571],[-97.843006,30.166075]]]}},{"type":"Feature","properties":{"natural":"water"},"geometry":{"type":"Polygon","coordinates":[[[-97.833717,30.144258],[-97.833481,30.144262],[-97.833478,30.144114],[-97.833714,30.144111],[-97.833717,30.144258]]]}},{"type":"Feature","properties":{"natural":"water"},"geometry":{"type":"Polygon","coordinates":[[[-97.861206,30.148394],[-97.86119,30.148436],[-97.861119,30.148487],[-97.861034,30.14851],[-97.861001,30.148498],[-97.860985,30.14847],[-97.860979,30.148417],[-97.861046,30.148326],[-97.861154,30.14831],[-97.861194,30.148343],[-97.861206,30.148394]]]}},{"type":"Feature","properties":{"natural":"water"},"geometry":{"type":"Polygon","coordinates":[[[-97.861349,30.148073],[-97.861336,30.148104],[-97.861292,30.148113],[-97.861231,30.148092],[-97.861084,30.148097],[-97.861056,30.148032],[-97.861056,30.147976],[-97.861088,30.14792],[-97.861154,30.147888],[-97.861223,30.147883],[-97.861294,30.147911],[-97.861334,30.147958],[-97.861349,30.148073]]]}},{"type":"Feature","properties":{"natural":"water"},"geometry":{"type":"Polygon","coordinates":[[[-97.851167,30.099359],[-97.850726,30.099058],[-97.850703,30.099006],[-97.850788,30.09889],[-97.851155,30.098609],[-97.851167,30.099359]]]}},{"type":"Feature","properties":{"leisure":"park"},"geometry":{"type":"Polygon","coordinates":[[[-97.860034,30.094687],[-97.860148,30.094338],[-97.860386,30.094389],[-97.860219,30.093919],[-97.858395,30.093888],[-97.858663,30.094765],[-97.858908,30.095055],[-97.859335,30.094766],[-97.859446,30.094724],[-97.859698,30.094669],[-97.859889,30.094666],[-97.860034,30.094687]]]}},{"type":"Feature","properties":{"natural":"water"},"geometry":{"type":"Polygon","coordinates":[[[-97.85817,30.09496],[-97.857846,30.095179],[-97.85748,30.095294],[-97.857061,30.095342],[-97.856515,30.095288],[-97.856463,30.09523],[-97.856494,30.095027],[-97.856558,30.09499],[-97.857652,30.095011],[-97.85817,30.09496]]]}},{"type":"Feature","properties":{"natural":"water"},"geometry":{"type":"Polygon","coordinates":[[[-97.862939,30.094894],[-97.86296,30.095006],[-97.862936,30.095083],[-97.862523,30.095103],[-97.861423,30.095117],[-97.861289,30.094953],[-97.861308,30.094906],[-97.862912,30.094884],[-97.862939,30.094894]]]}},{"type":"Feature","properties":{"natural":"water"},"geometry":{"type":"Polygon","coordinates":[[[-97.86883,30.096315],[-97.868879,30.096643],[-97.868707,30.09672],[-97.868636,30.096696],[-97.868241,30.096235],[-97.867939,30.096046],[-97.867616,30.096006],[-97.867588,30.095945],[-97.867607,30.095814],[-97.868094,30.09583],[-97.868657,30.09611],[-97.868784,30.096206],[-97.86883,30.096315]]]}},{"type":"Feature","properties":{"natural":"water"},"geometry":{"type":"Polygon","coordinates":[[[-97.852455,30.095449],[-97.852267,30.095533],[-97.851976,30.095327],[-97.852399,30.095222],[-97.852455,30.095449]]]}},{"type":"Feature","properties":{"natural":"water"},"geometry":{"type":"Polygon","coordinates":[[[-97.852222,30.095584],[-97.851908,30.095346],[-97.851622,30.095785],[-97.851905,30.095883],[-97.852047,30.095708],[-97.852222,30.095584]]]}},{"type":"Feature","properties":{"natural":"water"},"geometry":{"type":"Polygon","coordinates":[[[-97.857063,30.092226],[-97.857059,30.091989],[-97.856764,30.092003],[-97.856791,30.092247],[-97.857063,30.092226]]]}},{"type":"Feature","properties":{"natural":"water"},"geometry":{"type":"Polygon","coordinates":[[[-97.857583,30.092365],[-97.857441,30.092831],[-97.857055,30.092817],[-97.857081,30.092687],[-97.856821,30.092351],[-97.857547,30.09233],[-97.857583,30.092365]]]}},{"type":"Feature","properties":{"natural":"water"},"geometry":{"type":"Polygon","coordinates":[[[-97.858102,30.091978],[-97.857965,30.092038],[-97.857608,30.092149],[-97.857197,30.092232],[-97.857193,30.091994],[-97.858047,30.091961],[-97.858102,30.091978]]]}},{"type":"Feature","properties":{"natural":"water"},"geometry":{"type":"Polygon","coordinates":[[[-97.870598,30.094533],[-97.870585,30.094688],[-97.870533,30.094792],[-97.870391,30.094853],[-97.870012,30.094864],[-97.869852,30.094805],[-97.869855,30.094725],[-97.869889,30.094642],[-97.870108,30.094525],[-97.870385,30.094467],[-97.870563,30.094483],[-97.870598,30.094533]]]}},{"type":"Feature","properties":{"natural":"water"},"geometry":{"type":"Polygon","coordinates":[[[-97.868629,30.094312],[-97.868666,30.094363],[-97.868666,30.094419],[-97.868595,30.094477],[-97.868521,30.094507],[-97.867501,30.094152],[-97.86747,30.094109],[-97.86752,30.093877],[-97.867581,30.093827],[-97.867711,30.09384],[-97.868629,30.094312]]]}},{"type":"Feature","properties":{"natural":"water"},"geometry":{"type":"Polygon","coordinates":[[[-97.86683,30.093557],[-97.866731,30.093949],[-97.866691,30.093979],[-97.865859,30.093995],[-97.864698,30.093829],[-97.864679,30.093784],[-97.864694,30.093547],[-97.864741,30.093467],[-97.864802,30.093448],[-97.866725,30.093459],[-97.86678,30.093488],[-97.86683,30.093557]]]}},{"type":"Feature","properties":{"natural":"water"},"geometry":{"type":"Polygon","coordinates":[[[-97.863144,30.092599],[-97.863152,30.09282],[-97.862437,30.092704],[-97.862085,30.092681],[-97.862089,30.092657],[-97.863144,30.092599]]]}},{"type":"Feature","properties":{"natural":"water"},"geometry":{"type":"Polygon","coordinates":[[[-97.863814,30.092787],[-97.863715,30.092854],[-97.863585,30.092878],[-97.863571,30.092583],[-97.863631,30.092582],[-97.863814,30.092787]]]}},{"type":"Feature","properties":{"natural":"water"},"geometry":{"type":"Polygon","coordinates":[[[-97.863509,30.092837],[-97.863495,30.092605],[-97.8633,30.092618],[-97.86328,30.092644],[-97.863284,30.092806],[-97.863299,30.092835],[-97.863509,30.092837]]]}},{"type":"Feature","properties":{"natural":"water"},"geometry":{"type":"Polygon","coordinates":[[[-97.862031,30.093165],[-97.861819,30.093542],[-97.861744,30.093597],[-97.861655,30.093589],[-97.861571,30.09356],[-97.861536,30.093508],[-97.861548,30.093435],[-97.861786,30.09311],[-97.861891,30.093043],[-97.861952,30.093039],[-97.861996,30.093059],[-97.862029,30.093106],[-97.862031,30.093165]]]}},{"type":"Feature","properties":{"natural":"water"},"geometry":{"type":"Polygon","coordinates":[[[-97.850109,30.094675],[-97.849988,30.094971],[-97.8496,30.094819],[-97.849964,30.094602],[-97.850004,30.094601],[-97.850109,30.094675]]]}},{"type":"Feature","properties":{"natural":"water"},"geometry":{"type":"Polygon","coordinates":[[[-97.84994,30.095043],[-97.849466,30.094878],[-97.849459,30.095584],[-97.849683,30.095566],[-97.84994,30.095043]]]}},{"type":"Feature","properties":{"natural":"water"},"geometry":{"type":"Polygon","coordinates":[[[-97.847745,30.093584],[-97.847584,30.093602],[-97.847591,30.093813],[-97.847693,30.093809],[-97.847731,30.093782],[-97.847747,30.093728],[-97.847745,30.093584]]]}},{"type":"Feature","properties":{"natural":"water"},"geometry":{"type":"Polygon","coordinates":[[[-97.847228,30.088413],[-97.847225,30.088467],[-97.847201,30.08851],[-97.847142,30.088554],[-97.847052,30.088551],[-97.846972,30.088506],[-97.84694,30.088463],[-97.846956,30.088411],[-97.847048,30.088349],[-97.84711,30.088328],[-97.847198,30.088345],[-97.847228,30.088413]]]}},{"type":"Feature","properties":{"natural":"water"},"geometry":{"type":"Polygon","coordinates":[[[-97.847638,30.087714],[-97.847497,30.087636],[-97.84737,30.087832],[-97.84746,30.087879],[-97.847638,30.087714]]]}},{"type":"Feature","properties":{"natural":"water"},"geometry":{"type":"Polygon","coordinates":[[[-97.852201,30.089149],[-97.851964,30.089163],[-97.851977,30.089409],[-97.852017,30.089452],[-97.852212,30.089389],[-97.852201,30.089149]]]}},{"type":"Feature","properties":{"natural":"water"},"geometry":{"type":"Polygon","coordinates":[[[-97.85194,30.08946],[-97.851901,30.089178],[-97.851635,30.089184],[-97.851681,30.089574],[-97.851728,30.089595],[-97.851818,30.089513],[-97.85194,30.08946]]]}},{"type":"Feature","properties":{"leisure":"park"},"geometry":{"type":"Polygon","coordinates":[[[-97.851393,30.091293],[-97.85132,30.091276],[-97.850842,30.091304],[-97.850873,30.091665],[-97.85054,30.091686],[-97.85056,30.092069],[-97.850622,30.09209],[-97.850969,30.092308],[-97.851015,30.092323],[-97.851064,30.092313],[-97.851283,30.092197],[-97.85147,30.092129],[-97.851406,30.091309],[-97.851393,30.091293]]]}},{"type":"Feature","properties":{"natural":"water"},"geometry":{"type":"Polygon","coordinates":[[[-97.851589,30.092806],[-97.85127,30.092979],[-97.850944,30.092862],[-97.850987,30.092793],[-97.851168,30.092601],[-97.851347,30.092453],[-97.85147,30.092391],[-97.851556,30.092387],[-97.851589,30.092806]]]}},{"type":"Feature","properties":{"natural":"water"},"geometry":{"type":"Polygon","coordinates":[[[-97.851964,30.092776],[-97.851724,30.092795],[-97.851682,30.09238],[-97.851923,30.092362],[-97.851964,30.092776]]]}},{"type":"Feature","properties":{"leisure":"park"},"geometry":{"type":"Polygon","coordinates":[[[-97.861253,30.088242],[-97.861241,30.087652],[-97.860704,30.087776],[-97.860786,30.087945],[-97.860926,30.08809],[-97.861022,30.088157],[-97.861253,30.088242]]]}},{"type":"Feature","properties":{"natural":"water"},"geometry":{"type":"Polygon","coordinates":[[[-97.859683,30.090812],[-97.858632,30.090836],[-97.858602,30.090116],[-97.859153,30.09014],[-97.859366,30.090548],[-97.859683,30.090812]]]}},{"type":"Feature","properties":{"natural":"water"},"geometry":{"type":"Polygon","coordinates":[[[-97.858472,30.090817],[-97.857677,30.090826],[-97.857675,30.090652],[-97.858469,30.090644],[-97.858472,30.090817]]]}},{"type":"Feature","properties":{"natural":"water"},"geometry":{"type":"Polygon","coordinates":[[[-97.858503,30.090546],[-97.858485,30.090108],[-97.857601,30.090135],[-97.857619,30.090573],[-97.858503,30.090546]]]}},{"type":"Feature","properties":{"natural":"water"},"geometry":{"type":"Polygon","coordinates":[[[-97.870995,30.085977],[-97.871001,30.08606],[-97.870946,30.086142],[-97.870121,30.086109],[-97.869865,30.086139],[-97.86978,30.086112],[-97.869745,30.086005],[-97.869747,30.085929],[-97.869818,30.085864],[-97.870009,30.085857],[-97.870361,30.085924],[-97.870684,30.08594],[-97.870946,30.085931],[-97.870995,30.085977]]]}},{"type":"Feature","properties":{"natural":"water"},"geometry":{"type":"Polygon","coordinates":[[[-97.870408,30.083645],[-97.870321,30.083817],[-97.8703,30.083939],[-97.870248,30.083989],[-97.87018,30.084015],[-97.870152,30.083975],[-97.870124,30.083862],[-97.870131,30.083535],[-97.870164,30.083456],[-97.870271,30.083397],[-97.870337,30.083411],[-97.870407,30.083462],[-97.870444,30.083557],[-97.87043,30.083592],[-97.870355,30.083612],[-97.870362,30.083633],[-97.870408,30.083645]]]}},{"type":"Feature","properties":{"natural":"water"},"geometry":{"type":"Polygon","coordinates":[[[-97.864822,30.088605],[-97.864604,30.088606],[-97.864602,30.088369],[-97.86482,30.088368],[-97.864822,30.088605]]]}},{"type":"Feature","properties":{"natural":"water"},"geometry":{"type":"Polygon","coordinates":[[[-97.865649,30.088553],[-97.864921,30.088559],[-97.864919,30.0884],[-97.865648,30.088394],[-97.865649,30.088553]]]}},{"type":"Feature","properties":{"natural":"water"},"geometry":{"type":"Polygon","coordinates":[[[-97.868687,30.090668],[-97.867376,30.090727],[-97.867369,30.090619],[-97.867754,30.090454],[-97.867909,30.090315],[-97.867998,30.090146],[-97.868016,30.089867],[-97.867899,30.089494],[-97.868414,30.089476],[-97.868859,30.089361],[-97.869062,30.089698],[-97.868674,30.089752],[-97.868594,30.089851],[-97.868664,30.090022],[-97.868687,30.090668]]]}},{"type":"Feature","properties":{"natural":"water"},"geometry":{"type":"Polygon","coordinates":[[[-97.867202,30.090731],[-97.866612,30.090743],[-97.866547,30.090718],[-97.866477,30.09058],[-97.867199,30.090598],[-97.867202,30.090731]]]}},{"type":"Feature","properties":{"natural":"water"},"geometry":{"type":"Polygon","coordinates":[[[-97.869032,30.090696],[-97.868872,30.090699],[-97.868843,30.089969],[-97.868827,30.089872],[-97.869052,30.089846],[-97.869016,30.090097],[-97.869032,30.090696]]]}},{"type":"Feature","properties":{"leisure":"park"},"geometry":{"type":"Polygon","coordinates":[[[-97.866896,30.086423],[-97.866415,30.086541],[-97.86633,30.086527],[-97.866258,30.086544],[-97.866258,30.086493],[-97.865972,30.086493],[-97.865971,30.086532],[-97.86535,30.086533],[-97.865317,30.086448],[-97.865283,30.08641],[-97.865192,30.086384],[-97.865105,30.086402],[-97.865034,30.086476],[-97.865034,30.086212],[-97.864061,30.08622],[-97.864059,30.085717],[-97.866882,30.08568],[-97.866896,30.086423]]]}},{"type":"Feature","properties":{"natural":"wood"},"geometry":{"type":"Polygon","coordinates":[[[-97.864315,30.094419],[-97.862872,30.093716],[-97.862281,30.093668],[-97.862304,30.092857],[-97.861256,30.092589],[-97.859662,30.091902],[-97.859202,30.091797],[-97.858587,30.091803],[-97.858588,30.092063],[-97.858462,30.092063],[-97.858056,30.092224],[-97.857865,30.093097],[-97.856827,30.092968],[-97.85659,30.093263],[-97.855719,30.093277],[-97.855694,30.091901],[-97.85525,30.091939],[-97.854666,30.092169],[-97.854032,30.092496],[-97.853533,30.09262],[-97.852042,30.092694],[-97.852042,30.09281],[-97.851633,30.092941],[-97.850979,30.093262],[-97.850292,30.094071],[-97.850611,30.094342],[-97.850342,30.094554],[-97.850079,30.095035],[-97.850253,30.095128],[-97.850163,30.095345],[-97.850061,30.095324],[-97.849924,30.095557],[-97.849718,30.095626],[-97.849673,30.095748],[-97.84932,30.095813],[-97.848919,30.095837],[-97.848693,30.096224],[-97.848598,30.097159],[-97.848568,30.099351],[-97.848693,30.099734],[-97.849942,30.100814],[-97.850605,30.10084],[-97.850569,30.100173],[-97.850169,30.099532],[-97.850247,30.099372],[-97.850545,30.099475],[-97.850608,30.099312],[-97.850376,30.099023],[-97.851195,30.098305],[-97.851181,30.098016],[-97.851387,30.096997],[-97.851373,30.096306],[-97.851499,30.095945],[-97.851851,30.095314],[-97.852423,30.095151],[-97.85444,30.094727],[-97.855515,30.094709],[-97.85599,30.094664],[-97.856221,30.094714],[-97.856477,30.094845],[-97.857897,30.094815],[-97.85815,30.094202],[-97.858395,30.093888],[-97.860219,30.093919],[-97.860386,30.094389],[-97.860803,30.094641],[-97.860943,30.094544],[-97.86165,30.094511],[-97.861935,30.09471],[-97.862412,30.09469],[-97.86246,30.094476],[-97.863005,30.094461],[-97.863661,30.094589],[-97.863798,30.094639],[-97.864117,30.09463],[-97.864315,30.094419]]]}},{"type":"Feature","properties":{"leisure":"park"},"geometry":{"type":"Polygon","coordinates":[[[-97.839552,30.055689],[-97.839409,30.055695],[-97.839394,30.055341],[-97.838669,30.055355],[-97.838582,30.055097],[-97.838561,30.054958],[-97.838662,30.054704],[-97.838782,30.054457],[-97.839683,30.05479],[-97.839589,30.055111],[-97.839975,30.055195],[-97.840272,30.055228],[-97.840534,30.055232],[-97.840536,30.055329],[-97.839529,30.055341],[-97.839552,30.055689]]]}},{"type":"Feature","properties":{"natural":"water"},"geometry":{"type":"Polygon","coordinates":[[[-97.847632,30.051629],[-97.847619,30.051693],[-97.847518,30.051747],[-97.847396,30.051771],[-97.847315,30.051771],[-97.847267,30.051747],[-97.847232,30.051693],[-97.847232,30.051655],[-97.847256,30.051609],[-97.847458,30.051555],[-97.847557,30.051558],[-97.84761,30.051586],[-97.847632,30.051629]]]}},{"type":"Feature","properties":{"natural":"water"},"geometry":{"type":"Polygon","coordinates":[[[-97.839641,30.052432],[-97.839497,30.052535],[-97.839391,30.052484],[-97.839178,30.052457],[-97.839054,30.052415],[-97.839178,30.051984],[-97.839229,30.051972],[-97.839576,30.052019],[-97.83966,30.052404],[-97.839641,30.052432]]]}},{"type":"Feature","properties":{"natural":"water"},"geometry":{"type":"Polygon","coordinates":[[[-97.838775,30.051755],[-97.838564,30.051771],[-97.838332,30.051748],[-97.838286,30.051715],[-97.838286,30.051655],[-97.838316,30.051593],[-97.838363,30.051555],[-97.838708,30.051486],[-97.838759,30.051542],[-97.83879,30.05172],[-97.838775,30.051755]]]}},{"type":"Feature","properties":{"natural":"water"},"geometry":{"type":"Polygon","coordinates":[[[-97.83137,30.059327],[-97.830836,30.060442],[-97.830736,30.060488],[-97.830351,30.060332],[-97.830326,30.060271],[-97.830662,30.059101],[-97.83074,30.059076],[-97.831327,30.059282],[-97.83137,30.059327]]]}},{"type":"Feature","properties":{"natural":"water"},"geometry":{"type":"Polygon","coordinates":[[[-97.831434,30.059151],[-97.830688,30.058912],[-97.830476,30.059009],[-97.830248,30.059971],[-97.830154,30.060017],[-97.829996,30.059996],[-97.829916,30.05995],[-97.82991,30.058694],[-97.829983,30.058585],[-97.830624,30.058564],[-97.831445,30.058659],[-97.831667,30.05878],[-97.831496,30.059105],[-97.831434,30.059151]]]}},{"type":"Feature","properties":{"natural":"water"},"geometry":{"type":"Polygon","coordinates":[[[-97.8302,30.060102],[-97.83012,30.060306],[-97.829886,30.060243],[-97.829913,30.060015],[-97.8302,30.060102]]]}},{"type":"Feature","properties":{"natural":"water"},"geometry":{"type":"Polygon","coordinates":[[[-97.835145,30.061793],[-97.835156,30.061845],[-97.835137,30.061934],[-97.83508,30.061991],[-97.835034,30.062012],[-97.834939,30.062007],[-97.834857,30.061971],[-97.834834,30.061925],[-97.834838,30.061804],[-97.834857,30.061771],[-97.835015,30.061727],[-97.835098,30.061747],[-97.835145,30.061793]]]}},{"type":"Feature","properties":{"natural":"water"},"geometry":{"type":"Polygon","coordinates":[[[-97.830392,30.077387],[-97.830386,30.077543],[-97.830122,30.077536],[-97.830122,30.077311],[-97.83025,30.077309],[-97.830392,30.077387]]]}},{"type":"Feature","properties":{"natural":"water"},"geometry":{"type":"Polygon","coordinates":[[[-97.852164,30.137708],[-97.852175,30.137935],[-97.852159,30.137963],[-97.85207,30.137987],[-97.852036,30.137959],[-97.851958,30.137721],[-97.851961,30.137684],[-97.851981,30.137653],[-97.852039,30.137653],[-97.852107,30.137671],[-97.852164,30.137708]]]}},{"type":"Feature","properties":{"natural":"water"},"geometry":{"type":"Polygon","coordinates":[[[-97.854776,30.139315],[-97.854878,30.139491],[-97.854855,30.139629],[-97.854788,30.139684],[-97.854666,30.139684],[-97.854269,30.139557],[-97.854234,30.139511],[-97.854253,30.139443],[-97.854524,30.139326],[-97.854671,30.139299],[-97.854776,30.139315]]]}},{"type":"Feature","properties":{"natural":"water"},"geometry":{"type":"Polygon","coordinates":[[[-97.856229,30.133853],[-97.856219,30.134],[-97.856197,30.134049],[-97.856149,30.134082],[-97.856119,30.134089],[-97.85606,30.133973],[-97.85602,30.133972],[-97.856001,30.134005],[-97.856072,30.134238],[-97.856065,30.13426],[-97.855902,30.134331],[-97.855746,30.134277],[-97.855734,30.134251],[-97.855756,30.134175],[-97.855718,30.134121],[-97.855521,30.134009],[-97.855521,30.133966],[-97.855485,30.133923],[-97.855479,30.13388],[-97.855776,30.13361],[-97.855853,30.133598],[-97.85601,30.133637],[-97.856173,30.13374],[-97.856216,30.13378],[-97.856229,30.133853]]]}},{"type":"Feature","properties":{"natural":"water"},"geometry":{"type":"Polygon","coordinates":[[[-97.860301,30.123725],[-97.86051,30.123862],[-97.860543,30.123901],[-97.860524,30.123996],[-97.860469,30.124047],[-97.860386,30.124077],[-97.860027,30.12411],[-97.859927,30.124074],[-97.859873,30.124016],[-97.859857,30.123977],[-97.859883,30.12378],[-97.859961,30.123577],[-97.860004,30.123549],[-97.860051,30.123545],[-97.860092,30.123629],[-97.860209,30.123673],[-97.860225,30.123705],[-97.860301,30.123725]]]}},{"type":"Feature","properties":{"leisure":"park"},"geometry":{"type":"Polygon","coordinates":[[[-97.855126,30.107918],[-97.855042,30.106764],[-97.85517,30.106437],[-97.854883,30.106223],[-97.854817,30.106215],[-97.854642,30.106348],[-97.854453,30.106447],[-97.854245,30.106526],[-97.853998,30.106566],[-97.852267,30.106602],[-97.852229,30.106621],[-97.852232,30.107528],[-97.852253,30.107547],[-97.852371,30.107558],[-97.853887,30.107528],[-97.854146,30.107566],[-97.854549,30.107672],[-97.854849,30.107852],[-97.854991,30.10797],[-97.855026,30.10797],[-97.855126,30.107918]]]}},{"type":"Feature","properties":{"natural":"water"},"geometry":{"type":"Polygon","coordinates":[[[-97.867542,30.09478],[-97.86757,30.094731],[-97.867558,30.09468],[-97.867534,30.094658],[-97.867487,30.094639],[-97.867407,30.094645],[-97.867302,30.09468],[-97.867294,30.094775],[-97.867341,30.094808],[-97.867437,30.094818],[-97.867542,30.09478]]]}},{"type":"Feature","properties":{"natural":"water"},"geometry":{"type":"Polygon","coordinates":[[[-97.879081,30.101351],[-97.879052,30.10148],[-97.879221,30.101849],[-97.879244,30.10196],[-97.879223,30.102088],[-97.879187,30.102135],[-97.879103,30.10213],[-97.878914,30.101986],[-97.878689,30.101664],[-97.87842,30.101589],[-97.878355,30.101548],[-97.878349,30.101488],[-97.878457,30.101418],[-97.878937,30.101256],[-97.879028,30.10126],[-97.879065,30.101286],[-97.879081,30.101351]]]}},{"type":"Feature","properties":{"natural":"water"},"geometry":{"type":"Polygon","coordinates":[[[-97.880198,30.097734],[-97.880251,30.097752],[-97.880281,30.097838],[-97.880272,30.097921],[-97.880246,30.097959],[-97.880148,30.097968],[-97.880097,30.097956],[-97.880056,30.097876],[-97.880054,30.09782],[-97.880079,30.097749],[-97.880123,30.097732],[-97.880198,30.097734]]]}},{"type":"Feature","properties":{"natural":"water"},"geometry":{"type":"Polygon","coordinates":[[[-97.880637,30.097719],[-97.880451,30.097947],[-97.880359,30.097948],[-97.880371,30.097833],[-97.880334,30.097686],[-97.880387,30.097648],[-97.880587,30.097676],[-97.880637,30.097719]]]}},{"type":"Feature","properties":{"natural":"water"},"geometry":{"type":"Polygon","coordinates":[[[-97.875423,30.093964],[-97.875278,30.093973],[-97.875185,30.094033],[-97.875073,30.094032],[-97.875075,30.093921],[-97.875424,30.093915],[-97.875423,30.093964]]]}},{"type":"Feature","properties":{"natural":"water"},"geometry":{"type":"Polygon","coordinates":[[[-97.835206,30.167531],[-97.835169,30.167555],[-97.835083,30.16756],[-97.835083,30.167619],[-97.835166,30.16762],[-97.835203,30.16764],[-97.835202,30.167824],[-97.83516,30.16799],[-97.83509,30.167986],[-97.83509,30.168013],[-97.83505,30.168006],[-97.835016,30.168049],[-97.835037,30.16809],[-97.834972,30.168095],[-97.834957,30.167467],[-97.835206,30.167465],[-97.835206,30.167531]]]}},{"type":"Feature","properties":{"natural":"water"},"geometry":{"type":"Polygon","coordinates":[[[-97.834815,30.073889],[-97.834828,30.074672],[-97.834472,30.074676],[-97.834459,30.073894],[-97.834815,30.073889]]]}},{"type":"Feature","properties":{"natural":"water"},"geometry":{"type":"Polygon","coordinates":[[[-97.846776,30.07998],[-97.846597,30.080272],[-97.846528,30.080277],[-97.84642,30.08033],[-97.846406,30.080145],[-97.846776,30.07998]]]}},{"type":"Feature","properties":{"natural":"water"},"geometry":{"type":"Polygon","coordinates":[[[-97.838287,30.085857],[-97.838215,30.086041],[-97.838181,30.086176],[-97.838091,30.086348],[-97.837837,30.086718],[-97.837783,30.086776],[-97.83723,30.08715],[-97.83719,30.087109],[-97.837752,30.086728],[-97.838082,30.086252],[-97.838156,30.086037],[-97.838102,30.08582],[-97.838173,30.085805],[-97.838261,30.085833],[-97.838287,30.085857]]]}},{"type":"Feature","properties":{"natural":"water"},"geometry":{"type":"Polygon","coordinates":[[[-97.87538,30.09704],[-97.875164,30.097168],[-97.875159,30.096731],[-97.875173,30.096724],[-97.87538,30.09704]]]}},{"type":"Feature","properties":{"natural":"water"},"geometry":{"type":"Polygon","coordinates":[[[-97.878248,30.097525],[-97.877884,30.097583],[-97.877861,30.097478],[-97.878182,30.097422],[-97.878239,30.097437],[-97.878248,30.097525]]]}},{"type":"Feature","properties":{"natural":"water"},"geometry":{"type":"Polygon","coordinates":[[[-97.879153,30.09746],[-97.878928,30.097463],[-97.878926,30.097361],[-97.87915,30.097357],[-97.879153,30.09746]]]}},{"type":"Feature","properties":{"natural":"water"},"geometry":{"type":"Polygon","coordinates":[[[-97.876864,30.101951],[-97.876654,30.102139],[-97.876579,30.102116],[-97.876551,30.102083],[-97.876655,30.101883],[-97.87668,30.101865],[-97.876852,30.101917],[-97.876864,30.101951]]]}},{"type":"Feature","properties":{"natural":"water"},"geometry":{"type":"Polygon","coordinates":[[[-97.876569,30.101834],[-97.87643,30.102093],[-97.876149,30.101983],[-97.87619,30.101642],[-97.876569,30.101834]]]}},{"type":"Feature","properties":{"natural":"water"},"geometry":{"type":"Polygon","coordinates":[[[-97.886975,30.076717],[-97.886483,30.076931],[-97.886391,30.076916],[-97.886328,30.076858],[-97.886331,30.076796],[-97.886526,30.076662],[-97.886897,30.076551],[-97.886989,30.07657],[-97.887046,30.076616],[-97.886975,30.076717]]]}},{"type":"Feature","properties":{"natural":"water"},"geometry":{"type":"Polygon","coordinates":[[[-97.906834,30.110582],[-97.906836,30.110668],[-97.906879,30.110818],[-97.906866,30.110872],[-97.906792,30.110913],[-97.906719,30.110924],[-97.906588,30.110899],[-97.906567,30.110876],[-97.906569,30.110762],[-97.906702,30.11071],[-97.906718,30.110687],[-97.906696,30.110659],[-97.906693,30.110619],[-97.906748,30.110554],[-97.906829,30.11054],[-97.906834,30.110582]]]}},{"type":"Feature","properties":{"natural":"water"},"geometry":{"type":"Polygon","coordinates":[[[-97.888696,30.121467],[-97.888716,30.121595],[-97.888533,30.121799],[-97.88844,30.121877],[-97.888364,30.121896],[-97.888322,30.121875],[-97.888291,30.121711],[-97.888312,30.121625],[-97.888492,30.121413],[-97.888545,30.121386],[-97.888651,30.121406],[-97.888696,30.121467]]]}},{"type":"Feature","properties":{"natural":"water"},"geometry":{"type":"Polygon","coordinates":[[[-97.872215,30.115254],[-97.872293,30.115382],[-97.872295,30.115516],[-97.872255,30.115586],[-97.872183,30.115586],[-97.872089,30.115509],[-97.872046,30.1154],[-97.872046,30.115321],[-97.872075,30.115279],[-97.872129,30.115256],[-97.872215,30.115254]]]}},{"type":"Feature","properties":{"natural":"water"},"geometry":{"type":"Polygon","coordinates":[[[-97.867345,30.080035],[-97.867302,30.08012],[-97.867151,30.080185],[-97.86709,30.080185],[-97.867055,30.080134],[-97.86706,30.080076],[-97.867189,30.079981],[-97.867285,30.079977],[-97.867345,30.080035]]]}},{"type":"Feature","properties":{"natural":"water"},"geometry":{"type":"Polygon","coordinates":[[[-97.8682,30.079243],[-97.868275,30.079252],[-97.868332,30.079292],[-97.868345,30.079331],[-97.868334,30.079375],[-97.868257,30.079422],[-97.868184,30.079413],[-97.868125,30.079385],[-97.868074,30.079313],[-97.868098,30.079273],[-97.868144,30.079245],[-97.8682,30.079243]]]}},{"type":"Feature","properties":{"natural":"water"},"geometry":{"type":"Polygon","coordinates":[[[-97.873477,30.081241],[-97.873709,30.081334],[-97.873735,30.081377],[-97.873725,30.081415],[-97.873686,30.081443],[-97.873621,30.081443],[-97.873424,30.081396],[-97.873381,30.081357],[-97.873384,30.081305],[-97.873406,30.081245],[-97.873477,30.081241]]]}},{"type":"Feature","properties":{"natural":"water"},"geometry":{"type":"Polygon","coordinates":[[[-97.873806,30.080603],[-97.873812,30.080979],[-97.873792,30.081032],[-97.87376,30.081051],[-97.873599,30.081039],[-97.873583,30.081021],[-97.873632,30.080587],[-97.87365,30.080559],[-97.873692,30.080552],[-97.873786,30.080569],[-97.873806,30.080603]]]}},{"type":"Feature","properties":{"natural":"water"},"geometry":{"type":"Polygon","coordinates":[[[-97.875091,30.080392],[-97.875038,30.080024],[-97.875067,30.079952],[-97.875125,30.079911],[-97.875245,30.079913],[-97.875512,30.079968],[-97.875587,30.080013],[-97.875829,30.080323],[-97.875843,30.080395],[-97.875829,30.080455],[-97.87576,30.080483],[-97.875433,30.080471],[-97.875166,30.080427],[-97.875091,30.080392]]]}},{"type":"Feature","properties":{"natural":"water"},"geometry":{"type":"Polygon","coordinates":[[[-97.892488,30.080986],[-97.892109,30.080991],[-97.891918,30.080952],[-97.891888,30.080919],[-97.89189,30.080887],[-97.891934,30.080849],[-97.891937,30.080766],[-97.891978,30.080719],[-97.892105,30.08068],[-97.892383,30.080687],[-97.89247,30.080873],[-97.892488,30.080986]]]}},{"type":"Feature","properties":{"natural":"water"},"geometry":{"type":"Polygon","coordinates":[[[-97.889008,30.096639],[-97.889119,30.096745],[-97.889144,30.096815],[-97.88914,30.096868],[-97.88907,30.096958],[-97.888962,30.097006],[-97.888798,30.09703],[-97.888731,30.097012],[-97.888681,30.096966],[-97.888657,30.096892],[-97.888663,30.09682],[-97.888691,30.096748],[-97.888783,30.096689],[-97.888922,30.096633],[-97.889008,30.096639]]]}},{"type":"Feature","properties":{"natural":"water"},"geometry":{"type":"Polygon","coordinates":[[[-97.88902,30.098902],[-97.889107,30.098926],[-97.889168,30.098987],[-97.889156,30.099046],[-97.88911,30.09911],[-97.888993,30.099155],[-97.8889,30.099166],[-97.888851,30.099134],[-97.888832,30.099014],[-97.888891,30.098923],[-97.88902,30.098902]]]}},{"type":"Feature","properties":{"natural":"water"},"geometry":{"type":"Polygon","coordinates":[[[-97.890189,30.101122],[-97.890186,30.102665],[-97.890118,30.102696],[-97.88997,30.102711],[-97.889903,30.10269],[-97.889871,30.102638],[-97.889885,30.10133],[-97.889899,30.10118],[-97.889952,30.101122],[-97.890189,30.101122]]]}},{"type":"Feature","properties":{"natural":"water"},"geometry":{"type":"Polygon","coordinates":[[[-97.888165,30.102099],[-97.88831,30.102138],[-97.888423,30.102233],[-97.888437,30.102298],[-97.888416,30.102387],[-97.888367,30.102432],[-97.888271,30.102466],[-97.8882,30.102469],[-97.888143,30.102451],[-97.887949,30.102279],[-97.887899,30.102197],[-97.887892,30.102145],[-97.887913,30.102114],[-97.888073,30.102083],[-97.888165,30.102099]]]}},{"type":"Feature","properties":{"natural":"water"},"geometry":{"type":"Polygon","coordinates":[[[-97.891897,30.092724],[-97.891893,30.092815],[-97.891836,30.092865],[-97.891731,30.092865],[-97.891666,30.09284],[-97.891645,30.092787],[-97.891658,30.092734],[-97.891711,30.092699],[-97.891845,30.092685],[-97.891897,30.092724]]]}},{"type":"Feature","properties":{"natural":"water"},"geometry":{"type":"Polygon","coordinates":[[[-97.893337,30.092302],[-97.893349,30.092506],[-97.893308,30.092548],[-97.893007,30.092604],[-97.892902,30.092654],[-97.892576,30.092703],[-97.892487,30.092682],[-97.89245,30.092657],[-97.892402,30.092467],[-97.892422,30.092404],[-97.892524,30.092369],[-97.89328,30.092256],[-97.893337,30.092302]]]}},{"type":"Feature","properties":{"natural":"water"},"geometry":{"type":"Polygon","coordinates":[[[-97.917561,30.082038],[-97.917378,30.082552],[-97.917301,30.08258],[-97.916488,30.082278],[-97.916435,30.082232],[-97.91652,30.081876],[-97.916565,30.081778],[-97.916683,30.081771],[-97.917362,30.08194],[-97.917508,30.081982],[-97.917561,30.082038]]]}},{"type":"Feature","properties":{"natural":"water"},"geometry":{"type":"Polygon","coordinates":[[[-97.873384,30.106346],[-97.873457,30.106423],[-97.873457,30.106514],[-97.873405,30.106657],[-97.873186,30.106764],[-97.873074,30.106768],[-97.873032,30.106703],[-97.873039,30.106471],[-97.873069,30.106392],[-97.873106,30.106344],[-97.873225,30.106303],[-97.873295,30.106306],[-97.873384,30.106346]]]}},{"type":"Feature","properties":{"natural":"water"},"geometry":{"type":"Polygon","coordinates":[[[-97.85988,30.155746],[-97.859648,30.155831],[-97.859588,30.155709],[-97.85982,30.155624],[-97.85988,30.155746]]]}},{"type":"Feature","properties":{"natural":"water"},"geometry":{"type":"Polygon","coordinates":[[[-97.859672,30.155822],[-97.859746,30.156005],[-97.859695,30.156029],[-97.85963,30.156022],[-97.859585,30.155987],[-97.859463,30.155739],[-97.859475,30.155711],[-97.859532,30.155692],[-97.859588,30.155709],[-97.859648,30.155831],[-97.859672,30.155822]]]}},{"type":"Feature","properties":{"natural":"wood"},"geometry":{"type":"Polygon","coordinates":[[[-97.884128,30.142584],[-97.882621,30.144169],[-97.88175,30.144751],[-97.880738,30.145032],[-97.879612,30.144996],[-97.878742,30.1448],[-97.876894,30.143778],[-97.876505,30.143288],[-97.876377,30.142357],[-97.876894,30.140037],[-97.876922,30.139285],[-97.876646,30.138385],[-97.876979,30.138097],[-97.877347,30.137975],[-97.877768,30.139057],[-97.880607,30.138734],[-97.881224,30.139566],[-97.880514,30.139574],[-97.880635,30.142377],[-97.877114,30.142377],[-97.877525,30.143233],[-97.878431,30.144016],[-97.879477,30.144412],[-97.880514,30.144517],[-97.881317,30.144307],[-97.881831,30.143895],[-97.883054,30.142562],[-97.884418,30.14127],[-97.884782,30.141125],[-97.88482,30.139574],[-97.893057,30.139695],[-97.893842,30.139356],[-97.894038,30.139],[-97.894001,30.137538],[-97.895103,30.13749],[-97.894981,30.138548],[-97.894262,30.139832],[-97.892861,30.140826],[-97.891301,30.141254],[-97.889097,30.141569],[-97.886938,30.1423],[-97.88668,30.142536],[-97.886401,30.142587],[-97.886053,30.142796],[-97.886058,30.143181],[-97.885661,30.14339],[-97.885328,30.14339],[-97.884905,30.143316],[-97.884808,30.142699],[-97.88447,30.142495],[-97.884128,30.142584]]]}},{"type":"Feature","properties":{"natural":"wood"},"geometry":{"type":"Polygon","coordinates":[[[-97.877349,30.137694],[-97.876479,30.138263],[-97.875024,30.136836],[-97.875048,30.136727],[-97.876258,30.135745],[-97.877066,30.136791],[-97.877349,30.137694]]]}},{"type":"Feature","properties":{"natural":"water"},"geometry":{"type":"Polygon","coordinates":[[[-97.872005,30.136978],[-97.871715,30.137095],[-97.871407,30.137095],[-97.871309,30.137047],[-97.871276,30.136962],[-97.871304,30.136873],[-97.871439,30.1368],[-97.871575,30.136772],[-97.871799,30.136825],[-97.871948,30.136897],[-97.872005,30.136978]]]}},{"type":"Feature","properties":{"natural":"water"},"geometry":{"type":"Polygon","coordinates":[[[-97.872355,30.135532],[-97.872738,30.135726],[-97.872738,30.135787],[-97.87263,30.135847],[-97.87249,30.135888],[-97.872285,30.135839],[-97.87214,30.135775],[-97.872126,30.135682],[-97.872243,30.135536],[-97.872355,30.135532]]]}},{"type":"Feature","properties":{"natural":"wood"},"geometry":{"type":"Polygon","coordinates":[[[-97.894497,30.137199],[-97.893896,30.13727],[-97.893457,30.135941],[-97.893392,30.134914],[-97.894145,30.132627],[-97.895693,30.132626],[-97.894774,30.133059],[-97.894362,30.134128],[-97.894065,30.134988],[-97.894182,30.135968],[-97.894497,30.137199]]]}},{"type":"Feature","properties":{"natural":"wood"},"geometry":{"type":"Polygon","coordinates":[[[-97.893057,30.145896],[-97.887817,30.143868],[-97.886179,30.143273],[-97.885761,30.143533],[-97.885332,30.143649],[-97.888213,30.144943],[-97.893068,30.146891],[-97.893057,30.145896]]]}},{"type":"Feature","properties":{"natural":"water"},"geometry":{"type":"Polygon","coordinates":[[[-97.906914,30.127222],[-97.907212,30.12725],[-97.907287,30.127198],[-97.907348,30.126842],[-97.907306,30.126741],[-97.907194,30.126705],[-97.906993,30.126677],[-97.906843,30.126568],[-97.906671,30.126547],[-97.906559,30.126584],[-97.90646,30.126996],[-97.906498,30.127141],[-97.906582,30.127141],[-97.906689,30.127073],[-97.906699,30.127012],[-97.906755,30.127012],[-97.906899,30.127109],[-97.906914,30.127222]]]}},{"type":"Feature","properties":{"natural":"wood"},"geometry":{"type":"Polygon","coordinates":[[[-97.91395,30.116495],[-97.913137,30.116786],[-97.913145,30.116013],[-97.914222,30.115807],[-97.91395,30.116495]]]}},{"type":"Feature","properties":{"natural":"wood"},"geometry":{"type":"Polygon","coordinates":[[[-97.91286,30.116835],[-97.911551,30.117194],[-97.908331,30.119916],[-97.907014,30.120781],[-97.906368,30.122567],[-97.906368,30.119867],[-97.908006,30.118622],[-97.90999,30.117813],[-97.91082,30.117166],[-97.912893,30.116153],[-97.91286,30.116835]]]}},{"type":"Feature","properties":{"natural":"water"},"geometry":{"type":"Polygon","coordinates":[[[-97.854474,30.153282],[-97.854375,30.153276],[-97.854323,30.153224],[-97.854325,30.152752],[-97.854203,30.152517],[-97.854205,30.152328],[-97.85409,30.15189],[-97.854116,30.151856],[-97.854443,30.151829],[-97.854474,30.153282]]]}},{"type":"Feature","properties":{"natural":"water"},"geometry":{"type":"Polygon","coordinates":[[[-97.943205,30.061012],[-97.943542,30.060761],[-97.943832,30.060948],[-97.943872,30.06107],[-97.943791,30.061589],[-97.94402,30.062532],[-97.943778,30.062958],[-97.943488,30.062626],[-97.942869,30.062043],[-97.942623,30.061725],[-97.942768,30.061344],[-97.942916,30.061169],[-97.943205,30.061012]]]}},{"type":"Feature","properties":{"natural":"water"},"geometry":{"type":"Polygon","coordinates":[[[-97.941537,30.05959],[-97.94169,30.059526],[-97.941877,30.059491],[-97.941951,30.059512],[-97.941941,30.059584],[-97.941847,30.059614],[-97.941567,30.059643],[-97.941537,30.05959]]]}},{"type":"Feature","properties":{"natural":"water"},"geometry":{"type":"Polygon","coordinates":[[[-97.905334,30.088664],[-97.905345,30.088134],[-97.905163,30.087949],[-97.905013,30.087897],[-97.904736,30.08811],[-97.904782,30.088269],[-97.905088,30.088427],[-97.905334,30.088664]]]}},{"type":"Feature","properties":{"natural":"water"},"geometry":{"type":"Polygon","coordinates":[[[-97.843639,30.129239],[-97.843362,30.129107],[-97.84333,30.128948],[-97.843334,30.12879],[-97.843401,30.128746],[-97.843522,30.128726],[-97.843658,30.128753],[-97.843744,30.128837],[-97.843736,30.129019],[-97.843713,30.129141],[-97.843639,30.129239]]]}},{"type":"Feature","properties":{"natural":"water"},"geometry":{"type":"Polygon","coordinates":[[[-97.848342,30.141454],[-97.848363,30.141609],[-97.848043,30.14168],[-97.848034,30.141403],[-97.848307,30.141369],[-97.848436,30.141431],[-97.848342,30.141454]]]}},{"type":"Feature","properties":{"natural":"water"},"geometry":{"type":"Polygon","coordinates":[[[-97.847859,30.141609],[-97.847808,30.141522],[-97.847567,30.141623],[-97.847385,30.141383],[-97.847418,30.141314],[-97.847936,30.141322],[-97.847859,30.141609]]]}},{"type":"Feature","properties":{"natural":"water"},"geometry":{"type":"Polygon","coordinates":[[[-97.896416,30.098684],[-97.896385,30.098729],[-97.896345,30.098738],[-97.89626,30.098729],[-97.896242,30.098703],[-97.896222,30.098279],[-97.896305,30.098278],[-97.896303,30.098237],[-97.896381,30.098248],[-97.896406,30.098309],[-97.896416,30.098684]]]}},{"type":"Feature","properties":{"natural":"wood"},"geometry":{"type":"Polygon","coordinates":[[[-97.938063,30.075927],[-97.938005,30.078155],[-97.937979,30.078228],[-97.937026,30.078333],[-97.936807,30.078646],[-97.936569,30.078807],[-97.936621,30.078896],[-97.936679,30.078902],[-97.936711,30.078829],[-97.936859,30.078824],[-97.936865,30.078913],[-97.936833,30.078991],[-97.936756,30.079002],[-97.936537,30.079175],[-97.936434,30.079147],[-97.936337,30.079086],[-97.936086,30.079331],[-97.935816,30.079453],[-97.935661,30.079464],[-97.935436,30.079604],[-97.935301,30.07962],[-97.935301,30.07981],[-97.935269,30.079994],[-97.935217,30.080077],[-97.935037,30.08015],[-97.934966,30.080122],[-97.934973,30.079982],[-97.934838,30.080022],[-97.934709,30.080005],[-97.934702,30.07991],[-97.934812,30.079743],[-97.934831,30.079654],[-97.934767,30.079626],[-97.934535,30.07967],[-97.934252,30.079921],[-97.93391,30.079971],[-97.933666,30.080205],[-97.933492,30.0802],[-97.933415,30.080239],[-97.933305,30.080389],[-97.933202,30.080417],[-97.933048,30.080634],[-97.932951,30.080712],[-97.932771,30.080723],[-97.932629,30.080712],[-97.932552,30.080662],[-97.932475,30.080473],[-97.931895,30.080178],[-97.928029,30.077113],[-97.927963,30.075002],[-97.928496,30.075041],[-97.928612,30.074986],[-97.928619,30.074807],[-97.928818,30.074562],[-97.928818,30.074451],[-97.928413,30.07391],[-97.928342,30.07391],[-97.927988,30.074139],[-97.927904,30.074484],[-97.927769,30.074789],[-97.926406,30.074776],[-97.926415,30.071482],[-97.926985,30.071136],[-97.927947,30.070664],[-97.928927,30.070414],[-97.930391,30.070185],[-97.930987,30.069993],[-97.931473,30.06961],[-97.933238,30.069606],[-97.933786,30.069204],[-97.934064,30.06882],[-97.933974,30.06817],[-97.933981,30.067598],[-97.934821,30.067138],[-97.93513,30.06687],[-97.935709,30.06674],[-97.936162,30.06611],[-97.936889,30.065924],[-97.937235,30.065811],[-97.937866,30.065367],[-97.93832,30.065192],[-97.938653,30.065202],[-97.938916,30.065543],[-97.938868,30.065625],[-97.93801,30.066213],[-97.937378,30.066523],[-97.936853,30.066636],[-97.93652,30.066801],[-97.936376,30.067039],[-97.936174,30.067142],[-97.9359,30.067214],[-97.935733,30.067204],[-97.935792,30.06741],[-97.935768,30.067596],[-97.934958,30.067833],[-97.934934,30.070237],[-97.935351,30.070206],[-97.93621,30.06969],[-97.937092,30.069494],[-97.937831,30.068431],[-97.938367,30.068163],[-97.939118,30.066904],[-97.939643,30.066719],[-97.940418,30.066729],[-97.941407,30.0674],[-97.941646,30.067658],[-97.941622,30.068988],[-97.941324,30.069071],[-97.940978,30.068865],[-97.940799,30.068854],[-97.940775,30.068999],[-97.940906,30.069401],[-97.940847,30.069556],[-97.940036,30.069927],[-97.940036,30.070041],[-97.940298,30.070031],[-97.940584,30.069958],[-97.940751,30.07],[-97.940751,30.070247],[-97.939869,30.070732],[-97.939631,30.070815],[-97.939404,30.070763],[-97.938653,30.070515],[-97.938033,30.070412],[-97.937712,30.070598],[-97.937509,30.07066],[-97.937366,30.070649],[-97.937068,30.070443],[-97.936889,30.070402],[-97.936448,30.070608],[-97.935947,30.070443],[-97.935602,30.070567],[-97.934862,30.070618],[-97.934839,30.071392],[-97.934171,30.071805],[-97.933086,30.072207],[-97.931537,30.073022],[-97.931334,30.073249],[-97.931167,30.074745],[-97.931143,30.076065],[-97.931,30.076262],[-97.930738,30.076272],[-97.930583,30.076323],[-97.930344,30.07653],[-97.930571,30.077118],[-97.930941,30.077747],[-97.930869,30.077922],[-97.930654,30.07818],[-97.930714,30.078686],[-97.930952,30.07882],[-97.93131,30.078892],[-97.931465,30.079294],[-97.931751,30.079397],[-97.932073,30.078913],[-97.932228,30.078861],[-97.932824,30.078892],[-97.932872,30.078768],[-97.932669,30.078531],[-97.932824,30.078521],[-97.933134,30.078603],[-97.933313,30.078737],[-97.933432,30.078717],[-97.933575,30.078552],[-97.934672,30.078191],[-97.935006,30.078294],[-97.935137,30.078273],[-97.935208,30.078067],[-97.935709,30.077541],[-97.9359,30.077386],[-97.936114,30.077489],[-97.936066,30.077644],[-97.936174,30.077685],[-97.936996,30.076819],[-97.937568,30.076065],[-97.937783,30.075869],[-97.938063,30.075927]]]}},{"type":"Feature","properties":{"natural":"wood"},"geometry":{"type":"Polygon","coordinates":[[[-97.928075,30.078554],[-97.929813,30.079283],[-97.930609,30.079971],[-97.931563,30.080251],[-97.931638,30.080173],[-97.930391,30.079068],[-97.928844,30.077853],[-97.928035,30.077301],[-97.928075,30.078554]]]}},{"type":"Feature","properties":{"natural":"wood"},"geometry":{"type":"Polygon","coordinates":[[[-97.940106,30.090534],[-97.939727,30.090584],[-97.940036,30.090049],[-97.940516,30.089591],[-97.940854,30.089469],[-97.941614,30.089395],[-97.941923,30.089266],[-97.94205,30.089343],[-97.942442,30.089343],[-97.942795,30.089176],[-97.942983,30.089223],[-97.943093,30.089329],[-97.943099,30.089391],[-97.943,30.089462],[-97.942784,30.089476],[-97.942586,30.089648],[-97.942359,30.089725],[-97.942354,30.089868],[-97.942233,30.089935],[-97.942161,30.089935],[-97.942006,30.089854],[-97.941852,30.089873],[-97.941752,30.089911],[-97.941758,30.090035],[-97.941703,30.090093],[-97.941498,30.090083],[-97.941372,30.090212],[-97.941554,30.09025],[-97.941819,30.090088],[-97.941946,30.090078],[-97.941962,30.090121],[-97.941846,30.090284],[-97.941957,30.090317],[-97.942117,30.090164],[-97.942299,30.090135],[-97.942387,30.090193],[-97.942387,30.090307],[-97.942442,30.09036],[-97.94279,30.090274],[-97.942818,30.090193],[-97.942895,30.090164],[-97.943005,30.090193],[-97.943143,30.090408],[-97.943132,30.090642],[-97.94327,30.090728],[-97.943518,30.091219],[-97.943474,30.091301],[-97.943391,30.091363],[-97.942177,30.091372],[-97.941962,30.091162],[-97.941923,30.091028],[-97.941946,30.090775],[-97.941846,30.090799],[-97.941763,30.090751],[-97.941692,30.090685],[-97.941581,30.090713],[-97.941454,30.09078],[-97.941289,30.090737],[-97.941311,30.090608],[-97.941294,30.090508],[-97.941167,30.090494],[-97.940649,30.090627],[-97.9404,30.090556],[-97.940106,30.090534]]]}},{"type":"Feature","properties":{"natural":"wood"},"geometry":{"type":"Polygon","coordinates":[[[-97.937971,30.089261],[-97.937491,30.089273],[-97.93693,30.089438],[-97.936322,30.089696],[-97.935393,30.089551],[-97.93488,30.089273],[-97.934391,30.088334],[-97.934749,30.087983],[-97.934773,30.087612],[-97.934939,30.087375],[-97.934868,30.087282],[-97.934463,30.087303],[-97.9342,30.086797],[-97.935285,30.086828],[-97.935369,30.08656],[-97.935249,30.086416],[-97.93544,30.086085],[-97.935404,30.085869],[-97.935345,30.085683],[-97.934212,30.085436],[-97.932639,30.08458],[-97.931864,30.084414],[-97.931161,30.084311],[-97.930517,30.08395],[-97.930421,30.083734],[-97.930636,30.083517],[-97.931053,30.083311],[-97.931184,30.082939],[-97.930946,30.081949],[-97.930898,30.081825],[-97.930565,30.081722],[-97.930421,30.081444],[-97.930278,30.081536],[-97.930028,30.081753],[-97.929837,30.081846],[-97.929563,30.081485],[-97.929468,30.081444],[-97.929122,30.081506],[-97.928574,30.081526],[-97.928166,30.081413],[-97.928364,30.087676],[-97.929422,30.087584],[-97.929803,30.087419],[-97.931317,30.086171],[-97.931758,30.086129],[-97.932331,30.086006],[-97.932831,30.086078],[-97.933594,30.086418],[-97.933749,30.086635],[-97.933582,30.087295],[-97.933809,30.088099],[-97.933737,30.088512],[-97.934059,30.089069],[-97.934011,30.089729],[-97.934238,30.089667],[-97.934727,30.090688],[-97.935001,30.090823],[-97.938112,30.090358],[-97.938923,30.090843],[-97.939088,30.090722],[-97.938315,30.089981],[-97.938045,30.089864],[-97.937971,30.089261]]]}},{"type":"Feature","properties":{"natural":"wood"},"geometry":{"type":"Polygon","coordinates":[[[-97.928312,30.123916],[-97.930765,30.123934],[-97.931863,30.124571],[-97.933184,30.124583],[-97.93356,30.124247],[-97.936355,30.123886],[-97.936313,30.124006],[-97.934297,30.124776],[-97.933143,30.124764],[-97.932475,30.124992],[-97.930584,30.124643],[-97.931822,30.125233],[-97.934535,30.125208],[-97.933939,30.1256],[-97.931435,30.126075],[-97.932818,30.126508],[-97.93351,30.126569],[-97.934082,30.127023],[-97.93401,30.127477],[-97.933295,30.12824],[-97.932508,30.128508],[-97.931316,30.128095],[-97.928479,30.12525],[-97.928312,30.123916]]]}},{"type":"Feature","properties":{"natural":"wood"},"geometry":{"type":"Polygon","coordinates":[[[-97.95143,30.077007],[-97.951931,30.076582],[-97.952291,30.07623],[-97.952499,30.075689],[-97.95248,30.075206],[-97.952612,30.074952],[-97.952679,30.074731],[-97.953435,30.074486],[-97.953861,30.073953],[-97.953852,30.0737],[-97.953757,30.073577],[-97.953596,30.073544],[-97.952943,30.074354],[-97.952745,30.074273],[-97.952537,30.074101],[-97.952328,30.07406],[-97.952177,30.074125],[-97.952158,30.07433],[-97.952385,30.074412],[-97.951855,30.075157],[-97.951505,30.075239],[-97.950029,30.075476],[-97.949461,30.076238],[-97.949055,30.076582],[-97.948676,30.076582],[-97.948383,30.076549],[-97.948175,30.0765],[-97.948184,30.076393],[-97.948402,30.07618],[-97.948383,30.075886],[-97.948269,30.07564],[-97.94808,30.075591],[-97.947891,30.075804],[-97.947891,30.076025],[-97.947976,30.076164],[-97.947938,30.076426],[-97.947616,30.076197],[-97.947635,30.076],[-97.947531,30.075706],[-97.947333,30.075591],[-97.947418,30.076099],[-97.947229,30.076876],[-97.947087,30.076893],[-97.946973,30.077073],[-97.946983,30.077376],[-97.947134,30.0774],[-97.9472,30.077548],[-97.947001,30.077941],[-97.946897,30.078285],[-97.947068,30.078285],[-97.947304,30.078145],[-97.947569,30.078227],[-97.948563,30.077949],[-97.949197,30.077376],[-97.949159,30.077196],[-97.949026,30.077016],[-97.949121,30.076909],[-97.949405,30.076844],[-97.949575,30.076827],[-97.949736,30.076876],[-97.949821,30.076762],[-97.949736,30.076631],[-97.949812,30.076549],[-97.949954,30.07659],[-97.950256,30.07632],[-97.950304,30.076369],[-97.949689,30.07722],[-97.949745,30.077368],[-97.950417,30.07731],[-97.950834,30.077106],[-97.95143,30.077007]]]}},{"type":"Feature","properties":{"natural":"wood"},"geometry":{"type":"Polygon","coordinates":[[[-97.938547,30.049483],[-97.939124,30.049219],[-97.939753,30.049161],[-97.940283,30.049286],[-97.941376,30.049782],[-97.942866,30.050919],[-97.944168,30.052085],[-97.945868,30.053088],[-97.947755,30.053126],[-97.950866,30.052564],[-97.953393,30.051826],[-97.954568,30.051584],[-97.954919,30.05147],[-97.956237,30.051414],[-97.957278,30.05141],[-97.959097,30.051594],[-97.96023,30.0518],[-97.960129,30.051553],[-97.959545,30.051357],[-97.959044,30.051128],[-97.958916,30.051421],[-97.956778,30.051229],[-97.955535,30.051207],[-97.954147,30.051318],[-97.952759,30.051738],[-97.95153,30.052065],[-97.950276,30.052198],[-97.948464,30.052285],[-97.946992,30.052013],[-97.945855,30.052061],[-97.945127,30.051956],[-97.944366,30.05144],[-97.944377,30.051],[-97.944233,30.05078],[-97.94324,30.050427],[-97.942577,30.049911],[-97.941728,30.049491],[-97.942224,30.049223],[-97.942634,30.04873],[-97.94259,30.0485],[-97.942281,30.048433],[-97.941431,30.047946],[-97.941166,30.047908],[-97.938919,30.048456],[-97.938778,30.048986],[-97.938547,30.049483]]]}},{"type":"Feature","properties":{"natural":"wood"},"geometry":{"type":"Polygon","coordinates":[[[-97.940966,30.07137],[-97.941571,30.070267],[-97.941996,30.070245],[-97.942202,30.070445],[-97.942344,30.070791],[-97.942138,30.071403],[-97.941468,30.072206],[-97.941262,30.072206],[-97.941146,30.07264],[-97.940979,30.072707],[-97.939717,30.073008],[-97.939421,30.072974],[-97.939357,30.072774],[-97.939369,30.072573],[-97.93964,30.07254],[-97.939627,30.072228],[-97.939743,30.072191],[-97.939987,30.07225],[-97.940039,30.072105],[-97.939975,30.071905],[-97.940322,30.071637],[-97.940683,30.07157],[-97.940966,30.07137]]]}},{"type":"Feature","properties":{"natural":"wood"},"geometry":{"type":"Polygon","coordinates":[[[-97.934444,30.066733],[-97.933628,30.065946],[-97.932734,30.065315],[-97.932601,30.064924],[-97.932678,30.064761],[-97.928462,30.064446],[-97.928562,30.064924],[-97.928749,30.065315],[-97.929069,30.065325],[-97.929916,30.066511],[-97.934444,30.066733]]]}},{"type":"Feature","properties":{"natural":"wood"},"geometry":{"type":"Polygon","coordinates":[[[-97.9261,30.063922],[-97.926464,30.06329],[-97.926873,30.06287],[-97.927248,30.06266],[-97.927491,30.062459],[-97.927789,30.062478],[-97.927855,30.062411],[-97.927932,30.061905],[-97.931994,30.061055],[-97.933396,30.063157],[-97.933573,30.063109],[-97.933837,30.062287],[-97.933595,30.06051],[-97.933893,30.060348],[-97.933959,30.060243],[-97.933716,30.0601],[-97.933473,30.059775],[-97.934489,30.059326],[-97.934577,30.059211],[-97.934599,30.057454],[-97.934798,30.057129],[-97.935118,30.056938],[-97.935703,30.05688],[-97.936211,30.057091],[-97.937778,30.056441],[-97.937811,30.055686],[-97.937943,30.055677],[-97.937943,30.056403],[-97.938065,30.056489],[-97.93823,30.056317],[-97.938418,30.056279],[-97.938859,30.056565],[-97.939511,30.056928],[-97.939798,30.056947],[-97.940239,30.056804],[-97.940007,30.056546],[-97.9395,30.056384],[-97.938594,30.055514],[-97.938263,30.055419],[-97.937866,30.055419],[-97.937204,30.055619],[-97.936299,30.055323],[-97.937524,30.054158],[-97.937723,30.053565],[-97.938065,30.053632],[-97.938606,30.052973],[-97.938683,30.052944],[-97.93897,30.052256],[-97.939301,30.052094],[-97.939433,30.051903],[-97.939334,30.051846],[-97.938793,30.051913],[-97.93578,30.05475],[-97.935603,30.054817],[-97.935592,30.054607],[-97.93769,30.051846],[-97.937612,30.051731],[-97.935789,30.053637],[-97.934515,30.054851],[-97.934179,30.054886],[-97.933364,30.055797],[-97.931222,30.058555],[-97.929731,30.059781],[-97.928411,30.060783],[-97.926129,30.061915],[-97.9261,30.063922]]]}},{"type":"Feature","properties":{"natural":"wood"},"geometry":{"type":"Polygon","coordinates":[[[-97.936789,30.057774],[-97.938111,30.057268],[-97.93837,30.05703],[-97.938735,30.056918],[-97.939546,30.057191],[-97.940098,30.057282],[-97.940244,30.057402],[-97.94056,30.057893],[-97.940552,30.05802],[-97.940374,30.058118],[-97.940244,30.058637],[-97.939944,30.059311],[-97.939806,30.05929],[-97.939546,30.059852],[-97.939449,30.059782],[-97.939181,30.05981],[-97.939035,30.059789],[-97.937867,30.059234],[-97.93749,30.058999],[-97.936805,30.058806],[-97.936683,30.058658],[-97.936626,30.058055],[-97.936789,30.057774]]]}},{"type":"Feature","properties":{"natural":"wood"},"geometry":{"type":"Polygon","coordinates":[[[-97.94537,30.053531],[-97.945938,30.053818],[-97.946468,30.053793],[-97.948057,30.053465],[-97.94801,30.053736],[-97.948549,30.053621],[-97.948549,30.053449],[-97.948691,30.053367],[-97.949183,30.053441],[-97.949514,30.053302],[-97.949723,30.053064],[-97.950763,30.05299],[-97.952713,30.052605],[-97.954065,30.052155],[-97.956649,30.051991],[-97.957247,30.052044],[-97.957267,30.052171],[-97.955655,30.053433],[-97.954936,30.053777],[-97.954908,30.054006],[-97.954983,30.05435],[-97.955854,30.054383],[-97.956204,30.054506],[-97.956696,30.054366],[-97.956194,30.054833],[-97.956034,30.054833],[-97.955589,30.054686],[-97.954879,30.055013],[-97.954662,30.055021],[-97.954397,30.05489],[-97.953574,30.054055],[-97.953422,30.053998],[-97.952675,30.054252],[-97.952542,30.054317],[-97.951435,30.054161],[-97.951066,30.054268],[-97.950366,30.054792],[-97.950735,30.054964],[-97.950792,30.055177],[-97.950593,30.05607],[-97.950394,30.056193],[-97.950177,30.056184],[-97.949751,30.055758],[-97.949647,30.05557],[-97.949685,30.055292],[-97.949846,30.055111],[-97.949808,30.054849],[-97.949713,30.054661],[-97.949354,30.054063],[-97.949193,30.05394],[-97.948909,30.053924],[-97.946884,30.054424],[-97.946771,30.054563],[-97.946903,30.054768],[-97.947423,30.054653],[-97.947707,30.054686],[-97.947963,30.054653],[-97.948729,30.054309],[-97.948786,30.054366],[-97.948388,30.055013],[-97.947878,30.055128],[-97.946695,30.056512],[-97.94661,30.056496],[-97.946648,30.055718],[-97.946477,30.055496],[-97.946335,30.055496],[-97.946288,30.0553],[-97.945966,30.055226],[-97.945541,30.054989],[-97.945276,30.054596],[-97.945134,30.054497],[-97.944945,30.054039],[-97.945077,30.05399],[-97.944708,30.053261],[-97.94415,30.05281],[-97.943904,30.052679],[-97.943582,30.052728],[-97.942929,30.053072],[-97.94362,30.053359],[-97.943856,30.053523],[-97.943819,30.053637],[-97.943648,30.053711],[-97.943317,30.053687],[-97.943336,30.053875],[-97.943251,30.053981],[-97.943128,30.053973],[-97.941955,30.052728],[-97.941955,30.052524],[-97.942002,30.052392],[-97.94221,30.052409],[-97.942437,30.052532],[-97.942617,30.052573],[-97.943232,30.052417],[-97.943241,30.052221],[-97.94309,30.052122],[-97.942844,30.052122],[-97.94151,30.05064],[-97.942087,30.050755],[-97.942607,30.05109],[-97.944159,30.052425],[-97.944963,30.053228],[-97.94537,30.053531]]]}},{"type":"Feature","properties":{"natural":"water"},"geometry":{"type":"Polygon","coordinates":[[[-97.891129,30.117438],[-97.89121,30.117263],[-97.891272,30.117233],[-97.891306,30.117173],[-97.89128,30.117129],[-97.891152,30.117008],[-97.89106,30.116952],[-97.890949,30.116937],[-97.89087,30.117031],[-97.890873,30.11708],[-97.890989,30.117213],[-97.891065,30.117272],[-97.891108,30.117286],[-97.891118,30.11732],[-97.891108,30.117442],[-97.891129,30.117438]]]}},{"type":"Feature","properties":{"landuse":"forest"},"geometry":{"type":"Polygon","coordinates":[[[-97.874579,30.099061],[-97.874622,30.09804],[-97.873174,30.098801],[-97.873163,30.098922],[-97.874579,30.099061]]]}},{"type":"Feature","properties":{"landuse":"forest"},"geometry":{"type":"Polygon","coordinates":[[[-97.871693,30.100398],[-97.870234,30.100491],[-97.870191,30.100296],[-97.871951,30.099544],[-97.871736,30.100064],[-97.871693,30.100398]]]}},{"type":"Feature","properties":{"access":"yes","natural":"wood"},"geometry":{"type":"Polygon","coordinates":[[[-97.84205,30.108213],[-97.843616,30.106969],[-97.843552,30.106839],[-97.842779,30.107099],[-97.842972,30.106821],[-97.842908,30.106542],[-97.842672,30.106338],[-97.841921,30.106264],[-97.842028,30.106134],[-97.842565,30.106116],[-97.842243,30.105373],[-97.842522,30.105429],[-97.842758,30.105856],[-97.843165,30.105633],[-97.842887,30.106004],[-97.843165,30.106561],[-97.843552,30.106524],[-97.844346,30.105874],[-97.844925,30.105837],[-97.844946,30.10554],[-97.845418,30.105113],[-97.845097,30.104798],[-97.845826,30.104315],[-97.846019,30.10361],[-97.845976,30.103034],[-97.846062,30.102904],[-97.846234,30.10322],[-97.846363,30.103313],[-97.846448,30.103164],[-97.846384,30.102756],[-97.846684,30.101994],[-97.846212,30.101994],[-97.846019,30.102403],[-97.845418,30.102588],[-97.845097,30.102885],[-97.844775,30.10296],[-97.844753,30.102811],[-97.845097,30.102681],[-97.84574,30.102069],[-97.846427,30.101827],[-97.84677,30.101233],[-97.846084,30.101734],[-97.845526,30.101939],[-97.845247,30.102106],[-97.844925,30.102106],[-97.844603,30.102254],[-97.844367,30.102459],[-97.843938,30.103275],[-97.84353,30.103795],[-97.843101,30.104649],[-97.842522,30.104946],[-97.841792,30.105521],[-97.841642,30.105948],[-97.841835,30.107322],[-97.841685,30.108269],[-97.841234,30.1089],[-97.840805,30.109327],[-97.84205,30.108213]]]}},{"type":"Feature","properties":{"natural":"wood"},"geometry":{"type":"Polygon","coordinates":[[[-97.911105,30.124548],[-97.910869,30.124275],[-97.912734,30.124194],[-97.916893,30.12412],[-97.916097,30.124546],[-97.914852,30.125511],[-97.914877,30.126403],[-97.915051,30.126681],[-97.915694,30.126681],[-97.916035,30.127021],[-97.916035,30.127381],[-97.915787,30.127538],[-97.913211,30.127922],[-97.912742,30.12797],[-97.912745,30.132453],[-97.904045,30.132518],[-97.904033,30.131474],[-97.904011,30.131335],[-97.904096,30.131223],[-97.904217,30.131213],[-97.904356,30.131621],[-97.904675,30.131918],[-97.904707,30.131848],[-97.904668,30.13176],[-97.904767,30.131063],[-97.905171,30.130373],[-97.90568,30.129869],[-97.90616,30.129611],[-97.906268,30.129499],[-97.906267,30.129371],[-97.906108,30.129181],[-97.905995,30.129164],[-97.905922,30.1292],[-97.905734,30.1292],[-97.905383,30.129297],[-97.905226,30.129177],[-97.905209,30.129115],[-97.905294,30.128993],[-97.905294,30.128935],[-97.90503,30.12879],[-97.904984,30.128671],[-97.904836,30.128667],[-97.904668,30.128722],[-97.904496,30.129018],[-97.904523,30.129192],[-97.904548,30.129304],[-97.904801,30.129332],[-97.904861,30.129378],[-97.904863,30.129479],[-97.904722,30.129664],[-97.904793,30.129746],[-97.905105,30.129719],[-97.905207,30.129767],[-97.905226,30.129839],[-97.905216,30.129892],[-97.904952,30.129939],[-97.904166,30.130579],[-97.903911,30.130806],[-97.903887,30.132405],[-97.903958,30.132518],[-97.903915,30.133929],[-97.894362,30.134128],[-97.894774,30.133059],[-97.895693,30.132626],[-97.887155,30.132633],[-97.887134,30.130531],[-97.886306,30.130532],[-97.886289,30.1273],[-97.886377,30.126704],[-97.886945,30.126686],[-97.887154,30.126534],[-97.887729,30.125546],[-97.888391,30.12533],[-97.888547,30.125149],[-97.888634,30.124979],[-97.88856,30.12474],[-97.888468,30.124589],[-97.903826,30.124487],[-97.903769,30.125073],[-97.90387,30.127943],[-97.905118,30.127889],[-97.905351,30.127819],[-97.906169,30.127781],[-97.908917,30.127831],[-97.909427,30.126197],[-97.909415,30.126024],[-97.90929,30.12593],[-97.90897,30.12593],[-97.909081,30.125703],[-97.909077,30.125523],[-97.909016,30.125441],[-97.908619,30.12541],[-97.908617,30.125313],[-97.908679,30.12518],[-97.909543,30.124983],[-97.909855,30.12489],[-97.909956,30.124969],[-97.91004,30.125165],[-97.909895,30.125509],[-97.90996,30.125886],[-97.910314,30.126085],[-97.910765,30.126146],[-97.910836,30.12604],[-97.910864,30.125915],[-97.910824,30.125597],[-97.910836,30.125313],[-97.910935,30.125276],[-97.911271,30.125296],[-97.911271,30.12517],[-97.91116,30.124691],[-97.911105,30.124548]]]}},{"type":"Feature","properties":{"natural":"wood"},"geometry":{"type":"Polygon","coordinates":[[[-97.882451,30.162313],[-97.882113,30.161659],[-97.882058,30.161273],[-97.8808,30.159284],[-97.879697,30.157693],[-97.878725,30.156236],[-97.877446,30.15422],[-97.876793,30.153542],[-97.876242,30.153101],[-97.875865,30.153064],[-97.874983,30.152254],[-97.877548,30.152015],[-97.879349,30.152056],[-97.8796,30.152117],[-97.879905,30.152265],[-97.880377,30.152707],[-97.880989,30.153485],[-97.881348,30.15384],[-97.883343,30.151437],[-97.883366,30.148227],[-97.884828,30.14824],[-97.886108,30.148225],[-97.887636,30.148231],[-97.88693,30.149388],[-97.886467,30.149712],[-97.886136,30.149826],[-97.88575,30.149293],[-97.885486,30.149188],[-97.885089,30.149626],[-97.884923,30.149626],[-97.884615,30.149588],[-97.884461,30.149531],[-97.883998,30.149674],[-97.88402,30.149893],[-97.884119,30.150284],[-97.883998,30.150446],[-97.883965,30.15057],[-97.884879,30.150742],[-97.884968,30.150999],[-97.885464,30.150866],[-97.886004,30.150665],[-97.886103,30.15077],[-97.886059,30.152086],[-97.88596,30.152629],[-97.885651,30.152867],[-97.885111,30.153058],[-97.884968,30.153363],[-97.884769,30.153554],[-97.884064,30.153601],[-97.88389,30.153827],[-97.883658,30.154063],[-97.883409,30.154126],[-97.882877,30.153887],[-97.882589,30.15398],[-97.882509,30.154173],[-97.88269,30.154726],[-97.883243,30.155041],[-97.884153,30.155934],[-97.884919,30.156518],[-97.886973,30.15731],[-97.887172,30.157508],[-97.886904,30.157857],[-97.886013,30.157855],[-97.886699,30.158849],[-97.887252,30.159393],[-97.887687,30.159434],[-97.888226,30.159544],[-97.88874,30.15948],[-97.889268,30.158963],[-97.889813,30.157219],[-97.890128,30.156907],[-97.890544,30.156871],[-97.890541,30.162505],[-97.882451,30.162313]]]}},{"type":"Feature","properties":{"natural":"water"},"geometry":{"type":"Polygon","coordinates":[[[-97.888834,30.159785],[-97.888664,30.159884],[-97.888496,30.159948],[-97.888379,30.159949],[-97.88769,30.159828],[-97.88718,30.159661],[-97.887313,30.159466],[-97.88759,30.159663],[-97.888023,30.159785],[-97.888412,30.159815],[-97.88858,30.159793],[-97.888834,30.159785]]]}},{"type":"Feature","properties":{"natural":"wood"},"geometry":{"type":"Polygon","coordinates":[[[-97.885102,30.174997],[-97.884973,30.174716],[-97.885096,30.174557],[-97.885447,30.174298],[-97.885514,30.174004],[-97.885671,30.173778],[-97.885907,30.1735],[-97.885829,30.172951],[-97.885777,30.172732],[-97.885731,30.172716],[-97.885105,30.172744],[-97.884451,30.173417],[-97.884529,30.17382],[-97.884393,30.173887],[-97.884166,30.173854],[-97.884049,30.174005],[-97.884127,30.174649],[-97.884205,30.175091],[-97.884056,30.175085],[-97.883732,30.174632],[-97.883661,30.173708],[-97.882838,30.173103],[-97.882793,30.172941],[-97.882928,30.17278],[-97.88201,30.172812],[-97.881938,30.172978],[-97.881559,30.174645],[-97.880199,30.175148],[-97.879876,30.175112],[-97.87956,30.175045],[-97.879034,30.174694],[-97.878845,30.174694],[-97.877919,30.174803],[-97.877625,30.174791],[-97.87733,30.174281],[-97.877568,30.173481],[-97.87765,30.173259],[-97.877984,30.172961],[-97.877982,30.172875],[-97.877843,30.172909],[-97.877547,30.173055],[-97.877475,30.17305],[-97.877297,30.172934],[-97.877131,30.172899],[-97.87638,30.172917],[-97.874532,30.172916],[-97.874522,30.171066],[-97.874786,30.171388],[-97.874833,30.171535],[-97.875305,30.171425],[-97.875366,30.171437],[-97.875531,30.171212],[-97.875593,30.171184],[-97.875772,30.171457],[-97.875894,30.171571],[-97.875979,30.1716],[-97.876163,30.171796],[-97.876272,30.171816],[-97.876522,30.171747],[-97.876583,30.171665],[-97.876583,30.171518],[-97.876673,30.171457],[-97.876805,30.171457],[-97.877003,30.171518],[-97.877121,30.171498],[-97.877517,30.171347],[-97.877771,30.171486],[-97.878166,30.171338],[-97.878412,30.17117],[-97.878635,30.171041],[-97.878866,30.170867],[-97.878859,30.170191],[-97.87865,30.170004],[-97.878561,30.170024],[-97.878412,30.169908],[-97.878255,30.169895],[-97.877517,30.170075],[-97.87713,30.170088],[-97.876877,30.170049],[-97.876534,30.169837],[-97.876363,30.169818],[-97.875469,30.169882],[-97.875007,30.169875],[-97.874767,30.16978],[-97.874514,30.169706],[-97.874511,30.169248],[-97.874678,30.169211],[-97.874718,30.169258],[-97.874767,30.169258],[-97.874879,30.169198],[-97.875434,30.169076],[-97.875493,30.169095],[-97.875682,30.16931],[-97.875984,30.169356],[-97.876232,30.169352],[-97.876763,30.16899],[-97.877052,30.168749],[-97.877331,30.168655],[-97.877363,30.168538],[-97.877484,30.168488],[-97.877584,30.16855],[-97.877683,30.16892],[-97.877768,30.168924],[-97.878305,30.168772],[-97.878471,30.168897],[-97.878634,30.168908],[-97.878854,30.16883],[-97.878949,30.168651],[-97.878886,30.168425],[-97.878584,30.168363],[-97.878142,30.168336],[-97.877827,30.168242],[-97.877791,30.168133],[-97.877791,30.168043],[-97.877863,30.167981],[-97.877967,30.168024],[-97.87839,30.167739],[-97.878552,30.167712],[-97.878854,30.167872],[-97.878913,30.167942],[-97.87917,30.167767],[-97.879305,30.167739],[-97.880522,30.168032],[-97.880675,30.16805],[-97.881001,30.167684],[-97.881217,30.16769],[-97.881446,30.167168],[-97.88164,30.167036],[-97.881835,30.16706],[-97.882036,30.167234],[-97.882244,30.166994],[-97.882646,30.166974],[-97.882745,30.166954],[-97.882991,30.166769],[-97.882995,30.166645],[-97.882794,30.166657],[-97.882727,30.166572],[-97.88278,30.165849],[-97.883543,30.167127],[-97.883302,30.167477],[-97.883278,30.167694],[-97.88322,30.167778],[-97.882945,30.167832],[-97.882887,30.167936],[-97.883003,30.168103],[-97.883379,30.168412],[-97.883611,30.168449],[-97.883866,30.16837],[-97.884001,30.168528],[-97.884392,30.168774],[-97.884387,30.169133],[-97.884556,30.169275],[-97.884619,30.169496],[-97.884715,30.169554],[-97.884817,30.169542],[-97.885115,30.169761],[-97.886106,30.171421],[-97.886281,30.172227],[-97.886302,30.172812],[-97.886227,30.173186],[-97.886016,30.173604],[-97.885629,30.174276],[-97.885102,30.174997]]]}},{"type":"Feature","properties":{"natural":"wood"},"geometry":{"type":"Polygon","coordinates":[[[-97.862247,30.145488],[-97.861987,30.146242],[-97.861701,30.146047],[-97.860637,30.14582],[-97.860676,30.145647],[-97.860614,30.145443],[-97.86064,30.145328],[-97.860623,30.145257],[-97.860623,30.144968],[-97.860673,30.144925],[-97.860776,30.144902],[-97.860791,30.144851],[-97.86072,30.144557],[-97.860738,30.144468],[-97.860782,30.144386],[-97.860986,30.144325],[-97.860953,30.144294],[-97.860811,30.144248],[-97.860676,30.144062],[-97.860439,30.144008],[-97.860186,30.143728],[-97.860141,30.143546],[-97.860082,30.143454],[-97.859816,30.143337],[-97.859394,30.143074],[-97.859161,30.142959],[-97.858952,30.142987],[-97.858901,30.142977],[-97.858822,30.142911],[-97.85881,30.142847],[-97.858857,30.142811],[-97.858828,30.142775],[-97.858588,30.14276],[-97.858491,30.142607],[-97.858388,30.142576],[-97.858287,30.14263],[-97.858169,30.142576],[-97.858084,30.142579],[-97.858033,30.142612],[-97.857986,30.142558],[-97.858007,30.142499],[-97.857791,30.142354],[-97.857715,30.142372],[-97.857638,30.142336],[-97.857623,30.142211],[-97.857593,30.142168],[-97.857165,30.141997],[-97.856912,30.141991],[-97.856912,30.142101],[-97.856888,30.142165],[-97.856835,30.14216],[-97.856802,30.142099],[-97.856605,30.142076],[-97.856448,30.142099],[-97.856336,30.142157],[-97.856053,30.14215],[-97.855976,30.142191],[-97.855829,30.142182],[-97.855698,30.142144],[-97.855571,30.142021],[-97.855357,30.142038],[-97.855006,30.141892],[-97.854946,30.141832],[-97.854867,30.141688],[-97.854706,30.141709],[-97.854568,30.141681],[-97.854486,30.14169],[-97.854324,30.141819],[-97.85416,30.141822],[-97.854027,30.141792],[-97.853916,30.141679],[-97.853881,30.141573],[-97.853907,30.141439],[-97.853943,30.141361],[-97.854085,30.141337],[-97.854216,30.141267],[-97.854225,30.14122],[-97.853883,30.141034],[-97.853808,30.140981],[-97.853801,30.140958],[-97.853894,30.140794],[-97.85442,30.14114],[-97.854645,30.141191],[-97.855244,30.140545],[-97.856231,30.140555],[-97.856476,30.140525],[-97.85664,30.140528],[-97.857092,30.140642],[-97.858133,30.141048],[-97.858457,30.141285],[-97.858993,30.141712],[-97.859258,30.141907],[-97.859539,30.142083],[-97.859639,30.142127],[-97.859853,30.142119],[-97.860934,30.143066],[-97.861239,30.143181],[-97.861534,30.14364],[-97.861887,30.144055],[-97.862083,30.144144],[-97.862646,30.142598],[-97.862825,30.142312],[-97.862817,30.142064],[-97.864548,30.141978],[-97.864591,30.141791],[-97.864676,30.141668],[-97.864799,30.141651],[-97.864941,30.141768],[-97.865077,30.142334],[-97.865077,30.142609],[-97.864993,30.142693],[-97.864799,30.142592],[-97.864891,30.143268],[-97.864998,30.145113],[-97.865518,30.14526],[-97.865686,30.147183],[-97.866477,30.147024],[-97.865833,30.144965],[-97.866052,30.144551],[-97.866875,30.144167],[-97.867017,30.144269],[-97.867643,30.145736],[-97.868379,30.146674],[-97.868603,30.146613],[-97.869213,30.147408],[-97.869431,30.147734],[-97.869667,30.14805],[-97.869916,30.148345],[-97.870324,30.148787],[-97.870205,30.14908],[-97.870266,30.14935],[-97.870689,30.149243],[-97.870772,30.149262],[-97.871383,30.14985],[-97.872444,30.150776],[-97.873516,30.151865],[-97.873955,30.152337],[-97.874505,30.152292],[-97.87532,30.153074],[-97.875254,30.153136],[-97.874813,30.153145],[-97.874643,30.152925],[-97.874462,30.152827],[-97.874199,30.152854],[-97.874204,30.152902],[-97.874441,30.153359],[-97.874289,30.153522],[-97.871617,30.153477],[-97.867088,30.152268],[-97.866823,30.150544],[-97.86631,30.150186],[-97.865384,30.149431],[-97.863378,30.149436],[-97.861675,30.149472],[-97.861672,30.14928],[-97.863375,30.149243],[-97.865473,30.149241],[-97.86645,30.15004],[-97.86678,30.150267],[-97.867219,30.150027],[-97.86749,30.149126],[-97.867199,30.14894],[-97.866375,30.148617],[-97.866132,30.148462],[-97.865481,30.147922],[-97.863434,30.146548],[-97.862247,30.145488]]]}},{"type":"Feature","properties":{"natural":"wood"},"geometry":{"type":"Polygon","coordinates":[[[-97.865544,30.149561],[-97.864544,30.14965],[-97.864042,30.149889],[-97.863613,30.151221],[-97.863229,30.151484],[-97.863224,30.151615],[-97.863365,30.151837],[-97.863073,30.15198],[-97.862912,30.151725],[-97.862771,30.15141],[-97.863073,30.150541],[-97.862851,30.149447],[-97.865384,30.149431],[-97.865544,30.149561]]]}},{"type":"Feature","properties":{"natural":"wood"},"geometry":{"type":"Polygon","coordinates":[[[-97.862677,30.138065],[-97.862815,30.138119],[-97.864175,30.138888],[-97.864467,30.139193],[-97.864554,30.139311],[-97.86463,30.139658],[-97.864728,30.139822],[-97.865205,30.140071],[-97.865297,30.140292],[-97.865287,30.140465],[-97.86514,30.14055],[-97.864777,30.140428],[-97.864608,30.140498],[-97.864576,30.140686],[-97.864733,30.140897],[-97.865178,30.141127],[-97.865466,30.14123],[-97.865536,30.141362],[-97.865531,30.141432],[-97.865319,30.141526],[-97.865249,30.141709],[-97.865417,30.142108],[-97.865721,30.142146],[-97.865954,30.142108],[-97.866128,30.142042],[-97.866133,30.141925],[-97.865222,30.139587],[-97.864483,30.138137],[-97.864305,30.137874],[-97.863396,30.13728],[-97.863246,30.137196],[-97.862997,30.13711],[-97.862821,30.137081],[-97.862643,30.137076],[-97.862677,30.138065]]]}},{"type":"Feature","properties":{"natural":"wood"},"geometry":{"type":"Polygon","coordinates":[[[-97.862764,30.140559],[-97.862843,30.140497],[-97.862861,30.140424],[-97.862854,30.140247],[-97.862885,30.140123],[-97.862874,30.14002],[-97.862825,30.139965],[-97.862865,30.139902],[-97.862876,30.139851],[-97.862869,30.139736],[-97.862831,30.139646],[-97.862836,30.139604],[-97.862855,30.139603],[-97.863258,30.1399],[-97.863339,30.13987],[-97.863417,30.139801],[-97.863432,30.139745],[-97.863319,30.139539],[-97.863054,30.139375],[-97.862874,30.13921],[-97.862717,30.139195],[-97.862764,30.140559]]]}},{"type":"Feature","properties":{"natural":"wood"},"geometry":{"type":"Polygon","coordinates":[[[-97.863825,30.139595],[-97.863841,30.140014],[-97.863959,30.140406],[-97.863963,30.140556],[-97.864157,30.140958],[-97.864128,30.141119],[-97.864343,30.14143],[-97.864387,30.141647],[-97.864322,30.1418],[-97.864181,30.141877],[-97.863951,30.141888],[-97.863789,30.141793],[-97.863571,30.141304],[-97.863583,30.14065],[-97.863486,30.140329],[-97.863482,30.139868],[-97.863558,30.139515],[-97.863724,30.139469],[-97.863789,30.139483],[-97.863825,30.139595]]]}},{"type":"Feature","properties":{"natural":"wood"},"geometry":{"type":"Polygon","coordinates":[[[-97.857276,30.144895],[-97.857016,30.144659],[-97.856641,30.144418],[-97.857488,30.143905],[-97.857693,30.143839],[-97.857923,30.143852],[-97.858033,30.143908],[-97.858077,30.143988],[-97.85807,30.144076],[-97.858,30.144187],[-97.857458,30.144618],[-97.857276,30.144895]]]}},{"type":"Feature","properties":{"natural":"wood"},"geometry":{"type":"Polygon","coordinates":[[[-97.852255,30.141523],[-97.851835,30.141242],[-97.852547,30.140349],[-97.853236,30.140544],[-97.85327,30.140526],[-97.85337,30.140371],[-97.853669,30.140621],[-97.853714,30.140879],[-97.853675,30.14097],[-97.853402,30.141076],[-97.853237,30.141061],[-97.853128,30.141006],[-97.853041,30.140846],[-97.852862,30.140934],[-97.852781,30.141058],[-97.852609,30.141079],[-97.852402,30.141188],[-97.852255,30.141523]]]}},{"type":"Feature","properties":{"natural":"wood"},"geometry":{"type":"Polygon","coordinates":[[[-97.853616,30.142433],[-97.853646,30.142218],[-97.853819,30.142104],[-97.853914,30.142202],[-97.854365,30.142284],[-97.854947,30.142633],[-97.855002,30.142718],[-97.855035,30.142829],[-97.855265,30.143282],[-97.855309,30.143566],[-97.853616,30.142433]]]}},{"type":"Feature","properties":{"leisure":"park"},"geometry":{"type":"Polygon","coordinates":[[[-97.939383,30.156457],[-97.939263,30.156441],[-97.939027,30.156271],[-97.938876,30.156139],[-97.93875,30.156111],[-97.93813,30.156513],[-97.938012,30.157041],[-97.93783,30.157509],[-97.93784,30.157614],[-97.937985,30.157699],[-97.938137,30.15776],[-97.93819,30.157889],[-97.938181,30.157943],[-97.938253,30.158013],[-97.938789,30.157874],[-97.939129,30.157897],[-97.939383,30.156457]]]}},{"type":"Feature","properties":{"natural":"wood"},"geometry":{"type":"Polygon","coordinates":[[[-97.916962,30.079339],[-97.916836,30.079551],[-97.914849,30.078923],[-97.913179,30.078923],[-97.908705,30.079437],[-97.908845,30.083889],[-97.908252,30.083297],[-97.907969,30.083041],[-97.907698,30.083063],[-97.907621,30.083464],[-97.907467,30.08362],[-97.907312,30.08362],[-97.907068,30.08352],[-97.906849,30.084266],[-97.906733,30.085224],[-97.906462,30.085993],[-97.906102,30.086494],[-97.903334,30.0888],[-97.903179,30.0887],[-97.901943,30.089914],[-97.900089,30.090973],[-97.899265,30.091073],[-97.898531,30.090716],[-97.898299,30.090516],[-97.898081,30.089647],[-97.89848,30.088578],[-97.898415,30.088422],[-97.898042,30.088377],[-97.897875,30.088533],[-97.89772,30.088522],[-97.89754,30.088255],[-97.89754,30.087051],[-97.897398,30.086728],[-97.897463,30.086238],[-97.89745,30.085971],[-97.897836,30.085492],[-97.897334,30.084865],[-97.897106,30.083803],[-97.897509,30.082712],[-97.902467,30.082363],[-97.903028,30.082363],[-97.905778,30.08209],[-97.907057,30.080756],[-97.907163,30.080316],[-97.907022,30.079937],[-97.905989,30.079179],[-97.906567,30.078361],[-97.907073,30.077808],[-97.90226,30.074892],[-97.901153,30.074532],[-97.899218,30.073611],[-97.901253,30.074119],[-97.902443,30.074706],[-97.90355,30.075437],[-97.908037,30.078035],[-97.908313,30.078044],[-97.908501,30.077939],[-97.908589,30.077729],[-97.909649,30.077662],[-97.910035,30.077567],[-97.910134,30.077758],[-97.911051,30.077901],[-97.911205,30.07814],[-97.911227,30.078369],[-97.911284,30.078599],[-97.91159,30.07884],[-97.913217,30.078798],[-97.91412,30.078653],[-97.914874,30.078322],[-97.915721,30.078521],[-97.916092,30.07869],[-97.916102,30.079014],[-97.916962,30.079339]]]}},{"type":"Feature","properties":{"natural":"wood"},"geometry":{"type":"Polygon","coordinates":[[[-97.912129,30.076335],[-97.910688,30.077106],[-97.909783,30.077287],[-97.908116,30.077297],[-97.906946,30.077068],[-97.903469,30.074317],[-97.902465,30.073801],[-97.901615,30.073572],[-97.899551,30.073228],[-97.896085,30.073572],[-97.894794,30.07362],[-97.894076,30.073524],[-97.893017,30.072311],[-97.892586,30.07148],[-97.892785,30.071385],[-97.893889,30.072531],[-97.894485,30.072798],[-97.897167,30.073133],[-97.897675,30.073018],[-97.898116,30.072751],[-97.898447,30.072521],[-97.898679,30.072531],[-97.898878,30.072588],[-97.899054,30.072588],[-97.899573,30.07234],[-97.899915,30.071843],[-97.900329,30.071645],[-97.900353,30.071944],[-97.900673,30.07284],[-97.907353,30.073757],[-97.907649,30.074717],[-97.909722,30.074049],[-97.909711,30.074346],[-97.907288,30.075157],[-97.907178,30.075463],[-97.907387,30.075759],[-97.908061,30.07616],[-97.908646,30.076409],[-97.909635,30.076418],[-97.909614,30.076992],[-97.912129,30.076335]]]}},{"type":"Feature","properties":{"natural":"wood"},"geometry":{"type":"Polygon","coordinates":[[[-97.89387,30.073976],[-97.894306,30.074013],[-97.895328,30.073931],[-97.89618,30.073726],[-97.897202,30.073759],[-97.897883,30.073726],[-97.899151,30.073563],[-97.899218,30.073611],[-97.901153,30.074532],[-97.900273,30.074491],[-97.899213,30.074614],[-97.898873,30.074712],[-97.898731,30.075007],[-97.898769,30.075211],[-97.899034,30.07535],[-97.899336,30.075678],[-97.901125,30.076366],[-97.902667,30.076636],[-97.903376,30.076849],[-97.9042,30.077545],[-97.905051,30.078355],[-97.905581,30.079068],[-97.905553,30.079387],[-97.906338,30.079722],[-97.90648,30.080091],[-97.906717,30.080238],[-97.906792,30.080533],[-97.906537,30.080656],[-97.905912,30.080238],[-97.905288,30.079911],[-97.904919,30.079911],[-97.904767,30.079976],[-97.904635,30.080124],[-97.904408,30.08014],[-97.902336,30.079724],[-97.901855,30.079451],[-97.90157,30.078931],[-97.90139,30.078775],[-97.900699,30.078658],[-97.900429,30.078346],[-97.900248,30.078307],[-97.899798,30.078411],[-97.899452,30.078411],[-97.898296,30.077774],[-97.898161,30.077111],[-97.89774,30.076669],[-97.897335,30.076279],[-97.896944,30.076253],[-97.896569,30.076422],[-97.896133,30.076422],[-97.895592,30.076176],[-97.895442,30.075578],[-97.895682,30.075188],[-97.893955,30.07407],[-97.89387,30.073976]]]}},{"type":"Feature","properties":{"natural":"wood"},"geometry":{"type":"Polygon","coordinates":[[[-97.885355,30.079001],[-97.885146,30.077565],[-97.884257,30.077745],[-97.883831,30.077737],[-97.883462,30.07759],[-97.883443,30.077532],[-97.883585,30.077368],[-97.883755,30.077344],[-97.884011,30.077442],[-97.884361,30.077368],[-97.884635,30.077074],[-97.884749,30.076844],[-97.885856,30.076255],[-97.886669,30.076099],[-97.886622,30.074593],[-97.886849,30.07429],[-97.886906,30.074143],[-97.88684,30.073995],[-97.886613,30.073692],[-97.886546,30.073512],[-97.886291,30.073447],[-97.885757,30.073005],[-97.885359,30.072563],[-97.885037,30.072307],[-97.884873,30.072006],[-97.884771,30.071966],[-97.884449,30.071926],[-97.884409,30.071882],[-97.884281,30.071657],[-97.884133,30.071604],[-97.883964,30.071568],[-97.883591,30.071665],[-97.88351,30.071657],[-97.883314,30.07157],[-97.883179,30.071431],[-97.883056,30.07106],[-97.88233,30.070699],[-97.881322,30.070472],[-97.88087,30.070436],[-97.880208,30.070297],[-97.880131,30.070054],[-97.879046,30.069662],[-97.878581,30.069616],[-97.877931,30.069729],[-97.877222,30.069554],[-97.876119,30.069848],[-97.875553,30.069848],[-97.875303,30.069719],[-97.87513,30.069523],[-97.875046,30.069244],[-97.874927,30.069182],[-97.874426,30.069244],[-97.874361,30.06895],[-97.875362,30.068661],[-97.876852,30.06844],[-97.877567,30.068419],[-97.877704,30.068476],[-97.877746,30.068919],[-97.879976,30.069342],[-97.881478,30.06976],[-97.882282,30.070049],[-97.882366,30.070291],[-97.88267,30.070529],[-97.883087,30.070606],[-97.885852,30.070467],[-97.886842,30.070297],[-97.887396,30.070111],[-97.888398,30.069507],[-97.888797,30.069286],[-97.889047,30.069224],[-97.889625,30.069507],[-97.889637,30.069848],[-97.88987,30.069992],[-97.890174,30.070322],[-97.890131,30.070454],[-97.890035,30.070392],[-97.889615,30.070392],[-97.888728,30.070444],[-97.888053,30.070717],[-97.887947,30.070925],[-97.888233,30.071275],[-97.888713,30.072016],[-97.888713,30.072224],[-97.887347,30.073303],[-97.887302,30.073628],[-97.888037,30.074447],[-97.888789,30.075344],[-97.888984,30.075734],[-97.889104,30.076046],[-97.888683,30.07615],[-97.888623,30.076435],[-97.888353,30.076435],[-97.887917,30.07615],[-97.887917,30.075305],[-97.888083,30.075227],[-97.887992,30.074993],[-97.887722,30.074928],[-97.887467,30.075799],[-97.887572,30.07641],[-97.887317,30.076449],[-97.886851,30.07641],[-97.88631,30.076566],[-97.886175,30.076955],[-97.886295,30.077098],[-97.886175,30.077345],[-97.88625,30.077462],[-97.886731,30.077852],[-97.886956,30.078008],[-97.887242,30.079308],[-97.887362,30.079568],[-97.887737,30.079607],[-97.888368,30.080699],[-97.888909,30.082999],[-97.888668,30.083311],[-97.888263,30.083441],[-97.887797,30.083506],[-97.887151,30.083246],[-97.88646,30.082921],[-97.88622,30.081413],[-97.886036,30.078821],[-97.885355,30.079001]]]}},{"type":"Feature","properties":{"natural":"wood"},"geometry":{"type":"Polygon","coordinates":[[[-97.885466,30.086281],[-97.885473,30.086805],[-97.885221,30.086903],[-97.883688,30.087057],[-97.883258,30.087008],[-97.883015,30.086348],[-97.882853,30.086306],[-97.882731,30.086138],[-97.882439,30.086082],[-97.881693,30.086103],[-97.881417,30.085829],[-97.881052,30.085261],[-97.881255,30.085008],[-97.881263,30.084432],[-97.879681,30.084376],[-97.879543,30.08399],[-97.878992,30.08399],[-97.878845,30.083196],[-97.878988,30.083077],[-97.879014,30.082944],[-97.878952,30.082803],[-97.879034,30.082109],[-97.879264,30.082087],[-97.879479,30.081733],[-97.879637,30.081653],[-97.879417,30.081481],[-97.879249,30.081472],[-97.878942,30.081636],[-97.878789,30.081574],[-97.878324,30.081216],[-97.877865,30.081142],[-97.877874,30.080995],[-97.878044,30.080888],[-97.87795,30.08079],[-97.87724,30.080921],[-97.877023,30.080839],[-97.876909,30.080323],[-97.8776,30.080037],[-97.877912,30.079709],[-97.877931,30.079267],[-97.878054,30.078547],[-97.878139,30.078301],[-97.879104,30.078407],[-97.879454,30.077646],[-97.880525,30.077478],[-97.88068,30.077504],[-97.88081,30.077566],[-97.880176,30.07872],[-97.88082,30.078999],[-97.880687,30.079261],[-97.880403,30.079604],[-97.879845,30.079858],[-97.879798,30.080669],[-97.880602,30.081373],[-97.880924,30.081447],[-97.881056,30.081692],[-97.880602,30.081856],[-97.880479,30.082077],[-97.880583,30.0822],[-97.880895,30.08202],[-97.881226,30.082003],[-97.881397,30.082085],[-97.881491,30.082159],[-97.882031,30.0822],[-97.882958,30.082093],[-97.883251,30.082347],[-97.883507,30.082405],[-97.883753,30.08265],[-97.883781,30.082765],[-97.883554,30.082855],[-97.883535,30.08306],[-97.883573,30.083714],[-97.883497,30.084009],[-97.883715,30.083976],[-97.885403,30.082864],[-97.885466,30.086281]]]}},{"type":"Feature","properties":{"natural":"wood"},"geometry":{"type":"Polygon","coordinates":[[[-97.951728,30.171827],[-97.951644,30.171834],[-97.951459,30.171632],[-97.951418,30.171532],[-97.951257,30.171577],[-97.951291,30.171728],[-97.951257,30.171782],[-97.951154,30.171785],[-97.951043,30.171616],[-97.950709,30.171379],[-97.950279,30.171185],[-97.950198,30.171129],[-97.950166,30.170943],[-97.950044,30.170838],[-97.949793,30.17107],[-97.949484,30.171115],[-97.949229,30.171049],[-97.949062,30.170965],[-97.948953,30.17088],[-97.948868,30.170691],[-97.94948,30.170544],[-97.949638,30.170424],[-97.949736,30.170004],[-97.949874,30.169762],[-97.949821,30.169646],[-97.949286,30.169155],[-97.949192,30.168573],[-97.949233,30.168089],[-97.949525,30.167904],[-97.950368,30.167707],[-97.95045,30.167872],[-97.95079,30.168012],[-97.950835,30.168142],[-97.950806,30.16823],[-97.95064,30.168335],[-97.950555,30.168696],[-97.950494,30.168819],[-97.950579,30.16918],[-97.950689,30.169218],[-97.950936,30.169345],[-97.950973,30.169429],[-97.950981,30.169604],[-97.950405,30.16979],[-97.950425,30.169923],[-97.950644,30.169944],[-97.950705,30.1702],[-97.950523,30.170579],[-97.950681,30.170873],[-97.950936,30.170877],[-97.951139,30.171105],[-97.951301,30.171108],[-97.951841,30.170894],[-97.952023,30.170842],[-97.952129,30.17115],[-97.952246,30.17122],[-97.952445,30.171206],[-97.952762,30.171088],[-97.95359,30.171045],[-97.953794,30.171116],[-97.953915,30.171388],[-97.954103,30.171474],[-97.954329,30.171455],[-97.954975,30.171155],[-97.955063,30.171155],[-97.955096,30.171436],[-97.954942,30.171617],[-97.954815,30.171932],[-97.954555,30.17239],[-97.953645,30.172466],[-97.953645,30.172061],[-97.953496,30.171875],[-97.95306,30.171555],[-97.952834,30.171488],[-97.952712,30.17156],[-97.952618,30.171579],[-97.952315,30.171474],[-97.952116,30.171474],[-97.95189,30.171589],[-97.95184,30.171737],[-97.951728,30.171827]]]}},{"type":"Feature","properties":{"leisure":"park"},"geometry":{"type":"Polygon","coordinates":[[[-97.846058,30.100065],[-97.845816,30.099721],[-97.845328,30.09999],[-97.845589,30.100321],[-97.846058,30.100065]]]}},{"type":"Feature","properties":{"boundary":"protected_area","leisure":"park","name":"McKinney Falls State Park"},"geometry":{"type":"Polygon","coordinates":[[[-97.719656,30.198392],[-97.7189,30.198021],[-97.718279,30.197737],[-97.716717,30.199668],[-97.713732,30.197195],[-97.714659,30.196376],[-97.714486,30.196242],[-97.715097,30.195709],[-97.715007,30.195613],[-97.715095,30.195514],[-97.71246,30.193318],[-97.714236,30.190467],[-97.714806,30.189354],[-97.716994,30.185737],[-97.71818,30.184019],[-97.71936,30.182959],[-97.719679,30.182654],[-97.720291,30.181884],[-97.720787,30.181107],[-97.721007,30.18066],[-97.721178,30.180228],[-97.721379,30.179296],[-97.721605,30.177387],[-97.721681,30.176939],[-97.722155,30.173227],[-97.722279,30.172449],[-97.722606,30.170833],[-97.723024,30.169132],[-97.723855,30.167951],[-97.725788,30.169511],[-97.728728,30.171924],[-97.729025,30.172517],[-97.73083,30.173975],[-97.730874,30.173939],[-97.732079,30.174866],[-97.731303,30.176182],[-97.731123,30.176855],[-97.731034,30.178602],[-97.730897,30.179288],[-97.730154,30.181584],[-97.729775,30.182303],[-97.729324,30.182969],[-97.728774,30.1836],[-97.72817,30.184092],[-97.727576,30.184525],[-97.726957,30.184818],[-97.725999,30.184994],[-97.725949,30.185246],[-97.725949,30.185706],[-97.725237,30.186285],[-97.72249,30.188889],[-97.722662,30.189215],[-97.722756,30.189668],[-97.722482,30.190024],[-97.722353,30.190714],[-97.7222,30.191353],[-97.722439,30.191737],[-97.722439,30.192316],[-97.722113,30.192954],[-97.721778,30.193815],[-97.721744,30.194579],[-97.722035,30.194816],[-97.72261,30.194927],[-97.723057,30.194861],[-97.723456,30.194385],[-97.723666,30.1936],[-97.723804,30.192947],[-97.723958,30.192383],[-97.724404,30.19196],[-97.725228,30.191411],[-97.726293,30.190395],[-97.72664,30.190256],[-97.729471,30.191608],[-97.729906,30.191801],[-97.729005,30.192305],[-97.727812,30.193001],[-97.727168,30.193494],[-97.726929,30.19371],[-97.726551,30.193409],[-97.726167,30.193953],[-97.725883,30.194389],[-97.7262,30.194561],[-97.725749,30.195284],[-97.723745,30.198664],[-97.722906,30.199624],[-97.719656,30.198392]]]}},{"type":"Feature","properties":{"natural":"water"},"geometry":{"type":"Polygon","coordinates":[[[-97.812755,30.149162],[-97.812729,30.148635],[-97.812781,30.148346],[-97.812927,30.148131],[-97.813158,30.148049],[-97.813502,30.148123],[-97.813888,30.148279],[-97.814008,30.148368],[-97.814094,30.148338],[-97.813871,30.148138],[-97.81345,30.147893],[-97.813158,30.147819],[-97.812944,30.147915],[-97.812652,30.148205],[-97.812506,30.148591],[-97.81248,30.149006],[-97.812626,30.149496],[-97.812952,30.150142],[-97.813347,30.150691],[-97.813828,30.151159],[-97.814077,30.151448],[-97.814248,30.151834],[-97.81436,30.152213],[-97.814308,30.152606],[-97.814068,30.152828],[-97.813296,30.1532],[-97.812609,30.153452],[-97.81218,30.153556],[-97.811914,30.153519],[-97.81149,30.153744],[-97.811733,30.153815],[-97.812266,30.153882],[-97.812823,30.153741],[-97.81339,30.153526],[-97.814128,30.153111],[-97.814514,30.152843],[-97.814703,30.15265],[-97.814738,30.152287],[-97.814673,30.152029],[-97.81436,30.151285],[-97.814077,30.150958],[-97.813665,30.150654],[-97.813467,30.150439],[-97.813141,30.149949],[-97.812884,30.149526],[-97.812755,30.149162]]]}},{"type":"Feature","properties":{"natural":"water"},"geometry":{"type":"Polygon","coordinates":[[[-97.78583,30.136885],[-97.78595,30.136789],[-97.786001,30.136707],[-97.786216,30.136603],[-97.786448,30.136514],[-97.786439,30.13644],[-97.786371,30.136388],[-97.78625,30.136403],[-97.786113,30.136522],[-97.78589,30.136588],[-97.785564,30.136603],[-97.785469,30.136685],[-97.785443,30.136789],[-97.785581,30.136878],[-97.78583,30.136885]]]}},{"type":"Feature","properties":{"natural":"water"},"geometry":{"type":"Polygon","coordinates":[[[-97.786438,30.138373],[-97.786639,30.138293],[-97.78675,30.138196],[-97.786763,30.138161],[-97.786742,30.138104],[-97.78664,30.138053],[-97.786569,30.138041],[-97.786293,30.138058],[-97.786235,30.138174],[-97.786248,30.138267],[-97.786358,30.138367],[-97.786438,30.138373]]]}},{"type":"Feature","properties":{"natural":"water"},"geometry":{"type":"Polygon","coordinates":[[[-97.793022,30.141243],[-97.792868,30.14102],[-97.792413,30.140745],[-97.792379,30.140671],[-97.792095,30.140426],[-97.791735,30.140159],[-97.791323,30.139958],[-97.791126,30.139929],[-97.790705,30.139803],[-97.790568,30.13981],[-97.790447,30.139914],[-97.790619,30.140537],[-97.790765,30.140983],[-97.790808,30.141027],[-97.791417,30.140923],[-97.791864,30.140879],[-97.79213,30.140901],[-97.792464,30.141072],[-97.792713,30.141154],[-97.792997,30.141295],[-97.793022,30.141243]]]}},{"type":"Feature","properties":{"natural":"water"},"geometry":{"type":"Polygon","coordinates":[[[-97.776466,30.134221],[-97.776345,30.134235],[-97.775444,30.135646],[-97.775444,30.135742],[-97.775504,30.135802],[-97.777023,30.136091],[-97.777144,30.136076],[-97.777178,30.136017],[-97.777272,30.135431],[-97.777281,30.135171],[-97.777238,30.134866],[-97.777152,30.134592],[-97.776938,30.134436],[-97.776466,30.134221]]]}},{"type":"Feature","properties":{"natural":"water"},"geometry":{"type":"Polygon","coordinates":[[[-97.777796,30.132677],[-97.777744,30.132617],[-97.777736,30.132276],[-97.77771,30.132224],[-97.777642,30.132224],[-97.777564,30.132283],[-97.776517,30.133953],[-97.776543,30.134035],[-97.777023,30.134235],[-97.777126,30.134235],[-97.777247,30.134206],[-97.77753,30.133976],[-97.777908,30.133567],[-97.778062,30.133337],[-97.778122,30.133144],[-97.778088,30.132922],[-97.777951,30.132773],[-97.777796,30.132677]]]}},{"type":"Feature","properties":{"natural":"water"},"geometry":{"type":"Polygon","coordinates":[[[-97.783823,30.12977],[-97.783726,30.129743],[-97.783461,30.129728],[-97.783384,30.129795],[-97.783427,30.129876],[-97.783839,30.129884],[-97.784139,30.129921],[-97.784199,30.129854],[-97.784148,30.12975],[-97.78401,30.129735],[-97.783823,30.12977]]]}},{"type":"Feature","properties":{"natural":"wood"},"geometry":{"type":"Polygon","coordinates":[[[-97.753197,30.170555],[-97.755245,30.167213],[-97.753247,30.165781],[-97.752559,30.165381],[-97.751289,30.16493],[-97.751244,30.164895],[-97.750934,30.164841],[-97.750649,30.16471],[-97.75043,30.164723],[-97.750046,30.164898],[-97.749929,30.164977],[-97.749794,30.165106],[-97.749722,30.165245],[-97.74955,30.165357],[-97.749186,30.165507],[-97.749097,30.165566],[-97.748807,30.165701],[-97.748597,30.16582],[-97.748207,30.166145],[-97.74782,30.166385],[-97.747443,30.166682],[-97.747252,30.166807],[-97.747135,30.166841],[-97.746954,30.166951],[-97.746623,30.167066],[-97.746101,30.167292],[-97.74594,30.167424],[-97.745811,30.167485],[-97.745144,30.168059],[-97.744868,30.168199],[-97.744682,30.168364],[-97.744539,30.168443],[-97.74439,30.168498],[-97.743983,30.168845],[-97.743797,30.169055],[-97.743626,30.169344],[-97.743544,30.169423],[-97.743339,30.169538],[-97.743167,30.169694],[-97.742964,30.169968],[-97.742895,30.170072],[-97.742718,30.170509],[-97.742606,30.170688],[-97.742334,30.171022],[-97.742486,30.17108],[-97.742331,30.17119],[-97.742208,30.171137],[-97.742097,30.171285],[-97.741971,30.17156],[-97.741993,30.171795],[-97.741975,30.17193],[-97.741599,30.172631],[-97.741587,30.172716],[-97.741633,30.172812],[-97.742592,30.173387],[-97.742917,30.173725],[-97.743311,30.173541],[-97.743261,30.173264],[-97.743121,30.172956],[-97.743361,30.171901],[-97.743502,30.171545],[-97.743939,30.171619],[-97.744215,30.171636],[-97.744597,30.171042],[-97.744837,30.170468],[-97.745098,30.170095],[-97.744958,30.169896],[-97.745831,30.169479],[-97.745756,30.169253],[-97.746218,30.168828],[-97.746831,30.168389],[-97.747298,30.168264],[-97.747694,30.168094],[-97.747674,30.167921],[-97.748111,30.167734],[-97.750244,30.167205],[-97.751635,30.166888],[-97.752042,30.167044],[-97.752489,30.169231],[-97.752614,30.169935],[-97.752735,30.170386],[-97.753197,30.170555]]]}},{"type":"Feature","properties":{"natural":"wood"},"geometry":{"type":"Polygon","coordinates":[[[-97.734834,30.159322],[-97.735569,30.159646],[-97.73592,30.159831],[-97.736107,30.15996],[-97.736252,30.160491],[-97.736284,30.161045],[-97.736225,30.161245],[-97.73603,30.161627],[-97.735927,30.162054],[-97.735923,30.162267],[-97.736016,30.162496],[-97.73612,30.162664],[-97.736385,30.162903],[-97.735854,30.163693],[-97.735589,30.163893],[-97.735423,30.163995],[-97.735322,30.164346],[-97.735474,30.164493],[-97.73608,30.165004],[-97.736781,30.165374],[-97.736135,30.166108],[-97.735468,30.165863],[-97.735444,30.165658],[-97.73519,30.165533],[-97.735056,30.165581],[-97.734715,30.165544],[-97.734099,30.165283],[-97.734252,30.165017],[-97.733688,30.164697],[-97.733672,30.16415],[-97.733415,30.163236],[-97.733517,30.162637],[-97.733479,30.161585],[-97.734834,30.159322]]]}},{"type":"Feature","properties":{"natural":"water"},"geometry":{"type":"Polygon","coordinates":[[[-97.734318,30.169391],[-97.734452,30.169467],[-97.734639,30.169467],[-97.734942,30.169382],[-97.735214,30.169334],[-97.735437,30.169258],[-97.735505,30.169146],[-97.735417,30.168975],[-97.735365,30.168913],[-97.734975,30.169025],[-97.7347,30.169075],[-97.734458,30.169146],[-97.734301,30.169363],[-97.734318,30.169391]]]}},{"type":"Feature","properties":{"natural":"water"},"geometry":{"type":"Polygon","coordinates":[[[-97.719346,30.109631],[-97.719206,30.109577],[-97.719066,30.109487],[-97.719038,30.109379],[-97.719139,30.109275],[-97.719322,30.109238],[-97.719462,30.109349],[-97.719524,30.109453],[-97.719493,30.109591],[-97.719427,30.109638],[-97.719346,30.109631]]]}},{"type":"Feature","properties":{"natural":"water"},"geometry":{"type":"Polygon","coordinates":[[[-97.757869,30.121748],[-97.757671,30.121759],[-97.757545,30.121812],[-97.757537,30.121893],[-97.757572,30.121986],[-97.757681,30.122082],[-97.757751,30.12209],[-97.75785,30.121989],[-97.757953,30.121811],[-97.757869,30.121748]]]}},{"type":"Feature","properties":{"natural":"water"},"geometry":{"type":"Polygon","coordinates":[[[-97.73315,30.104662],[-97.733325,30.104644],[-97.733432,30.104575],[-97.733393,30.104511],[-97.733288,30.104467],[-97.733156,30.104437],[-97.733078,30.104443],[-97.733065,30.104502],[-97.73309,30.104586],[-97.73315,30.104662]]]}},{"type":"Feature","properties":{"natural":"water"},"geometry":{"type":"Polygon","coordinates":[[[-97.71612,30.12137],[-97.716338,30.121531],[-97.716572,30.121444],[-97.716735,30.121195],[-97.716766,30.120778],[-97.716813,30.12059],[-97.716548,30.120509],[-97.716431,30.120563],[-97.716276,30.120798],[-97.71612,30.12137]]]}},{"type":"Feature","properties":{"natural":"water"},"geometry":{"type":"Polygon","coordinates":[[[-97.74201,30.115664],[-97.741839,30.115563],[-97.74159,30.115563],[-97.741287,30.115691],[-97.741232,30.115799],[-97.741785,30.116101],[-97.741932,30.115994],[-97.742033,30.115779],[-97.74201,30.115664]]]}},{"type":"Feature","properties":{"natural":"water"},"geometry":{"type":"Polygon","coordinates":[[[-97.725396,30.105297],[-97.725301,30.105314],[-97.725268,30.105408],[-97.725274,30.105512],[-97.725303,30.105591],[-97.725392,30.10563],[-97.725483,30.105623],[-97.725538,30.105572],[-97.725563,30.105482],[-97.725499,30.105314],[-97.725396,30.105297]]]}},{"type":"Feature","properties":{"natural":"water"},"geometry":{"type":"Polygon","coordinates":[[[-97.758353,30.122285],[-97.758396,30.122223],[-97.758404,30.122122],[-97.758377,30.122056],[-97.758266,30.122036],[-97.758136,30.122048],[-97.758021,30.122145],[-97.758044,30.122258],[-97.758076,30.122317],[-97.758194,30.122361],[-97.758299,30.122372],[-97.758353,30.122285]]]}},{"type":"Feature","properties":{"natural":"water"},"geometry":{"type":"Polygon","coordinates":[[[-97.746635,30.139605],[-97.746658,30.139451],[-97.746705,30.139316],[-97.746721,30.139115],[-97.746589,30.138886],[-97.746316,30.138812],[-97.746246,30.139054],[-97.746285,30.139269],[-97.746456,30.139505],[-97.746488,30.139605],[-97.746635,30.139605]]]}},{"type":"Feature","properties":{"natural":"water"},"geometry":{"type":"Polygon","coordinates":[[[-97.756663,30.135725],[-97.75669,30.135944],[-97.756806,30.136129],[-97.756811,30.13631],[-97.756734,30.136514],[-97.756603,30.136612],[-97.756481,30.136624],[-97.756356,30.136591],[-97.756323,30.136481],[-97.756366,30.136357],[-97.756498,30.136191],[-97.75658,30.136044],[-97.756613,30.135872],[-97.756663,30.135725]]]}},{"type":"Feature","properties":{"natural":"water"},"geometry":{"type":"Polygon","coordinates":[[[-97.725052,30.102502],[-97.725021,30.102572],[-97.725019,30.102665],[-97.72507,30.102749],[-97.725175,30.102781],[-97.725258,30.102762],[-97.725295,30.102707],[-97.725206,30.102528],[-97.725155,30.102487],[-97.725052,30.102502]]]}},{"type":"Feature","properties":{"natural":"water"},"geometry":{"type":"Polygon","coordinates":[[[-97.763487,30.118756],[-97.763289,30.118784],[-97.763177,30.11887],[-97.763149,30.118963],[-97.763215,30.119051],[-97.763718,30.119086],[-97.763759,30.119001],[-97.763743,30.118894],[-97.763655,30.118813],[-97.763556,30.118768],[-97.763487,30.118756]]]}},{"type":"Feature","properties":{"natural":"water"},"geometry":{"type":"Polygon","coordinates":[[[-97.763891,30.112075],[-97.764159,30.111658],[-97.76405,30.111298],[-97.763992,30.111211],[-97.763914,30.111214],[-97.76386,30.111248],[-97.763766,30.111251],[-97.763708,30.111285],[-97.763339,30.11192],[-97.763339,30.112005],[-97.763428,30.112015],[-97.763673,30.112116],[-97.763891,30.112075]]]}},{"type":"Feature","properties":{"natural":"water"},"geometry":{"type":"Polygon","coordinates":[[[-97.739908,30.128395],[-97.73983,30.128133],[-97.739744,30.127985],[-97.739511,30.127851],[-97.73934,30.127837],[-97.739075,30.127904],[-97.738726,30.128147],[-97.738656,30.128315],[-97.738866,30.128355],[-97.739146,30.128308],[-97.739386,30.128288],[-97.739908,30.128395]]]}},{"type":"Feature","properties":{"natural":"water"},"geometry":{"type":"Polygon","coordinates":[[[-97.761176,30.119356],[-97.761283,30.119601],[-97.761316,30.119792],[-97.761393,30.119806],[-97.761561,30.119696],[-97.761588,30.119627],[-97.761544,30.119535],[-97.761347,30.119387],[-97.761261,30.119352],[-97.761176,30.119356]]]}},{"type":"Feature","properties":{"natural":"water"},"geometry":{"type":"Polygon","coordinates":[[[-97.716742,30.117651],[-97.716463,30.117516],[-97.716136,30.117718],[-97.715973,30.117893],[-97.716089,30.118189],[-97.716214,30.118599],[-97.716346,30.118559],[-97.716307,30.11833],[-97.716253,30.118162],[-97.716455,30.118034],[-97.716649,30.117812],[-97.716742,30.117651]]]}},{"type":"Feature","properties":{"natural":"water"},"geometry":{"type":"Polygon","coordinates":[[[-97.752171,30.124394],[-97.752042,30.124298],[-97.751896,30.124156],[-97.751808,30.124142],[-97.751624,30.124303],[-97.751547,30.124417],[-97.7515,30.12457],[-97.751517,30.124748],[-97.751638,30.124848],[-97.751885,30.124803],[-97.751984,30.124746],[-97.752091,30.124577],[-97.752171,30.124394]]]}},{"type":"Feature","properties":{"natural":"water"},"geometry":{"type":"Polygon","coordinates":[[[-97.748252,30.116481],[-97.748229,30.116656],[-97.748109,30.116908],[-97.747992,30.116931],[-97.74786,30.116868],[-97.747475,30.116841],[-97.747412,30.116699],[-97.747498,30.116565],[-97.74793,30.116444],[-97.748252,30.116481]]]}},{"type":"Feature","properties":{"natural":"water"},"geometry":{"type":"Polygon","coordinates":[[[-97.710332,30.110907],[-97.710612,30.111143],[-97.710666,30.111479],[-97.710604,30.111782],[-97.710448,30.112037],[-97.710308,30.112064],[-97.710168,30.112011],[-97.710106,30.111889],[-97.709958,30.111802],[-97.709826,30.111701],[-97.70985,30.111412],[-97.710052,30.11125],[-97.710332,30.110907]]]}},{"type":"Feature","properties":{"natural":"water"},"geometry":{"type":"Polygon","coordinates":[[[-97.755926,30.135359],[-97.755893,30.135578],[-97.755805,30.135711],[-97.755651,30.135801],[-97.755514,30.135777],[-97.755211,30.135616],[-97.755167,30.135573],[-97.755305,30.135535],[-97.755481,30.135511],[-97.755668,30.135354],[-97.755926,30.135359]]]}},{"type":"Feature","properties":{"natural":"water"},"geometry":{"type":"Polygon","coordinates":[[[-97.753702,30.133879],[-97.753614,30.134097],[-97.75379,30.134211],[-97.753559,30.134392],[-97.753526,30.134668],[-97.753757,30.134791],[-97.754065,30.134668],[-97.754164,30.134525],[-97.754142,30.134373],[-97.753966,30.134383],[-97.754054,30.134259],[-97.753922,30.134164],[-97.753878,30.134031],[-97.753878,30.133907],[-97.753702,30.133879]]]}},{"type":"Feature","properties":{"natural":"water"},"geometry":{"type":"Polygon","coordinates":[[[-97.777073,30.100768],[-97.776786,30.101111],[-97.776552,30.10136],[-97.776661,30.101548],[-97.776529,30.10175],[-97.776467,30.101898],[-97.776195,30.102167],[-97.776101,30.102396],[-97.775658,30.102214],[-97.775471,30.102032],[-97.775448,30.101858],[-97.775712,30.101716],[-97.776179,30.101548],[-97.776692,30.100963],[-97.777073,30.100768]]]}},{"type":"Feature","properties":{"natural":"water"},"geometry":{"type":"Polygon","coordinates":[[[-97.757298,30.121515],[-97.757111,30.121478],[-97.756649,30.121462],[-97.756579,30.121509],[-97.756566,30.121582],[-97.756625,30.121628],[-97.756956,30.121782],[-97.757103,30.121836],[-97.757242,30.121851],[-97.757389,30.121767],[-97.757469,30.121685],[-97.757492,30.121607],[-97.757442,30.121557],[-97.75737,30.121525],[-97.757298,30.121515]]]}},{"type":"Feature","properties":{"natural":"water"},"geometry":{"type":"Polygon","coordinates":[[[-97.727532,30.106155],[-97.727344,30.106162],[-97.727095,30.106144],[-97.727046,30.106178],[-97.727061,30.106233],[-97.727027,30.106269],[-97.727021,30.106328],[-97.727123,30.106374],[-97.727142,30.106448],[-97.727247,30.106492],[-97.727317,30.106501],[-97.727521,30.106322],[-97.727545,30.106224],[-97.727532,30.106155]]]}},{"type":"Feature","properties":{"natural":"water"},"geometry":{"type":"Polygon","coordinates":[[[-97.760967,30.11822],[-97.760923,30.118308],[-97.760992,30.118393],[-97.76103,30.118503],[-97.761014,30.11879],[-97.761052,30.118893],[-97.761179,30.119004],[-97.76133,30.119104],[-97.761473,30.119121],[-97.761561,30.119007],[-97.761605,30.118907],[-97.761484,30.118748],[-97.761294,30.11845],[-97.761215,30.118362],[-97.761127,30.118288],[-97.760967,30.11822]]]}},{"type":"Feature","properties":{"natural":"water"},"geometry":{"type":"Polygon","coordinates":[[[-97.758734,30.119548],[-97.758423,30.119633],[-97.758346,30.119717],[-97.758371,30.119828],[-97.758626,30.12009],[-97.758935,30.120221],[-97.759048,30.120212],[-97.759378,30.120091],[-97.759456,30.120017],[-97.759475,30.119914],[-97.759522,30.119816],[-97.759546,30.119656],[-97.759467,30.119554],[-97.759375,30.119501],[-97.759225,30.119463],[-97.759066,30.119445],[-97.758906,30.119479],[-97.758734,30.119548]]]}},{"type":"Feature","properties":{"natural":"water"},"geometry":{"type":"Polygon","coordinates":[[[-97.739837,30.109357],[-97.738903,30.109005],[-97.73871,30.108891],[-97.738474,30.1088],[-97.738106,30.108724],[-97.738012,30.108716],[-97.737885,30.108928],[-97.737831,30.109091],[-97.73782,30.109202],[-97.73783,30.109309],[-97.737962,30.109376],[-97.738226,30.1093],[-97.73882,30.109233],[-97.739178,30.109271],[-97.739436,30.109371],[-97.739777,30.109395],[-97.739837,30.109357]]]}},{"type":"Feature","properties":{"natural":"water"},"geometry":{"type":"Polygon","coordinates":[[[-97.72642,30.106516],[-97.726364,30.106592],[-97.726266,30.106621],[-97.726187,30.106819],[-97.726196,30.106955],[-97.726234,30.106987],[-97.726408,30.106974],[-97.726476,30.10704],[-97.7265,30.107182],[-97.72655,30.107234],[-97.72663,30.107219],[-97.726708,30.107139],[-97.726768,30.107021],[-97.726745,30.106903],[-97.726698,30.1068],[-97.726682,30.106723],[-97.726607,30.106607],[-97.726507,30.106525],[-97.72642,30.106516]]]}},{"type":"Feature","properties":{"natural":"water"},"geometry":{"type":"Polygon","coordinates":[[[-97.744226,30.131079],[-97.743932,30.131188],[-97.743883,30.131185],[-97.743763,30.131225],[-97.743717,30.131281],[-97.743725,30.131362],[-97.74376,30.131433],[-97.743755,30.131509],[-97.743718,30.13158],[-97.743751,30.131661],[-97.743836,30.13169],[-97.743936,30.131665],[-97.74399,30.131607],[-97.743859,30.131541],[-97.743799,30.13135],[-97.743836,30.13129],[-97.74392,30.131232],[-97.744033,30.131208],[-97.744246,30.131111],[-97.744226,30.131079]]]}},{"type":"Feature","properties":{"natural":"water"},"geometry":{"type":"Polygon","coordinates":[[[-97.734115,30.10734],[-97.733983,30.107367],[-97.733845,30.107431],[-97.733768,30.107533],[-97.733763,30.107623],[-97.733933,30.10794],[-97.734035,30.108035],[-97.734071,30.108109],[-97.734126,30.108161],[-97.734266,30.108213],[-97.734414,30.108227],[-97.734464,30.108261],[-97.73447,30.108196],[-97.734406,30.108163],[-97.734236,30.108125],[-97.734173,30.10804],[-97.73412,30.107925],[-97.734115,30.107821],[-97.734131,30.107718],[-97.734236,30.107583],[-97.734269,30.107502],[-97.734269,30.107464],[-97.734203,30.107357],[-97.734162,30.107338],[-97.734115,30.10734]]]}},{"type":"Feature","properties":{"natural":"water"},"geometry":{"type":"Polygon","coordinates":[[[-97.757829,30.118312],[-97.757732,30.118409],[-97.757599,30.118446],[-97.757424,30.11842],[-97.757382,30.118463],[-97.75737,30.118544],[-97.757292,30.118574],[-97.757191,30.118571],[-97.757141,30.118524],[-97.756985,30.11844],[-97.756814,30.118315],[-97.756728,30.118302],[-97.756666,30.118339],[-97.75676,30.118426],[-97.756795,30.11848],[-97.756865,30.118702],[-97.756919,30.118806],[-97.757028,30.118887],[-97.757109,30.118981],[-97.757176,30.119096],[-97.75737,30.119109],[-97.757549,30.119072],[-97.7577,30.118988],[-97.757778,30.118917],[-97.758039,30.118591],[-97.75805,30.118372],[-97.758023,30.118346],[-97.757922,30.118309],[-97.757829,30.118312]]]}},{"type":"Feature","properties":{"natural":"water"},"geometry":{"type":"Polygon","coordinates":[[[-97.776296,30.105719],[-97.776296,30.105781],[-97.776255,30.105876],[-97.776148,30.105888],[-97.776083,30.105878],[-97.776047,30.105797],[-97.776062,30.105732],[-97.776124,30.105671],[-97.776202,30.105645],[-97.776266,30.105676],[-97.776296,30.105719]]]}},{"type":"Feature","properties":{"natural":"water"},"geometry":{"type":"Polygon","coordinates":[[[-97.739955,30.131691],[-97.739846,30.131913],[-97.739978,30.132007],[-97.740204,30.131954],[-97.740173,30.131718],[-97.739955,30.131691]]]}},{"type":"Feature","properties":{"natural":"water"},"geometry":{"type":"Polygon","coordinates":[[[-97.729816,30.121702],[-97.729937,30.121493],[-97.729651,30.12135],[-97.729475,30.121417],[-97.729563,30.121655],[-97.729816,30.121702]]]}},{"type":"Feature","properties":{"natural":"water"},"geometry":{"type":"Polygon","coordinates":[[[-97.753361,30.131824],[-97.75357,30.132062],[-97.753471,30.132243],[-97.753218,30.132262],[-97.753086,30.132138],[-97.753361,30.131824]]]}},{"type":"Feature","properties":{"natural":"water"},"geometry":{"type":"Polygon","coordinates":[[[-97.753911,30.130531],[-97.753669,30.130759],[-97.753812,30.130883],[-97.754032,30.130864],[-97.754076,30.130626],[-97.753911,30.130531]]]}},{"type":"Feature","properties":{"natural":"water"},"geometry":{"type":"Polygon","coordinates":[[[-97.742437,30.132236],[-97.742233,30.132283],[-97.742176,30.132352],[-97.742413,30.132469],[-97.74246,30.132472],[-97.74255,30.132404],[-97.742571,30.132344],[-97.742541,30.132286],[-97.742437,30.132236]]]}},{"type":"Feature","properties":{"natural":"water"},"geometry":{"type":"Polygon","coordinates":[[[-97.737108,30.118306],[-97.736812,30.118279],[-97.736735,30.118561],[-97.736983,30.118629],[-97.737123,30.118507],[-97.737108,30.118306]]]}},{"type":"Feature","properties":{"natural":"water"},"geometry":{"type":"Polygon","coordinates":[[[-97.713866,30.098595],[-97.71391,30.098623],[-97.713926,30.098683],[-97.71389,30.098779],[-97.713853,30.098824],[-97.713801,30.098828],[-97.713755,30.098803],[-97.713737,30.098747],[-97.713749,30.098668],[-97.713808,30.098598],[-97.713866,30.098595]]]}},{"type":"Feature","properties":{"natural":"water"},"geometry":{"type":"Polygon","coordinates":[[[-97.747676,30.130122],[-97.747841,30.129922],[-97.74772,30.129789],[-97.747522,30.12976],[-97.747467,30.12997],[-97.747676,30.130122]]]}},{"type":"Feature","properties":{"natural":"water"},"geometry":{"type":"Polygon","coordinates":[[[-97.732176,30.105675],[-97.732102,30.105628],[-97.732044,30.105649],[-97.732039,30.105732],[-97.732069,30.105839],[-97.732135,30.105973],[-97.732245,30.106099],[-97.732355,30.106127],[-97.732401,30.106082],[-97.732341,30.105975],[-97.732462,30.10598],[-97.732487,30.105906],[-97.732481,30.105844],[-97.73247,30.105818],[-97.732432,30.105804],[-97.732514,30.105682],[-97.73258,30.10548],[-97.732594,30.105309],[-97.732586,30.105226],[-97.732555,30.105183],[-97.732553,30.105123],[-97.732586,30.105055],[-97.732544,30.104997],[-97.73239,30.104921],[-97.732181,30.104845],[-97.731865,30.104886],[-97.731692,30.104931],[-97.731571,30.104986],[-97.731508,30.105119],[-97.731552,30.105197],[-97.731981,30.105354],[-97.732036,30.105311],[-97.732022,30.105259],[-97.73205,30.105192],[-97.732129,30.105159],[-97.732198,30.10515],[-97.732335,30.105219],[-97.73239,30.105345],[-97.732399,30.105433],[-97.732363,30.105556],[-97.732283,30.105675],[-97.732176,30.105675]]]}},{"type":"Feature","properties":{"natural":"water"},"geometry":{"type":"Polygon","coordinates":[[[-97.739938,30.11953],[-97.739487,30.119624],[-97.739285,30.119503],[-97.739192,30.119194],[-97.739549,30.119032],[-97.739845,30.119046],[-97.739938,30.11953]]]}},{"type":"Feature","properties":{"natural":"water"},"geometry":{"type":"Polygon","coordinates":[[[-97.778652,30.084877],[-97.778341,30.084661],[-97.778198,30.084609],[-97.778086,30.084615],[-97.778041,30.084693],[-97.777954,30.084977],[-97.777992,30.085062],[-97.778181,30.085131],[-97.7784,30.085134],[-97.778648,30.085109],[-97.778755,30.085036],[-97.778652,30.084877]]]}},{"type":"Feature","properties":{"natural":"water"},"geometry":{"type":"Polygon","coordinates":[[[-97.717088,30.084744],[-97.716991,30.084825],[-97.716925,30.084815],[-97.716906,30.084734],[-97.71696,30.084643],[-97.717073,30.084643],[-97.717088,30.084744]]]}},{"type":"Feature","properties":{"natural":"water"},"geometry":{"type":"Polygon","coordinates":[[[-97.7375,30.112852],[-97.737189,30.1129],[-97.737228,30.113101],[-97.737399,30.113236],[-97.73764,30.113122],[-97.73764,30.112967],[-97.7375,30.112852]]]}},{"type":"Feature","properties":{"natural":"water"},"geometry":{"type":"Polygon","coordinates":[[[-97.774705,30.096524],[-97.77454,30.096477],[-97.77443,30.096607],[-97.774523,30.096679],[-97.774653,30.096667],[-97.77471,30.096576],[-97.774705,30.096524]]]}},{"type":"Feature","properties":{"natural":"water"},"geometry":{"type":"Polygon","coordinates":[[[-97.715887,30.120832],[-97.715778,30.120657],[-97.715623,30.120617],[-97.715537,30.120758],[-97.715654,30.120879],[-97.715755,30.120926],[-97.715887,30.120832]]]}},{"type":"Feature","properties":{"natural":"water"},"geometry":{"type":"Polygon","coordinates":[[[-97.759581,30.128207],[-97.759717,30.128156],[-97.759795,30.128048],[-97.759705,30.127941],[-97.759639,30.127931],[-97.759554,30.128075],[-97.759581,30.128207]]]}},{"type":"Feature","properties":{"natural":"water"},"geometry":{"type":"Polygon","coordinates":[[[-97.769997,30.103856],[-97.769865,30.10362],[-97.769787,30.103445],[-97.769639,30.103607],[-97.769546,30.103755],[-97.769818,30.103889],[-97.769997,30.103856]]]}},{"type":"Feature","properties":{"natural":"water"},"geometry":{"type":"Polygon","coordinates":[[[-97.763889,30.119415],[-97.763883,30.1195],[-97.763941,30.119583],[-97.764001,30.11955],[-97.763999,30.119464],[-97.763946,30.119412],[-97.763889,30.119415]]]}},{"type":"Feature","properties":{"natural":"water"},"geometry":{"type":"Polygon","coordinates":[[[-97.712861,30.112065],[-97.712687,30.112194],[-97.712671,30.112265],[-97.712687,30.112303],[-97.71277,30.112313],[-97.712932,30.112266],[-97.712992,30.112212],[-97.712999,30.112112],[-97.712979,30.112064],[-97.712935,30.112048],[-97.712861,30.112065]]]}},{"type":"Feature","properties":{"natural":"water"},"geometry":{"type":"Polygon","coordinates":[[[-97.74539,30.130788],[-97.745566,30.13074],[-97.745665,30.130607],[-97.745665,30.130493],[-97.745549,30.130469],[-97.745412,30.13056],[-97.745379,30.130688],[-97.74539,30.130788]]]}},{"type":"Feature","properties":{"natural":"water"},"geometry":{"type":"Polygon","coordinates":[[[-97.723833,30.123167],[-97.723525,30.123015],[-97.723448,30.122758],[-97.723734,30.12252],[-97.724053,30.122691],[-97.724119,30.122834],[-97.724097,30.123015],[-97.723833,30.123167]]]}},{"type":"Feature","properties":{"natural":"water"},"geometry":{"type":"Polygon","coordinates":[[[-97.740409,30.108515],[-97.740525,30.108529],[-97.740613,30.108491],[-97.740536,30.108377],[-97.740409,30.10832],[-97.74031,30.108382],[-97.740321,30.108448],[-97.740409,30.108515]]]}},{"type":"Feature","properties":{"natural":"water"},"geometry":{"type":"Polygon","coordinates":[[[-97.713618,30.099991],[-97.713695,30.100105],[-97.71364,30.100314],[-97.713464,30.100467],[-97.713266,30.100495],[-97.713211,30.100314],[-97.713343,30.100143],[-97.713618,30.099991]]]}},{"type":"Feature","properties":{"natural":"water"},"geometry":{"type":"Polygon","coordinates":[[[-97.715813,30.086854],[-97.715704,30.086817],[-97.715655,30.086862],[-97.715622,30.086969],[-97.715646,30.087045],[-97.715716,30.087083],[-97.715802,30.08708],[-97.715859,30.086996],[-97.71586,30.086911],[-97.715813,30.086854]]]}},{"type":"Feature","properties":{"natural":"water"},"geometry":{"type":"Polygon","coordinates":[[[-97.749294,30.134713],[-97.749216,30.134716],[-97.748997,30.13463],[-97.748872,30.134505],[-97.748844,30.134426],[-97.748958,30.134338],[-97.749206,30.134326],[-97.749327,30.134378],[-97.74937,30.134627],[-97.749294,30.134713]]]}},{"type":"Feature","properties":{"natural":"water"},"geometry":{"type":"Polygon","coordinates":[[[-97.76939,30.107339],[-97.769231,30.107639],[-97.769132,30.107648],[-97.76906,30.107563],[-97.769066,30.107444],[-97.769346,30.107296],[-97.76939,30.107339]]]}},{"type":"Feature","properties":{"natural":"water"},"geometry":{"type":"Polygon","coordinates":[[[-97.770879,30.092314],[-97.770872,30.092232],[-97.770592,30.092088],[-97.770252,30.092014],[-97.770079,30.092047],[-97.769975,30.092137],[-97.769984,30.092292],[-97.770074,30.092373],[-97.770438,30.092537],[-97.770632,30.092493],[-97.770822,30.092401],[-97.770879,30.092314]]]}},{"type":"Feature","properties":{"natural":"water"},"geometry":{"type":"Polygon","coordinates":[[[-97.745881,30.116273],[-97.745628,30.116225],[-97.745503,30.116252],[-97.745566,30.11639],[-97.745828,30.116435],[-97.745881,30.116273]]]}},{"type":"Feature","properties":{"natural":"water"},"geometry":{"type":"Polygon","coordinates":[[[-97.741548,30.124959],[-97.741253,30.124871],[-97.741159,30.124938],[-97.741198,30.125073],[-97.741276,30.125187],[-97.741447,30.125208],[-97.74154,30.12508],[-97.741548,30.124959]]]}},{"type":"Feature","properties":{"natural":"water"},"geometry":{"type":"Polygon","coordinates":[[[-97.760807,30.108868],[-97.762285,30.109588],[-97.762358,30.109581],[-97.762479,30.109366],[-97.762456,30.109322],[-97.760951,30.108656],[-97.760881,30.108714],[-97.760807,30.108868]]]}},{"type":"Feature","properties":{"natural":"water"},"geometry":{"type":"Polygon","coordinates":[[[-97.771859,30.094628],[-97.771708,30.094619],[-97.771637,30.094738],[-97.771705,30.094811],[-97.771807,30.094852],[-97.771906,30.094783],[-97.77189,30.094671],[-97.771859,30.094628]]]}},{"type":"Feature","properties":{"natural":"water"},"geometry":{"type":"Polygon","coordinates":[[[-97.722936,30.100192],[-97.722788,30.100162],[-97.722676,30.100259],[-97.72268,30.100384],[-97.722824,30.100455],[-97.723002,30.100407],[-97.723029,30.1003],[-97.722979,30.100212],[-97.722936,30.100192]]]}},{"type":"Feature","properties":{"natural":"water"},"geometry":{"type":"Polygon","coordinates":[[[-97.739654,30.113061],[-97.739429,30.113222],[-97.739327,30.113411],[-97.739374,30.113606],[-97.739561,30.113579],[-97.739701,30.113465],[-97.739778,30.11327],[-97.739778,30.113128],[-97.739654,30.113061]]]}},{"type":"Feature","properties":{"natural":"water"},"geometry":{"type":"Polygon","coordinates":[[[-97.726083,30.102868],[-97.726071,30.102796],[-97.726131,30.102727],[-97.726223,30.102722],[-97.726291,30.102794],[-97.726242,30.102882],[-97.726178,30.102922],[-97.726096,30.102894],[-97.726083,30.102868]]]}},{"type":"Feature","properties":{"natural":"water"},"geometry":{"type":"Polygon","coordinates":[[[-97.756449,30.118195],[-97.756587,30.118201],[-97.756706,30.118181],[-97.756704,30.118135],[-97.756664,30.118111],[-97.756515,30.118092],[-97.756416,30.118122],[-97.756449,30.118195]]]}},{"type":"Feature","properties":{"natural":"water"},"geometry":{"type":"Polygon","coordinates":[[[-97.725818,30.097852],[-97.72562,30.097907],[-97.725587,30.09803],[-97.725708,30.098087],[-97.725875,30.098052],[-97.725991,30.097971],[-97.72601,30.097902],[-97.725944,30.097849],[-97.725818,30.097852]]]}},{"type":"Feature","properties":{"natural":"water"},"geometry":{"type":"Polygon","coordinates":[[[-97.7149,30.119171],[-97.714705,30.119117],[-97.714231,30.119399],[-97.714277,30.119561],[-97.714526,30.1195],[-97.71483,30.119352],[-97.7149,30.119171]]]}},{"type":"Feature","properties":{"natural":"water"},"geometry":{"type":"Polygon","coordinates":[[[-97.718749,30.118256],[-97.719013,30.118101],[-97.71927,30.118034],[-97.719246,30.117846],[-97.718998,30.117711],[-97.718827,30.117725],[-97.718733,30.117893],[-97.718687,30.118175],[-97.718749,30.118256]]]}},{"type":"Feature","properties":{"natural":"water"},"geometry":{"type":"Polygon","coordinates":[[[-97.747885,30.112249],[-97.747819,30.112291],[-97.747821,30.112467],[-97.747887,30.112642],[-97.747976,30.112682],[-97.748187,30.112545],[-97.748228,30.1124],[-97.748076,30.112282],[-97.747885,30.112249]]]}},{"type":"Feature","properties":{"natural":"water"},"geometry":{"type":"Polygon","coordinates":[[[-97.750035,30.113965],[-97.750035,30.114044],[-97.75008,30.114121],[-97.75016,30.114167],[-97.750228,30.114138],[-97.750261,30.114079],[-97.750218,30.114004],[-97.750138,30.113972],[-97.750035,30.113965]]]}},{"type":"Feature","properties":{"natural":"water"},"geometry":{"type":"Polygon","coordinates":[[[-97.750857,30.124189],[-97.750802,30.124101],[-97.750714,30.124073],[-97.750593,30.124125],[-97.750544,30.124232],[-97.750631,30.124325],[-97.750709,30.124337],[-97.750824,30.124239],[-97.750857,30.124189]]]}},{"type":"Feature","properties":{"natural":"water"},"geometry":{"type":"Polygon","coordinates":[[[-97.729615,30.084592],[-97.729654,30.084679],[-97.729645,30.084726],[-97.729577,30.084799],[-97.729481,30.084819],[-97.729391,30.084785],[-97.729359,30.084752],[-97.729337,30.08467],[-97.729349,30.084628],[-97.729414,30.084564],[-97.72952,30.084546],[-97.729615,30.084592]]]}},{"type":"Feature","properties":{"natural":"water"},"geometry":{"type":"Polygon","coordinates":[[[-97.71341,30.09285],[-97.713339,30.093026],[-97.713415,30.093164],[-97.713619,30.093193],[-97.713778,30.093121],[-97.713789,30.09295],[-97.713663,30.092822],[-97.713504,30.092812],[-97.71341,30.09285]]]}},{"type":"Feature","properties":{"natural":"water"},"geometry":{"type":"Polygon","coordinates":[[[-97.757298,30.131368],[-97.757474,30.131434],[-97.757654,30.131339],[-97.757606,30.131025],[-97.757691,30.130462],[-97.757509,30.130294],[-97.757368,30.130293],[-97.757088,30.130446],[-97.756903,30.130668],[-97.756971,30.130972],[-97.757155,30.131101],[-97.757287,30.131225],[-97.757298,30.131368]]]}},{"type":"Feature","properties":{"natural":"water"},"geometry":{"type":"Polygon","coordinates":[[[-97.733458,30.106898],[-97.73332,30.106955],[-97.733224,30.106962],[-97.733153,30.106929],[-97.733147,30.106836],[-97.733216,30.106748],[-97.733315,30.106746],[-97.733458,30.106898]]]}},{"type":"Feature","properties":{"natural":"water"},"geometry":{"type":"Polygon","coordinates":[[[-97.779114,30.089891],[-97.778432,30.089672],[-97.777839,30.089244],[-97.777575,30.089263],[-97.777212,30.089606],[-97.777102,30.089958],[-97.777509,30.090063],[-97.778432,30.089968],[-97.77896,30.090006],[-97.779114,30.089891]]]}},{"type":"Feature","properties":{"natural":"water"},"geometry":{"type":"Polygon","coordinates":[[[-97.769352,30.107039],[-97.768461,30.10673],[-97.768219,30.106664],[-97.768263,30.10683],[-97.768489,30.10713],[-97.768637,30.107377],[-97.768802,30.10723],[-97.769093,30.107168],[-97.769341,30.107139],[-97.769352,30.107039]]]}},{"type":"Feature","properties":{"natural":"water"},"geometry":{"type":"Polygon","coordinates":[[[-97.750288,30.118682],[-97.750226,30.118474],[-97.750032,30.118339],[-97.749791,30.118299],[-97.749674,30.118514],[-97.749713,30.118669],[-97.74972,30.118884],[-97.749954,30.118904],[-97.750226,30.118743],[-97.750288,30.118682]]]}},{"type":"Feature","properties":{"natural":"water"},"geometry":{"type":"Polygon","coordinates":[[[-97.756724,30.123504],[-97.756573,30.123585],[-97.756529,30.123695],[-97.756581,30.123835],[-97.756716,30.123873],[-97.756908,30.12384],[-97.756999,30.12373],[-97.756993,30.123647],[-97.756869,30.123554],[-97.756724,30.123504]]]}},{"type":"Feature","properties":{"natural":"water"},"geometry":{"type":"Polygon","coordinates":[[[-97.727679,30.095463],[-97.727734,30.095335],[-97.727742,30.095245],[-97.727665,30.095214],[-97.727605,30.095247],[-97.727542,30.095309],[-97.727511,30.095406],[-97.727564,30.095459],[-97.727621,30.095471],[-97.727679,30.095463]]]}},{"type":"Feature","properties":{"natural":"water"},"geometry":{"type":"Polygon","coordinates":[[[-97.733887,30.108068],[-97.733777,30.10802],[-97.733724,30.108042],[-97.733716,30.108137],[-97.733793,30.108216],[-97.733876,30.108237],[-97.73395,30.108232],[-97.733964,30.108154],[-97.733947,30.108109],[-97.733887,30.108068]]]}},{"type":"Feature","properties":{"natural":"water"},"geometry":{"type":"Polygon","coordinates":[[[-97.733241,30.107126],[-97.73315,30.107206],[-97.733117,30.107326],[-97.733188,30.107378],[-97.733351,30.107371],[-97.733439,30.107298],[-97.733458,30.107212],[-97.733386,30.107131],[-97.733317,30.107114],[-97.733241,30.107126]]]}},{"type":"Feature","properties":{"natural":"water"},"geometry":{"type":"Polygon","coordinates":[[[-97.749645,30.121888],[-97.749416,30.121858],[-97.749167,30.121852],[-97.748859,30.121758],[-97.748843,30.121668],[-97.74891,30.121587],[-97.749697,30.121744],[-97.749728,30.121806],[-97.749645,30.121888]]]}},{"type":"Feature","properties":{"natural":"water"},"geometry":{"type":"Polygon","coordinates":[[[-97.764444,30.126208],[-97.764119,30.126251],[-97.763932,30.126341],[-97.763982,30.126469],[-97.764097,30.126655],[-97.764224,30.126769],[-97.764438,30.126655],[-97.764537,30.126479],[-97.764581,30.126284],[-97.764444,30.126208]]]}},{"type":"Feature","properties":{"natural":"water"},"geometry":{"type":"Polygon","coordinates":[[[-97.719447,30.111114],[-97.719311,30.111296],[-97.719221,30.11137],[-97.719283,30.111414],[-97.719396,30.111417],[-97.719559,30.111343],[-97.719661,30.111246],[-97.71954,30.111135],[-97.719447,30.111114]]]}},{"type":"Feature","properties":{"natural":"water"},"geometry":{"type":"Polygon","coordinates":[[[-97.722629,30.099291],[-97.722458,30.099079],[-97.722279,30.098981],[-97.721995,30.099022],[-97.721925,30.099271],[-97.722143,30.099513],[-97.722361,30.09961],[-97.722613,30.099563],[-97.722691,30.099415],[-97.722629,30.099291]]]}},{"type":"Feature","properties":{"natural":"water"},"geometry":{"type":"Polygon","coordinates":[[[-97.724564,30.097997],[-97.724416,30.098083],[-97.724396,30.098235],[-97.724572,30.098406],[-97.724792,30.09838],[-97.72488,30.09823],[-97.724833,30.098102],[-97.72474,30.098002],[-97.724611,30.097983],[-97.724564,30.097997]]]}},{"type":"Feature","properties":{"natural":"water"},"geometry":{"type":"Polygon","coordinates":[[[-97.743075,30.134725],[-97.743218,30.134892],[-97.743405,30.134901],[-97.743504,30.134721],[-97.743471,30.134621],[-97.743284,30.134635],[-97.743119,30.134549],[-97.743053,30.134464],[-97.74318,30.134141],[-97.742998,30.134345],[-97.742932,30.134549],[-97.743075,30.134725]]]}},{"type":"Feature","properties":{"natural":"water"},"geometry":{"type":"Polygon","coordinates":[[[-97.731223,30.141187],[-97.731047,30.141111],[-97.73092,30.141082],[-97.730838,30.141115],[-97.730838,30.141177],[-97.730909,30.141234],[-97.731069,30.141306],[-97.731113,30.141386],[-97.731239,30.14142],[-97.731305,30.141391],[-97.731431,30.141377],[-97.731487,30.141348],[-97.73142,30.141272],[-97.731332,30.141248],[-97.731223,30.141187]]]}},{"type":"Feature","properties":{"natural":"water"},"geometry":{"type":"Polygon","coordinates":[[[-97.72993,30.130309],[-97.729655,30.130499],[-97.729721,30.130661],[-97.729952,30.130565],[-97.72993,30.130309]]]}},{"type":"Feature","properties":{"natural":"water"},"geometry":{"type":"Polygon","coordinates":[[[-97.721439,30.136777],[-97.721175,30.136786],[-97.721142,30.137005],[-97.721274,30.137148],[-97.721461,30.137005],[-97.721439,30.136777]]]}},{"type":"Feature","properties":{"natural":"water"},"geometry":{"type":"Polygon","coordinates":[[[-97.723512,30.137029],[-97.723621,30.136706],[-97.723387,30.136491],[-97.723232,30.136599],[-97.723201,30.136814],[-97.723512,30.137029]]]}},{"type":"Feature","properties":{"natural":"water"},"geometry":{"type":"Polygon","coordinates":[[[-97.723738,30.127716],[-97.723334,30.127878],[-97.723365,30.128066],[-97.72366,30.128053],[-97.723816,30.127878],[-97.723738,30.127716]]]}},{"type":"Feature","properties":{"natural":"water"},"geometry":{"type":"Polygon","coordinates":[[[-97.728109,30.150063],[-97.72828,30.149891],[-97.728413,30.149609],[-97.728426,30.149342],[-97.728314,30.149277],[-97.728186,30.149293],[-97.727837,30.149947],[-97.727948,30.150064],[-97.728109,30.150063]]]}},{"type":"Feature","properties":{"natural":"water"},"geometry":{"type":"Polygon","coordinates":[[[-97.718575,30.123425],[-97.718419,30.123224],[-97.718264,30.123197],[-97.718134,30.123243],[-97.718046,30.123466],[-97.718295,30.1236],[-97.718575,30.123425]]]}},{"type":"Feature","properties":{"natural":"water"},"geometry":{"type":"Polygon","coordinates":[[[-97.732527,30.135754],[-97.732316,30.135613],[-97.732239,30.135707],[-97.732316,30.135862],[-97.732495,30.135875],[-97.732527,30.135754]]]}},{"type":"Feature","properties":{"natural":"water"},"geometry":{"type":"Polygon","coordinates":[[[-97.730513,30.13673],[-97.730435,30.136951],[-97.730279,30.137019],[-97.730139,30.136918],[-97.730163,30.13679],[-97.730357,30.136655],[-97.730513,30.13673]]]}},{"type":"Feature","properties":{"natural":"water"},"geometry":{"type":"Polygon","coordinates":[[[-97.728998,30.146024],[-97.728866,30.1459],[-97.728624,30.145891],[-97.72858,30.1461],[-97.728668,30.146271],[-97.728866,30.146176],[-97.728998,30.146024]]]}},{"type":"Feature","properties":{"natural":"water"},"geometry":{"type":"Polygon","coordinates":[[[-97.738129,30.142285],[-97.738338,30.142218],[-97.738315,30.142123],[-97.738211,30.142081],[-97.738096,30.142104],[-97.738046,30.142238],[-97.738129,30.142285]]]}},{"type":"Feature","properties":{"natural":"water"},"geometry":{"type":"Polygon","coordinates":[[[-97.718318,30.131926],[-97.718021,30.132106],[-97.717955,30.132354],[-97.718197,30.132411],[-97.71845,30.132354],[-97.718483,30.132097],[-97.718318,30.131926]]]}},{"type":"Feature","properties":{"natural":"water"},"geometry":{"type":"Polygon","coordinates":[[[-97.734054,30.133362],[-97.733867,30.133305],[-97.733581,30.133286],[-97.733471,30.133409],[-97.733614,30.133571],[-97.733845,30.133647],[-97.733988,30.13359],[-97.734054,30.133362]]]}},{"type":"Feature","properties":{"natural":"water"},"geometry":{"type":"Polygon","coordinates":[[[-97.721122,30.129262],[-97.720957,30.128968],[-97.720825,30.128949],[-97.72066,30.129053],[-97.720528,30.129234],[-97.720616,30.129348],[-97.720902,30.12932],[-97.721122,30.129262]]]}},{"type":"Feature","properties":{"natural":"water"},"geometry":{"type":"Polygon","coordinates":[[[-97.71029,30.123391],[-97.710407,30.123222],[-97.710442,30.123098],[-97.710384,30.12301],[-97.710221,30.122926],[-97.710092,30.12298],[-97.709968,30.123233],[-97.709983,30.123327],[-97.71029,30.123391]]]}},{"type":"Feature","properties":{"natural":"water"},"geometry":{"type":"Polygon","coordinates":[[[-97.732993,30.14335],[-97.732779,30.143379],[-97.732603,30.143441],[-97.73279,30.143693],[-97.732927,30.143683],[-97.733004,30.143564],[-97.733009,30.143441],[-97.732993,30.14335]]]}},{"type":"Feature","properties":{"natural":"water"},"geometry":{"type":"Polygon","coordinates":[[[-97.710162,30.123495],[-97.710034,30.123404],[-97.70989,30.12338],[-97.709766,30.123629],[-97.709859,30.123734],[-97.709991,30.123787],[-97.710073,30.123703],[-97.710143,30.123576],[-97.710162,30.123495]]]}},{"type":"Feature","properties":{"natural":"water"},"geometry":{"type":"Polygon","coordinates":[[[-97.712585,30.124408],[-97.712243,30.12467],[-97.712177,30.124798],[-97.712328,30.124825],[-97.712433,30.124751],[-97.712523,30.124647],[-97.712682,30.124519],[-97.712709,30.124422],[-97.712585,30.124408]]]}},{"type":"Feature","properties":{"leisure":"park","name":"Grand Meadow Neighborhood Park"},"geometry":{"type":"Polygon","coordinates":[[[-97.743146,30.157598],[-97.741786,30.157548],[-97.741601,30.157522],[-97.741347,30.157456],[-97.74104,30.157321],[-97.742205,30.155424],[-97.742835,30.15572],[-97.743148,30.155815],[-97.743475,30.155872],[-97.743526,30.155911],[-97.743529,30.156271],[-97.743651,30.156876],[-97.743648,30.157048],[-97.743573,30.157581],[-97.743551,30.157624],[-97.743511,30.157628],[-97.743146,30.157598]]]}},{"type":"Feature","properties":{"leisure":"park","name":"Mary Moore Searight Metropolitan Park"},"geometry":{"type":"Polygon","coordinates":[[[-97.804987,30.154785],[-97.805049,30.158624],[-97.805055,30.160888],[-97.804716,30.160882],[-97.80429,30.160905],[-97.804144,30.160947],[-97.80395,30.161152],[-97.80374,30.161703],[-97.803673,30.161775],[-97.80354,30.161855],[-97.803353,30.161908],[-97.803164,30.161899],[-97.802775,30.161758],[-97.802589,30.161538],[-97.801968,30.163133],[-97.800856,30.162616],[-97.801243,30.164412],[-97.801947,30.168298],[-97.804914,30.168268],[-97.804974,30.169164],[-97.80503,30.170936],[-97.80586,30.170953],[-97.808214,30.170926],[-97.807365,30.173805],[-97.807551,30.173801],[-97.809113,30.16873],[-97.809667,30.166365],[-97.809499,30.162817],[-97.809436,30.161166],[-97.810419,30.16104],[-97.810395,30.158804],[-97.812288,30.158468],[-97.813102,30.158571],[-97.812829,30.155376],[-97.814189,30.15486],[-97.815466,30.153976],[-97.815655,30.15396],[-97.815652,30.153013],[-97.815682,30.152014],[-97.814673,30.152029],[-97.814738,30.152287],[-97.814703,30.15265],[-97.814514,30.152843],[-97.814128,30.153111],[-97.81339,30.153526],[-97.812823,30.153741],[-97.812266,30.153882],[-97.811733,30.153815],[-97.811376,30.153708],[-97.811157,30.153617],[-97.811161,30.153574],[-97.811199,30.153558],[-97.810201,30.153051],[-97.809917,30.152959],[-97.809847,30.152921],[-97.809398,30.152347],[-97.809304,30.152332],[-97.809236,30.152301],[-97.809113,30.152162],[-97.808999,30.15212],[-97.808917,30.152056],[-97.808926,30.152012],[-97.80898,30.151973],[-97.80887,30.151892],[-97.808601,30.151764],[-97.80826,30.15175],[-97.808157,30.151763],[-97.808012,30.151831],[-97.807949,30.151887],[-97.8079,30.151899],[-97.807875,30.15193],[-97.807832,30.151939],[-97.807808,30.152013],[-97.807752,30.152072],[-97.807743,30.152152],[-97.807708,30.152182],[-97.807627,30.152207],[-97.807579,30.152198],[-97.807529,30.152248],[-97.807504,30.152363],[-97.807496,30.152522],[-97.807429,30.152579],[-97.807441,30.152668],[-97.807304,30.152957],[-97.807256,30.153004],[-97.807275,30.153142],[-97.807191,30.153422],[-97.807125,30.153496],[-97.807096,30.153574],[-97.807043,30.153599],[-97.806817,30.153807],[-97.80635,30.154118],[-97.806115,30.154412],[-97.806104,30.154493],[-97.805874,30.154669],[-97.805777,30.154724],[-97.805653,30.154733],[-97.805527,30.154779],[-97.804987,30.154785]]]}},{"type":"Feature","properties":{"ele":"205","name":"Soil Conservation Service Site 10 Reservoir","natural":"water"},"geometry":{"type":"Polygon","coordinates":[[[-97.802171,30.062715],[-97.800444,30.063193],[-97.799184,30.063609],[-97.799028,30.063855],[-97.798971,30.064124],[-97.798971,30.064418],[-97.798801,30.064406],[-97.798589,30.064528],[-97.798915,30.064675],[-97.799311,30.064663],[-97.799481,30.064688],[-97.799693,30.065214],[-97.800316,30.065643],[-97.80033,30.065962],[-97.800557,30.066526],[-97.800585,30.066795],[-97.800288,30.067126],[-97.80016,30.067408],[-97.799807,30.067677],[-97.800033,30.067702],[-97.80033,30.067702],[-97.80067,30.067824],[-97.800783,30.067665],[-97.801067,30.067616],[-97.801293,30.067555],[-97.802142,30.068094],[-97.802312,30.068229],[-97.802468,30.068327],[-97.80251,30.068461],[-97.802751,30.068339],[-97.80285,30.068449],[-97.802482,30.068719],[-97.802496,30.068866],[-97.802935,30.06851],[-97.803247,30.068069],[-97.803671,30.068057],[-97.803601,30.067616],[-97.803147,30.067297],[-97.802822,30.067199],[-97.80251,30.066881],[-97.802468,30.066281],[-97.802355,30.065876],[-97.802411,30.065496],[-97.802624,30.065411],[-97.802779,30.065325],[-97.802978,30.065545],[-97.80319,30.065545],[-97.803374,30.065619],[-97.803516,30.065619],[-97.803756,30.065729],[-97.80394,30.065349],[-97.803799,30.065251],[-97.803558,30.065313],[-97.803487,30.065214],[-97.803601,30.065055],[-97.803063,30.064541],[-97.802496,30.063769],[-97.802171,30.062715]]]}},{"type":"Feature","properties":{"leisure":"park","name":"Old San Antonio District Park"},"geometry":{"type":"Polygon","coordinates":[[[-97.813346,30.133384],[-97.812237,30.133219],[-97.811263,30.133217],[-97.811492,30.132633],[-97.811534,30.131987],[-97.811778,30.131038],[-97.811986,30.13061],[-97.817587,30.130649],[-97.81889,30.130737],[-97.81891,30.133622],[-97.814943,30.133571],[-97.813705,30.133503],[-97.813701,30.133392],[-97.813346,30.133384]]]}},{"type":"Feature","properties":{"natural":"water"},"geometry":{"type":"Polygon","coordinates":[[[-97.826718,30.087747],[-97.826807,30.087728],[-97.82685,30.087695],[-97.826889,30.08761],[-97.826729,30.086794],[-97.826535,30.085926],[-97.826474,30.085861],[-97.826227,30.0858],[-97.826124,30.085795],[-97.826073,30.085841],[-97.826041,30.08594],[-97.826078,30.086915],[-97.826172,30.086934],[-97.826209,30.08697],[-97.826328,30.087172],[-97.826296,30.087313],[-97.826435,30.087397],[-97.826472,30.087488],[-97.8265,30.087688],[-97.82654,30.087728],[-97.826601,30.087751],[-97.826718,30.087747]]]}},{"type":"Feature","properties":{"natural":"water"},"geometry":{"type":"Polygon","coordinates":[[[-97.816407,30.05958],[-97.816346,30.059579],[-97.816315,30.059543],[-97.816267,30.059539],[-97.816197,30.059582],[-97.816065,30.059578],[-97.816032,30.059558],[-97.816026,30.059272],[-97.816092,30.059216],[-97.816091,30.059157],[-97.816065,30.05912],[-97.816114,30.0591],[-97.816474,30.05909],[-97.816538,30.059205],[-97.816508,30.059325],[-97.816407,30.05958]]]}},{"type":"Feature","properties":{"leisure":"park","name":"Green Meadows Park"},"geometry":{"type":"Polygon","coordinates":[[[-97.816032,30.062721],[-97.816037,30.06307],[-97.815814,30.063086],[-97.815819,30.063408],[-97.815889,30.063404],[-97.815885,30.063441],[-97.815858,30.063458],[-97.814867,30.063475],[-97.81486,30.063102],[-97.814747,30.0631],[-97.814735,30.062703],[-97.814644,30.062407],[-97.815168,30.062269],[-97.815295,30.062425],[-97.8154,30.062517],[-97.815532,30.062593],[-97.815713,30.062671],[-97.816032,30.062721]]]}},{"type":"Feature","properties":{"leisure":"park","name":"Green Meadows Park"},"geometry":{"type":"Polygon","coordinates":[[[-97.815012,30.060453],[-97.81421,30.060473],[-97.814195,30.060047],[-97.814218,30.060025],[-97.814272,30.060013],[-97.814982,30.060009],[-97.815003,30.060032],[-97.815012,30.060453]]]}},{"type":"Feature","properties":{"natural":"water"},"geometry":{"type":"Polygon","coordinates":[[[-97.81034,30.06432],[-97.810386,30.064352],[-97.810422,30.06441],[-97.810397,30.064473],[-97.810336,30.06449],[-97.809417,30.06442],[-97.809317,30.064392],[-97.809155,30.064374],[-97.809107,30.064315],[-97.809126,30.064246],[-97.80917,30.064207],[-97.809358,30.064138],[-97.809416,30.064096],[-97.809748,30.064065],[-97.809939,30.064097],[-97.810117,30.064054],[-97.810243,30.063945],[-97.810263,30.063953],[-97.810252,30.063995],[-97.810166,30.064096],[-97.810138,30.064159],[-97.810141,30.064222],[-97.81034,30.06432]]]}},{"type":"Feature","properties":{"natural":"water"},"geometry":{"type":"Polygon","coordinates":[[[-97.812125,30.062482],[-97.812119,30.062509],[-97.812056,30.062525],[-97.811921,30.062527],[-97.811879,30.062507],[-97.811891,30.062431],[-97.811848,30.062172],[-97.811967,30.062223],[-97.812057,30.062406],[-97.812125,30.062482]]]}},{"type":"Feature","properties":{"natural":"water"},"geometry":{"type":"Polygon","coordinates":[[[-97.811534,30.060203],[-97.811431,30.06023],[-97.811255,30.060198],[-97.81104,30.060101],[-97.810934,30.060035],[-97.810941,30.059957],[-97.811048,30.059758],[-97.81113,30.059732],[-97.81118,30.059767],[-97.811292,30.059783],[-97.811534,30.060203]]]}},{"type":"Feature","properties":{"natural":"water"},"geometry":{"type":"Polygon","coordinates":[[[-97.82,30.067983],[-97.819654,30.067991],[-97.819642,30.067591],[-97.819987,30.067583],[-97.82,30.067983]]]}},{"type":"Feature","properties":{"natural":"water"},"geometry":{"type":"Polygon","coordinates":[[[-97.823132,30.057702],[-97.823055,30.057837],[-97.822987,30.057875],[-97.82292,30.057943],[-97.822694,30.05788],[-97.822637,30.057826],[-97.822614,30.057694],[-97.822483,30.05738],[-97.822358,30.057127],[-97.822163,30.05684],[-97.822111,30.056726],[-97.82212,30.056594],[-97.821736,30.056236],[-97.821712,30.056138],[-97.821773,30.056091],[-97.821943,30.056038],[-97.822053,30.056064],[-97.822142,30.056209],[-97.822199,30.056238],[-97.82223,30.056296],[-97.822276,30.056315],[-97.822394,30.056246],[-97.822461,30.056225],[-97.822541,30.056223],[-97.822605,30.056268],[-97.822726,30.056521],[-97.822827,30.056858],[-97.822845,30.056985],[-97.822891,30.057061],[-97.823132,30.057702]]]}},{"type":"Feature","properties":{"natural":"water"},"geometry":{"type":"Polygon","coordinates":[[[-97.824149,30.058905],[-97.824131,30.058949],[-97.82414,30.058989],[-97.824079,30.059013],[-97.824049,30.058989],[-97.823963,30.059026],[-97.823912,30.059018],[-97.823729,30.059042],[-97.823482,30.059107],[-97.823446,30.05906],[-97.823391,30.058883],[-97.823406,30.05886],[-97.823503,30.058849],[-97.823695,30.058849],[-97.823997,30.058765],[-97.824107,30.058804],[-97.824149,30.058905]]]}},{"type":"Feature","properties":{"natural":"water"},"geometry":{"type":"Polygon","coordinates":[[[-97.823372,30.059107],[-97.823378,30.059176],[-97.823348,30.059226],[-97.823266,30.059245],[-97.823028,30.059242],[-97.822739,30.059165],[-97.822135,30.059158],[-97.82205,30.059123],[-97.822011,30.059057],[-97.822013,30.058986],[-97.822074,30.058939],[-97.82244,30.058899],[-97.822958,30.058794],[-97.823062,30.058791],[-97.823296,30.05887],[-97.823372,30.059107]]]}},{"type":"Feature","properties":{"natural":"water"},"geometry":{"type":"Polygon","coordinates":[[[-97.817182,30.074379],[-97.817131,30.074448],[-97.817088,30.074462],[-97.817049,30.074465],[-97.816983,30.074417],[-97.816919,30.074433],[-97.816781,30.074627],[-97.816737,30.074635],[-97.816711,30.074612],[-97.816705,30.074528],[-97.816643,30.074569],[-97.816625,30.074548],[-97.816676,30.074512],[-97.816658,30.07449],[-97.816634,30.074472],[-97.816584,30.074476],[-97.816535,30.074442],[-97.816537,30.074395],[-97.816576,30.07435],[-97.816826,30.074357],[-97.816896,30.074407],[-97.816971,30.074393],[-97.816985,30.074322],[-97.817009,30.074292],[-97.817055,30.074273],[-97.817149,30.074302],[-97.817177,30.074337],[-97.817182,30.074379]]]}},{"type":"Feature","properties":{"natural":"water"},"geometry":{"type":"Polygon","coordinates":[[[-97.795018,30.141384],[-97.795048,30.14128],[-97.795101,30.141294],[-97.795062,30.141397],[-97.795018,30.141384]]]}},{"type":"Feature","properties":{"name":"Hohmann Lake","natural":"water"},"geometry":{"type":"Polygon","coordinates":[[[-97.797469,30.109163],[-97.797389,30.109163],[-97.797243,30.109092],[-97.797067,30.10897],[-97.79676,30.108799],[-97.796544,30.108648],[-97.79624,30.108494],[-97.796146,30.108419],[-97.796092,30.108354],[-97.796112,30.108273],[-97.796162,30.108244],[-97.796192,30.108198],[-97.796551,30.107997],[-97.796594,30.107955],[-97.796734,30.107873],[-97.796816,30.107811],[-97.796839,30.107749],[-97.796966,30.107709],[-97.797064,30.107732],[-97.797149,30.107692],[-97.797313,30.107655],[-97.797659,30.107644],[-97.797747,30.107607],[-97.798064,30.107602],[-97.798152,30.107616],[-97.798371,30.107568],[-97.798446,30.107458],[-97.798498,30.107412],[-97.798554,30.107418],[-97.798665,30.107466],[-97.798721,30.107509],[-97.798737,30.107557],[-97.79877,30.107585],[-97.798933,30.107579],[-97.799025,30.107607],[-97.799064,30.107641],[-97.799025,30.107672],[-97.798969,30.107686],[-97.799171,30.107752],[-97.799191,30.107774],[-97.799139,30.107802],[-97.799005,30.107805],[-97.798737,30.107763],[-97.798603,30.107797],[-97.798172,30.108226],[-97.798152,30.10828],[-97.79808,30.10832],[-97.797692,30.108769],[-97.797633,30.108998],[-97.797574,30.109111],[-97.797528,30.10915],[-97.797469,30.109163]]]}},{"type":"Feature","properties":{"natural":"water"},"geometry":{"type":"Polygon","coordinates":[[[-97.736096,30.151788],[-97.736128,30.151895],[-97.736465,30.151822],[-97.736511,30.151752],[-97.736526,30.151642],[-97.736519,30.151572],[-97.736337,30.151276],[-97.736288,30.15122],[-97.736224,30.151204],[-97.736173,30.151223],[-97.736131,30.151183],[-97.736026,30.151164],[-97.736022,30.151209],[-97.736122,30.151247],[-97.736152,30.15146],[-97.736157,30.151567],[-97.736096,30.151788]]]}},{"type":"Feature","properties":{"natural":"water"},"geometry":{"type":"Polygon","coordinates":[[[-97.744578,30.151326],[-97.744551,30.151268],[-97.744158,30.151337],[-97.744052,30.151375],[-97.743832,30.151254],[-97.743695,30.151222],[-97.743666,30.151156],[-97.743685,30.151078],[-97.743549,30.150917],[-97.743509,30.1509],[-97.743496,30.150949],[-97.743499,30.151124],[-97.743589,30.151306],[-97.743579,30.151404],[-97.743509,30.151527],[-97.743422,30.151622],[-97.743276,30.151657],[-97.74311,30.151596],[-97.743013,30.151519],[-97.742903,30.151467],[-97.742857,30.151522],[-97.742946,30.151688],[-97.742973,30.151784],[-97.743013,30.151844],[-97.74308,30.151861],[-97.742873,30.152175],[-97.74257,30.152253],[-97.742504,30.152437],[-97.742604,30.1525],[-97.742713,30.152503],[-97.742876,30.152431],[-97.74295,30.152437],[-97.743219,30.152592],[-97.743296,30.152699],[-97.743363,30.152831],[-97.743436,30.152874],[-97.743532,30.152874],[-97.743572,30.152837],[-97.743619,30.152745],[-97.743552,30.152503],[-97.743542,30.152353],[-97.743625,30.152212],[-97.743666,30.152083],[-97.743679,30.151881],[-97.743735,30.151628],[-97.743829,30.151544],[-97.744028,30.151467],[-97.744162,30.151435],[-97.744225,30.151458],[-97.744365,30.151426],[-97.744578,30.151326]]]}},{"type":"Feature","properties":{"leisure":"park"},"geometry":{"type":"Polygon","coordinates":[[[-97.731674,30.162362],[-97.731712,30.162283],[-97.731746,30.162145],[-97.731808,30.161515],[-97.731824,30.161489],[-97.731872,30.16147],[-97.732203,30.161467],[-97.732386,30.161443],[-97.732684,30.161368],[-97.732824,30.161306],[-97.733041,30.161657],[-97.732222,30.16196],[-97.732177,30.162275],[-97.731674,30.162362]]]}},{"type":"Feature","properties":{"leisure":"park","name":"Bryant Park"},"geometry":{"type":"Polygon","coordinates":[[[-97.721711,30.163225],[-97.721847,30.163083],[-97.721883,30.163014],[-97.721907,30.162893],[-97.721967,30.162354],[-97.721902,30.162248],[-97.721811,30.16218],[-97.721715,30.16215],[-97.721597,30.162158],[-97.721378,30.162237],[-97.721227,30.162328],[-97.721022,30.162424],[-97.720856,30.162555],[-97.720781,30.162694],[-97.720769,30.162787],[-97.720784,30.16291],[-97.720823,30.163038],[-97.720957,30.163211],[-97.721026,30.163257],[-97.72117,30.16331],[-97.721359,30.163327],[-97.721557,30.16329],[-97.721711,30.163225]]]}},{"type":"Feature","properties":{"natural":"water"},"geometry":{"type":"Polygon","coordinates":[[[-97.803329,30.168861],[-97.803296,30.168923],[-97.803055,30.16893],[-97.80302,30.1689],[-97.803007,30.168369],[-97.803029,30.168339],[-97.803289,30.16833],[-97.803325,30.168366],[-97.803329,30.168861]]]}},{"type":"Feature","properties":{"natural":"water"},"geometry":{"type":"Polygon","coordinates":[[[-97.794922,30.157969],[-97.79512,30.157997],[-97.795328,30.157946],[-97.795557,30.157859],[-97.795663,30.157753],[-97.795708,30.157579],[-97.795662,30.157472],[-97.79568,30.157386],[-97.795871,30.157231],[-97.796084,30.156972],[-97.796336,30.156804],[-97.796541,30.156589],[-97.796588,30.156485],[-97.796586,30.156345],[-97.796554,30.156263],[-97.796495,30.156228],[-97.796153,30.156153],[-97.796184,30.156051],[-97.796413,30.156104],[-97.796452,30.156077],[-97.796466,30.156017],[-97.796473,30.155978],[-97.79638,30.155856],[-97.796346,30.155847],[-97.796267,30.155637],[-97.796207,30.155582],[-97.795931,30.155501],[-97.795826,30.155439],[-97.795536,30.155148],[-97.795547,30.155215],[-97.795541,30.155546],[-97.795456,30.155876],[-97.79597,30.155993],[-97.795934,30.156105],[-97.795571,30.156033],[-97.795495,30.15604],[-97.795432,30.156091],[-97.795402,30.15614],[-97.795177,30.15696],[-97.795179,30.157224],[-97.795081,30.157319],[-97.794971,30.157634],[-97.794893,30.157746],[-97.794922,30.157969]]]}},{"type":"Feature","properties":{"natural":"water"},"geometry":{"type":"Polygon","coordinates":[[[-97.799146,30.160796],[-97.799305,30.160582],[-97.799374,30.160519],[-97.799645,30.160408],[-97.799691,30.160367],[-97.79971,30.160285],[-97.799689,30.160226],[-97.799633,30.160172],[-97.799455,30.160061],[-97.799213,30.159954],[-97.798453,30.159814],[-97.798416,30.15984],[-97.798392,30.159875],[-97.798377,30.160193],[-97.798568,30.160653],[-97.798606,30.160684],[-97.799053,30.160819],[-97.799111,30.160819],[-97.799146,30.160796]]]}},{"type":"Feature","properties":{"leisure":"park","name":"Stoneridge Park"},"geometry":{"type":"Polygon","coordinates":[[[-97.82415,30.070767],[-97.822261,30.070779],[-97.822241,30.070754],[-97.822211,30.069921],[-97.824603,30.069869],[-97.82415,30.070767]]]}},{"type":"Feature","properties":{"natural":"water"},"geometry":{"type":"Polygon","coordinates":[[[-97.822433,30.065685],[-97.822256,30.065704],[-97.822058,30.065673],[-97.821931,30.06571],[-97.821814,30.065695],[-97.821754,30.065624],[-97.82174,30.065165],[-97.821821,30.065106],[-97.821888,30.0651],[-97.822207,30.065085],[-97.822345,30.065134],[-97.822401,30.065186],[-97.822504,30.065465],[-97.822493,30.065627],[-97.822433,30.065685]]]}},{"type":"Feature","properties":{"leisure":"park","name":"McKinney Heights Park"},"geometry":{"type":"Polygon","coordinates":[[[-97.745404,30.150325],[-97.743608,30.153167],[-97.742216,30.15252],[-97.742754,30.151652],[-97.742454,30.151503],[-97.742634,30.151192],[-97.742945,30.151333],[-97.743428,30.150535],[-97.743131,30.150402],[-97.743668,30.149542],[-97.743695,30.149525],[-97.743735,30.149527],[-97.744212,30.149788],[-97.745404,30.150325]]]}},{"type":"Feature","properties":{"natural":"water"},"geometry":{"type":"Polygon","coordinates":[[[-97.746815,30.154685],[-97.746254,30.154934],[-97.746055,30.15496],[-97.745888,30.154865],[-97.745632,30.154896],[-97.745295,30.154643],[-97.745396,30.154443],[-97.745579,30.154341],[-97.745864,30.154408],[-97.745974,30.154112],[-97.745888,30.154038],[-97.745209,30.153782],[-97.74527,30.153673],[-97.745722,30.153715],[-97.745722,30.15362],[-97.74588,30.153455],[-97.745998,30.153483],[-97.745949,30.153648],[-97.746482,30.153775],[-97.746559,30.153891],[-97.746404,30.154035],[-97.746409,30.154365],[-97.746242,30.154626],[-97.746657,30.154443],[-97.74686,30.154517],[-97.746815,30.154685]]]}},{"type":"Feature","properties":{"natural":"water"},"geometry":{"type":"Polygon","coordinates":[[[-97.722993,30.148871],[-97.723071,30.148789],[-97.723226,30.148296],[-97.723209,30.148137],[-97.72311,30.148002],[-97.72294,30.147883],[-97.72271,30.147757],[-97.722359,30.147766],[-97.722235,30.147846],[-97.722172,30.147941],[-97.722154,30.148069],[-97.722281,30.148847],[-97.722331,30.148896],[-97.722459,30.148917],[-97.722858,30.148914],[-97.722936,30.148905],[-97.722993,30.148871]]]}},{"type":"Feature","properties":{"natural":"water"},"geometry":{"type":"Polygon","coordinates":[[[-97.773335,30.133731],[-97.773262,30.133723],[-97.773032,30.13351],[-97.772654,30.133388],[-97.772561,30.133382],[-97.772465,30.133224],[-97.772347,30.133113],[-97.772675,30.13291],[-97.772834,30.133106],[-97.77276,30.133173],[-97.772787,30.133208],[-97.772879,30.133157],[-97.773335,30.133731]]]}},{"type":"Feature","properties":{"natural":"water"},"geometry":{"type":"Polygon","coordinates":[[[-97.772616,30.132852],[-97.772401,30.132984],[-97.772142,30.132745],[-97.772364,30.132564],[-97.772466,30.132677],[-97.772407,30.132753],[-97.772439,30.132786],[-97.772531,30.132751],[-97.772616,30.132852]]]}},{"type":"Feature","properties":{"natural":"water"},"geometry":{"type":"Polygon","coordinates":[[[-97.77239,30.132988],[-97.772285,30.133052],[-97.772044,30.132837],[-97.772061,30.132824],[-97.772163,30.132876],[-97.772189,30.132851],[-97.772128,30.132764],[-97.77214,30.132756],[-97.77239,30.132988]]]}},{"type":"Feature","properties":{"natural":"water"},"geometry":{"type":"Polygon","coordinates":[[[-97.774173,30.134679],[-97.77413,30.134667],[-97.774033,30.1347],[-97.774007,30.134744],[-97.774,30.134797],[-97.773788,30.134792],[-97.77375,30.134658],[-97.773826,30.134628],[-97.773873,30.13438],[-97.77394,30.13432],[-97.773971,30.134398],[-97.773976,30.134494],[-97.774054,30.134528],[-97.774137,30.134523],[-97.774206,30.134567],[-97.774183,30.134595],[-97.77422,30.134617],[-97.774173,30.134679]]]}},{"type":"Feature","properties":{"natural":"water"},"geometry":{"type":"Polygon","coordinates":[[[-97.773688,30.135572],[-97.77363,30.135508],[-97.773551,30.134908],[-97.773924,30.134922],[-97.774026,30.135058],[-97.773688,30.135572]]]}},{"type":"Feature","properties":{"natural":"water"},"geometry":{"type":"Polygon","coordinates":[[[-97.801468,30.16132],[-97.801663,30.161319],[-97.801624,30.161178],[-97.801606,30.161157],[-97.801552,30.161133],[-97.80149,30.161146],[-97.801447,30.161221],[-97.801468,30.16132]]]}},{"type":"Feature","properties":{"natural":"water"},"geometry":{"type":"Polygon","coordinates":[[[-97.801639,30.161358],[-97.801671,30.161387],[-97.801647,30.161438],[-97.801605,30.161471],[-97.801475,30.161526],[-97.801377,30.161458],[-97.801384,30.161424],[-97.80142,30.161432],[-97.801449,30.161355],[-97.801639,30.161358]]]}},{"type":"Feature","properties":{"leisure":"park","name":"The Hollow Community Park"},"geometry":{"type":"Polygon","coordinates":[[[-97.81784,30.167675],[-97.81824,30.167732],[-97.818178,30.168039],[-97.818183,30.168167],[-97.817813,30.168172],[-97.817804,30.167753],[-97.81784,30.167675]]]}},{"type":"Feature","properties":{"natural":"water"},"geometry":{"type":"Polygon","coordinates":[[[-97.749866,30.153738],[-97.750215,30.153842],[-97.750211,30.15387],[-97.750407,30.153897],[-97.750421,30.153848],[-97.750794,30.153869],[-97.750813,30.153907],[-97.751116,30.153892],[-97.751121,30.15386],[-97.751793,30.153933],[-97.75185,30.153973],[-97.75188,30.154064],[-97.751875,30.1541],[-97.751809,30.154286],[-97.751155,30.154453],[-97.750715,30.154449],[-97.75068,30.154411],[-97.750498,30.154425],[-97.750409,30.154495],[-97.750428,30.154567],[-97.750396,30.154674],[-97.750329,30.154704],[-97.750302,30.154706],[-97.750227,30.154546],[-97.74992,30.154608],[-97.749885,30.154588],[-97.749668,30.154631],[-97.749481,30.15456],[-97.749315,30.154402],[-97.749287,30.154423],[-97.749135,30.15417],[-97.74926,30.153832],[-97.749383,30.153753],[-97.749452,30.153718],[-97.749598,30.153694],[-97.749709,30.153694],[-97.749866,30.153738]]]}},{"type":"Feature","properties":{"natural":"water"},"geometry":{"type":"Polygon","coordinates":[[[-97.770257,30.12917],[-97.77054,30.128979],[-97.770636,30.128961],[-97.770634,30.12902],[-97.770579,30.129115],[-97.770587,30.129183],[-97.77054,30.129308],[-97.770531,30.129431],[-97.770425,30.129511],[-97.77022,30.129438],[-97.770173,30.129281],[-97.770181,30.129231],[-97.770257,30.12917]]]}},{"type":"Feature","properties":{"name":"Canterbury Lake","natural":"water"},"geometry":{"type":"Polygon","coordinates":[[[-97.827291,30.15605],[-97.827299,30.155995],[-97.827392,30.155937],[-97.827401,30.155867],[-97.82737,30.155752],[-97.827078,30.155175],[-97.827119,30.15505],[-97.827092,30.155019],[-97.827,30.155038],[-97.827008,30.154941],[-97.826761,30.154555],[-97.826724,30.154522],[-97.826699,30.154538],[-97.826527,30.155054],[-97.826622,30.155169],[-97.826477,30.155188],[-97.826413,30.155354],[-97.82645,30.155384],[-97.826659,30.15544],[-97.82667,30.155487],[-97.826915,30.155583],[-97.826994,30.155677],[-97.827032,30.155778],[-97.827035,30.155832],[-97.827074,30.155891],[-97.827251,30.156055],[-97.827291,30.15605]]]}},{"type":"Feature","properties":{"leisure":"park","name":"Canturbury Trails Park"},"geometry":{"type":"Polygon","coordinates":[[[-97.828277,30.156338],[-97.82711,30.156806],[-97.826711,30.156188],[-97.826108,30.155649],[-97.826774,30.154084],[-97.82766,30.15598],[-97.828027,30.155858],[-97.828277,30.156338]]]}},{"type":"Feature","properties":{"natural":"water"},"geometry":{"type":"Polygon","coordinates":[[[-97.820522,30.166753],[-97.820619,30.166671],[-97.820457,30.166407],[-97.820147,30.166404],[-97.819643,30.166235],[-97.819054,30.16625],[-97.818843,30.166337],[-97.818844,30.166415],[-97.820415,30.166758],[-97.820522,30.166753]]]}},{"type":"Feature","properties":{"name":"Sweetwater Glen Lake","natural":"water"},"geometry":{"type":"Polygon","coordinates":[[[-97.823518,30.166272],[-97.82332,30.16597],[-97.823306,30.165912],[-97.823323,30.165713],[-97.823263,30.165657],[-97.823158,30.165636],[-97.823123,30.165667],[-97.823076,30.16575],[-97.822973,30.166101],[-97.822971,30.166178],[-97.822997,30.166218],[-97.823235,30.166405],[-97.82329,30.166431],[-97.823386,30.166431],[-97.823443,30.166414],[-97.823514,30.166345],[-97.823526,30.16632],[-97.823518,30.166272]]]}},{"type":"Feature","properties":{"natural":"water"},"geometry":{"type":"Polygon","coordinates":[[[-97.824117,30.167078],[-97.824101,30.167123],[-97.824027,30.167203],[-97.823951,30.167243],[-97.823881,30.167252],[-97.823752,30.167224],[-97.823386,30.166577],[-97.82341,30.166529],[-97.823625,30.16644],[-97.823691,30.166448],[-97.823739,30.16648],[-97.824085,30.166952],[-97.824117,30.167078]]]}},{"type":"Feature","properties":{"leisure":"park","name":"Sweetwater Glen Lake Park"},"geometry":{"type":"Polygon","coordinates":[[[-97.824074,30.16438],[-97.823877,30.164326],[-97.823733,30.164696],[-97.823568,30.165273],[-97.823156,30.165173],[-97.82259,30.166841],[-97.824271,30.168404],[-97.825391,30.168969],[-97.82545,30.168833],[-97.824681,30.168493],[-97.824544,30.168118],[-97.823872,30.167489],[-97.824224,30.167272],[-97.824391,30.16703],[-97.824463,30.166662],[-97.824128,30.166434],[-97.823943,30.166036],[-97.823656,30.166042],[-97.823655,30.165787],[-97.823673,30.165606],[-97.824015,30.165662],[-97.824033,30.1656],[-97.823694,30.165535],[-97.824074,30.16438]]]}},{"type":"Feature","properties":{"leisure":"park","name":"Sweetwater Glen Park and Playground"},"geometry":{"type":"Polygon","coordinates":[[[-97.824594,30.166566],[-97.824705,30.166331],[-97.824534,30.166163],[-97.824501,30.165966],[-97.82505,30.165906],[-97.82506,30.165722],[-97.82518,30.165789],[-97.825152,30.165814],[-97.825384,30.166012],[-97.825412,30.165987],[-97.825451,30.16605],[-97.82527,30.166221],[-97.825184,30.166381],[-97.825046,30.166488],[-97.825029,30.166453],[-97.82484,30.1665],[-97.824857,30.166569],[-97.824594,30.166566]]]}},{"type":"Feature","properties":{"name":"Chappel Lodge West Lake","natural":"water"},"geometry":{"type":"Polygon","coordinates":[[[-97.827036,30.149555],[-97.826772,30.149579],[-97.826734,30.149717],[-97.826627,30.149642],[-97.826478,30.149814],[-97.826392,30.150047],[-97.826282,30.150053],[-97.826106,30.149982],[-97.8261,30.149715],[-97.826195,30.149569],[-97.826515,30.14939],[-97.826828,30.149275],[-97.827147,30.149348],[-97.827036,30.149555]]]}},{"type":"Feature","properties":{"name":"Chappel Lodge East lake","natural":"water"},"geometry":{"type":"Polygon","coordinates":[[[-97.825182,30.15089],[-97.825081,30.151066],[-97.82486,30.151082],[-97.824678,30.151271],[-97.824787,30.150834],[-97.825103,30.150342],[-97.825604,30.150074],[-97.825182,30.15089]]]}},{"type":"Feature","properties":{"natural":"water"},"geometry":{"type":"Polygon","coordinates":[[[-97.820852,30.16488],[-97.820971,30.164815],[-97.820963,30.16462],[-97.820835,30.164541],[-97.820238,30.16454],[-97.820128,30.164768],[-97.820477,30.16489],[-97.820852,30.16488]]]}},{"type":"Feature","properties":{"natural":"water"},"geometry":{"type":"Polygon","coordinates":[[[-97.819502,30.164779],[-97.819013,30.16503],[-97.818865,30.165141],[-97.818538,30.165148],[-97.818427,30.165125],[-97.818471,30.164964],[-97.818413,30.164797],[-97.818856,30.164677],[-97.819437,30.164663],[-97.819502,30.164779]]]}},{"type":"Feature","properties":{"natural":"water"},"geometry":{"type":"Polygon","coordinates":[[[-97.828446,30.160444],[-97.82843,30.160598],[-97.82832,30.160657],[-97.828257,30.160771],[-97.828161,30.160771],[-97.82795,30.160466],[-97.828159,30.160332],[-97.828347,30.160328],[-97.828446,30.160444]]]}},{"type":"Feature","properties":{"natural":"water"},"geometry":{"type":"Polygon","coordinates":[[[-97.828172,30.1617],[-97.828174,30.161518],[-97.827197,30.161494],[-97.827196,30.161663],[-97.827624,30.161691],[-97.828172,30.1617]]]}},{"type":"Feature","properties":{"natural":"water"},"geometry":{"type":"Polygon","coordinates":[[[-97.829133,30.168089],[-97.829338,30.167545],[-97.828719,30.167395],[-97.828444,30.167979],[-97.829133,30.168089]]]}},{"type":"Feature","properties":{"natural":"water"},"geometry":{"type":"Polygon","coordinates":[[[-97.829038,30.16662],[-97.82908,30.166508],[-97.829249,30.166308],[-97.829118,30.166164],[-97.828885,30.166369],[-97.828813,30.166471],[-97.828824,30.166509],[-97.829038,30.16662]]]}},{"type":"Feature","properties":{"leisure":"park","name":"Moontower Saloon Beer Garden"},"geometry":{"type":"Polygon","coordinates":[[[-97.825776,30.169338],[-97.825919,30.16907],[-97.826461,30.169165],[-97.826456,30.169356],[-97.82697,30.169584],[-97.826969,30.16969],[-97.826902,30.169732],[-97.826843,30.169919],[-97.826466,30.169874],[-97.82632,30.169787],[-97.826144,30.169454],[-97.825776,30.169338]]]}},{"type":"Feature","properties":{"leisure":"park","name":"Manchaca Community Park"},"geometry":{"type":"Polygon","coordinates":[[[-97.829718,30.146327],[-97.829742,30.146073],[-97.829936,30.145924],[-97.829934,30.145751],[-97.828917,30.145776],[-97.828767,30.146346],[-97.829718,30.146327]]]}},{"type":"Feature","properties":{"natural":"water"},"geometry":{"type":"Polygon","coordinates":[[[-97.828322,30.151008],[-97.828299,30.150294],[-97.828264,30.150263],[-97.82799,30.150273],[-97.827893,30.150315],[-97.82787,30.150349],[-97.827691,30.150876],[-97.827659,30.151018],[-97.827669,30.15106],[-97.827699,30.151095],[-97.827769,30.151109],[-97.827953,30.151039],[-97.82813,30.151011],[-97.828322,30.151008]]]}},{"type":"Feature","properties":{"natural":"water"},"geometry":{"type":"Polygon","coordinates":[[[-97.813443,30.167246],[-97.813489,30.167232],[-97.813625,30.166952],[-97.813627,30.166902],[-97.813581,30.166812],[-97.81339,30.16672],[-97.813325,30.166732],[-97.813337,30.167127],[-97.813406,30.16724],[-97.813443,30.167246]]]}},{"type":"Feature","properties":{"natural":"water"},"geometry":{"type":"Polygon","coordinates":[[[-97.809758,30.168088],[-97.809843,30.168034],[-97.809843,30.167491],[-97.809803,30.167413],[-97.809562,30.167434],[-97.809478,30.16778],[-97.809498,30.1679],[-97.809556,30.168051],[-97.809758,30.168088]]]}},{"type":"Feature","properties":{"natural":"water"},"geometry":{"type":"Polygon","coordinates":[[[-97.810046,30.168587],[-97.810075,30.168436],[-97.810054,30.168402],[-97.8096,30.168337],[-97.809498,30.168414],[-97.809487,30.168511],[-97.809525,30.168571],[-97.809597,30.168595],[-97.809699,30.168602],[-97.809721,30.16857],[-97.810046,30.168587]]]}},{"type":"Feature","properties":{"natural":"water"},"geometry":{"type":"Polygon","coordinates":[[[-97.804027,30.076376],[-97.804233,30.075949],[-97.804377,30.075218],[-97.804346,30.07496],[-97.804281,30.074844],[-97.803494,30.074524],[-97.803255,30.074452],[-97.80309,30.074514],[-97.802915,30.07488],[-97.802884,30.075236],[-97.803059,30.07561],[-97.803399,30.075931],[-97.803543,30.076091],[-97.803595,30.076368],[-97.804027,30.076376]]]}},{"type":"Feature","properties":{"natural":"water"},"geometry":{"type":"Polygon","coordinates":[[[-97.803976,30.076824],[-97.803952,30.077227],[-97.803823,30.077602],[-97.803503,30.077683],[-97.803438,30.077658],[-97.803574,30.076866],[-97.803719,30.076754],[-97.803976,30.076824]]]}},{"type":"Feature","properties":{"natural":"water"},"geometry":{"type":"Polygon","coordinates":[[[-97.799549,30.084057],[-97.799599,30.084128],[-97.799604,30.084258],[-97.799496,30.084552],[-97.799297,30.084691],[-97.79902,30.08474],[-97.798366,30.084713],[-97.798085,30.08477],[-97.797873,30.084872],[-97.797367,30.085307],[-97.797279,30.085363],[-97.796571,30.085582],[-97.796209,30.085552],[-97.796115,30.085482],[-97.796215,30.085064],[-97.796378,30.084716],[-97.797196,30.084145],[-97.797771,30.083861],[-97.798171,30.083804],[-97.798511,30.083784],[-97.799549,30.084057]]]}},{"type":"Feature","properties":{"natural":"water"},"geometry":{"type":"Polygon","coordinates":[[[-97.810139,30.088122],[-97.810017,30.088175],[-97.807291,30.088175],[-97.807097,30.088079],[-97.806937,30.087907],[-97.806909,30.087615],[-97.806981,30.08728],[-97.807091,30.087026],[-97.807479,30.08695],[-97.810012,30.086945],[-97.810178,30.087055],[-97.810233,30.087308],[-97.810139,30.088122]]]}},{"type":"Feature","properties":{"natural":"water"},"geometry":{"type":"Polygon","coordinates":[[[-97.756106,30.169406],[-97.756331,30.16886],[-97.756166,30.168803],[-97.755924,30.169316],[-97.756106,30.169406]]]}},{"type":"Feature","properties":{"natural":"water"},"geometry":{"type":"Polygon","coordinates":[[[-97.755838,30.169314],[-97.756092,30.168791],[-97.755937,30.16873],[-97.755559,30.169241],[-97.755838,30.169314]]]}},{"type":"Feature","properties":{"natural":"water"},"geometry":{"type":"Polygon","coordinates":[[[-97.733306,30.162324],[-97.733215,30.162354],[-97.733136,30.162262],[-97.733108,30.162038],[-97.733232,30.161994],[-97.733276,30.16207],[-97.733326,30.162217],[-97.733306,30.162324]]]}},{"type":"Feature","properties":{"natural":"water"},"geometry":{"type":"Polygon","coordinates":[[[-97.733121,30.162359],[-97.73303,30.162055],[-97.732775,30.162156],[-97.732724,30.162218],[-97.732818,30.162353],[-97.733121,30.162359]]]}},{"type":"Feature","properties":{"leisure":"park","name":"Wunneburger Neighborhood Park"},"geometry":{"type":"Polygon","coordinates":[[[-97.809922,30.136539],[-97.806951,30.135127],[-97.806954,30.134819],[-97.807167,30.13286],[-97.807608,30.132755],[-97.807899,30.132752],[-97.808184,30.132625],[-97.80864,30.132558],[-97.808942,30.132494],[-97.809114,30.132513],[-97.80929,30.132622],[-97.809478,30.132878],[-97.809601,30.132966],[-97.809854,30.13304],[-97.81031,30.133088],[-97.810224,30.133413],[-97.810156,30.133541],[-97.810048,30.133648],[-97.809986,30.133688],[-97.809922,30.136539]]]}},{"type":"Feature","properties":{"natural":"water"},"geometry":{"type":"Polygon","coordinates":[[[-97.717486,30.157117],[-97.717725,30.156866],[-97.718047,30.156657],[-97.718192,30.15659],[-97.718106,30.156423],[-97.718044,30.156365],[-97.717685,30.156585],[-97.717493,30.156664],[-97.71729,30.156716],[-97.717074,30.156741],[-97.716849,30.156736],[-97.716618,30.156709],[-97.716413,30.156894],[-97.71647,30.156994],[-97.717111,30.15723],[-97.717231,30.157258],[-97.71739,30.157219],[-97.717486,30.157117]]]}},{"type":"Feature","properties":{"natural":"water"},"geometry":{"type":"Polygon","coordinates":[[[-97.762704,30.073628],[-97.762533,30.073747],[-97.762405,30.073914],[-97.762405,30.074099],[-97.762505,30.074261],[-97.762602,30.07434],[-97.762702,30.074334],[-97.762787,30.074245],[-97.762833,30.074016],[-97.762855,30.073861],[-97.76279,30.073692],[-97.762704,30.073628]]]}},{"type":"Feature","properties":{"natural":"water"},"geometry":{"type":"Polygon","coordinates":[[[-97.755962,30.082198],[-97.755821,30.082152],[-97.755749,30.082171],[-97.755689,30.08223],[-97.755704,30.082319],[-97.755749,30.08239],[-97.755839,30.082419],[-97.755902,30.082403],[-97.755994,30.082313],[-97.755962,30.082198]]]}},{"type":"Feature","properties":{"natural":"water"},"geometry":{"type":"Polygon","coordinates":[[[-97.750553,30.081097],[-97.750198,30.081637],[-97.750223,30.081697],[-97.750386,30.081735],[-97.750461,30.081703],[-97.75067,30.08147],[-97.750671,30.081374],[-97.750717,30.081272],[-97.750686,30.081201],[-97.750743,30.081145],[-97.750762,30.081082],[-97.750705,30.081039],[-97.750645,30.081039],[-97.750616,30.081067],[-97.750568,30.081062],[-97.750553,30.081097]]]}},{"type":"Feature","properties":{"natural":"water"},"geometry":{"type":"Polygon","coordinates":[[[-97.750711,30.080857],[-97.750862,30.080966],[-97.750964,30.080996],[-97.751015,30.080986],[-97.751153,30.080801],[-97.751148,30.080757],[-97.751099,30.08071],[-97.751089,30.080672],[-97.751159,30.080546],[-97.750928,30.08049],[-97.750868,30.080491],[-97.750711,30.080786],[-97.750711,30.080857]]]}},{"type":"Feature","properties":{"natural":"water"},"geometry":{"type":"Polygon","coordinates":[[[-97.722689,30.143304],[-97.722748,30.143401],[-97.722801,30.143554],[-97.722818,30.14374],[-97.722726,30.144088],[-97.722726,30.144181],[-97.722651,30.144241],[-97.722308,30.144292],[-97.722238,30.144292],[-97.722109,30.144259],[-97.721997,30.144064],[-97.721938,30.143842],[-97.721911,30.143624],[-97.721991,30.143475],[-97.722109,30.143299],[-97.722174,30.143234],[-97.72226,30.143211],[-97.722345,30.143206],[-97.722533,30.143234],[-97.722619,30.143253],[-97.722689,30.143304]]]}},{"type":"Feature","properties":{"natural":"water"},"geometry":{"type":"Polygon","coordinates":[[[-97.722705,30.144431],[-97.722769,30.144464],[-97.722801,30.144556],[-97.722823,30.144839],[-97.722785,30.144923],[-97.722581,30.144909],[-97.722522,30.144788],[-97.72242,30.144654],[-97.722367,30.144528],[-97.72241,30.14445],[-97.722485,30.144413],[-97.722565,30.144403],[-97.722705,30.144431]]]}},{"type":"Feature","properties":{"natural":"water"},"geometry":{"type":"Polygon","coordinates":[[[-97.714834,30.147356],[-97.714859,30.147402],[-97.714859,30.147448],[-97.714827,30.147494],[-97.714675,30.147543],[-97.714576,30.14754],[-97.71453,30.1475],[-97.71454,30.147445],[-97.714618,30.147378],[-97.714671,30.147359],[-97.714834,30.147356]]]}},{"type":"Feature","properties":{"natural":"water"},"geometry":{"type":"Polygon","coordinates":[[[-97.714572,30.148568],[-97.714703,30.148602],[-97.714668,30.148746],[-97.714594,30.148773],[-97.714473,30.14877],[-97.714229,30.148694],[-97.71407,30.148669],[-97.713833,30.148773],[-97.713677,30.148788],[-97.713578,30.148755],[-97.713525,30.148654],[-97.713581,30.148556],[-97.713673,30.148476],[-97.713811,30.148424],[-97.713928,30.148427],[-97.71408,30.148492],[-97.714378,30.148513],[-97.714498,30.148559],[-97.714572,30.148568]]]}},{"type":"Feature","properties":{"natural":"water"},"geometry":{"type":"Polygon","coordinates":[[[-97.721278,30.157909],[-97.721324,30.157917],[-97.721376,30.157963],[-97.721398,30.158048],[-97.721367,30.158141],[-97.721182,30.158253],[-97.721096,30.158511],[-97.72109,30.158605],[-97.721102,30.158954],[-97.721154,30.159111],[-97.721173,30.159273],[-97.721204,30.159399],[-97.721321,30.159622],[-97.721351,30.159753],[-97.721311,30.159827],[-97.721225,30.159849],[-97.721117,30.159798],[-97.721034,30.1597],[-97.720791,30.159303],[-97.720738,30.158424],[-97.720778,30.158274],[-97.721025,30.158154],[-97.721084,30.158093],[-97.721154,30.157971],[-97.721222,30.157912],[-97.721278,30.157909]]]}},{"type":"Feature","properties":{"natural":"water"},"geometry":{"type":"Polygon","coordinates":[[[-97.829201,30.148114],[-97.829174,30.14834],[-97.829142,30.148408],[-97.829093,30.148443],[-97.828957,30.148428],[-97.828603,30.147994],[-97.828586,30.147946],[-97.828601,30.147644],[-97.828633,30.147629],[-97.829165,30.147627],[-97.829193,30.14764],[-97.829206,30.14767],[-97.829212,30.147968],[-97.829201,30.148114]]]}},{"type":"Feature","properties":{"leisure":"park"},"geometry":{"type":"Polygon","coordinates":[[[-97.819653,30.163956],[-97.819403,30.163925],[-97.8192,30.163924],[-97.819315,30.164229],[-97.81936,30.164407],[-97.819355,30.16454],[-97.819455,30.164486],[-97.819868,30.164181],[-97.820194,30.164012],[-97.820204,30.16399],[-97.820059,30.164008],[-97.819811,30.163978],[-97.819869,30.163641],[-97.819711,30.16362],[-97.819653,30.163956]]]}},{"type":"Feature","properties":{"leisure":"park"},"geometry":{"type":"Polygon","coordinates":[[[-97.821165,30.162537],[-97.820683,30.162507],[-97.820711,30.162783],[-97.821095,30.162768],[-97.821135,30.162736],[-97.821165,30.162537]]]}},{"type":"Feature","properties":{"natural":"water"},"geometry":{"type":"Polygon","coordinates":[[[-97.748331,30.155401],[-97.748467,30.155393],[-97.748593,30.155349],[-97.748652,30.155298],[-97.748668,30.15524],[-97.748656,30.15518],[-97.748583,30.155099],[-97.748473,30.155045],[-97.748371,30.155027],[-97.74829,30.155036],[-97.748233,30.155069],[-97.748136,30.155248],[-97.74814,30.155301],[-97.748194,30.155365],[-97.748331,30.155401]]]}},{"type":"Feature","properties":{"natural":"water"},"geometry":{"type":"Polygon","coordinates":[[[-97.823247,30.168661],[-97.823145,30.169019],[-97.823122,30.169047],[-97.823095,30.169062],[-97.822747,30.16897],[-97.822838,30.168602],[-97.822857,30.168584],[-97.82296,30.168558],[-97.823069,30.168553],[-97.823188,30.168577],[-97.82323,30.168606],[-97.823247,30.168661]]]}},{"type":"Feature","properties":{"natural":"water"},"geometry":{"type":"Polygon","coordinates":[[[-97.815636,30.167068],[-97.815363,30.167059],[-97.815239,30.16711],[-97.814658,30.1671],[-97.814028,30.166998],[-97.814038,30.166888],[-97.814119,30.166765],[-97.814905,30.166752],[-97.815577,30.166803],[-97.815631,30.166873],[-97.815645,30.166951],[-97.815636,30.167068]]]}},{"type":"Feature","properties":{"natural":"water"},"geometry":{"type":"Polygon","coordinates":[[[-97.804935,30.168782],[-97.804687,30.16878],[-97.804593,30.168809],[-97.804589,30.169082],[-97.804601,30.169112],[-97.804625,30.169126],[-97.804939,30.169131],[-97.804935,30.168782]]]}},{"type":"Feature","properties":{"natural":"water"},"geometry":{"type":"Polygon","coordinates":[[[-97.804896,30.168691],[-97.80479,30.16872],[-97.804665,30.16872],[-97.804479,30.168758],[-97.804099,30.168762],[-97.804074,30.168741],[-97.804055,30.168437],[-97.804117,30.168393],[-97.804846,30.168335],[-97.804883,30.168348],[-97.804908,30.168381],[-97.804915,30.168649],[-97.804896,30.168691]]]}},{"type":"Feature","properties":{"natural":"water"},"geometry":{"type":"Polygon","coordinates":[[[-97.803996,30.168764],[-97.803965,30.16847],[-97.803949,30.168439],[-97.803904,30.168401],[-97.803851,30.168386],[-97.803626,30.168394],[-97.80359,30.168408],[-97.803574,30.16843],[-97.80359,30.168744],[-97.803608,30.168771],[-97.803653,30.168785],[-97.803985,30.168779],[-97.803996,30.168764]]]}},{"type":"Feature","properties":{"natural":"water"},"geometry":{"type":"Polygon","coordinates":[[[-97.808083,30.145485],[-97.808119,30.145257],[-97.808222,30.144849],[-97.808215,30.1448],[-97.807635,30.144649],[-97.807605,30.144657],[-97.807346,30.145094],[-97.807301,30.145197],[-97.807255,30.145465],[-97.807279,30.145484],[-97.807313,30.145482],[-97.807532,30.145425],[-97.807603,30.145421],[-97.807988,30.145511],[-97.808061,30.145508],[-97.808083,30.145485]]]}},{"type":"Feature","properties":{"natural":"water"},"geometry":{"type":"Polygon","coordinates":[[[-97.807833,30.145668],[-97.807848,30.14596],[-97.807808,30.146026],[-97.807335,30.14613],[-97.807308,30.146125],[-97.807277,30.146071],[-97.807242,30.145934],[-97.807233,30.145649],[-97.807255,30.145631],[-97.807613,30.145548],[-97.807835,30.14558],[-97.807847,30.145612],[-97.807833,30.145668]]]}},{"type":"Feature","properties":{"natural":"water"},"geometry":{"type":"Polygon","coordinates":[[[-97.805304,30.14567],[-97.805349,30.14562],[-97.80536,30.145567],[-97.805357,30.145525],[-97.805329,30.145493],[-97.80524,30.145452],[-97.805015,30.145393],[-97.804979,30.145376],[-97.804964,30.145347],[-97.804962,30.145298],[-97.805013,30.145166],[-97.805077,30.145058],[-97.805069,30.145028],[-97.805037,30.144998],[-97.804842,30.144929],[-97.804789,30.144923],[-97.804755,30.144938],[-97.804712,30.145005],[-97.804609,30.145303],[-97.804606,30.145349],[-97.804621,30.145377],[-97.805045,30.145522],[-97.805117,30.14556],[-97.805207,30.145646],[-97.805304,30.14567]]]}},{"type":"Feature","properties":{"natural":"water"},"geometry":{"type":"Polygon","coordinates":[[[-97.812351,30.14761],[-97.812146,30.147696],[-97.812015,30.147507],[-97.812096,30.14747],[-97.812179,30.147496],[-97.812393,30.147366],[-97.812442,30.147367],[-97.812459,30.147403],[-97.812351,30.14761]]]}},{"type":"Feature","properties":{"natural":"water"},"geometry":{"type":"Polygon","coordinates":[[[-97.810829,30.152341],[-97.810491,30.152061],[-97.810813,30.151849],[-97.810895,30.151923],[-97.810839,30.152077],[-97.810908,30.152287],[-97.810829,30.152341]]]}},{"type":"Feature","properties":{"natural":"water"},"geometry":{"type":"Polygon","coordinates":[[[-97.804264,30.153452],[-97.804024,30.1531],[-97.804121,30.153023],[-97.804401,30.15297],[-97.80453,30.153151],[-97.804403,30.153354],[-97.804264,30.153452]]]}},{"type":"Feature","properties":{"natural":"water"},"geometry":{"type":"Polygon","coordinates":[[[-97.813736,30.155297],[-97.813837,30.15558],[-97.813845,30.155656],[-97.813828,30.155695],[-97.813012,30.155836],[-97.812968,30.15582],[-97.812943,30.15578],[-97.812928,30.155582],[-97.812955,30.155526],[-97.813661,30.155256],[-97.813698,30.155259],[-97.813736,30.155297]]]}},{"type":"Feature","properties":{"natural":"water"},"geometry":{"type":"Polygon","coordinates":[[[-97.809555,30.140254],[-97.809645,30.140205],[-97.809704,30.14008],[-97.809711,30.139958],[-97.809684,30.139915],[-97.809636,30.139893],[-97.80956,30.139874],[-97.808861,30.139898],[-97.808028,30.139553],[-97.807967,30.139549],[-97.807884,30.139576],[-97.807793,30.139651],[-97.807751,30.139724],[-97.807756,30.139838],[-97.807805,30.139889],[-97.808714,30.14026],[-97.808949,30.140278],[-97.809555,30.140254]]]}},{"type":"Feature","properties":{"natural":"water"},"geometry":{"type":"Polygon","coordinates":[[[-97.820208,30.12402],[-97.820037,30.123721],[-97.819511,30.123949],[-97.819509,30.124093],[-97.819564,30.124093],[-97.819564,30.124141],[-97.819839,30.124139],[-97.819893,30.124153],[-97.820208,30.12402]]]}},{"type":"Feature","properties":{"natural":"water"},"geometry":{"type":"Polygon","coordinates":[[[-97.820062,30.124727],[-97.819929,30.124729],[-97.819919,30.124183],[-97.820044,30.124135],[-97.820306,30.124138],[-97.820385,30.124256],[-97.820333,30.124414],[-97.820261,30.12453],[-97.820062,30.124727]]]}},{"type":"Feature","properties":{"natural":"water"},"geometry":{"type":"Polygon","coordinates":[[[-97.821577,30.124029],[-97.821551,30.124151],[-97.821516,30.124207],[-97.821467,30.124237],[-97.821327,30.124235],[-97.821243,30.124206],[-97.821201,30.124172],[-97.821176,30.124133],[-97.821242,30.123725],[-97.821317,30.123634],[-97.821803,30.123401],[-97.821917,30.123398],[-97.821998,30.123464],[-97.82202,30.123573],[-97.822,30.123639],[-97.821953,30.123701],[-97.821635,30.123861],[-97.821597,30.123918],[-97.821577,30.124029]]]}},{"type":"Feature","properties":{"natural":"water"},"geometry":{"type":"Polygon","coordinates":[[[-97.801378,30.158872],[-97.800974,30.158565],[-97.800702,30.158594],[-97.800637,30.158701],[-97.800664,30.158982],[-97.800845,30.159113],[-97.800864,30.159094],[-97.801029,30.159218],[-97.801378,30.158872]]]}},{"type":"Feature","properties":{"natural":"water"},"geometry":{"type":"Polygon","coordinates":[[[-97.801198,30.154026],[-97.800944,30.15397],[-97.800919,30.153948],[-97.801049,30.153627],[-97.801092,30.15358],[-97.801359,30.15369],[-97.801239,30.153993],[-97.801198,30.154026]]]}},{"type":"Feature","properties":{"natural":"water"},"geometry":{"type":"Polygon","coordinates":[[[-97.801454,30.153529],[-97.801397,30.15364],[-97.801363,30.153651],[-97.801132,30.15355],[-97.801122,30.153522],[-97.801202,30.153382],[-97.801452,30.153477],[-97.801464,30.153499],[-97.801454,30.153529]]]}},{"type":"Feature","properties":{"natural":"water"},"geometry":{"type":"Polygon","coordinates":[[[-97.801958,30.153868],[-97.801766,30.153741],[-97.80167,30.153727],[-97.801548,30.153951],[-97.801517,30.154033],[-97.801503,30.154143],[-97.801713,30.154237],[-97.801769,30.154249],[-97.801851,30.154229],[-97.801958,30.153868]]]}},{"type":"Feature","properties":{"natural":"water"},"geometry":{"type":"Polygon","coordinates":[[[-97.809916,30.170208],[-97.809767,30.170315],[-97.809737,30.170318],[-97.809697,30.170295],[-97.80959,30.169921],[-97.809597,30.169864],[-97.809618,30.16984],[-97.809785,30.169772],[-97.809835,30.169792],[-97.80994,30.170071],[-97.809946,30.170125],[-97.809916,30.170208]]]}},{"type":"Feature","properties":{"natural":"water"},"geometry":{"type":"Polygon","coordinates":[[[-97.813884,30.168586],[-97.813756,30.168389],[-97.813689,30.168342],[-97.813401,30.168332],[-97.81334,30.168352],[-97.813283,30.168427],[-97.813265,30.16862],[-97.813304,30.168656],[-97.813894,30.168651],[-97.813913,30.168642],[-97.813911,30.168626],[-97.813884,30.168586]]]}},{"type":"Feature","properties":{"natural":"wood"},"geometry":{"type":"Polygon","coordinates":[[[-97.797941,30.147313],[-97.798189,30.146918],[-97.79688,30.146406],[-97.797234,30.145902],[-97.796763,30.145656],[-97.79631,30.145571],[-97.795927,30.146639],[-97.797941,30.147313]]]}},{"type":"Feature","properties":{"natural":"wood"},"geometry":{"type":"Polygon","coordinates":[[[-97.799988,30.124776],[-97.800403,30.124401],[-97.800728,30.123817],[-97.801233,30.12359],[-97.801283,30.123195],[-97.800954,30.122704],[-97.800801,30.12191],[-97.800355,30.121701],[-97.79934,30.121536],[-97.798809,30.121735],[-97.798148,30.12162],[-97.797734,30.12133],[-97.796913,30.121277],[-97.796152,30.122266],[-97.795905,30.122753],[-97.79599,30.123078],[-97.796086,30.124158],[-97.795971,30.124775],[-97.795675,30.125191],[-97.79619,30.125369],[-97.79656,30.124648],[-97.797137,30.12431],[-97.798112,30.123986],[-97.79929,30.124619],[-97.799988,30.124776]]]}},{"type":"Feature","properties":{"natural":"water"},"geometry":{"type":"Polygon","coordinates":[[[-97.790869,30.121225],[-97.790278,30.12132],[-97.790135,30.121287],[-97.790064,30.121202],[-97.790028,30.121066],[-97.790064,30.120705],[-97.790562,30.120506],[-97.790937,30.120386],[-97.791059,30.120382],[-97.791011,30.120466],[-97.791007,30.120781],[-97.790959,30.121057],[-97.790869,30.121225]]]}},{"type":"Feature","properties":{"natural":"water"},"geometry":{"type":"Polygon","coordinates":[[[-97.791545,30.119399],[-97.791455,30.119446],[-97.79135,30.119443],[-97.791227,30.11938],[-97.791186,30.119302],[-97.791235,30.119205],[-97.791363,30.11911],[-97.791452,30.119147],[-97.791528,30.119274],[-97.79157,30.119303],[-97.791545,30.119399]]]}},{"type":"Feature","properties":{"natural":"water"},"geometry":{"type":"Polygon","coordinates":[[[-97.786155,30.121407],[-97.785961,30.121499],[-97.785672,30.121463],[-97.785458,30.121337],[-97.785433,30.121226],[-97.785511,30.12113],[-97.785588,30.121077],[-97.786051,30.121215],[-97.786155,30.121407]]]}},{"type":"Feature","properties":{"natural":"water"},"geometry":{"type":"Polygon","coordinates":[[[-97.786481,30.119365],[-97.78612,30.119472],[-97.786024,30.119481],[-97.78598,30.119418],[-97.786002,30.119362],[-97.785789,30.118771],[-97.785765,30.118651],[-97.785771,30.1186],[-97.785815,30.118554],[-97.785896,30.118549],[-97.78599,30.118582],[-97.786293,30.118594],[-97.78664,30.118762],[-97.786548,30.118828],[-97.786379,30.118851],[-97.786361,30.119224],[-97.786522,30.119312],[-97.786481,30.119365]]]}},{"type":"Feature","properties":{"natural":"wood"},"geometry":{"type":"Polygon","coordinates":[[[-97.741225,30.136222],[-97.741536,30.13563],[-97.741298,30.135254],[-97.741359,30.13471],[-97.741827,30.134485],[-97.741387,30.134057],[-97.741409,30.133672],[-97.741743,30.133575],[-97.741722,30.133322],[-97.741271,30.13303],[-97.741537,30.13203],[-97.740961,30.132009],[-97.740627,30.132867],[-97.740371,30.132823],[-97.739857,30.133574],[-97.738436,30.132955],[-97.73805,30.133572],[-97.739333,30.134277],[-97.738893,30.13493],[-97.737549,30.13429],[-97.736752,30.134311],[-97.735968,30.134093],[-97.735771,30.134482],[-97.735372,30.134593],[-97.735388,30.134957],[-97.734682,30.135749],[-97.734386,30.13644],[-97.734533,30.136713],[-97.736988,30.137898],[-97.738031,30.136325],[-97.73824,30.1359],[-97.739683,30.136241],[-97.741225,30.136222]]]}},{"type":"Feature","properties":{"natural":"water"},"geometry":{"type":"Polygon","coordinates":[[[-97.8089,30.133326],[-97.807903,30.133432],[-97.807703,30.133405],[-97.807734,30.133311],[-97.80805,30.13306],[-97.808103,30.132972],[-97.808114,30.132892],[-97.808746,30.132897],[-97.808802,30.132855],[-97.809069,30.132836],[-97.809193,30.132904],[-97.809006,30.133019],[-97.8089,30.133326]]]}},{"type":"Feature","properties":{"natural":"wood"},"geometry":{"type":"Polygon","coordinates":[[[-97.809967,30.132594],[-97.810484,30.131845],[-97.809924,30.131965],[-97.808789,30.131264],[-97.807468,30.13153],[-97.805901,30.132724],[-97.805175,30.133325],[-97.804595,30.13361],[-97.805009,30.133923],[-97.8055,30.133594],[-97.805848,30.13329],[-97.806009,30.133187],[-97.807178,30.132581],[-97.807691,30.132448],[-97.808726,30.132252],[-97.809419,30.132367],[-97.809967,30.132594]]]}},{"type":"Feature","properties":{"natural":"wood"},"geometry":{"type":"Polygon","coordinates":[[[-97.798793,30.131079],[-97.799108,30.130233],[-97.798487,30.130254],[-97.797944,30.130047],[-97.797423,30.129239],[-97.796518,30.128861],[-97.795988,30.130214],[-97.796331,30.130404],[-97.796852,30.130618],[-97.798793,30.131079]]]}},{"type":"Feature","properties":{"natural":"water"},"geometry":{"type":"Polygon","coordinates":[[[-97.808468,30.121962],[-97.808261,30.122052],[-97.808112,30.122008],[-97.808024,30.121907],[-97.808111,30.121143],[-97.808174,30.121032],[-97.808257,30.12098],[-97.808392,30.120928],[-97.808714,30.120913],[-97.808891,30.120951],[-97.808945,30.121119],[-97.80895,30.121318],[-97.808881,30.121549],[-97.808717,30.121767],[-97.808603,30.121879],[-97.808468,30.121962]]]}},{"type":"Feature","properties":{"natural":"water"},"geometry":{"type":"Polygon","coordinates":[[[-97.810585,30.121721],[-97.810318,30.121823],[-97.809973,30.121608],[-97.809804,30.121481],[-97.809787,30.121235],[-97.809975,30.121147],[-97.809978,30.121007],[-97.810067,30.120954],[-97.810453,30.120958],[-97.810408,30.121212],[-97.810453,30.121477],[-97.8106,30.121634],[-97.810585,30.121721]]]}},{"type":"Feature","properties":{"natural":"water"},"geometry":{"type":"Polygon","coordinates":[[[-97.810397,30.131561],[-97.80995,30.131661],[-97.809299,30.131219],[-97.809278,30.13079],[-97.809448,30.130819],[-97.809663,30.13078],[-97.809793,30.130721],[-97.809997,30.131129],[-97.810411,30.131456],[-97.810397,30.131561]]]}},{"type":"Feature","properties":{"leisure":"park","name":"Skyline Park"},"geometry":{"type":"Polygon","coordinates":[[[-97.716749,30.153265],[-97.716328,30.153201],[-97.71603,30.153196],[-97.715668,30.153235],[-97.715396,30.153297],[-97.715327,30.153275],[-97.714569,30.151684],[-97.714389,30.15109],[-97.71436,30.150943],[-97.714355,30.150684],[-97.714423,30.150405],[-97.714991,30.149215],[-97.71502,30.149192],[-97.715088,30.149188],[-97.715782,30.149398],[-97.716005,30.149498],[-97.716204,30.14962],[-97.716389,30.149773],[-97.716621,30.150047],[-97.716944,30.15056],[-97.717083,30.150815],[-97.717165,30.151053],[-97.717221,30.151324],[-97.717233,30.151511],[-97.717204,30.152059],[-97.717165,30.152267],[-97.717106,30.152459],[-97.716837,30.153191],[-97.716804,30.153252],[-97.716749,30.153265]]]}},{"type":"Feature","properties":{"natural":"water"},"geometry":{"type":"Polygon","coordinates":[[[-97.758991,30.157912],[-97.75859,30.157912],[-97.758507,30.158073],[-97.758386,30.15821],[-97.757901,30.158315],[-97.757361,30.158347],[-97.757212,30.158226],[-97.75697,30.158218],[-97.756644,30.158017],[-97.756467,30.158025],[-97.756271,30.158098],[-97.756048,30.157969],[-97.756076,30.157824],[-97.756159,30.157695],[-97.756178,30.157542],[-97.756104,30.157413],[-97.756131,30.157284],[-97.756281,30.157196],[-97.756476,30.15718],[-97.756765,30.157236],[-97.756933,30.157341],[-97.756998,30.157477],[-97.757314,30.157614],[-97.757687,30.15763],[-97.757929,30.157518],[-97.758069,30.157373],[-97.758218,30.15718],[-97.758469,30.157172],[-97.758786,30.157244],[-97.759019,30.157188],[-97.75927,30.157075],[-97.759364,30.157115],[-97.759485,30.157268],[-97.759177,30.157784],[-97.758991,30.157912]]]}},{"type":"Feature","properties":{"natural":"water"},"geometry":{"type":"Polygon","coordinates":[[[-97.788039,30.167881],[-97.787877,30.167847],[-97.787817,30.167865],[-97.787637,30.167826],[-97.787543,30.167768],[-97.787421,30.167766],[-97.787324,30.167842],[-97.787283,30.167932],[-97.787431,30.168041],[-97.787528,30.168081],[-97.787629,30.168151],[-97.787674,30.168228],[-97.788018,30.168469],[-97.788086,30.168438],[-97.788115,30.168163],[-97.788039,30.167881]]]}},{"type":"Feature","properties":{"natural":"wood"},"geometry":{"type":"Polygon","coordinates":[[[-97.780378,30.174807],[-97.779168,30.174032],[-97.777582,30.170856],[-97.777206,30.17068],[-97.776633,30.17062],[-97.77633,30.170562],[-97.776526,30.169989],[-97.776841,30.169937],[-97.777002,30.169659],[-97.776927,30.169325],[-97.776981,30.169047],[-97.777496,30.16876],[-97.777871,30.1685],[-97.778676,30.168166],[-97.779641,30.168852],[-97.77947,30.17157],[-97.779663,30.171765],[-97.779706,30.171853],[-97.779547,30.172521],[-97.781065,30.172908],[-97.781531,30.173133],[-97.780378,30.174807]]]}},{"type":"Feature","properties":{"natural":"water"},"geometry":{"type":"Polygon","coordinates":[[[-97.787437,30.136003],[-97.787438,30.136022],[-97.787374,30.136031],[-97.787437,30.136003]]]}},{"type":"Feature","properties":{"natural":"water"},"geometry":{"type":"Polygon","coordinates":[[[-97.787225,30.14164],[-97.787285,30.141677],[-97.787328,30.141649],[-97.78734,30.141523],[-97.787305,30.141338],[-97.78719,30.141072],[-97.786958,30.140769],[-97.786902,30.140577],[-97.786815,30.14052],[-97.786716,30.140486],[-97.786524,30.140274],[-97.786591,30.14017],[-97.786603,30.139981],[-97.78716,30.13975],[-97.787252,30.139633],[-97.787273,30.139572],[-97.78723,30.139288],[-97.787044,30.139043],[-97.787005,30.139081],[-97.787051,30.139153],[-97.787069,30.13929],[-97.787173,30.139537],[-97.787168,30.139613],[-97.787038,30.139745],[-97.786643,30.139877],[-97.786581,30.139912],[-97.786497,30.139974],[-97.786422,30.140137],[-97.786344,30.14013],[-97.786057,30.139986],[-97.786081,30.140089],[-97.786274,30.140205],[-97.786378,30.14029],[-97.786468,30.140411],[-97.786543,30.140479],[-97.786862,30.140963],[-97.787054,30.141202],[-97.787134,30.141417],[-97.787186,30.141479],[-97.787225,30.14164]]]}},{"type":"Feature","properties":{"natural":"water"},"geometry":{"type":"Polygon","coordinates":[[[-97.787309,30.141757],[-97.787106,30.141642],[-97.787034,30.141809],[-97.786904,30.142017],[-97.786802,30.142144],[-97.786598,30.142333],[-97.786352,30.142745],[-97.786301,30.142896],[-97.786176,30.142996],[-97.786029,30.14305],[-97.785891,30.143006],[-97.78579,30.142903],[-97.78558,30.142835],[-97.785143,30.142762],[-97.78425,30.143245],[-97.78383,30.143454],[-97.783599,30.14363],[-97.783618,30.143662],[-97.783769,30.143699],[-97.784145,30.143434],[-97.785012,30.142926],[-97.785254,30.142899],[-97.785479,30.142926],[-97.78566,30.143018],[-97.785984,30.143082],[-97.786171,30.143075],[-97.786348,30.142975],[-97.786531,30.142767],[-97.786747,30.142439],[-97.786897,30.142288],[-97.787042,30.142083],[-97.787242,30.141907],[-97.787309,30.141757]]]}},{"type":"Feature","properties":{"natural":"water"},"geometry":{"type":"Polygon","coordinates":[[[-97.77747,30.142189],[-97.77732,30.142188],[-97.777095,30.141488],[-97.777025,30.141391],[-97.776865,30.141271],[-97.776672,30.141155],[-97.776355,30.141149],[-97.77615,30.141216],[-97.776005,30.141214],[-97.77574,30.1411],[-97.77575,30.141036],[-97.776025,30.141148],[-97.776181,30.141126],[-97.776558,30.140997],[-97.776662,30.141002],[-97.776793,30.141065],[-97.776863,30.14114],[-97.777137,30.1413],[-97.777275,30.14145],[-97.777293,30.141567],[-97.777341,30.141685],[-97.777355,30.141787],[-97.777445,30.142055],[-97.77747,30.142189]]]}},{"type":"Feature","properties":{"natural":"water"},"geometry":{"type":"Polygon","coordinates":[[[-97.790866,30.133232],[-97.790822,30.133251],[-97.790803,30.133279],[-97.790822,30.133348],[-97.790977,30.133474],[-97.791278,30.133665],[-97.79144,30.133838],[-97.791692,30.133984],[-97.791889,30.13406],[-97.792147,30.134139],[-97.792406,30.134197],[-97.792896,30.134263],[-97.793862,30.134522],[-97.794141,30.134556],[-97.795048,30.1349],[-97.795534,30.135021],[-97.795569,30.134854],[-97.795209,30.134783],[-97.794901,30.134677],[-97.794447,30.134452],[-97.794122,30.134317],[-97.793796,30.134232],[-97.793124,30.134128],[-97.792569,30.134016],[-97.792269,30.133977],[-97.791986,30.133845],[-97.791739,30.133767],[-97.791431,30.133521],[-97.791039,30.13328],[-97.790866,30.133232]]]}},{"type":"Feature","properties":{"natural":"water"},"geometry":{"type":"Polygon","coordinates":[[[-97.790911,30.132905],[-97.790715,30.132644],[-97.790599,30.132412],[-97.790376,30.132208],[-97.789999,30.132004],[-97.789735,30.13184],[-97.789626,30.131832],[-97.788457,30.131216],[-97.788081,30.130909],[-97.787812,30.130654],[-97.787484,30.130467],[-97.787107,30.130298],[-97.786503,30.129998],[-97.785613,30.129727],[-97.785302,30.129485],[-97.784561,30.129155],[-97.783956,30.129083],[-97.783848,30.129249],[-97.783594,30.129309],[-97.782353,30.12969],[-97.782125,30.129737],[-97.781965,30.129842],[-97.781795,30.130038],[-97.781415,30.130604],[-97.781231,30.131099],[-97.781125,30.131645],[-97.781075,30.132112],[-97.781073,30.13322],[-97.781105,30.133903],[-97.781257,30.134696],[-97.781446,30.135342],[-97.781818,30.136021],[-97.78206,30.136309],[-97.782258,30.136466],[-97.782379,30.136836],[-97.78291,30.137111],[-97.783413,30.137616],[-97.783576,30.137715],[-97.783847,30.137814],[-97.784536,30.137859],[-97.784537,30.137721],[-97.784089,30.137729],[-97.783683,30.137607],[-97.783418,30.137481],[-97.783148,30.137122],[-97.782799,30.136888],[-97.782765,30.13682],[-97.782526,30.136505],[-97.782218,30.136251],[-97.781796,30.135767],[-97.781457,30.134867],[-97.781467,30.134724],[-97.781335,30.134304],[-97.781241,30.133812],[-97.781254,30.133238],[-97.781283,30.132886],[-97.781266,30.13185],[-97.781331,30.131353],[-97.781459,30.130847],[-97.781648,30.130499],[-97.781945,30.130073],[-97.782147,30.129902],[-97.782607,30.129733],[-97.783475,30.129448],[-97.783957,30.129311],[-97.784054,30.129264],[-97.784558,30.129312],[-97.784934,30.129453],[-97.785239,30.129548],[-97.785507,30.129749],[-97.78573,30.129856],[-97.785947,30.13],[-97.786199,30.130124],[-97.786482,30.130294],[-97.786603,30.130307],[-97.786833,30.130375],[-97.787517,30.130671],[-97.787708,30.130807],[-97.788388,30.13136],[-97.789109,30.131763],[-97.789552,30.131955],[-97.789675,30.131968],[-97.790223,30.132272],[-97.790408,30.132444],[-97.790499,30.13246],[-97.790538,30.132519],[-97.790488,30.132534],[-97.790497,30.132754],[-97.790618,30.132875],[-97.7907,30.132882],[-97.790726,30.132858],[-97.790825,30.132897],[-97.790953,30.133159],[-97.790904,30.133243],[-97.791039,30.13328],[-97.790911,30.132905]]]}},{"type":"Feature","properties":{"natural":"water"},"geometry":{"type":"Polygon","coordinates":[[[-97.804981,30.138784],[-97.804501,30.138595],[-97.804476,30.138573],[-97.804469,30.138526],[-97.804553,30.138392],[-97.804598,30.138279],[-97.804583,30.138133],[-97.804901,30.138236],[-97.804748,30.138466],[-97.805105,30.138582],[-97.804981,30.138784]]]}},{"type":"Feature","properties":{"leisure":"park","name":"Meadows of Double Creek Community Park"},"geometry":{"type":"Polygon","coordinates":[[[-97.805105,30.146453],[-97.80524,30.146189],[-97.804906,30.146069],[-97.804843,30.146331],[-97.80487,30.146365],[-97.805105,30.146453]]]}},{"type":"Feature","properties":{"natural":"water"},"geometry":{"type":"Polygon","coordinates":[[[-97.800258,30.150742],[-97.799959,30.151012],[-97.799865,30.151034],[-97.799822,30.151023],[-97.799582,30.150823],[-97.799566,30.150668],[-97.799579,30.150616],[-97.799833,30.150415],[-97.799865,30.15032],[-97.799938,30.150295],[-97.799972,30.150306],[-97.800098,30.150429],[-97.800075,30.150523],[-97.800079,30.150581],[-97.800111,30.15065],[-97.80014,30.150681],[-97.800258,30.150742]]]}},{"type":"Feature","properties":{"natural":"water"},"geometry":{"type":"Polygon","coordinates":[[[-97.799734,30.145381],[-97.799827,30.145765],[-97.799823,30.145896],[-97.799805,30.145945],[-97.799725,30.145979],[-97.799674,30.145966],[-97.799271,30.145741],[-97.799273,30.145713],[-97.799583,30.14541],[-97.79967,30.145362],[-97.799734,30.145381]]]}},{"type":"Feature","properties":{"natural":"water"},"geometry":{"type":"Polygon","coordinates":[[[-97.796868,30.17053],[-97.796782,30.170838],[-97.796753,30.170847],[-97.796522,30.1708],[-97.796505,30.17079],[-97.796467,30.170629],[-97.796418,30.170544],[-97.796298,30.170405],[-97.796031,30.17017],[-97.796025,30.170132],[-97.796245,30.169951],[-97.796283,30.169951],[-97.796858,30.170471],[-97.796868,30.17053]]]}},{"type":"Feature","properties":{"leisure":"park"},"geometry":{"type":"Polygon","coordinates":[[[-97.757767,30.15327],[-97.757146,30.15329],[-97.757103,30.153313],[-97.757102,30.153379],[-97.757131,30.153414],[-97.757139,30.153589],[-97.757116,30.153614],[-97.757115,30.153641],[-97.757145,30.153681],[-97.757148,30.153787],[-97.757124,30.153838],[-97.757152,30.153873],[-97.757156,30.153967],[-97.757152,30.153996],[-97.757124,30.154027],[-97.757063,30.154229],[-97.757076,30.154263],[-97.757345,30.154356],[-97.757514,30.154371],[-97.757654,30.154347],[-97.757921,30.154224],[-97.757922,30.154184],[-97.757869,30.15408],[-97.757817,30.15405],[-97.757792,30.153934],[-97.757807,30.153932],[-97.757802,30.153859],[-97.757826,30.153797],[-97.757797,30.153758],[-97.757794,30.153652],[-97.757818,30.153599],[-97.757787,30.153561],[-97.75778,30.153391],[-97.757805,30.153356],[-97.757802,30.153297],[-97.757767,30.15327]]]}},{"type":"Feature","properties":{"leisure":"park"},"geometry":{"type":"Polygon","coordinates":[[[-97.725784,30.158291],[-97.726292,30.158556],[-97.725776,30.159333],[-97.725367,30.159132],[-97.725341,30.159111],[-97.725318,30.159044],[-97.725784,30.158291]]]}},{"type":"Feature","properties":{"leisure":"park","name":"Goodnight Ranch Pocket Park"},"geometry":{"type":"Polygon","coordinates":[[[-97.753502,30.155382],[-97.753265,30.155569],[-97.753222,30.155354],[-97.753179,30.15533],[-97.753168,30.155303],[-97.753187,30.155258],[-97.75315,30.155095],[-97.753167,30.155081],[-97.753444,30.155073],[-97.753453,30.155301],[-97.753502,30.155382]]]}},{"type":"Feature","properties":{"landuse":"forest"},"geometry":{"type":"Polygon","coordinates":[[[-97.776128,30.058632],[-97.776461,30.058287],[-97.776567,30.053417],[-97.775225,30.052221],[-97.773493,30.053474],[-97.772217,30.056704],[-97.776128,30.058632]]]}},{"type":"Feature","properties":{"name":"Soil Conservation Service Site 11 Reservoir","natural":"water"},"geometry":{"type":"Polygon","coordinates":[[[-97.77297,30.046842],[-97.772834,30.048092],[-97.772104,30.049086],[-97.772319,30.049411],[-97.772834,30.049615],[-97.773403,30.049624],[-97.774036,30.049197],[-97.774036,30.048714],[-97.773939,30.048175],[-97.773939,30.048008],[-97.7741,30.047971],[-97.774658,30.048463],[-97.774636,30.049002],[-97.774669,30.049457],[-97.775076,30.049624],[-97.775581,30.04955],[-97.77572,30.049448],[-97.776664,30.050219],[-97.776385,30.050627],[-97.77646,30.051017],[-97.776922,30.051454],[-97.777179,30.051556],[-97.777362,30.051333],[-97.777544,30.051045],[-97.777512,30.050599],[-97.777834,30.050451],[-97.778209,30.050367],[-97.778467,30.050451],[-97.778435,30.050246],[-97.778048,30.049819],[-97.777426,30.049401],[-97.777158,30.048751],[-97.777265,30.048491],[-97.776879,30.048278],[-97.776836,30.047999],[-97.776879,30.047265],[-97.776977,30.046663],[-97.77297,30.046842]]]}},{"type":"Feature","properties":{"natural":"water"},"geometry":{"type":"Polygon","coordinates":[[[-97.778883,30.053234],[-97.778981,30.052711],[-97.778993,30.052263],[-97.778895,30.051804],[-97.778476,30.051665],[-97.778513,30.051388],[-97.778279,30.051239],[-97.777897,30.051228],[-97.777367,30.05174],[-97.777958,30.052103],[-97.778069,30.052561],[-97.778217,30.052988],[-97.778501,30.053287],[-97.778883,30.053234]]]}},{"type":"Feature","properties":{"natural":"water"},"geometry":{"type":"Polygon","coordinates":[[[-97.789991,30.08223],[-97.78919,30.082245],[-97.788671,30.082279],[-97.788625,30.082374],[-97.788643,30.082556],[-97.788822,30.082961],[-97.788823,30.083571],[-97.788935,30.084046],[-97.789018,30.084212],[-97.789289,30.083572],[-97.789847,30.082762],[-97.790027,30.082367],[-97.789991,30.08223]]]}},{"type":"Feature","properties":{"natural":"water"},"geometry":{"type":"Polygon","coordinates":[[[-97.827286,30.147527],[-97.827328,30.147179],[-97.827294,30.14716],[-97.826913,30.147107],[-97.826886,30.147116],[-97.826832,30.147337],[-97.826841,30.147376],[-97.826964,30.147427],[-97.826977,30.147453],[-97.826958,30.147536],[-97.826977,30.147554],[-97.827264,30.147545],[-97.827286,30.147527]]]}},{"type":"Feature","properties":{"natural":"water"},"geometry":{"type":"Polygon","coordinates":[[[-97.828078,30.147256],[-97.827462,30.147169],[-97.827411,30.147177],[-97.827382,30.147199],[-97.827373,30.147232],[-97.827328,30.147516],[-97.827343,30.147552],[-97.827377,30.147571],[-97.828059,30.147541],[-97.828101,30.147477],[-97.828103,30.147306],[-97.828078,30.147256]]]}},{"type":"Feature","properties":{"natural":"water"},"geometry":{"type":"Polygon","coordinates":[[[-97.826802,30.141088],[-97.826353,30.141095],[-97.826348,30.140822],[-97.826386,30.14082],[-97.826384,30.140754],[-97.826739,30.140753],[-97.826798,30.140812],[-97.826802,30.141088]]]}},{"type":"Feature","properties":{"natural":"water"},"geometry":{"type":"Polygon","coordinates":[[[-97.826968,30.141047],[-97.827333,30.141044],[-97.827322,30.140753],[-97.827012,30.140753],[-97.826958,30.140809],[-97.826968,30.141047]]]}},{"type":"Feature","properties":{"natural":"water"},"geometry":{"type":"Polygon","coordinates":[[[-97.804218,30.146239],[-97.804215,30.146184],[-97.804179,30.146108],[-97.804089,30.14604],[-97.803765,30.146672],[-97.803783,30.146703],[-97.803901,30.146701],[-97.804017,30.146627],[-97.804218,30.146239]]]}},{"type":"Feature","properties":{"natural":"water"},"geometry":{"type":"Polygon","coordinates":[[[-97.801388,30.160971],[-97.801374,30.160758],[-97.801351,30.160735],[-97.801253,30.160698],[-97.801107,30.16058],[-97.800972,30.160377],[-97.800933,30.16036],[-97.800796,30.160372],[-97.800784,30.160391],[-97.800799,30.160728],[-97.800856,30.160978],[-97.800888,30.160996],[-97.801373,30.160982],[-97.801388,30.160971]]]}},{"type":"Feature","properties":{"natural":"water"},"geometry":{"type":"Polygon","coordinates":[[[-97.787655,30.09196],[-97.787496,30.092083],[-97.787216,30.092162],[-97.786722,30.092224],[-97.786631,30.092168],[-97.786635,30.091998],[-97.78656,30.091785],[-97.78605,30.091165],[-97.785996,30.090844],[-97.785999,30.090443],[-97.78627,30.090665],[-97.786709,30.090984],[-97.787145,30.091183],[-97.787408,30.091382],[-97.787577,30.091642],[-97.787628,30.091773],[-97.787655,30.09196]]]}},{"type":"Feature","properties":{"natural":"water"},"geometry":{"type":"Polygon","coordinates":[[[-97.792295,30.091768],[-97.791936,30.092189],[-97.791653,30.092317],[-97.791274,30.092367],[-97.791186,30.092183],[-97.79119,30.091852],[-97.791176,30.091689],[-97.791186,30.091545],[-97.791227,30.091349],[-97.791436,30.091136],[-97.791595,30.090873],[-97.791893,30.090683],[-97.792545,30.090221],[-97.793014,30.090113],[-97.793778,30.089873],[-97.793193,30.090224],[-97.792832,30.090475],[-97.792528,30.090847],[-97.792345,30.091136],[-97.792301,30.091382],[-97.792345,30.091601],[-97.792295,30.091768]]]}},{"type":"Feature","properties":{"natural":"water"},"geometry":{"type":"Polygon","coordinates":[[[-97.796908,30.097417],[-97.797117,30.097355],[-97.797271,30.097329],[-97.797421,30.09738],[-97.797588,30.0974],[-97.797778,30.097352],[-97.797925,30.097256],[-97.797984,30.097142],[-97.797905,30.097018],[-97.797801,30.096953],[-97.797653,30.09695],[-97.797448,30.097066],[-97.79734,30.097075],[-97.797065,30.096984],[-97.796962,30.096972],[-97.796852,30.097041],[-97.796825,30.097099],[-97.796798,30.097322],[-97.796853,30.097404],[-97.796908,30.097417]]]}},{"type":"Feature","properties":{"natural":"water"},"geometry":{"type":"Polygon","coordinates":[[[-97.79636,30.101494],[-97.79615,30.101447],[-97.795974,30.101348],[-97.795765,30.101157],[-97.795694,30.100988],[-97.795709,30.100864],[-97.795828,30.100782],[-97.796277,30.10063],[-97.796684,30.10041],[-97.796543,30.100593],[-97.796442,30.100764],[-97.796411,30.10097],[-97.796411,30.101201],[-97.79644,30.101305],[-97.796435,30.101431],[-97.79636,30.101494]]]}},{"type":"Feature","properties":{"natural":"water"},"geometry":{"type":"Polygon","coordinates":[[[-97.796396,30.105619],[-97.796218,30.105563],[-97.796047,30.105405],[-97.795949,30.105209],[-97.796075,30.105068],[-97.79642,30.104891],[-97.796598,30.104745],[-97.796812,30.104631],[-97.797014,30.104639],[-97.796843,30.104679],[-97.796668,30.104772],[-97.796497,30.10505],[-97.796525,30.105224],[-97.796531,30.105412],[-97.796485,30.105545],[-97.796396,30.105619]]]}},{"type":"Feature","properties":{"natural":"water"},"geometry":{"type":"Polygon","coordinates":[[[-97.78623,30.149596],[-97.785958,30.149632],[-97.785475,30.149614],[-97.785291,30.149632],[-97.785218,30.149383],[-97.78539,30.149337],[-97.785533,30.14932],[-97.786018,30.149394],[-97.786194,30.14937],[-97.78623,30.149596]]]}},{"type":"Feature","properties":{"natural":"water"},"geometry":{"type":"Polygon","coordinates":[[[-97.782914,30.152472],[-97.78288,30.152461],[-97.782687,30.152561],[-97.782404,30.152668],[-97.782104,30.152745],[-97.781985,30.152826],[-97.781921,30.152971],[-97.781849,30.153363],[-97.781904,30.153506],[-97.782235,30.153545],[-97.782402,30.153256],[-97.782431,30.153059],[-97.782747,30.153],[-97.782942,30.152513],[-97.782914,30.152472]]]}},{"type":"Feature","properties":{"natural":"water"},"geometry":{"type":"Polygon","coordinates":[[[-97.813126,30.129581],[-97.813069,30.12963],[-97.812894,30.129668],[-97.812754,30.129659],[-97.812727,30.129643],[-97.812718,30.129589],[-97.812842,30.129275],[-97.812833,30.129236],[-97.812781,30.129191],[-97.812838,30.129187],[-97.81292,30.129228],[-97.813032,30.129371],[-97.813126,30.129581]]]}},{"type":"Feature","properties":{"natural":"water"},"geometry":{"type":"Polygon","coordinates":[[[-97.811667,30.129259],[-97.811756,30.129073],[-97.811799,30.128772],[-97.811756,30.128671],[-97.81175,30.128496],[-97.811733,30.128465],[-97.811701,30.128452],[-97.811516,30.12842],[-97.811454,30.128319],[-97.811407,30.128283],[-97.811327,30.128278],[-97.811245,30.128318],[-97.81119,30.128372],[-97.811187,30.128432],[-97.811224,30.128565],[-97.811214,30.128638],[-97.811094,30.128667],[-97.811004,30.128788],[-97.810998,30.128929],[-97.810945,30.129084],[-97.810959,30.129138],[-97.810998,30.129187],[-97.811045,30.129203],[-97.81118,30.129196],[-97.811606,30.129274],[-97.811667,30.129259]]]}},{"type":"Feature","properties":{"natural":"wood"},"geometry":{"type":"Polygon","coordinates":[[[-97.710794,30.157524],[-97.708511,30.161168],[-97.707547,30.162666],[-97.714608,30.164265],[-97.714776,30.163829],[-97.716385,30.162188],[-97.711702,30.158397],[-97.710794,30.157524]]]}},{"type":"Feature","properties":{"natural":"water"},"geometry":{"type":"Polygon","coordinates":[[[-97.71221,30.153741],[-97.711735,30.153417],[-97.711601,30.153564],[-97.712076,30.153888],[-97.71221,30.153741]]]}},{"type":"Feature","properties":{"natural":"water"},"geometry":{"type":"Polygon","coordinates":[[[-97.721251,30.153394],[-97.721133,30.153433],[-97.721006,30.153433],[-97.720047,30.152981],[-97.720044,30.152869],[-97.720067,30.152774],[-97.720623,30.152294],[-97.720808,30.152253],[-97.720992,30.152274],[-97.721097,30.152339],[-97.721336,30.153227],[-97.721251,30.153394]]]}},{"type":"Feature","properties":{"natural":"water"},"geometry":{"type":"Polygon","coordinates":[[[-97.724772,30.153053],[-97.724282,30.152824],[-97.724546,30.15173],[-97.725458,30.15194],[-97.724772,30.153053]]]}},{"type":"Feature","properties":{"natural":"water"},"geometry":{"type":"Polygon","coordinates":[[[-97.72467,30.151616],[-97.724811,30.15039],[-97.725164,30.149926],[-97.726404,30.150235],[-97.725471,30.151801],[-97.72467,30.151616]]]}},{"type":"Feature","properties":{"natural":"water"},"geometry":{"type":"Polygon","coordinates":[[[-97.726357,30.150169],[-97.725185,30.149852],[-97.725296,30.14948],[-97.725854,30.149639],[-97.726484,30.149918],[-97.726357,30.150169]]]}},{"type":"Feature","properties":{"natural":"water"},"geometry":{"type":"Polygon","coordinates":[[[-97.775066,30.137349],[-97.775103,30.137187],[-97.774776,30.137131],[-97.774787,30.13708],[-97.774453,30.137023],[-97.774425,30.137145],[-97.774552,30.137261],[-97.775066,30.137349]]]}},{"type":"Feature","properties":{"leisure":"park"},"geometry":{"type":"Polygon","coordinates":[[[-97.790515,30.13966],[-97.790617,30.139724],[-97.790401,30.139905],[-97.790802,30.141126],[-97.790327,30.141444],[-97.789847,30.141538],[-97.789632,30.141204],[-97.78922,30.13992],[-97.789148,30.138976],[-97.789309,30.138948],[-97.789448,30.139081],[-97.789348,30.139433],[-97.789617,30.13991],[-97.789824,30.139965],[-97.79009,30.139938],[-97.790515,30.13966]]]}},{"type":"Feature","properties":{"natural":"water"},"geometry":{"type":"Polygon","coordinates":[[[-97.80153,30.145921],[-97.803178,30.146823],[-97.803809,30.145591],[-97.803607,30.14551],[-97.803316,30.146111],[-97.802978,30.145979],[-97.802784,30.146251],[-97.801724,30.145712],[-97.80153,30.145921]]]}},{"type":"Feature","properties":{"natural":"water"},"geometry":{"type":"Polygon","coordinates":[[[-97.800919,30.145551],[-97.801265,30.145039],[-97.801399,30.144619],[-97.801458,30.144171],[-97.801079,30.143991],[-97.800309,30.145298],[-97.800919,30.145551]]]}},{"type":"Feature","properties":{"natural":"water"},"geometry":{"type":"Polygon","coordinates":[[[-97.798924,30.144165],[-97.798997,30.144044],[-97.79869,30.143906],[-97.798617,30.144028],[-97.798924,30.144165]]]}},{"type":"Feature","properties":{"natural":"water"},"geometry":{"type":"Polygon","coordinates":[[[-97.799123,30.143618],[-97.798924,30.143524],[-97.79904,30.143343],[-97.799239,30.143437],[-97.799123,30.143618]]]}},{"type":"Feature","properties":{"natural":"water"},"geometry":{"type":"Polygon","coordinates":[[[-97.80014,30.141853],[-97.80038,30.141472],[-97.800146,30.141362],[-97.799906,30.141743],[-97.80014,30.141853]]]}},{"type":"Feature","properties":{"natural":"water"},"geometry":{"type":"Polygon","coordinates":[[[-97.801399,30.140555],[-97.801455,30.140496],[-97.801433,30.140381],[-97.801384,30.140296],[-97.8013,30.140246],[-97.801226,30.140231],[-97.801141,30.140281],[-97.801092,30.140354],[-97.801097,30.140392],[-97.801188,30.140463],[-97.801331,30.140541],[-97.801399,30.140555]]]}},{"type":"Feature","properties":{"natural":"water"},"geometry":{"type":"Polygon","coordinates":[[[-97.798989,30.141319],[-97.799094,30.141159],[-97.798654,30.140925],[-97.798535,30.141104],[-97.798989,30.141319]]]}},{"type":"Feature","properties":{"natural":"water"},"geometry":{"type":"Polygon","coordinates":[[[-97.804138,30.136378],[-97.804104,30.136244],[-97.804034,30.136223],[-97.803145,30.136391],[-97.803085,30.136443],[-97.803113,30.136553],[-97.803791,30.136402],[-97.804138,30.136378]]]}},{"type":"Feature","properties":{"natural":"water"},"geometry":{"type":"Polygon","coordinates":[[[-97.798428,30.137109],[-97.798746,30.136319],[-97.798336,30.136195],[-97.798018,30.136985],[-97.798428,30.137109]]]}},{"type":"Feature","properties":{"natural":"water"},"geometry":{"type":"Polygon","coordinates":[[[-97.800933,30.135388],[-97.800874,30.135],[-97.800914,30.134942],[-97.803647,30.134567],[-97.804534,30.134205],[-97.805743,30.133497],[-97.80629,30.133114],[-97.807055,30.132787],[-97.80737,30.132583],[-97.808043,30.132497],[-97.808394,30.132535],[-97.80743,30.132876],[-97.806365,30.133359],[-97.805959,30.133624],[-97.805492,30.134083],[-97.80489,30.134455],[-97.803985,30.13481],[-97.803647,30.134938],[-97.800933,30.135388]]]}},{"type":"Feature","properties":{"natural":"water"},"geometry":{"type":"Polygon","coordinates":[[[-97.800944,30.133745],[-97.800511,30.133622],[-97.800556,30.133503],[-97.800989,30.133626],[-97.800944,30.133745]]]}},{"type":"Feature","properties":{"natural":"water"},"geometry":{"type":"Polygon","coordinates":[[[-97.803125,30.127896],[-97.802868,30.127028],[-97.802751,30.127026],[-97.802738,30.127389],[-97.802801,30.127387],[-97.802764,30.127868],[-97.802863,30.127874],[-97.802872,30.12782],[-97.802982,30.127838],[-97.802982,30.127924],[-97.803125,30.127896]]]}},{"type":"Feature","properties":{"natural":"water"},"geometry":{"type":"Polygon","coordinates":[[[-97.79364,30.13174],[-97.793595,30.131745],[-97.793455,30.131667],[-97.79335,30.131595],[-97.793333,30.13155],[-97.79337,30.131308],[-97.79341,30.131232],[-97.793472,30.131169],[-97.793543,30.131141],[-97.793587,30.131141],[-97.793733,30.1312],[-97.79378,30.131237],[-97.793791,30.131282],[-97.793744,30.131625],[-97.793682,30.131716],[-97.79364,30.13174]]]}},{"type":"Feature","properties":{"natural":"water"},"geometry":{"type":"Polygon","coordinates":[[[-97.795456,30.132134],[-97.795076,30.132665],[-97.794823,30.132568],[-97.795006,30.132235],[-97.795172,30.131989],[-97.795456,30.132134]]]}},{"type":"Feature","properties":{"natural":"water"},"geometry":{"type":"Polygon","coordinates":[[[-97.795806,30.132856],[-97.795967,30.132445],[-97.796099,30.132389],[-97.796038,30.132235],[-97.796088,30.132037],[-97.796036,30.13201],[-97.796082,30.131896],[-97.795988,30.131869],[-97.795462,30.132742],[-97.795806,30.132856]]]}},{"type":"Feature","properties":{"natural":"water"},"geometry":{"type":"Polygon","coordinates":[[[-97.811788,30.132171],[-97.811718,30.132065],[-97.811706,30.131969],[-97.811732,30.131951],[-97.812121,30.132041],[-97.812352,30.131979],[-97.812394,30.131988],[-97.812436,30.132051],[-97.812416,30.13212],[-97.812346,30.132167],[-97.812266,30.132183],[-97.812139,30.132158],[-97.811858,30.132186],[-97.811788,30.132171]]]}},{"type":"Feature","properties":{"natural":"water"},"geometry":{"type":"Polygon","coordinates":[[[-97.811822,30.131705],[-97.811969,30.131648],[-97.811993,30.131604],[-97.811991,30.131529],[-97.811932,30.131329],[-97.811861,30.131341],[-97.8118,30.131467],[-97.811788,30.131671],[-97.811822,30.131705]]]}},{"type":"Feature","properties":{"leisure":"park","name":"Ballybunion Park"},"geometry":{"type":"Polygon","coordinates":[[[-97.779405,30.133994],[-97.778992,30.133915],[-97.77906,30.133664],[-97.779095,30.133636],[-97.779197,30.133631],[-97.779285,30.133592],[-97.779432,30.133623],[-97.779439,30.133778],[-97.779405,30.133994]]]}},{"type":"Feature","properties":{"leisure":"park","name":"Norman Park"},"geometry":{"type":"Polygon","coordinates":[[[-97.719158,30.144315],[-97.718827,30.144439],[-97.718619,30.144494],[-97.71858,30.144379],[-97.718567,30.144213],[-97.71861,30.144053],[-97.718659,30.14396],[-97.718752,30.143837],[-97.718795,30.143807],[-97.718824,30.143811],[-97.718878,30.143868],[-97.719168,30.144266],[-97.719186,30.144302],[-97.719158,30.144315]]]}},{"type":"Feature","properties":{"leisure":"park","name":"Falkor’s Crossing"},"geometry":{"type":"Polygon","coordinates":[[[-97.718142,30.146989],[-97.717996,30.147008],[-97.718107,30.147711],[-97.718253,30.147698],[-97.718142,30.146989]]]}},{"type":"Feature","properties":{"natural":"wood"},"geometry":{"type":"Polygon","coordinates":[[[-97.732854,30.158219],[-97.736068,30.159762],[-97.735823,30.158007],[-97.733626,30.156972],[-97.732854,30.158219]]]}},{"type":"Feature","properties":{"natural":"wood"},"geometry":{"type":"Polygon","coordinates":[[[-97.73025,30.155382],[-97.730875,30.154375],[-97.728842,30.153333],[-97.728155,30.154396],[-97.73025,30.155382]]]}},{"type":"Feature","properties":{"natural":"wood"},"geometry":{"type":"Polygon","coordinates":[[[-97.794367,30.12974],[-97.794551,30.129005],[-97.794762,30.128615],[-97.794939,30.128435],[-97.79526,30.128296],[-97.795384,30.127928],[-97.79608,30.12641],[-97.79619,30.125369],[-97.795675,30.125191],[-97.795674,30.125806],[-97.795654,30.125813],[-97.795531,30.126156],[-97.795552,30.126207],[-97.79537,30.126694],[-97.794922,30.127749],[-97.794248,30.128682],[-97.794001,30.129448],[-97.793648,30.129589],[-97.793713,30.12981],[-97.792817,30.131151],[-97.792785,30.131317],[-97.793116,30.131524],[-97.794171,30.130218],[-97.794305,30.129974],[-97.794367,30.12974]]]}},{"type":"Feature","properties":{"natural":"wood"},"geometry":{"type":"Polygon","coordinates":[[[-97.820266,30.103762],[-97.819537,30.103876],[-97.818943,30.10177],[-97.816295,30.102382],[-97.814767,30.102003],[-97.813407,30.104428],[-97.811581,30.106375],[-97.817371,30.106485],[-97.822472,30.110889],[-97.822984,30.110663],[-97.824079,30.111387],[-97.825538,30.113206],[-97.82631,30.115192],[-97.825945,30.115751],[-97.824929,30.117755],[-97.82454,30.118789],[-97.824066,30.120985],[-97.826083,30.120845],[-97.826149,30.118094],[-97.825807,30.117616],[-97.827043,30.116082],[-97.827336,30.114662],[-97.826116,30.111637],[-97.825547,30.111722],[-97.823954,30.109977],[-97.821205,30.10774],[-97.820116,30.106277],[-97.820491,30.104954],[-97.820266,30.103762]]]}},{"type":"Feature","properties":{"leisure":"park","name":"Bilbrook Neighborhood Park"},"geometry":{"type":"Polygon","coordinates":[[[-97.821511,30.165477],[-97.820828,30.165323],[-97.820908,30.165057],[-97.819812,30.164912],[-97.818987,30.165229],[-97.818095,30.165232],[-97.817888,30.165186],[-97.817924,30.165901],[-97.818356,30.165997],[-97.818601,30.165998],[-97.818813,30.165957],[-97.819109,30.165868],[-97.819803,30.165818],[-97.820071,30.165823],[-97.820343,30.165859],[-97.820713,30.165938],[-97.82106,30.166043],[-97.821281,30.166073],[-97.821416,30.165757],[-97.821511,30.165477]]]}},{"type":"Feature","properties":{"natural":"wood"},"geometry":{"type":"Polygon","coordinates":[[[-97.771704,30.135956],[-97.772616,30.135869],[-97.772723,30.136785],[-97.772677,30.136975],[-97.772262,30.137278],[-97.772638,30.137893],[-97.773041,30.138156],[-97.772908,30.138187],[-97.772714,30.138312],[-97.772766,30.138391],[-97.773232,30.138376],[-97.77334,30.138165],[-97.77388,30.137244],[-97.774589,30.136111],[-97.774574,30.135873],[-97.774336,30.135441],[-97.774178,30.135305],[-97.774052,30.135224],[-97.773671,30.135874],[-97.77398,30.136128],[-97.774013,30.13625],[-97.773924,30.136389],[-97.773751,30.136488],[-97.773534,30.136498],[-97.773454,30.13613],[-97.773256,30.135903],[-97.773155,30.135659],[-97.77311,30.13521],[-97.773264,30.134921],[-97.773281,30.134566],[-97.773419,30.134071],[-97.773594,30.133893],[-97.773497,30.133775],[-97.773296,30.133872],[-97.772427,30.133566],[-97.772322,30.133386],[-97.772083,30.133155],[-97.771751,30.132885],[-97.772005,30.132631],[-97.770982,30.131897],[-97.770056,30.131043],[-97.770054,30.130995],[-97.770019,30.130945],[-97.769755,30.130724],[-97.769887,30.130144],[-97.773489,30.129199],[-97.773566,30.128807],[-97.773207,30.128632],[-97.772759,30.128557],[-97.771779,30.128708],[-97.771612,30.128746],[-97.771369,30.128961],[-97.771144,30.129027],[-97.770987,30.129107],[-97.770896,30.129234],[-97.770879,30.129365],[-97.770799,30.129535],[-97.77059,30.129645],[-97.76998,30.129709],[-97.769689,30.12972],[-97.769394,30.129355],[-97.769483,30.128781],[-97.76924,30.128377],[-97.769261,30.128166],[-97.769625,30.127643],[-97.77035,30.127513],[-97.770608,30.12725],[-97.771044,30.127191],[-97.771327,30.126526],[-97.771276,30.126416],[-97.771293,30.126252],[-97.771399,30.126115],[-97.77233,30.125427],[-97.772596,30.125005],[-97.772806,30.124406],[-97.771829,30.124018],[-97.771821,30.123841],[-97.77157,30.123624],[-97.771437,30.123619],[-97.771245,30.123819],[-97.770853,30.123933],[-97.770746,30.124034],[-97.770527,30.124587],[-97.770409,30.124728],[-97.770264,30.124768],[-97.768791,30.12454],[-97.768692,30.124581],[-97.768647,30.124652],[-97.768686,30.1247],[-97.768859,30.12478],[-97.769483,30.125799],[-97.769654,30.126097],[-97.7697,30.126401],[-97.769298,30.127002],[-97.768876,30.127799],[-97.768497,30.128344],[-97.765475,30.127418],[-97.764645,30.128768],[-97.765073,30.128795],[-97.765503,30.129106],[-97.765588,30.129122],[-97.765817,30.129018],[-97.765896,30.129088],[-97.765689,30.129187],[-97.76568,30.12924],[-97.765808,30.129331],[-97.766024,30.129274],[-97.766083,30.129403],[-97.765938,30.129452],[-97.766083,30.129586],[-97.766101,30.129675],[-97.765951,30.129945],[-97.765867,30.129992],[-97.765523,30.13042],[-97.764762,30.13161],[-97.764981,30.131738],[-97.765204,30.131911],[-97.765397,30.132114],[-97.76555,30.132329],[-97.765636,30.132512],[-97.7658,30.132996],[-97.766252,30.133357],[-97.76686,30.133569],[-97.766931,30.133366],[-97.766679,30.133279],[-97.766698,30.133191],[-97.766757,30.133157],[-97.767087,30.133236],[-97.767744,30.133426],[-97.767849,30.133484],[-97.76818,30.133083],[-97.768407,30.132967],[-97.768403,30.132918],[-97.768844,30.132647],[-97.769105,30.132992],[-97.769697,30.133452],[-97.769606,30.133725],[-97.76952,30.133738],[-97.769245,30.133963],[-97.769329,30.134144],[-97.769365,30.134276],[-97.769424,30.134661],[-97.769468,30.134774],[-97.769622,30.134756],[-97.769691,30.134926],[-97.76993,30.135112],[-97.770258,30.135215],[-97.770531,30.135252],[-97.770946,30.13523],[-97.771693,30.135155],[-97.771704,30.135956]]]}},{"type":"Feature","properties":{"natural":"wood"},"geometry":{"type":"Polygon","coordinates":[[[-97.784047,30.120916],[-97.783315,30.122087],[-97.781772,30.121393],[-97.781043,30.122635],[-97.78128,30.122725],[-97.781545,30.122857],[-97.781261,30.123301],[-97.78119,30.123443],[-97.780467,30.125252],[-97.780811,30.125091],[-97.783735,30.125901],[-97.78403,30.126389],[-97.784583,30.12584],[-97.785185,30.125474],[-97.785721,30.123941],[-97.784897,30.123096],[-97.784047,30.120916]]]}},{"type":"Feature","properties":{"leisure":"park"},"geometry":{"type":"Polygon","coordinates":[[[-97.713624,30.1584],[-97.711702,30.158397],[-97.713515,30.159874],[-97.714058,30.159799],[-97.713889,30.159647],[-97.713798,30.159526],[-97.713724,30.159402],[-97.713628,30.159183],[-97.713591,30.159047],[-97.713577,30.158841],[-97.713624,30.1584]]]}},{"type":"Feature","properties":{"natural":"water"},"geometry":{"type":"Polygon","coordinates":[[[-97.7172,30.159411],[-97.716964,30.159886],[-97.716945,30.159993],[-97.716897,30.160037],[-97.716795,30.160035],[-97.716691,30.159993],[-97.716645,30.159826],[-97.716664,30.159188],[-97.716699,30.159188],[-97.717157,30.15935],[-97.7172,30.159411]]]}},{"type":"Feature","properties":{"natural":"water"},"geometry":{"type":"Polygon","coordinates":[[[-97.717061,30.158082],[-97.71699,30.158011],[-97.716566,30.157859],[-97.716507,30.157984],[-97.717019,30.158171],[-97.717061,30.158082]]]}},{"type":"Feature","properties":{"natural":"water"},"geometry":{"type":"Polygon","coordinates":[[[-97.720504,30.163559],[-97.720146,30.163262],[-97.720103,30.163252],[-97.720069,30.163269],[-97.719591,30.164007],[-97.719593,30.164028],[-97.719823,30.164218],[-97.720504,30.163559]]]}},{"type":"Feature","properties":{"leisure":"park"},"geometry":{"type":"Polygon","coordinates":[[[-97.730039,30.169165],[-97.7299,30.169732],[-97.729874,30.169778],[-97.729822,30.169805],[-97.729335,30.169696],[-97.729531,30.169015],[-97.730001,30.169124],[-97.730039,30.169165]]]}},{"type":"Feature","properties":{"natural":"water"},"geometry":{"type":"Polygon","coordinates":[[[-97.798649,30.155349],[-97.798734,30.155264],[-97.79874,30.155223],[-97.798641,30.155128],[-97.798595,30.155128],[-97.798387,30.155295],[-97.798484,30.155428],[-97.798606,30.155657],[-97.798657,30.155681],[-97.7987,30.15567],[-97.79874,30.155608],[-97.79874,30.15552],[-97.798649,30.155349]]]}},{"type":"Feature","properties":{"leisure":"park"},"geometry":{"type":"Polygon","coordinates":[[[-97.805828,30.125499],[-97.805761,30.125486],[-97.805824,30.125245],[-97.805931,30.124989],[-97.806436,30.124107],[-97.806874,30.124274],[-97.806972,30.124264],[-97.807312,30.124479],[-97.807016,30.124922],[-97.806705,30.125428],[-97.806662,30.12546],[-97.806602,30.125477],[-97.805828,30.125499]]]}},{"type":"Feature","properties":{"leisure":"park"},"geometry":{"type":"Polygon","coordinates":[[[-97.819306,30.123935],[-97.819326,30.124498],[-97.818208,30.124511],[-97.818296,30.124313],[-97.818486,30.124085],[-97.818644,30.123979],[-97.819225,30.123711],[-97.819288,30.123851],[-97.819306,30.123935]]]}},{"type":"Feature","properties":{"leisure":"park"},"geometry":{"type":"Polygon","coordinates":[[[-97.827644,30.144354],[-97.827635,30.14454],[-97.827585,30.144666],[-97.827272,30.145102],[-97.827246,30.145132],[-97.82721,30.145137],[-97.827133,30.145089],[-97.82702,30.14498],[-97.826944,30.144849],[-97.826897,30.144692],[-97.826884,30.144325],[-97.826924,30.144297],[-97.827568,30.14429],[-97.827641,30.144308],[-97.827644,30.144354]]]}},{"type":"Feature","properties":{"natural":"water"},"geometry":{"type":"Polygon","coordinates":[[[-97.790843,30.130257],[-97.79057,30.130148],[-97.790348,30.130007],[-97.789998,30.129724],[-97.789755,30.129421],[-97.789818,30.129373],[-97.790565,30.129771],[-97.791018,30.129956],[-97.790843,30.130257]]]}},{"type":"Feature","properties":{"natural":"water"},"geometry":{"type":"Polygon","coordinates":[[[-97.789286,30.129492],[-97.789283,30.129536],[-97.789225,30.129548],[-97.78887,30.129296],[-97.788634,30.128989],[-97.788653,30.128894],[-97.788971,30.12846],[-97.789041,30.128448],[-97.789104,30.128527],[-97.789118,30.128856],[-97.789204,30.129138],[-97.789286,30.129492]]]}},{"type":"Feature","properties":{"natural":"water"},"geometry":{"type":"Polygon","coordinates":[[[-97.733052,30.166042],[-97.73292,30.16622],[-97.732883,30.166387],[-97.732786,30.166378],[-97.73269,30.165787],[-97.73291,30.165236],[-97.732909,30.165199],[-97.73288,30.16516],[-97.732658,30.165089],[-97.732723,30.165072],[-97.732786,30.165081],[-97.733003,30.165143],[-97.732983,30.165202],[-97.733121,30.165241],[-97.733057,30.165425],[-97.733062,30.165491],[-97.733133,30.165607],[-97.733103,30.16567],[-97.733,30.165769],[-97.732967,30.165853],[-97.732972,30.165903],[-97.733052,30.166042]]]}},{"type":"Feature","properties":{"natural":"water"},"geometry":{"type":"Polygon","coordinates":[[[-97.730307,30.165374],[-97.730348,30.165458],[-97.730285,30.165537],[-97.730234,30.165552],[-97.730172,30.165461],[-97.729997,30.164886],[-97.729883,30.164737],[-97.729893,30.164718],[-97.729928,30.164713],[-97.729946,30.164691],[-97.73012,30.164717],[-97.730139,30.164991],[-97.730307,30.165374]]]}},{"type":"Feature","properties":{"natural":"water"},"geometry":{"type":"Polygon","coordinates":[[[-97.730427,30.165124],[-97.730474,30.165337],[-97.730437,30.165374],[-97.730378,30.165352],[-97.730302,30.165265],[-97.730218,30.165009],[-97.730186,30.164842],[-97.730201,30.164782],[-97.730268,30.164795],[-97.730335,30.164876],[-97.730427,30.165124]]]}},{"type":"Feature","properties":{"natural":"water"},"geometry":{"type":"Polygon","coordinates":[[[-97.730748,30.1648],[-97.730699,30.165023],[-97.730675,30.165033],[-97.730647,30.165019],[-97.730595,30.164882],[-97.730597,30.164808],[-97.730617,30.164774],[-97.730748,30.1648]]]}},{"type":"Feature","properties":{"natural":"water"},"geometry":{"type":"Polygon","coordinates":[[[-97.736466,30.166745],[-97.736313,30.166912],[-97.735983,30.166686],[-97.736137,30.166519],[-97.736466,30.166745]]]}},{"type":"Feature","properties":{"natural":"water"},"geometry":{"type":"Polygon","coordinates":[[[-97.719429,30.161337],[-97.719251,30.16121],[-97.719217,30.16121],[-97.719125,30.161356],[-97.719068,30.161412],[-97.719024,30.161614],[-97.719119,30.161685],[-97.719429,30.161337]]]}},{"type":"Feature","properties":{"leisure":"park"},"geometry":{"type":"Polygon","coordinates":[[[-97.710318,30.154581],[-97.709847,30.154367],[-97.709844,30.154273],[-97.709889,30.154196],[-97.709961,30.154148],[-97.710161,30.154098],[-97.710348,30.153999],[-97.710465,30.154099],[-97.710627,30.154279],[-97.710318,30.154581]]]}},{"type":"Feature","properties":{"leisure":"park"},"geometry":{"type":"Polygon","coordinates":[[[-97.711559,30.149256],[-97.711365,30.148799],[-97.711357,30.148546],[-97.710583,30.148374],[-97.71047,30.148391],[-97.710313,30.148475],[-97.709938,30.148609],[-97.709822,30.14876],[-97.709727,30.149052],[-97.709636,30.149048],[-97.709628,30.149059],[-97.709651,30.149155],[-97.709622,30.149209],[-97.709545,30.149276],[-97.70953,30.149455],[-97.709556,30.149608],[-97.709622,30.149767],[-97.709736,30.149914],[-97.710204,30.150299],[-97.710264,30.15031],[-97.710293,30.150296],[-97.710839,30.149736],[-97.711096,30.149523],[-97.711559,30.149256]]]}},{"type":"Feature","properties":{"natural":"water"},"geometry":{"type":"Polygon","coordinates":[[[-97.711348,30.149114],[-97.711332,30.14917],[-97.71128,30.149225],[-97.711088,30.149303],[-97.710806,30.148857],[-97.71114,30.148697],[-97.711348,30.149114]]]}},{"type":"Feature","properties":{"natural":"water"},"geometry":{"type":"Polygon","coordinates":[[[-97.710258,30.149517],[-97.710228,30.149645],[-97.710169,30.149703],[-97.710096,30.149733],[-97.709841,30.149712],[-97.709764,30.149681],[-97.709718,30.149639],[-97.70969,30.149565],[-97.70978,30.149231],[-97.70981,30.149216],[-97.710218,30.149259],[-97.710267,30.149438],[-97.710258,30.149517]]]}},{"type":"Feature","properties":{"natural":"water"},"geometry":{"type":"Polygon","coordinates":[[[-97.7101,30.149156],[-97.710127,30.149074],[-97.710123,30.149023],[-97.709893,30.148976],[-97.709851,30.149107],[-97.7101,30.149156]]]}},{"type":"Feature","properties":{"natural":"water"},"geometry":{"type":"Polygon","coordinates":[[[-97.710988,30.148621],[-97.710665,30.148758],[-97.710542,30.148564],[-97.710536,30.148532],[-97.710542,30.148512],[-97.710576,30.14851],[-97.710964,30.148603],[-97.710988,30.148621]]]}},{"type":"Feature","properties":{"leisure":"park"},"geometry":{"type":"Polygon","coordinates":[[[-97.71856,30.151973],[-97.718529,30.152019],[-97.718302,30.152217],[-97.718114,30.152081],[-97.717326,30.152021],[-97.717332,30.151921],[-97.71813,30.151956],[-97.718137,30.15188],[-97.718385,30.15177],[-97.71856,30.151973]]]}},{"type":"Feature","properties":{"leisure":"park"},"geometry":{"type":"Polygon","coordinates":[[[-97.721658,30.144064],[-97.721902,30.143849],[-97.721884,30.143612],[-97.721542,30.143459],[-97.721306,30.143861],[-97.721658,30.144064]]]}},{"type":"Feature","properties":{"natural":"water"},"geometry":{"type":"Polygon","coordinates":[[[-97.745321,30.17786],[-97.745413,30.177722],[-97.745576,30.177361],[-97.745583,30.177214],[-97.745633,30.177071],[-97.74559,30.176829],[-97.745459,30.176557],[-97.745073,30.176095],[-97.744716,30.175746],[-97.74433,30.175403],[-97.744189,30.175238],[-97.743898,30.175039],[-97.743615,30.174754],[-97.743343,30.174439],[-97.743155,30.174188],[-97.74307,30.173956],[-97.742985,30.1738],[-97.742592,30.173387],[-97.741633,30.172812],[-97.741587,30.172716],[-97.741599,30.172631],[-97.741975,30.17193],[-97.741993,30.171795],[-97.741971,30.17156],[-97.741998,30.171478],[-97.742097,30.171285],[-97.742283,30.171039],[-97.742334,30.171022],[-97.742606,30.170688],[-97.742718,30.170509],[-97.742895,30.170072],[-97.743167,30.169694],[-97.743339,30.169538],[-97.743544,30.169423],[-97.743626,30.169344],[-97.743797,30.169055],[-97.743983,30.168845],[-97.74439,30.168498],[-97.744539,30.168443],[-97.744682,30.168364],[-97.744868,30.168199],[-97.745144,30.168059],[-97.745811,30.167485],[-97.74594,30.167424],[-97.746101,30.167292],[-97.746623,30.167066],[-97.746954,30.166951],[-97.747135,30.166841],[-97.747252,30.166807],[-97.747443,30.166682],[-97.74782,30.166385],[-97.748207,30.166145],[-97.748597,30.16582],[-97.748807,30.165701],[-97.749097,30.165566],[-97.749186,30.165507],[-97.74955,30.165357],[-97.749722,30.165245],[-97.749794,30.165106],[-97.749929,30.164977],[-97.750046,30.164898],[-97.75043,30.164723],[-97.750598,30.164705],[-97.750649,30.16471],[-97.750934,30.164841],[-97.751244,30.164895],[-97.751284,30.164772],[-97.751104,30.164765],[-97.750899,30.164713],[-97.750796,30.164626],[-97.750634,30.164586],[-97.750358,30.164616],[-97.750197,30.164691],[-97.749876,30.164889],[-97.749816,30.164967],[-97.749536,30.165229],[-97.748554,30.165666],[-97.748471,30.165807],[-97.748316,30.165938],[-97.748128,30.166019],[-97.747886,30.166151],[-97.747718,30.166297],[-97.747587,30.166352],[-97.747485,30.16647],[-97.747188,30.166569],[-97.747039,30.166693],[-97.746179,30.167024],[-97.745889,30.167184],[-97.745741,30.167308],[-97.745705,30.167356],[-97.745241,30.167733],[-97.744967,30.167931],[-97.744124,30.168431],[-97.743814,30.168721],[-97.743448,30.169205],[-97.743284,30.169345],[-97.742916,30.169712],[-97.742779,30.169901],[-97.742716,30.170081],[-97.742574,30.170353],[-97.742451,30.170528],[-97.742362,30.170595],[-97.74207,30.170979],[-97.741893,30.171281],[-97.741788,30.171567],[-97.741622,30.171907],[-97.741533,30.172173],[-97.74141,30.172734],[-97.741456,30.172863],[-97.741622,30.173015],[-97.741869,30.173157],[-97.741915,30.173223],[-97.742281,30.173415],[-97.742713,30.173681],[-97.742864,30.173895],[-97.742944,30.174046],[-97.742918,30.174146],[-97.742978,30.174306],[-97.743458,30.174866],[-97.743566,30.175017],[-97.743807,30.175196],[-97.743961,30.17525],[-97.744085,30.175388],[-97.74419,30.175471],[-97.744293,30.175523],[-97.744471,30.175707],[-97.744604,30.175889],[-97.744848,30.176121],[-97.744868,30.176197],[-97.745284,30.176615],[-97.74535,30.17674],[-97.745383,30.176877],[-97.745401,30.177066],[-97.745344,30.177263],[-97.745185,30.177694],[-97.745102,30.177812],[-97.744805,30.178078],[-97.744874,30.178137],[-97.744973,30.17809],[-97.745053,30.17809],[-97.745321,30.17786]]]}},{"type":"Feature","properties":{"natural":"water"},"geometry":{"type":"Polygon","coordinates":[[[-97.777395,30.162968],[-97.777167,30.163092],[-97.777067,30.163116],[-97.777066,30.163065],[-97.777153,30.162964],[-97.777208,30.162823],[-97.777688,30.162648],[-97.777728,30.16276],[-97.77769,30.162804],[-97.777704,30.162848],[-97.777395,30.162968]]]}},{"type":"Feature","properties":{"natural":"water"},"geometry":{"type":"Polygon","coordinates":[[[-97.779846,30.161831],[-97.779787,30.161768],[-97.779141,30.161872],[-97.779318,30.16219],[-97.779775,30.162047],[-97.779846,30.161831]]]}},{"type":"Feature","properties":{"natural":"water"},"geometry":{"type":"Polygon","coordinates":[[[-97.768282,30.153356],[-97.768238,30.153482],[-97.767932,30.153403],[-97.767942,30.153373],[-97.768174,30.153435],[-97.768208,30.153337],[-97.768282,30.153356]]]}},{"type":"Feature","properties":{"natural":"water"},"geometry":{"type":"Polygon","coordinates":[[[-97.768817,30.152389],[-97.768765,30.152543],[-97.768262,30.152416],[-97.768314,30.152262],[-97.768817,30.152389]]]}},{"type":"Feature","properties":{"natural":"water"},"geometry":{"type":"Polygon","coordinates":[[[-97.768021,30.152183],[-97.767967,30.152334],[-97.767458,30.152199],[-97.767511,30.152048],[-97.768021,30.152183]]]}},{"type":"Feature","properties":{"natural":"water"},"geometry":{"type":"Polygon","coordinates":[[[-97.753691,30.159855],[-97.753446,30.159885],[-97.753312,30.159885],[-97.753102,30.159935],[-97.752834,30.159778],[-97.752788,30.159714],[-97.752797,30.159617],[-97.752847,30.159546],[-97.752949,30.159531],[-97.753406,30.159678],[-97.753546,30.159689],[-97.753656,30.159722],[-97.753729,30.159769],[-97.753721,30.159833],[-97.753691,30.159855]]]}},{"type":"Feature","properties":{"natural":"water"},"geometry":{"type":"Polygon","coordinates":[[[-97.747412,30.157837],[-97.747243,30.158062],[-97.746993,30.157949],[-97.746963,30.157822],[-97.746992,30.157761],[-97.747038,30.157725],[-97.747173,30.157717],[-97.747379,30.157781],[-97.747412,30.157837]]]}},{"type":"Feature","properties":{"natural":"water"},"geometry":{"type":"Polygon","coordinates":[[[-97.748233,30.158353],[-97.748125,30.158525],[-97.74807,30.158578],[-97.747873,30.15848],[-97.747735,30.158297],[-97.74751,30.158204],[-97.747389,30.158126],[-97.747372,30.15808],[-97.747419,30.158007],[-97.747498,30.157953],[-97.747542,30.157942],[-97.748194,30.158313],[-97.748233,30.158353]]]}},{"type":"Feature","properties":{"natural":"water"},"geometry":{"type":"Polygon","coordinates":[[[-97.748355,30.158997],[-97.748171,30.159268],[-97.748016,30.159199],[-97.74803,30.159107],[-97.748156,30.158899],[-97.748355,30.158997]]]}},{"type":"Feature","properties":{"natural":"water"},"geometry":{"type":"Polygon","coordinates":[[[-97.770769,30.141077],[-97.77031,30.1416],[-97.770212,30.141595],[-97.770154,30.141558],[-97.770106,30.141477],[-97.770147,30.141365],[-97.77064,30.140723],[-97.770675,30.1407],[-97.77079,30.140761],[-97.770801,30.140783],[-97.770769,30.141077]]]}},{"type":"Feature","properties":{"natural":"water"},"geometry":{"type":"Polygon","coordinates":[[[-97.772834,30.138606],[-97.772592,30.139122],[-97.772552,30.139131],[-97.772039,30.138868],[-97.772041,30.138832],[-97.772454,30.138586],[-97.772582,30.138528],[-97.772804,30.138576],[-97.772834,30.138606]]]}},{"type":"Feature","properties":{"natural":"water"},"geometry":{"type":"Polygon","coordinates":[[[-97.77699,30.159576],[-97.777053,30.159707],[-97.777049,30.1598],[-97.776981,30.159857],[-97.776901,30.159875],[-97.776818,30.159842],[-97.776423,30.15911],[-97.776423,30.159057],[-97.776467,30.159013],[-97.776561,30.15898],[-97.776626,30.158978],[-97.776701,30.159043],[-97.77699,30.159576]]]}},{"type":"Feature","properties":{"natural":"water"},"geometry":{"type":"Polygon","coordinates":[[[-97.775884,30.159527],[-97.775857,30.15947],[-97.775684,30.159352],[-97.775443,30.15957],[-97.775408,30.159661],[-97.775593,30.159804],[-97.775884,30.159527]]]}},{"type":"Feature","properties":{"natural":"water"},"geometry":{"type":"Polygon","coordinates":[[[-97.775347,30.160451],[-97.775288,30.160515],[-97.775183,30.160548],[-97.775105,30.160373],[-97.774852,30.160449],[-97.774834,30.160526],[-97.774715,30.160565],[-97.774665,30.160435],[-97.774666,30.160391],[-97.774682,30.160368],[-97.775081,30.160249],[-97.77531,30.160365],[-97.775347,30.160451]]]}},{"type":"Feature","properties":{"natural":"water"},"geometry":{"type":"Polygon","coordinates":[[[-97.782781,30.169312],[-97.782572,30.169484],[-97.782869,30.169787],[-97.783121,30.169493],[-97.782781,30.169312]]]}},{"type":"Feature","properties":{"natural":"water"},"geometry":{"type":"Polygon","coordinates":[[[-97.782781,30.169312],[-97.78219,30.168987],[-97.781476,30.168395],[-97.781433,30.168424],[-97.782184,30.169087],[-97.782572,30.169484],[-97.782781,30.169312]]]}},{"type":"Feature","properties":{"natural":"water"},"geometry":{"type":"Polygon","coordinates":[[[-97.781197,30.168322],[-97.781242,30.168339],[-97.781259,30.168311],[-97.781139,30.167931],[-97.781089,30.167887],[-97.780996,30.167878],[-97.78084,30.167927],[-97.78084,30.16801],[-97.780905,30.168118],[-97.781197,30.168322]]]}},{"type":"Feature","properties":{"natural":"water"},"geometry":{"type":"Polygon","coordinates":[[[-97.780922,30.167622],[-97.780854,30.167626],[-97.780744,30.167681],[-97.780788,30.167801],[-97.780829,30.16781],[-97.780905,30.167797],[-97.780966,30.167758],[-97.780975,30.167735],[-97.780922,30.167622]]]}},{"type":"Feature","properties":{"natural":"water"},"geometry":{"type":"Polygon","coordinates":[[[-97.780544,30.167166],[-97.780562,30.16725],[-97.780543,30.167286],[-97.780422,30.167291],[-97.780389,30.167216],[-97.780544,30.167166]]]}},{"type":"Feature","properties":{"natural":"water"},"geometry":{"type":"Polygon","coordinates":[[[-97.779538,30.16687],[-97.779438,30.166789],[-97.779435,30.166719],[-97.779329,30.166593],[-97.779251,30.16653],[-97.779123,30.166507],[-97.779037,30.166532],[-97.778992,30.166573],[-97.778969,30.166705],[-97.778998,30.166794],[-97.779097,30.166893],[-97.779212,30.166899],[-97.779403,30.166855],[-97.779515,30.166894],[-97.779532,30.166891],[-97.779538,30.16687]]]}},{"type":"Feature","properties":{"natural":"water"},"geometry":{"type":"Polygon","coordinates":[[[-97.780208,30.166654],[-97.780042,30.166731],[-97.779809,30.166427],[-97.779578,30.166317],[-97.779703,30.166171],[-97.780153,30.166448],[-97.780208,30.166654]]]}},{"type":"Feature","properties":{"natural":"water"},"geometry":{"type":"Polygon","coordinates":[[[-97.781106,30.165019],[-97.780955,30.165059],[-97.780842,30.164799],[-97.780799,30.164811],[-97.780763,30.164702],[-97.780988,30.16464],[-97.781032,30.164734],[-97.780991,30.164746],[-97.781106,30.165019]]]}},{"type":"Feature","properties":{"natural":"water"},"geometry":{"type":"Polygon","coordinates":[[[-97.769068,30.155228],[-97.769007,30.154764],[-97.768538,30.154713],[-97.768686,30.154946],[-97.768912,30.155177],[-97.769068,30.155228]]]}},{"type":"Feature","properties":{"natural":"water"},"geometry":{"type":"Polygon","coordinates":[[[-97.769312,30.154773],[-97.769204,30.15525],[-97.769099,30.155243],[-97.769043,30.154748],[-97.769312,30.154773]]]}},{"type":"Feature","properties":{"natural":"water"},"geometry":{"type":"Polygon","coordinates":[[[-97.751284,30.164772],[-97.751362,30.164734],[-97.751466,30.164745],[-97.752279,30.16506],[-97.753208,30.165482],[-97.753693,30.165796],[-97.754049,30.166096],[-97.75435,30.166409],[-97.75494,30.166722],[-97.755345,30.167109],[-97.755662,30.167309],[-97.756907,30.168447],[-97.757484,30.169084],[-97.757671,30.169246],[-97.757828,30.169342],[-97.758079,30.169433],[-97.758467,30.169523],[-97.758684,30.169593],[-97.758844,30.169688],[-97.759347,30.170061],[-97.759521,30.170136],[-97.759659,30.170158],[-97.759804,30.170171],[-97.760069,30.17012],[-97.760224,30.170052],[-97.760312,30.169938],[-97.760404,30.16988],[-97.760609,30.169858],[-97.760962,30.169721],[-97.761325,30.169754],[-97.761289,30.169796],[-97.761333,30.169805],[-97.761581,30.16981],[-97.761732,30.169717],[-97.761738,30.169634],[-97.76192,30.169583],[-97.762235,30.169559],[-97.762498,30.169482],[-97.762454,30.169439],[-97.762545,30.169365],[-97.762592,30.169359],[-97.762548,30.169443],[-97.762563,30.169464],[-97.762708,30.16939],[-97.762751,30.169327],[-97.763111,30.169245],[-97.763153,30.169209],[-97.763391,30.169234],[-97.763426,30.169266],[-97.763459,30.169263],[-97.763494,30.16919],[-97.76366,30.169071],[-97.763686,30.168862],[-97.763818,30.168511],[-97.763949,30.168308],[-97.76394,30.168168],[-97.764001,30.16799],[-97.764025,30.167786],[-97.764373,30.166888],[-97.764443,30.166666],[-97.764439,30.166514],[-97.764349,30.166339],[-97.764008,30.165987],[-97.763728,30.165288],[-97.763582,30.164615],[-97.763607,30.164257],[-97.763566,30.164213],[-97.76375,30.163831],[-97.764129,30.163263],[-97.76416,30.163155],[-97.764223,30.163071],[-97.764404,30.163111],[-97.763951,30.163848],[-97.763783,30.164149],[-97.763705,30.164353],[-97.763703,30.164527],[-97.763795,30.164862],[-97.763859,30.165237],[-97.764078,30.165774],[-97.764232,30.166004],[-97.764588,30.166404],[-97.764623,30.166538],[-97.764592,30.166846],[-97.76452,30.167047],[-97.764228,30.167631],[-97.764148,30.168195],[-97.763974,30.168498],[-97.763791,30.169008],[-97.763779,30.169147],[-97.763439,30.169393],[-97.763372,30.169405],[-97.763261,30.169328],[-97.763146,30.169306],[-97.763019,30.169356],[-97.762925,30.169439],[-97.762589,30.169505],[-97.762497,30.169598],[-97.762383,30.16967],[-97.76212,30.169687],[-97.761926,30.169723],[-97.761637,30.169858],[-97.761445,30.169904],[-97.760906,30.169851],[-97.760644,30.16998],[-97.760498,30.169944],[-97.760396,30.169997],[-97.760251,30.170162],[-97.760007,30.170255],[-97.759745,30.170287],[-97.759532,30.170287],[-97.759389,30.17024],[-97.75918,30.170115],[-97.758876,30.169885],[-97.758653,30.169748],[-97.758266,30.169605],[-97.758021,30.169546],[-97.75767,30.169419],[-97.757371,30.169236],[-97.757126,30.16893],[-97.756732,30.168501],[-97.756233,30.168065],[-97.756155,30.167945],[-97.755923,30.167802],[-97.755592,30.167553],[-97.755,30.167004],[-97.754906,30.166874],[-97.754203,30.166457],[-97.753829,30.166082],[-97.75355,30.165844],[-97.753085,30.165587],[-97.75134,30.164894],[-97.751244,30.164895],[-97.751284,30.164772]]]}},{"type":"Feature","properties":{"natural":"wood"},"geometry":{"type":"Polygon","coordinates":[[[-97.737446,30.168688],[-97.73739,30.16891],[-97.737312,30.169058],[-97.736451,30.169232],[-97.736451,30.169339],[-97.736234,30.169633],[-97.737625,30.170269],[-97.737775,30.170449],[-97.738401,30.170631],[-97.738953,30.170729],[-97.738996,30.170838],[-97.739203,30.171159],[-97.73917,30.171257],[-97.739,30.171263],[-97.737635,30.170513],[-97.737513,30.17036],[-97.735852,30.169625],[-97.735829,30.169546],[-97.735556,30.169431],[-97.735488,30.169234],[-97.735805,30.169257],[-97.735907,30.169193],[-97.735941,30.169075],[-97.73588,30.168992],[-97.735512,30.169075],[-97.735373,30.168886],[-97.734886,30.169007],[-97.734413,30.169154],[-97.734138,30.169551],[-97.734684,30.169817],[-97.735229,30.169889],[-97.736177,30.170109],[-97.736224,30.170222],[-97.736141,30.170468],[-97.736224,30.170422],[-97.736283,30.170335],[-97.736343,30.170186],[-97.736455,30.170161],[-97.737249,30.170389],[-97.737382,30.17052],[-97.737254,30.170609],[-97.737231,30.170997],[-97.737039,30.170675],[-97.736927,30.170559],[-97.736859,30.17052],[-97.736629,30.170478],[-97.736563,30.170518],[-97.73636,30.170507],[-97.736195,30.170601],[-97.736114,30.170601],[-97.735876,30.170533],[-97.73575,30.170435],[-97.735631,30.170391],[-97.735499,30.170371],[-97.735426,30.170389],[-97.735264,30.170393],[-97.735094,30.170472],[-97.735038,30.170562],[-97.734757,30.170625],[-97.734347,30.170815],[-97.734,30.170925],[-97.733645,30.171166],[-97.733582,30.171302],[-97.733524,30.171343],[-97.733506,30.171481],[-97.73345,30.17156],[-97.733298,30.17186],[-97.732913,30.17267],[-97.732842,30.172784],[-97.732708,30.172942],[-97.732397,30.1735],[-97.732328,30.173675],[-97.732265,30.173747],[-97.732214,30.173944],[-97.732252,30.174167],[-97.732257,30.174345],[-97.732204,30.174524],[-97.732088,30.174743],[-97.732014,30.174816],[-97.730874,30.173939],[-97.731352,30.173562],[-97.731428,30.173479],[-97.730608,30.172673],[-97.730737,30.172562],[-97.730823,30.172788],[-97.730956,30.172903],[-97.731144,30.172903],[-97.731351,30.172795],[-97.731386,30.172717],[-97.731319,30.172545],[-97.73146,30.172311],[-97.731624,30.172345],[-97.731851,30.172663],[-97.731941,30.172687],[-97.732121,30.172636],[-97.732357,30.172465],[-97.732645,30.17215],[-97.732962,30.17122],[-97.732883,30.170997],[-97.732875,30.170804],[-97.733112,30.170752],[-97.733145,30.170372],[-97.733346,30.169857],[-97.733493,30.169841],[-97.733613,30.169476],[-97.734013,30.169564],[-97.733966,30.169429],[-97.733665,30.169335],[-97.733762,30.169007],[-97.734736,30.168888],[-97.734841,30.168919],[-97.735162,30.1688],[-97.735642,30.168719],[-97.736115,30.168959],[-97.736213,30.168811],[-97.735666,30.16853],[-97.735502,30.168507],[-97.73531,30.168294],[-97.735263,30.168277],[-97.735201,30.168351],[-97.735361,30.168585],[-97.734069,30.168692],[-97.733994,30.168583],[-97.733907,30.168405],[-97.733899,30.168211],[-97.733938,30.167921],[-97.733505,30.166879],[-97.733748,30.166406],[-97.733892,30.16568],[-97.733933,30.165559],[-97.734037,30.165523],[-97.735898,30.166371],[-97.735934,30.166433],[-97.735836,30.16662],[-97.736249,30.167057],[-97.736595,30.167468],[-97.73662,30.167566],[-97.736889,30.167704],[-97.736755,30.16811],[-97.736744,30.16827],[-97.737069,30.168364],[-97.737358,30.16852],[-97.737446,30.168688]]]}},{"type":"Feature","properties":{"natural":"water"},"geometry":{"type":"Polygon","coordinates":[[[-97.764404,30.163111],[-97.764412,30.162924],[-97.764456,30.16278],[-97.764564,30.162617],[-97.764597,30.162603],[-97.764807,30.1622],[-97.764934,30.162025],[-97.765216,30.161713],[-97.765783,30.16129],[-97.766335,30.160699],[-97.76667,30.160389],[-97.767089,30.160049],[-97.76728,30.159919],[-97.767555,30.159766],[-97.768363,30.159522],[-97.768813,30.159419],[-97.769132,30.159407],[-97.769499,30.159445],[-97.76969,30.159426],[-97.769892,30.159371],[-97.769878,30.159195],[-97.769692,30.15927],[-97.769444,30.159262],[-97.769281,30.159307],[-97.768856,30.159307],[-97.768551,30.159337],[-97.768424,30.159378],[-97.768151,30.159413],[-97.767476,30.159656],[-97.767414,30.15969],[-97.7673,30.15979],[-97.767011,30.159943],[-97.766456,30.160356],[-97.765961,30.160838],[-97.765913,30.160946],[-97.765777,30.161039],[-97.765522,30.161267],[-97.765285,30.161431],[-97.764878,30.16185],[-97.764657,30.162116],[-97.764554,30.162283],[-97.764591,30.162326],[-97.764569,30.162426],[-97.764496,30.162572],[-97.764432,30.162552],[-97.764375,30.162594],[-97.764265,30.162832],[-97.764244,30.163029],[-97.764223,30.163071],[-97.764404,30.163111]]]}},{"type":"Feature","properties":{"natural":"water"},"geometry":{"type":"Polygon","coordinates":[[[-97.745696,30.158516],[-97.7456,30.158672],[-97.745339,30.158556],[-97.745307,30.158493],[-97.745391,30.158341],[-97.745682,30.158468],[-97.745696,30.158516]]]}},{"type":"Feature","properties":{"natural":"water"},"geometry":{"type":"Polygon","coordinates":[[[-97.740733,30.159972],[-97.740757,30.16003],[-97.740646,30.160213],[-97.739713,30.159788],[-97.739841,30.159566],[-97.740733,30.159972]]]}},{"type":"Feature","properties":{"natural":"water"},"geometry":{"type":"Polygon","coordinates":[[[-97.767067,30.109418],[-97.766546,30.110658],[-97.766484,30.110698],[-97.765235,30.110367],[-97.765358,30.110257],[-97.766192,30.10918],[-97.76627,30.109162],[-97.767047,30.109358],[-97.767067,30.109418]]]}},{"type":"Feature","properties":{"natural":"water"},"geometry":{"type":"Polygon","coordinates":[[[-97.765627,30.108917],[-97.764966,30.109772],[-97.764898,30.109778],[-97.764577,30.109556],[-97.764475,30.109336],[-97.763683,30.108515],[-97.763654,30.108413],[-97.76368,30.108194],[-97.763768,30.108174],[-97.763992,30.108223],[-97.764065,30.108409],[-97.764192,30.108319],[-97.764671,30.108401],[-97.765391,30.108713],[-97.765589,30.108835],[-97.765627,30.108917]]]}},{"type":"Feature","properties":{"natural":"water"},"geometry":{"type":"Polygon","coordinates":[[[-97.763439,30.10736],[-97.762897,30.108344],[-97.762564,30.108819],[-97.762382,30.108956],[-97.762062,30.108827],[-97.762059,30.108778],[-97.762752,30.107733],[-97.763159,30.107202],[-97.763237,30.107163],[-97.763331,30.107163],[-97.763397,30.107191],[-97.763459,30.107277],[-97.763439,30.10736]]]}},{"type":"Feature","properties":{"natural":"water"},"geometry":{"type":"Polygon","coordinates":[[[-97.753664,30.117009],[-97.753531,30.117433],[-97.753399,30.117651],[-97.753363,30.117684],[-97.75333,30.117679],[-97.753266,30.117527],[-97.753236,30.117345],[-97.75325,30.117159],[-97.753318,30.117118],[-97.75349,30.116943],[-97.753626,30.116956],[-97.75366,30.116972],[-97.753664,30.117009]]]}},{"type":"Feature","properties":{"natural":"water"},"geometry":{"type":"Polygon","coordinates":[[[-97.765364,30.114161],[-97.764459,30.115159],[-97.764291,30.115234],[-97.763841,30.115042],[-97.763727,30.114787],[-97.763743,30.114735],[-97.764196,30.114498],[-97.764461,30.114339],[-97.764591,30.114205],[-97.764773,30.113743],[-97.764892,30.11361],[-97.765155,30.113469],[-97.765299,30.113652],[-97.765364,30.114161]]]}},{"type":"Feature","properties":{"natural":"water"},"geometry":{"type":"Polygon","coordinates":[[[-97.771944,30.112811],[-97.771884,30.113001],[-97.771939,30.113118],[-97.771445,30.113395],[-97.770816,30.113667],[-97.770456,30.113887],[-97.77031,30.113868],[-97.769833,30.113711],[-97.769773,30.113653],[-97.769803,30.113578],[-97.769873,30.1135],[-97.76996,30.113502],[-97.770152,30.113556],[-97.770453,30.11347],[-97.770611,30.113397],[-97.770887,30.113057],[-97.771109,30.112921],[-97.771199,30.112832],[-97.771142,30.112677],[-97.771196,30.112649],[-97.771668,30.112806],[-97.771917,30.112769],[-97.771944,30.112811]]]}},{"type":"Feature","properties":{"natural":"water"},"geometry":{"type":"Polygon","coordinates":[[[-97.768748,30.118484],[-97.768725,30.118561],[-97.768548,30.118706],[-97.768501,30.118798],[-97.768399,30.118859],[-97.767644,30.118796],[-97.767337,30.118735],[-97.767281,30.118641],[-97.767314,30.118388],[-97.767599,30.117882],[-97.767694,30.117849],[-97.768158,30.11781],[-97.76821,30.117921],[-97.768732,30.11841],[-97.768748,30.118484]]]}},{"type":"Feature","properties":{"natural":"water"},"geometry":{"type":"Polygon","coordinates":[[[-97.765653,30.123032],[-97.765641,30.123103],[-97.765452,30.123508],[-97.765407,30.123536],[-97.765337,30.123527],[-97.765271,30.123334],[-97.765224,30.122978],[-97.765103,30.122721],[-97.765085,30.122525],[-97.76513,30.122465],[-97.76536,30.122481],[-97.765471,30.122523],[-97.765526,30.122578],[-97.765547,30.122637],[-97.765542,30.122788],[-97.765649,30.122961],[-97.765653,30.123032]]]}},{"type":"Feature","properties":{"natural":"water"},"geometry":{"type":"Polygon","coordinates":[[[-97.766526,30.124835],[-97.765877,30.12497],[-97.765793,30.124941],[-97.765756,30.124792],[-97.765793,30.124728],[-97.765881,30.124709],[-97.765982,30.12471],[-97.766183,30.124764],[-97.766539,30.124776],[-97.766553,30.124803],[-97.766526,30.124835]]]}},{"type":"Feature","properties":{"natural":"water"},"geometry":{"type":"Polygon","coordinates":[[[-97.765668,30.124639],[-97.765639,30.124819],[-97.765608,30.124858],[-97.765563,30.124844],[-97.765493,30.124767],[-97.765456,30.1246],[-97.765524,30.124558],[-97.765668,30.124639]]]}},{"type":"Feature","properties":{"natural":"water"},"geometry":{"type":"Polygon","coordinates":[[[-97.771196,30.123575],[-97.77112,30.123676],[-97.771012,30.123744],[-97.770841,30.123765],[-97.770592,30.123898],[-97.770513,30.123908],[-97.770448,30.12387],[-97.77041,30.123734],[-97.770416,30.123186],[-97.770505,30.123101],[-97.770746,30.123057],[-97.770871,30.123064],[-97.77118,30.123458],[-97.771196,30.123575]]]}},{"type":"Feature","properties":{"leisure":"park"},"geometry":{"type":"Polygon","coordinates":[[[-97.777772,30.124868],[-97.777441,30.125294],[-97.777234,30.125148],[-97.776841,30.124958],[-97.777095,30.124544],[-97.777772,30.124868]]]}},{"type":"Feature","properties":{"natural":"water"},"geometry":{"type":"Polygon","coordinates":[[[-97.772469,30.138079],[-97.771686,30.138168],[-97.771668,30.13815],[-97.771826,30.137472],[-97.772124,30.137536],[-97.772435,30.137922],[-97.772469,30.138079]]]}},{"type":"Feature","properties":{"leisure":"park"},"geometry":{"type":"Polygon","coordinates":[[[-97.769785,30.148297],[-97.769726,30.148719],[-97.769671,30.148818],[-97.7696,30.148907],[-97.76948,30.149002],[-97.769335,30.149059],[-97.769177,30.149085],[-97.768476,30.14902],[-97.768444,30.149],[-97.768424,30.148971],[-97.768406,30.148789],[-97.768248,30.148473],[-97.76824,30.148414],[-97.768259,30.148312],[-97.768611,30.14781],[-97.768693,30.147791],[-97.769231,30.148065],[-97.769391,30.148126],[-97.76974,30.148204],[-97.769785,30.148257],[-97.769785,30.148297]]]}},{"type":"Feature","properties":{"leisure":"park"},"geometry":{"type":"Polygon","coordinates":[[[-97.726294,30.152513],[-97.72616,30.152452],[-97.725948,30.15243],[-97.725806,30.152355],[-97.725646,30.15218],[-97.725725,30.152053],[-97.725997,30.15201],[-97.725994,30.151972],[-97.726014,30.151928],[-97.725714,30.151786],[-97.724995,30.152947],[-97.7253,30.153084],[-97.725354,30.153027],[-97.725438,30.153018],[-97.725482,30.153029],[-97.725536,30.153077],[-97.725582,30.153152],[-97.726088,30.153395],[-97.72617,30.153407],[-97.726213,30.153372],[-97.726577,30.15278],[-97.726231,30.152626],[-97.726294,30.152513]]]}},{"type":"Feature","properties":{"natural":"water"},"geometry":{"type":"Polygon","coordinates":[[[-97.742882,30.164917],[-97.742819,30.165024],[-97.742448,30.164859],[-97.742512,30.164753],[-97.742882,30.164917]]]}},{"type":"Feature","properties":{"natural":"wood"},"geometry":{"type":"Polygon","coordinates":[[[-97.78256,30.171135],[-97.782733,30.17124],[-97.783319,30.170362],[-97.78285,30.169847],[-97.7821,30.169066],[-97.781789,30.168866],[-97.781536,30.168736],[-97.781419,30.168512],[-97.78103,30.168363],[-97.780898,30.168232],[-97.780713,30.167659],[-97.780762,30.167579],[-97.781056,30.167482],[-97.781261,30.167864],[-97.781469,30.168105],[-97.781521,30.167918],[-97.781967,30.167513],[-97.781998,30.167263],[-97.780874,30.166784],[-97.780851,30.166804],[-97.780946,30.166987],[-97.780648,30.167447],[-97.780279,30.167731],[-97.780351,30.168489],[-97.780539,30.169254],[-97.780834,30.169319],[-97.781279,30.169501],[-97.781558,30.169418],[-97.782081,30.169554],[-97.78215,30.16974],[-97.782786,30.17008],[-97.782518,30.170998],[-97.78256,30.171135]]]}},{"type":"Feature","properties":{"natural":"water"},"geometry":{"type":"Polygon","coordinates":[[[-97.782008,30.16972],[-97.781811,30.169679],[-97.781884,30.169541],[-97.782061,30.169586],[-97.782008,30.16972]]]}},{"type":"Feature","properties":{"natural":"wood"},"geometry":{"type":"Polygon","coordinates":[[[-97.785973,30.16482],[-97.785512,30.165341],[-97.785338,30.16481],[-97.785476,30.16468],[-97.78552,30.164499],[-97.785501,30.16438],[-97.785302,30.163939],[-97.785139,30.163685],[-97.785091,30.16336],[-97.785266,30.162406],[-97.785164,30.162055],[-97.784643,30.160958],[-97.784207,30.160673],[-97.784081,30.160355],[-97.784653,30.159255],[-97.78461,30.15794],[-97.784328,30.157254],[-97.78389,30.156981],[-97.784473,30.156665],[-97.784585,30.156831],[-97.784988,30.156711],[-97.785426,30.157009],[-97.786084,30.157143],[-97.785999,30.15774],[-97.785784,30.158029],[-97.785646,30.15924],[-97.785175,30.158991],[-97.785127,30.159654],[-97.785254,30.159915],[-97.784503,30.160116],[-97.784429,30.160318],[-97.785059,30.160681],[-97.785696,30.161872],[-97.785809,30.162294],[-97.785739,30.162572],[-97.78576,30.16299],[-97.785648,30.163509],[-97.785889,30.163737],[-97.786147,30.164414],[-97.785991,30.164618],[-97.785973,30.16482]]]}},{"type":"Feature","properties":{"natural":"water"},"geometry":{"type":"Polygon","coordinates":[[[-97.785129,30.163208],[-97.784872,30.163096],[-97.784884,30.162939],[-97.784856,30.162569],[-97.78476,30.162317],[-97.785008,30.162255],[-97.785036,30.162334],[-97.785038,30.162425],[-97.785008,30.162517],[-97.785008,30.162573],[-97.785056,30.162693],[-97.785069,30.162839],[-97.785099,30.162919],[-97.785084,30.163071],[-97.785129,30.163208]]]}},{"type":"Feature","properties":{"natural":"water"},"geometry":{"type":"Polygon","coordinates":[[[-97.785735,30.16111],[-97.785655,30.161204],[-97.78524,30.160939],[-97.78532,30.160845],[-97.785735,30.16111]]]}},{"type":"Feature","properties":{"natural":"water"},"geometry":{"type":"Polygon","coordinates":[[[-97.784745,30.156736],[-97.784595,30.156794],[-97.784577,30.156755],[-97.784527,30.156733],[-97.784458,30.156613],[-97.784591,30.156563],[-97.784632,30.156648],[-97.784692,30.156629],[-97.784745,30.156736]]]}},{"type":"Feature","properties":{"natural":"water"},"geometry":{"type":"Polygon","coordinates":[[[-97.784323,30.157368],[-97.783998,30.157446],[-97.783801,30.157035],[-97.783888,30.157003],[-97.784086,30.157181],[-97.784293,30.157274],[-97.784323,30.157368]]]}},{"type":"Feature","properties":{"natural":"wood"},"geometry":{"type":"Polygon","coordinates":[[[-97.786615,30.155916],[-97.786404,30.155881],[-97.78601,30.155945],[-97.785163,30.156196],[-97.785216,30.155832],[-97.785075,30.155532],[-97.785071,30.155345],[-97.784855,30.155305],[-97.784749,30.155541],[-97.784455,30.155666],[-97.784494,30.156052],[-97.784604,30.156227],[-97.784976,30.156141],[-97.785018,30.156239],[-97.783755,30.156799],[-97.783348,30.157056],[-97.782746,30.157264],[-97.782031,30.157405],[-97.780137,30.157585],[-97.778056,30.15787],[-97.777752,30.157959],[-97.776673,30.158485],[-97.776092,30.158678],[-97.775161,30.156833],[-97.776159,30.156731],[-97.777037,30.15636],[-97.777552,30.156814],[-97.778941,30.156754],[-97.779354,30.156643],[-97.779832,30.156095],[-97.780009,30.155246],[-97.779918,30.154351],[-97.779708,30.153488],[-97.777659,30.151596],[-97.776736,30.151243],[-97.774287,30.147654],[-97.774408,30.147143],[-97.774237,30.14666],[-97.773989,30.147472],[-97.773734,30.146661],[-97.773438,30.146139],[-97.773471,30.145527],[-97.773324,30.145293],[-97.772884,30.145478],[-97.773167,30.144274],[-97.772847,30.143794],[-97.771343,30.143571],[-97.77085,30.143837],[-97.770826,30.143614],[-97.770883,30.143373],[-97.771588,30.14334],[-97.771749,30.143349],[-97.771815,30.143017],[-97.771967,30.142864],[-97.77198,30.142717],[-97.772145,30.14271],[-97.772249,30.142741],[-97.77232,30.142606],[-97.772476,30.142428],[-97.772416,30.141999],[-97.772098,30.141818],[-97.771926,30.141763],[-97.77165,30.141743],[-97.771777,30.14149],[-97.771918,30.141278],[-97.772121,30.141549],[-97.772337,30.141676],[-97.772428,30.141703],[-97.772713,30.141626],[-97.772958,30.141436],[-97.772888,30.141389],[-97.773264,30.140721],[-97.773486,30.140754],[-97.773706,30.140964],[-97.774016,30.141029],[-97.774365,30.140902],[-97.774544,30.140719],[-97.775325,30.141281],[-97.774392,30.146005],[-97.774532,30.146385],[-97.775604,30.141347],[-97.776055,30.14144],[-97.776098,30.144223],[-97.776774,30.144186],[-97.777686,30.144233],[-97.778029,30.144094],[-97.777321,30.143806],[-97.777085,30.143583],[-97.777214,30.142136],[-97.777655,30.142116],[-97.779072,30.143138],[-97.779961,30.143833],[-97.780167,30.143814],[-97.780399,30.143642],[-97.780459,30.143357],[-97.780959,30.143182],[-97.781756,30.144488],[-97.781215,30.144542],[-97.779698,30.144933],[-97.778417,30.145389],[-97.777356,30.146072],[-97.77768,30.146499],[-97.777471,30.146958],[-97.776757,30.146984],[-97.776708,30.147848],[-97.776882,30.148329],[-97.776962,30.1484],[-97.776882,30.148649],[-97.776893,30.148973],[-97.776963,30.149282],[-97.777179,30.149455],[-97.77736,30.149525],[-97.77788,30.14927],[-97.779655,30.150832],[-97.779919,30.151033],[-97.780177,30.151034],[-97.780372,30.151264],[-97.780835,30.151118],[-97.780693,30.150676],[-97.780788,30.15007],[-97.780739,30.149579],[-97.780812,30.149355],[-97.781044,30.149016],[-97.781391,30.14876],[-97.781631,30.148681],[-97.782072,30.148568],[-97.783029,30.148547],[-97.783481,30.148622],[-97.78384,30.148738],[-97.783864,30.148231],[-97.784442,30.148233],[-97.78496,30.14817],[-97.785203,30.148097],[-97.785651,30.147827],[-97.786478,30.147293],[-97.786637,30.147114],[-97.787501,30.146305],[-97.789188,30.146204],[-97.789191,30.146331],[-97.789561,30.146859],[-97.790572,30.147258],[-97.790663,30.14821],[-97.790452,30.149604],[-97.790122,30.149967],[-97.789391,30.150712],[-97.789146,30.152086],[-97.789571,30.152158],[-97.791046,30.152491],[-97.790776,30.153397],[-97.790566,30.153461],[-97.78934,30.15321],[-97.788718,30.152811],[-97.788366,30.152677],[-97.788157,30.15247],[-97.787966,30.152123],[-97.787966,30.151788],[-97.788095,30.151148],[-97.78971,30.148436],[-97.78995,30.147882],[-97.789457,30.147631],[-97.789158,30.147906],[-97.788449,30.147862],[-97.788556,30.14813],[-97.788365,30.14831],[-97.788348,30.148818],[-97.788295,30.148897],[-97.788008,30.148753],[-97.787703,30.149236],[-97.787317,30.149176],[-97.786925,30.14919],[-97.78603,30.149341],[-97.785385,30.149253],[-97.785039,30.149314],[-97.785007,30.149342],[-97.78483,30.149329],[-97.783929,30.149482],[-97.783516,30.149788],[-97.783285,30.150243],[-97.783119,30.151138],[-97.782953,30.151505],[-97.782774,30.15153],[-97.782717,30.151839],[-97.783182,30.152041],[-97.783069,30.152382],[-97.782561,30.152374],[-97.781956,30.152735],[-97.781807,30.153222],[-97.781712,30.15373],[-97.78248,30.153981],[-97.782714,30.154018],[-97.783738,30.154032],[-97.783634,30.154547],[-97.786615,30.155916]]]}},{"type":"Feature","properties":{"natural":"water"},"geometry":{"type":"Polygon","coordinates":[[[-97.788141,30.156893],[-97.788055,30.15704],[-97.788033,30.157155],[-97.787967,30.157204],[-97.787845,30.157189],[-97.787763,30.157321],[-97.787703,30.157314],[-97.787862,30.156775],[-97.788141,30.156893]]]}},{"type":"Feature","properties":{"natural":"water"},"geometry":{"type":"Polygon","coordinates":[[[-97.790234,30.155277],[-97.79016,30.155176],[-97.7899,30.155141],[-97.78993,30.15523],[-97.790212,30.155314],[-97.790234,30.155277]]]}},{"type":"Feature","properties":{"natural":"water"},"geometry":{"type":"Polygon","coordinates":[[[-97.781196,30.15794],[-97.780609,30.157997],[-97.780583,30.1578],[-97.78117,30.157742],[-97.781196,30.15794]]]}},{"type":"Feature","properties":{"natural":"water"},"geometry":{"type":"Polygon","coordinates":[[[-97.780515,30.158],[-97.779957,30.158092],[-97.779898,30.157872],[-97.78012,30.157828],[-97.780145,30.157878],[-97.780487,30.157835],[-97.780515,30.158]]]}},{"type":"Feature","properties":{"natural":"water"},"geometry":{"type":"Polygon","coordinates":[[[-97.774878,30.167245],[-97.774643,30.167265],[-97.774577,30.167116],[-97.774386,30.166975],[-97.774383,30.166785],[-97.774783,30.166775],[-97.774878,30.167245]]]}},{"type":"Feature","properties":{"natural":"water"},"geometry":{"type":"Polygon","coordinates":[[[-97.773235,30.167001],[-97.77296,30.167119],[-97.772926,30.16706],[-97.773201,30.166941],[-97.773235,30.167001]]]}},{"type":"Feature","properties":{"natural":"water"},"geometry":{"type":"Polygon","coordinates":[[[-97.772651,30.167261],[-97.772383,30.1674],[-97.772346,30.167347],[-97.772614,30.167208],[-97.772651,30.167261]]]}},{"type":"Feature","properties":{"natural":"water"},"geometry":{"type":"Polygon","coordinates":[[[-97.77337,30.169615],[-97.773148,30.169781],[-97.77302,30.169653],[-97.773125,30.169574],[-97.773271,30.16955],[-97.773296,30.169566],[-97.773308,30.169553],[-97.77337,30.169615]]]}},{"type":"Feature","properties":{"natural":"water"},"geometry":{"type":"Polygon","coordinates":[[[-97.76939,30.169897],[-97.768953,30.169887],[-97.768961,30.169612],[-97.769121,30.169615],[-97.769163,30.169652],[-97.76916,30.169769],[-97.769393,30.169774],[-97.76939,30.169897]]]}},{"type":"Feature","properties":{"natural":"water"},"geometry":{"type":"Polygon","coordinates":[[[-97.770633,30.16855],[-97.770447,30.168629],[-97.770283,30.168337],[-97.7704,30.168288],[-97.770379,30.168251],[-97.770469,30.168213],[-97.770641,30.168519],[-97.77062,30.168528],[-97.770633,30.16855]]]}},{"type":"Feature","properties":{"natural":"wood"},"geometry":{"type":"Polygon","coordinates":[[[-97.713479,30.165897],[-97.712999,30.166249],[-97.712658,30.166425],[-97.712617,30.166706],[-97.711503,30.167064],[-97.710577,30.167556],[-97.710894,30.167613],[-97.712739,30.167226],[-97.712666,30.167774],[-97.712479,30.167929],[-97.70943,30.168759],[-97.708706,30.168751],[-97.707885,30.16802],[-97.70734,30.167725],[-97.707153,30.167381],[-97.706885,30.167008],[-97.706397,30.166699],[-97.706015,30.166579],[-97.705202,30.16679],[-97.704291,30.167156],[-97.70369,30.167571],[-97.703429,30.167922],[-97.70147,30.166853],[-97.701193,30.167296],[-97.700974,30.167261],[-97.70047,30.166945],[-97.700396,30.166741],[-97.700437,30.166551],[-97.699795,30.166172],[-97.69986,30.165743],[-97.697713,30.164323],[-97.71317,30.165883],[-97.713479,30.165897]]]}},{"type":"Feature","properties":{"natural":"wood"},"geometry":{"type":"Polygon","coordinates":[[[-97.713894,30.165609],[-97.705974,30.164836],[-97.700543,30.164323],[-97.69725,30.164042],[-97.696323,30.163535],[-97.69712,30.162214],[-97.703795,30.163718],[-97.713796,30.165504],[-97.713894,30.165609]]]}},{"type":"Feature","properties":{"natural":"wood"},"geometry":{"type":"Polygon","coordinates":[[[-97.714466,30.164393],[-97.714354,30.164583],[-97.707293,30.162972],[-97.705953,30.162629],[-97.704757,30.162282],[-97.701515,30.161124],[-97.700329,30.16086],[-97.698527,30.16034],[-97.698516,30.160266],[-97.698918,30.160298],[-97.700571,30.160688],[-97.702491,30.161291],[-97.70475,30.162107],[-97.705828,30.162446],[-97.709739,30.163294],[-97.714466,30.164393]]]}},{"type":"Feature","properties":{"natural":"wood"},"geometry":{"type":"Polygon","coordinates":[[[-97.715104,30.164966],[-97.715044,30.165446],[-97.715118,30.165718],[-97.715076,30.166024],[-97.71486,30.166401],[-97.714499,30.16685],[-97.71418,30.166976],[-97.713922,30.167019],[-97.713812,30.167181],[-97.713614,30.167331],[-97.713409,30.167371],[-97.713186,30.167361],[-97.712981,30.167294],[-97.712917,30.167206],[-97.712942,30.167117],[-97.713239,30.167236],[-97.713476,30.16723],[-97.713692,30.167089],[-97.713798,30.166899],[-97.714145,30.166786],[-97.714417,30.166202],[-97.714778,30.165214],[-97.715104,30.164966]]]}},{"type":"Feature","properties":{"natural":"wood"},"geometry":{"type":"Polygon","coordinates":[[[-97.714287,30.164721],[-97.713936,30.1654],[-97.704226,30.163637],[-97.703116,30.163402],[-97.697281,30.162044],[-97.698328,30.160488],[-97.701397,30.161213],[-97.704737,30.162427],[-97.70718,30.163045],[-97.714287,30.164721]]]}},{"type":"Feature","properties":{"natural":"water"},"geometry":{"type":"Polygon","coordinates":[[[-97.718525,30.167671],[-97.718184,30.168195],[-97.717886,30.16805],[-97.718228,30.167526],[-97.718525,30.167671]]]}},{"type":"Feature","properties":{"natural":"water"},"geometry":{"type":"Polygon","coordinates":[[[-97.718152,30.168231],[-97.717799,30.168793],[-97.717519,30.168662],[-97.717872,30.1681],[-97.718152,30.168231]]]}},{"type":"Feature","properties":{"natural":"water"},"geometry":{"type":"Polygon","coordinates":[[[-97.73686,30.147049],[-97.736867,30.147806],[-97.736565,30.147677],[-97.736553,30.14762],[-97.736565,30.147028],[-97.736605,30.146987],[-97.736644,30.146795],[-97.736663,30.146769],[-97.736726,30.146759],[-97.736746,30.146776],[-97.736745,30.14695],[-97.736768,30.146983],[-97.73684,30.147013],[-97.73686,30.147049]]]}},{"type":"Feature","properties":{"natural":"water"},"geometry":{"type":"Polygon","coordinates":[[[-97.737364,30.150803],[-97.737335,30.150823],[-97.737293,30.150821],[-97.737225,30.150792],[-97.73721,30.150758],[-97.737529,30.150177],[-97.737553,30.150158],[-97.737634,30.150172],[-97.737659,30.150198],[-97.737664,30.150246],[-97.737364,30.150803]]]}},{"type":"Feature","properties":{"natural":"water"},"geometry":{"type":"Polygon","coordinates":[[[-97.737454,30.150087],[-97.737066,30.150794],[-97.737022,30.150828],[-97.736982,30.150836],[-97.736901,30.150802],[-97.736878,30.150748],[-97.736881,30.150425],[-97.737056,30.149884],[-97.737123,30.149867],[-97.73742,30.150024],[-97.737445,30.150046],[-97.737454,30.150087]]]}},{"type":"Feature","properties":{"natural":"water"},"geometry":{"type":"Polygon","coordinates":[[[-97.737434,30.145374],[-97.737207,30.145727],[-97.73718,30.145744],[-97.73701,30.145674],[-97.737002,30.145638],[-97.737227,30.145302],[-97.737258,30.14529],[-97.737422,30.145352],[-97.737434,30.145374]]]}},{"type":"Feature","properties":{"natural":"wood"},"geometry":{"type":"Polygon","coordinates":[[[-97.73617,30.154515],[-97.73611,30.153819],[-97.736506,30.152684],[-97.736649,30.152096],[-97.736533,30.151939],[-97.73646,30.152042],[-97.736386,30.152317],[-97.735278,30.154107],[-97.735416,30.154219],[-97.736075,30.154517],[-97.73617,30.154515]]]}},{"type":"Feature","properties":{"natural":"water"},"geometry":{"type":"Polygon","coordinates":[[[-97.73407,30.145888],[-97.733981,30.146191],[-97.73396,30.146202],[-97.733834,30.146178],[-97.733819,30.146161],[-97.733892,30.145853],[-97.733928,30.14584],[-97.734055,30.145867],[-97.73407,30.145888]]]}},{"type":"Feature","properties":{"natural":"water"},"geometry":{"type":"Polygon","coordinates":[[[-97.734513,30.146047],[-97.734445,30.146322],[-97.734406,30.14637],[-97.734335,30.146393],[-97.734154,30.146387],[-97.734069,30.146376],[-97.734037,30.146344],[-97.73403,30.146236],[-97.734133,30.145995],[-97.73422,30.14595],[-97.734329,30.14595],[-97.734481,30.145999],[-97.734513,30.146047]]]}},{"type":"Feature","properties":{"natural":"water"},"geometry":{"type":"Polygon","coordinates":[[[-97.745412,30.158016],[-97.744704,30.157766],[-97.744817,30.157459],[-97.745225,30.157643],[-97.745325,30.15763],[-97.745412,30.158016]]]}},{"type":"Feature","properties":{"natural":"water"},"geometry":{"type":"Polygon","coordinates":[[[-97.744334,30.160819],[-97.744055,30.161287],[-97.743793,30.161166],[-97.744052,30.160739],[-97.744133,30.160768],[-97.744153,30.160733],[-97.744334,30.160819]]]}},{"type":"Feature","properties":{"natural":"water"},"geometry":{"type":"Polygon","coordinates":[[[-97.742059,30.155449],[-97.741166,30.156897],[-97.74055,30.156613],[-97.741394,30.155244],[-97.741496,30.15529],[-97.741544,30.155212],[-97.742059,30.155449]]]}},{"type":"Feature","properties":{"natural":"water"},"geometry":{"type":"Polygon","coordinates":[[[-97.753666,30.138359],[-97.753597,30.138428],[-97.753424,30.138527],[-97.753348,30.138527],[-97.753312,30.138507],[-97.753309,30.138481],[-97.753337,30.138439],[-97.753621,30.138305],[-97.753677,30.138309],[-97.753682,30.138333],[-97.753666,30.138359]]]}},{"type":"Feature","properties":{"leisure":"park"},"geometry":{"type":"Polygon","coordinates":[[[-97.764065,30.135588],[-97.763709,30.136077],[-97.763646,30.136109],[-97.763609,30.136104],[-97.762991,30.135749],[-97.762992,30.135702],[-97.76333,30.135228],[-97.763379,30.135186],[-97.76341,30.135181],[-97.763439,30.135182],[-97.764045,30.135517],[-97.764073,30.13556],[-97.764065,30.135588]]]}},{"type":"Feature","properties":{"natural":"water"},"geometry":{"type":"Polygon","coordinates":[[[-97.768048,30.147436],[-97.767852,30.147724],[-97.767635,30.147758],[-97.767461,30.147858],[-97.767329,30.147572],[-97.767524,30.147489],[-97.767689,30.147512],[-97.767906,30.147471],[-97.767988,30.14747],[-97.768048,30.147436]]]}},{"type":"Feature","properties":{"natural":"water"},"geometry":{"type":"Polygon","coordinates":[[[-97.770271,30.144039],[-97.770199,30.144154],[-97.770105,30.144168],[-97.769912,30.143999],[-97.769748,30.14379],[-97.769678,30.143623],[-97.769742,30.143547],[-97.769897,30.143537],[-97.770033,30.143806],[-97.770126,30.143906],[-97.770247,30.143987],[-97.770271,30.144039]]]}},{"type":"Feature","properties":{"natural":"water"},"geometry":{"type":"Polygon","coordinates":[[[-97.770523,30.143773],[-97.770436,30.143931],[-97.770368,30.143917],[-97.770196,30.143772],[-97.77007,30.143504],[-97.770109,30.143483],[-97.770287,30.143473],[-97.770369,30.143652],[-97.770498,30.143733],[-97.770523,30.143773]]]}},{"type":"Feature","properties":{"natural":"water"},"geometry":{"type":"Polygon","coordinates":[[[-97.791275,30.1668],[-97.79118,30.166786],[-97.791215,30.166604],[-97.79131,30.166618],[-97.791275,30.1668]]]}},{"type":"Feature","properties":{"natural":"water"},"geometry":{"type":"Polygon","coordinates":[[[-97.788573,30.164315],[-97.788394,30.164262],[-97.788621,30.163723],[-97.788799,30.163784],[-97.788573,30.164315]]]}},{"type":"Feature","properties":{"natural":"water"},"geometry":{"type":"Polygon","coordinates":[[[-97.788551,30.164354],[-97.788381,30.164301],[-97.788095,30.164945],[-97.78803,30.165148],[-97.788396,30.16523],[-97.788389,30.164908],[-97.788402,30.164818],[-97.788465,30.164556],[-97.788551,30.164354]]]}},{"type":"Feature","properties":{"natural":"water"},"geometry":{"type":"Polygon","coordinates":[[[-97.791462,30.163482],[-97.791297,30.163404],[-97.791138,30.163767],[-97.791087,30.163768],[-97.791027,30.163911],[-97.791201,30.164126],[-97.791325,30.164189],[-97.79135,30.16417],[-97.791462,30.163482]]]}},{"type":"Feature","properties":{"natural":"water"},"geometry":{"type":"Polygon","coordinates":[[[-97.793926,30.153454],[-97.793798,30.153469],[-97.793409,30.153603],[-97.792846,30.153731],[-97.792776,30.153709],[-97.792744,30.153612],[-97.793446,30.153442],[-97.793922,30.153407],[-97.793926,30.153454]]]}},{"type":"Feature","properties":{"natural":"water"},"geometry":{"type":"Polygon","coordinates":[[[-97.791535,30.148175],[-97.79152,30.148224],[-97.791445,30.148277],[-97.791308,30.148311],[-97.791209,30.148304],[-97.791106,30.148198],[-97.791072,30.148088],[-97.791196,30.148047],[-97.791289,30.147944],[-97.791349,30.147932],[-97.791409,30.148047],[-97.791532,30.148113],[-97.791535,30.148175]]]}},{"type":"Feature","properties":{"natural":"water"},"geometry":{"type":"Polygon","coordinates":[[[-97.796305,30.149803],[-97.796161,30.14991],[-97.796117,30.149925],[-97.796075,30.14988],[-97.796272,30.149774],[-97.796305,30.149803]]]}},{"type":"Feature","properties":{"natural":"water"},"geometry":{"type":"Polygon","coordinates":[[[-97.794782,30.150236],[-97.794757,30.150268],[-97.794766,30.150337],[-97.794754,30.150357],[-97.794722,30.150371],[-97.794676,30.150364],[-97.794659,30.150347],[-97.794662,30.150225],[-97.794773,30.150218],[-97.794782,30.150236]]]}},{"type":"Feature","properties":{"natural":"water"},"geometry":{"type":"Polygon","coordinates":[[[-97.79415,30.143729],[-97.794093,30.143894],[-97.792922,30.143578],[-97.793007,30.143417],[-97.79415,30.143729]]]}},{"type":"Feature","properties":{"natural":"water"},"geometry":{"type":"Polygon","coordinates":[[[-97.794534,30.142805],[-97.794504,30.142871],[-97.794186,30.142782],[-97.794113,30.142737],[-97.79418,30.142639],[-97.794534,30.142805]]]}},{"type":"Feature","properties":{"natural":"water"},"geometry":{"type":"Polygon","coordinates":[[[-97.795534,30.135021],[-97.796822,30.135255],[-97.797336,30.135363],[-97.797364,30.135251],[-97.797022,30.135141],[-97.796356,30.135037],[-97.79585,30.134894],[-97.795569,30.134854],[-97.795534,30.135021]]]}},{"type":"Feature","properties":{"natural":"water"},"geometry":{"type":"Polygon","coordinates":[[[-97.824004,30.077479],[-97.82373,30.077479],[-97.823732,30.07734],[-97.824004,30.077351],[-97.824004,30.077479]]]}},{"type":"Feature","properties":{"natural":"water"},"geometry":{"type":"Polygon","coordinates":[[[-97.776814,30.13866],[-97.776779,30.138794],[-97.776468,30.138733],[-97.776503,30.1386],[-97.776814,30.13866]]]}},{"type":"Feature","properties":{"natural":"water"},"geometry":{"type":"Polygon","coordinates":[[[-97.776661,30.138827],[-97.776613,30.13902],[-97.776437,30.138987],[-97.776485,30.138794],[-97.776661,30.138827]]]}},{"type":"Feature","properties":{"natural":"water"},"geometry":{"type":"Polygon","coordinates":[[[-97.771625,30.13599],[-97.771583,30.13556],[-97.771565,30.135528],[-97.771503,30.135498],[-97.771225,30.135543],[-97.771212,30.135594],[-97.771302,30.135996],[-97.771325,30.13603],[-97.771411,30.136059],[-97.771605,30.13602],[-97.771625,30.13599]]]}},{"type":"Feature","properties":{"natural":"water"},"geometry":{"type":"Polygon","coordinates":[[[-97.771553,30.135416],[-97.771531,30.135242],[-97.771499,30.135199],[-97.7713,30.135214],[-97.771282,30.135228],[-97.771267,30.135296],[-97.771303,30.135469],[-97.771373,30.135493],[-97.771516,30.135476],[-97.77155,30.135442],[-97.771553,30.135416]]]}},{"type":"Feature","properties":{"natural":"water"},"geometry":{"type":"Polygon","coordinates":[[[-97.769496,30.133352],[-97.769308,30.133197],[-97.769176,30.13333],[-97.76918,30.133357],[-97.769372,30.133468],[-97.769393,30.133466],[-97.769499,30.133374],[-97.769496,30.133352]]]}},{"type":"Feature","properties":{"natural":"water"},"geometry":{"type":"Polygon","coordinates":[[[-97.769285,30.133175],[-97.768881,30.132864],[-97.768833,30.132868],[-97.768713,30.132976],[-97.768717,30.133019],[-97.768741,30.133041],[-97.769157,30.133282],[-97.769196,30.133281],[-97.769285,30.133175]]]}},{"type":"Feature","properties":{"natural":"water"},"geometry":{"type":"Polygon","coordinates":[[[-97.767613,30.133593],[-97.767229,30.133395],[-97.767097,30.133586],[-97.767481,30.133784],[-97.767613,30.133593]]]}},{"type":"Feature","properties":{"natural":"water"},"geometry":{"type":"Polygon","coordinates":[[[-97.765886,30.133425],[-97.765938,30.13334],[-97.765903,30.133248],[-97.765835,30.13317],[-97.765745,30.133165],[-97.765635,30.133207],[-97.765592,30.133278],[-97.765717,30.133402],[-97.765783,30.133357],[-97.765886,30.133425]]]}},{"type":"Feature","properties":{"natural":"water"},"geometry":{"type":"Polygon","coordinates":[[[-97.765633,30.129847],[-97.765572,30.129803],[-97.76554,30.129715],[-97.765511,30.129685],[-97.765322,30.129587],[-97.765295,30.129555],[-97.765283,30.129518],[-97.765327,30.129445],[-97.765509,30.129384],[-97.765624,30.129383],[-97.765876,30.129608],[-97.765893,30.129681],[-97.765836,30.129806],[-97.765799,30.129843],[-97.765714,30.129869],[-97.765633,30.129847]]]}},{"type":"Feature","properties":{"natural":"water"},"geometry":{"type":"Polygon","coordinates":[[[-97.765452,30.136471],[-97.76493,30.137144],[-97.764861,30.137185],[-97.764827,30.137183],[-97.76398,30.136725],[-97.76394,30.136701],[-97.763926,30.136666],[-97.763929,30.136628],[-97.764459,30.135904],[-97.764485,30.135887],[-97.764517,30.135883],[-97.76544,30.136384],[-97.765471,30.136436],[-97.765452,30.136471]]]}},{"type":"Feature","properties":{"natural":"water"},"geometry":{"type":"Polygon","coordinates":[[[-97.763456,30.141144],[-97.763261,30.141266],[-97.763125,30.141247],[-97.762777,30.140831],[-97.762808,30.140812],[-97.762654,30.140632],[-97.762866,30.140503],[-97.762934,30.140517],[-97.763109,30.140701],[-97.763456,30.141144]]]}},{"type":"Feature","properties":{"leisure":"park","name":"Vistas Park"},"geometry":{"type":"Polygon","coordinates":[[[-97.766229,30.142242],[-97.766116,30.142145],[-97.765954,30.141963],[-97.765766,30.141652],[-97.765796,30.141636],[-97.765833,30.141575],[-97.765829,30.141527],[-97.765802,30.141481],[-97.765752,30.141447],[-97.765624,30.141424],[-97.765201,30.141065],[-97.765167,30.140944],[-97.76509,30.140898],[-97.765146,30.140822],[-97.76483,30.14058],[-97.764968,30.140477],[-97.765016,30.140477],[-97.765212,30.140632],[-97.765274,30.140775],[-97.765355,30.140808],[-97.765413,30.1408],[-97.765458,30.140774],[-97.765951,30.141165],[-97.765925,30.141237],[-97.765939,30.141296],[-97.765992,30.141357],[-97.766077,30.141383],[-97.766049,30.141541],[-97.766237,30.141771],[-97.766517,30.142013],[-97.766229,30.142242]]]}},{"type":"Feature","properties":{"natural":"water"},"geometry":{"type":"Polygon","coordinates":[[[-97.76018,30.136455],[-97.76,30.136354],[-97.759605,30.136933],[-97.759736,30.137087],[-97.759795,30.137046],[-97.76018,30.136455]]]}},{"type":"Feature","properties":{"natural":"water"},"geometry":{"type":"Polygon","coordinates":[[[-97.772577,30.127049],[-97.77259,30.12709],[-97.772628,30.12712],[-97.772671,30.127119],[-97.772702,30.127089],[-97.77271,30.126997],[-97.77268,30.126978],[-97.772636,30.126976],[-97.772603,30.127],[-97.772577,30.127049]]]}},{"type":"Feature","properties":{"natural":"water"},"geometry":{"type":"Polygon","coordinates":[[[-97.773424,30.127849],[-97.773428,30.12779],[-97.773407,30.127763],[-97.773342,30.127768],[-97.7733,30.127915],[-97.773298,30.127973],[-97.773312,30.127997],[-97.77338,30.12803],[-97.773421,30.128025],[-97.773453,30.127993],[-97.773465,30.127954],[-97.773424,30.127849]]]}},{"type":"Feature","properties":{"natural":"water"},"geometry":{"type":"Polygon","coordinates":[[[-97.766288,30.133026],[-97.766248,30.132974],[-97.76615,30.132962],[-97.766091,30.133004],[-97.766079,30.133064],[-97.766128,30.133134],[-97.766244,30.133143],[-97.766288,30.133105],[-97.766288,30.133026]]]}},{"type":"Feature","properties":{"natural":"water"},"geometry":{"type":"Polygon","coordinates":[[[-97.779624,30.124931],[-97.779622,30.1251],[-97.779602,30.125143],[-97.779546,30.125181],[-97.779468,30.125196],[-97.779302,30.125144],[-97.779281,30.125038],[-97.779398,30.124855],[-97.779442,30.124852],[-97.779589,30.124904],[-97.779624,30.124931]]]}},{"type":"Feature","properties":{"natural":"water"},"geometry":{"type":"Polygon","coordinates":[[[-97.778141,30.125238],[-97.778098,30.12578],[-97.777924,30.125746],[-97.777858,30.125592],[-97.777757,30.125418],[-97.777674,30.125316],[-97.777535,30.125195],[-97.777654,30.125028],[-97.777763,30.125099],[-97.77814,30.125193],[-97.778141,30.125238]]]}},{"type":"Feature","properties":{"natural":"water"},"geometry":{"type":"Polygon","coordinates":[[[-97.777978,30.127507],[-97.777982,30.127631],[-97.777862,30.128242],[-97.777406,30.127994],[-97.77765,30.127613],[-97.777707,30.127559],[-97.777797,30.127515],[-97.777953,30.127481],[-97.777978,30.127507]]]}},{"type":"Feature","properties":{"natural":"water"},"geometry":{"type":"Polygon","coordinates":[[[-97.77486,30.149414],[-97.774742,30.150083],[-97.774145,30.150277],[-97.774276,30.149344],[-97.77486,30.149414]]]}},{"type":"Feature","properties":{"natural":"water"},"geometry":{"type":"Polygon","coordinates":[[[-97.776191,30.165413],[-97.776102,30.16533],[-97.77603,30.165114],[-97.776009,30.1651],[-97.775872,30.165142],[-97.775804,30.164973],[-97.775744,30.164994],[-97.775663,30.164791],[-97.775669,30.164753],[-97.775638,30.16465],[-97.775582,30.164667],[-97.775495,30.164941],[-97.775481,30.165095],[-97.775683,30.165181],[-97.776144,30.165446],[-97.776191,30.165413]]]}},{"type":"Feature","properties":{"natural":"water"},"geometry":{"type":"Polygon","coordinates":[[[-97.785081,30.166284],[-97.785044,30.166273],[-97.785013,30.166176],[-97.78514,30.165872],[-97.785225,30.165886],[-97.785081,30.166284]]]}},{"type":"Feature","properties":{"natural":"water"},"geometry":{"type":"Polygon","coordinates":[[[-97.794576,30.139875],[-97.794429,30.139935],[-97.79437,30.139827],[-97.794516,30.139766],[-97.794576,30.139875]]]}},{"type":"Feature","properties":{"natural":"water"},"geometry":{"type":"Polygon","coordinates":[[[-97.795014,30.141383],[-97.794864,30.141334],[-97.794857,30.141314],[-97.794894,30.141296],[-97.794991,30.141298],[-97.795048,30.14128],[-97.795014,30.141383]]]}},{"type":"Feature","properties":{"natural":"water"},"geometry":{"type":"Polygon","coordinates":[[[-97.788853,30.145661],[-97.788749,30.145826],[-97.788147,30.145543],[-97.788251,30.145378],[-97.788853,30.145661]]]}},{"type":"Feature","properties":{"natural":"water"},"geometry":{"type":"Polygon","coordinates":[[[-97.789151,30.146183],[-97.788639,30.146074],[-97.787951,30.146186],[-97.787847,30.146158],[-97.787809,30.146097],[-97.788038,30.14569],[-97.788075,30.145658],[-97.788123,30.145643],[-97.788737,30.145937],[-97.788912,30.145704],[-97.789006,30.145744],[-97.789151,30.146183]]]}},{"type":"Feature","properties":{"natural":"water"},"geometry":{"type":"Polygon","coordinates":[[[-97.783721,30.143687],[-97.783694,30.143718],[-97.783682,30.143783],[-97.783609,30.14385],[-97.783451,30.143923],[-97.783351,30.143999],[-97.782919,30.144186],[-97.782803,30.144188],[-97.78242,30.14424],[-97.78213,30.144323],[-97.780087,30.144721],[-97.779585,30.144771],[-97.779342,30.144814],[-97.778966,30.144907],[-97.778308,30.144945],[-97.777951,30.144921],[-97.777839,30.144878],[-97.777343,30.144854],[-97.777049,30.144713],[-97.77689,30.144618],[-97.777023,30.144628],[-97.776998,30.144592],[-97.776797,30.144476],[-97.776608,30.14449],[-97.776262,30.144549],[-97.775819,30.144569],[-97.775382,30.144537],[-97.775132,30.144553],[-97.775036,30.144583],[-97.7747,30.144775],[-97.77431,30.145654],[-97.77421,30.145807],[-97.774196,30.145888],[-97.774264,30.146009],[-97.774436,30.146534],[-97.774838,30.147408],[-97.775289,30.148319],[-97.776704,30.150429],[-97.777035,30.150804],[-97.777311,30.15097],[-97.777603,30.151069],[-97.778226,30.151099],[-97.778588,30.151022],[-97.778768,30.151045],[-97.779111,30.151055],[-97.779387,30.151117],[-97.779578,30.151249],[-97.779755,30.151479],[-97.779919,30.151572],[-97.780124,30.151832],[-97.780276,30.151996],[-97.780346,30.152395],[-97.780486,30.152846],[-97.780463,30.153288],[-97.780381,30.153401],[-97.780269,30.153104],[-97.780215,30.153003],[-97.780206,30.152929],[-97.780271,30.152819],[-97.780113,30.15206],[-97.779938,30.1518],[-97.779625,30.151568],[-97.779569,30.151449],[-97.779312,30.151242],[-97.779144,30.151176],[-97.778751,30.15116],[-97.778502,30.151166],[-97.778128,30.151214],[-97.777832,30.151204],[-97.777469,30.151123],[-97.777372,30.151182],[-97.777115,30.151069],[-97.777101,30.151022],[-97.776974,30.150954],[-97.776923,30.150936],[-97.776879,30.150956],[-97.776771,30.150905],[-97.776496,30.150611],[-97.776146,30.1501],[-97.775826,30.149597],[-97.775667,30.149266],[-97.775424,30.148923],[-97.775382,30.148803],[-97.775338,30.148783],[-97.77498,30.148105],[-97.774773,30.147636],[-97.774707,30.147564],[-97.77453,30.147162],[-97.774476,30.147109],[-97.774229,30.146437],[-97.774196,30.146241],[-97.774067,30.145868],[-97.774128,30.145575],[-97.774224,30.145332],[-97.774553,30.144866],[-97.774572,30.144775],[-97.774632,30.144636],[-97.774717,30.144573],[-97.774985,30.144432],[-97.775249,30.144385],[-97.776115,30.144418],[-97.776841,30.144349],[-97.777019,30.144428],[-97.777262,30.14465],[-97.777423,30.144699],[-97.777497,30.144711],[-97.777549,30.144692],[-97.77778,30.144735],[-97.778492,30.144739],[-97.779116,30.14464],[-97.779763,30.144575],[-97.780792,30.144375],[-97.781418,30.144274],[-97.781922,30.144234],[-97.782252,30.144182],[-97.782438,30.144119],[-97.782849,30.144022],[-97.783148,30.143887],[-97.783433,30.14379],[-97.783487,30.143715],[-97.783599,30.14363],[-97.783618,30.143662],[-97.783721,30.143687]]]}},{"type":"Feature","properties":{"natural":"water"},"geometry":{"type":"Polygon","coordinates":[[[-97.773249,30.14588],[-97.773316,30.145463],[-97.773225,30.145401],[-97.773012,30.145597],[-97.773003,30.14565],[-97.773097,30.145772],[-97.773249,30.14588]]]}},{"type":"Feature","properties":{"natural":"water"},"geometry":{"type":"Polygon","coordinates":[[[-97.778217,30.14671],[-97.778217,30.146738],[-97.778177,30.146768],[-97.777901,30.146719],[-97.777784,30.146791],[-97.77789,30.146591],[-97.777953,30.146542],[-97.778032,30.14653],[-97.778113,30.146565],[-97.7782,30.146668],[-97.778217,30.14671]]]}},{"type":"Feature","properties":{"natural":"water"},"geometry":{"type":"Polygon","coordinates":[[[-97.795682,30.137714],[-97.795505,30.138202],[-97.795588,30.138223],[-97.795377,30.138728],[-97.795199,30.138687],[-97.795446,30.137334],[-97.795682,30.137714]]]}},{"type":"Feature","properties":{"natural":"water"},"geometry":{"type":"Polygon","coordinates":[[[-97.784536,30.137859],[-97.78503,30.137851],[-97.785081,30.137793],[-97.785279,30.137821],[-97.785336,30.137883],[-97.785961,30.138359],[-97.786124,30.138568],[-97.786208,30.138584],[-97.786363,30.138781],[-97.78662,30.138999],[-97.786698,30.139001],[-97.786717,30.139041],[-97.787066,30.13927],[-97.787051,30.139153],[-97.787005,30.139081],[-97.787044,30.139043],[-97.786765,30.138909],[-97.78665,30.138941],[-97.786551,30.138869],[-97.786524,30.13873],[-97.786106,30.138352],[-97.785489,30.137835],[-97.785253,30.137719],[-97.785067,30.137698],[-97.784537,30.137721],[-97.784536,30.137859]]]}},{"type":"Feature","properties":{"natural":"water"},"geometry":{"type":"Polygon","coordinates":[[[-97.780381,30.153401],[-97.780408,30.153619],[-97.780467,30.153724],[-97.780568,30.153984],[-97.780601,30.154253],[-97.780586,30.15442],[-97.780236,30.155286],[-97.780148,30.155691],[-97.780076,30.156127],[-97.779973,30.156387],[-97.779878,30.156561],[-97.779783,30.156656],[-97.779204,30.157035],[-97.778656,30.157277],[-97.778339,30.157357],[-97.778277,30.15735],[-97.778177,30.157288],[-97.777997,30.157277],[-97.777876,30.157317],[-97.777426,30.15735],[-97.777289,30.157395],[-97.777227,30.157468],[-97.777045,30.15752],[-97.776563,30.157602],[-97.776322,30.15766],[-97.776072,30.157684],[-97.775905,30.157637],[-97.774832,30.157237],[-97.774595,30.157217],[-97.774484,30.157184],[-97.774296,30.157201],[-97.773553,30.157048],[-97.773141,30.157048],[-97.772377,30.157117],[-97.772279,30.157188],[-97.77162,30.157335],[-97.77143,30.157522],[-97.771198,30.157686],[-97.771106,30.157925],[-97.771049,30.158212],[-97.770931,30.158461],[-97.770887,30.158476],[-97.770812,30.15859],[-97.770699,30.158705],[-97.770388,30.158932],[-97.770339,30.158995],[-97.769878,30.159195],[-97.769892,30.159371],[-97.770583,30.15905],[-97.770807,30.15889],[-97.771028,30.158672],[-97.771149,30.158447],[-97.771255,30.158187],[-97.771278,30.157985],[-97.771278,30.15776],[-97.771345,30.157673],[-97.771512,30.15762],[-97.771715,30.157486],[-97.772076,30.15733],[-97.772832,30.157217],[-97.772958,30.157235],[-97.773265,30.15723],[-97.773712,30.15725],[-97.77425,30.157339],[-97.774358,30.157313],[-97.774899,30.157395],[-97.775493,30.157584],[-97.775771,30.157722],[-97.776113,30.157804],[-97.776314,30.157824],[-97.776512,30.157798],[-97.777042,30.157671],[-97.778053,30.157477],[-97.778259,30.157502],[-97.778563,30.157451],[-97.779047,30.157286],[-97.779487,30.157061],[-97.779806,30.156848],[-97.78005,30.156592],[-97.780197,30.156314],[-97.780264,30.15606],[-97.780308,30.155777],[-97.780321,30.155577],[-97.780411,30.155192],[-97.780704,30.154536],[-97.780768,30.154318],[-97.780755,30.154069],[-97.780521,30.153537],[-97.780526,30.153348],[-97.780463,30.153288],[-97.780381,30.153401]]]}},{"type":"Feature","properties":{"natural":"water"},"geometry":{"type":"Polygon","coordinates":[[[-97.802362,30.139638],[-97.802052,30.139517],[-97.802122,30.139391],[-97.802273,30.13945],[-97.802375,30.139596],[-97.802362,30.139638]]]}},{"type":"Feature","properties":{"natural":"water"},"geometry":{"type":"Polygon","coordinates":[[[-97.797576,30.139947],[-97.797475,30.140193],[-97.797382,30.140165],[-97.797482,30.139918],[-97.797576,30.139947]]]}},{"type":"Feature","properties":{"natural":"water"},"geometry":{"type":"Polygon","coordinates":[[[-97.797609,30.139854],[-97.797582,30.139917],[-97.797497,30.139891],[-97.797523,30.139827],[-97.797609,30.139854]]]}},{"type":"Feature","properties":{"natural":"water"},"geometry":{"type":"Polygon","coordinates":[[[-97.804637,30.141469],[-97.80454,30.14162],[-97.804398,30.141551],[-97.804495,30.1414],[-97.804637,30.141469]]]}},{"type":"Feature","properties":{"natural":"water"},"geometry":{"type":"Polygon","coordinates":[[[-97.805179,30.141705],[-97.804992,30.141977],[-97.804929,30.141945],[-97.805115,30.141672],[-97.805179,30.141705]]]}},{"type":"Feature","properties":{"natural":"water"},"geometry":{"type":"Polygon","coordinates":[[[-97.803628,30.142239],[-97.803549,30.142358],[-97.803362,30.142265],[-97.803441,30.142146],[-97.803628,30.142239]]]}},{"type":"Feature","properties":{"natural":"water"},"geometry":{"type":"Polygon","coordinates":[[[-97.79648,30.144434],[-97.796436,30.144547],[-97.796357,30.14452],[-97.796345,30.144494],[-97.795434,30.144239],[-97.795251,30.144278],[-97.79516,30.144254],[-97.795216,30.144097],[-97.79648,30.144434]]]}},{"type":"Feature","properties":{"natural":"water"},"geometry":{"type":"Polygon","coordinates":[[[-97.800373,30.168523],[-97.800038,30.16863],[-97.799913,30.168595],[-97.800001,30.168365],[-97.800316,30.16835],[-97.800373,30.168523]]]}},{"type":"Feature","properties":{"natural":"water"},"geometry":{"type":"Polygon","coordinates":[[[-97.800874,30.135],[-97.800637,30.135342],[-97.80054,30.135399],[-97.799709,30.135498],[-97.798551,30.135609],[-97.797364,30.135251],[-97.797336,30.135363],[-97.797664,30.135493],[-97.799043,30.135835],[-97.800662,30.135455],[-97.800833,30.135261],[-97.800913,30.135254],[-97.800874,30.135]]]}},{"type":"Feature","properties":{"natural":"water"},"geometry":{"type":"Polygon","coordinates":[[[-97.757687,30.169911],[-97.757962,30.170009],[-97.757851,30.170241],[-97.757576,30.170144],[-97.757687,30.169911]]]}},{"type":"Feature","properties":{"natural":"water"},"geometry":{"type":"Polygon","coordinates":[[[-97.786057,30.139986],[-97.784892,30.139463],[-97.78437,30.139247],[-97.78386,30.1391],[-97.78366,30.138973],[-97.783424,30.138704],[-97.782985,30.137766],[-97.782639,30.136971],[-97.782379,30.136836],[-97.782559,30.137126],[-97.783204,30.138603],[-97.783354,30.138861],[-97.783763,30.139147],[-97.784267,30.139301],[-97.785348,30.139758],[-97.786081,30.140089],[-97.786057,30.139986]]]}},{"type":"Feature","properties":{"natural":"wood"},"geometry":{"type":"Polygon","coordinates":[[[-97.777986,30.172275],[-97.778008,30.172269],[-97.777903,30.171985],[-97.777617,30.171502],[-97.777399,30.171429],[-97.777064,30.171445],[-97.777032,30.17129],[-97.776762,30.171251],[-97.776365,30.171153],[-97.775807,30.171232],[-97.775373,30.171204],[-97.774353,30.17119],[-97.773372,30.17106],[-97.772857,30.170717],[-97.772969,30.170356],[-97.772798,30.169734],[-97.772572,30.169938],[-97.772347,30.170397],[-97.771478,30.170856],[-97.771108,30.170903],[-97.770759,30.170634],[-97.7707,30.170328],[-97.770684,30.170008],[-97.770555,30.169887],[-97.770158,30.169961],[-97.76992,30.169923],[-97.769714,30.170162],[-97.769511,30.170224],[-97.769493,30.170133],[-97.769616,30.170044],[-97.769664,30.169881],[-97.769584,30.169869],[-97.769473,30.169815],[-97.769458,30.169928],[-97.768835,30.169915],[-97.768769,30.170722],[-97.770116,30.170672],[-97.770337,30.170824],[-97.770478,30.171306],[-97.770478,30.17148],[-97.770323,30.171801],[-97.770909,30.171742],[-97.771285,30.171801],[-97.771601,30.171773],[-97.771729,30.171706],[-97.771784,30.171611],[-97.771967,30.171639],[-97.771995,30.171761],[-97.771857,30.171912],[-97.77172,30.172387],[-97.77134,30.17251],[-97.771431,30.173092],[-97.771544,30.173544],[-97.771424,30.173944],[-97.774328,30.175233],[-97.774415,30.175461],[-97.774391,30.175612],[-97.774248,30.175598],[-97.773737,30.17544],[-97.773179,30.175495],[-97.773211,30.17822],[-97.7735,30.177999],[-97.773854,30.177894],[-97.774488,30.178047],[-97.774743,30.178057],[-97.775371,30.178258],[-97.77545,30.1785],[-97.775213,30.178979],[-97.775481,30.179095],[-97.775645,30.178837],[-97.775798,30.178737],[-97.776109,30.178726],[-97.777133,30.179641],[-97.778401,30.177618],[-97.777164,30.177768],[-97.777123,30.1774],[-97.77738,30.177259],[-97.777037,30.177064],[-97.777638,30.175956],[-97.777143,30.175756],[-97.776784,30.17641],[-97.77655,30.176311],[-97.776834,30.175808],[-97.776669,30.175741],[-97.776762,30.175601],[-97.776699,30.175576],[-97.776136,30.175784],[-97.77568,30.17578],[-97.774966,30.175163],[-97.774923,30.174727],[-97.775224,30.174333],[-97.775653,30.174161],[-97.775637,30.17399],[-97.775385,30.173888],[-97.774264,30.173966],[-97.772482,30.173693],[-97.772145,30.173549],[-97.772263,30.172594],[-97.772515,30.172135],[-97.773346,30.172074],[-97.773716,30.172515],[-97.773877,30.172635],[-97.774778,30.172775],[-97.774888,30.172627],[-97.774395,30.172314],[-97.774431,30.172253],[-97.774839,30.172013],[-97.775498,30.171859],[-97.775582,30.172029],[-97.775686,30.172122],[-97.776059,30.172047],[-97.776421,30.171836],[-97.776802,30.17185],[-97.777266,30.172279],[-97.777575,30.172388],[-97.777986,30.172275]]]}},{"type":"Feature","properties":{"natural":"water"},"geometry":{"type":"Polygon","coordinates":[[[-97.783213,30.151713],[-97.783132,30.151928],[-97.782766,30.151825],[-97.782846,30.15161],[-97.783213,30.151713]]]}},{"type":"Feature","properties":{"leisure":"park"},"geometry":{"type":"Polygon","coordinates":[[[-97.811632,30.075786],[-97.81152,30.075944],[-97.811387,30.076226],[-97.810911,30.077535],[-97.809987,30.077303],[-97.808866,30.076517],[-97.808848,30.075556],[-97.80887,30.075516],[-97.808945,30.075484],[-97.810754,30.07546],[-97.811011,30.075482],[-97.811386,30.075597],[-97.811619,30.075715],[-97.811632,30.075786]]]}},{"type":"Feature","properties":{"natural":"water"},"geometry":{"type":"Polygon","coordinates":[[[-97.814203,30.073331],[-97.814158,30.07339],[-97.814103,30.073571],[-97.814105,30.073673],[-97.814127,30.07373],[-97.814116,30.073761],[-97.814048,30.073807],[-97.813974,30.07382],[-97.813932,30.073805],[-97.813832,30.073863],[-97.81379,30.073859],[-97.813759,30.073847],[-97.813744,30.073818],[-97.81377,30.073594],[-97.813682,30.073498],[-97.813573,30.073456],[-97.813358,30.073469],[-97.813296,30.073454],[-97.813101,30.073306],[-97.812803,30.073181],[-97.81273,30.073122],[-97.812699,30.073039],[-97.812715,30.072941],[-97.812797,30.072863],[-97.812987,30.072744],[-97.813054,30.072734],[-97.813182,30.072763],[-97.81338,30.072866],[-97.813435,30.072916],[-97.813533,30.073058],[-97.813673,30.073163],[-97.813826,30.073241],[-97.813959,30.073283],[-97.814167,30.073293],[-97.814194,30.073302],[-97.814203,30.073331]]]}},{"type":"Feature","properties":{"leisure":"park"},"geometry":{"type":"Polygon","coordinates":[[[-97.798799,30.076537],[-97.798679,30.076568],[-97.798508,30.076654],[-97.797615,30.07747],[-97.797495,30.077533],[-97.797435,30.077537],[-97.797314,30.077488],[-97.796308,30.076647],[-97.79616,30.076591],[-97.796063,30.07658],[-97.796046,30.076343],[-97.796437,30.076049],[-97.796837,30.075665],[-97.796999,30.075351],[-97.797042,30.075069],[-97.797025,30.074557],[-97.797646,30.07455],[-97.797681,30.074995],[-97.797746,30.075243],[-97.797816,30.075425],[-97.797995,30.075701],[-97.798261,30.075974],[-97.798547,30.076179],[-97.798852,30.076319],[-97.798799,30.076537]]]}},{"type":"Feature","properties":{"natural":"water"},"geometry":{"type":"Polygon","coordinates":[[[-97.815703,30.074804],[-97.815687,30.074823],[-97.815648,30.074817],[-97.815505,30.074719],[-97.815326,30.074571],[-97.815246,30.074441],[-97.81505,30.074289],[-97.814905,30.074231],[-97.814739,30.074205],[-97.814457,30.074188],[-97.814418,30.074156],[-97.814379,30.074036],[-97.814395,30.073978],[-97.814431,30.073964],[-97.814558,30.073987],[-97.814671,30.073909],[-97.814818,30.073862],[-97.814884,30.073878],[-97.814981,30.073932],[-97.815054,30.074013],[-97.815255,30.074332],[-97.815356,30.074413],[-97.815494,30.074494],[-97.815575,30.074603],[-97.815625,30.07471],[-97.815694,30.074776],[-97.815703,30.074804]]]}},{"type":"Feature","properties":{"natural":"water"},"geometry":{"type":"Polygon","coordinates":[[[-97.821462,30.077909],[-97.821381,30.078066],[-97.821273,30.078024],[-97.821355,30.077867],[-97.821462,30.077909]]]}},{"type":"Feature","properties":{"natural":"water"},"geometry":{"type":"Polygon","coordinates":[[[-97.821694,30.081937],[-97.821546,30.082215],[-97.821048,30.082015],[-97.821197,30.081738],[-97.821694,30.081937]]]}},{"type":"Feature","properties":{"natural":"water"},"geometry":{"type":"Polygon","coordinates":[[[-97.821492,30.082285],[-97.821308,30.08263],[-97.820832,30.08244],[-97.821016,30.082096],[-97.821492,30.082285]]]}},{"type":"Feature","properties":{"natural":"water"},"geometry":{"type":"Polygon","coordinates":[[[-97.794498,30.060861],[-97.794472,30.060914],[-97.794423,30.06095],[-97.79435,30.060961],[-97.794286,30.06094],[-97.794243,30.060897],[-97.794228,30.06085],[-97.794246,30.060799],[-97.794286,30.060758],[-97.794347,30.060731],[-97.794409,30.060745],[-97.794481,30.06079],[-97.794498,30.060861]]]}}],"attribution":"© OpenStreetMap contributors"}
