{"type":"FeatureCollection","features":[{"type":"Feature","properties":{"class":"drain","via":"tagged"},"geometry":{"type":"Point","coordinates":[-97.84242,30.16032]}},{"type":"Feature","properties":{"class":"drain","via":"tagged"},"geometry":{"type":"Point","coordinates":[-97.85563,30.15393]}},{"type":"Feature","properties":{"class":"drain","via":"tagged"},"geometry":{"type":"Point","coordinates":[-97.85459,30.15335]}},{"type":"Feature","properties":{"class":"drain","via":"tagged"},"geometry":{"type":"Point","coordinates":[-97.83803,30.1593]}},{"type":"Feature","properties":{"class":"drain","via":"tagged"},"geometry":{"type":"Point","coordinates":[-97.83854,30.15921]}},{"type":"Feature","properties":{"class":"drain","via":"tagged"},"geometry":{"type":"Point","coordinates":[-97.83872,30.16003]}},{"type":"Feature","properties":{"class":"drain","via":"tagged"},"geometry":{"type":"Point","coordinates":[-97.92167,30.06784]}},{"type":"Feature","properties":{"class":"drain","via":"tagged"},"geometry":{"type":"Point","coordinates":[-97.92362,30.06784]}},{"type":"Feature","properties":{"class":"drain","via":"tagged"},"geometry":{"type":"Point","coordinates":[-97.92178,30.06784]}},{"type":"Feature","properties":{"class":"drain","via":"tagged"},"geometry":{"type":"Point","coordinates":[-97.87795,30.09777]}},{"type":"Feature","properties":{"class":"drain","via":"tagged"},"geometry":{"type":"Point","coordinates":[-97.78578,30.16515]}},{"type":"Feature","properties":{"class":"drain","via":"tagged"},"geometry":{"type":"Point","coordinates":[-97.82083,30.17218]}},{"type":"Feature","properties":{"class":"drain","via":"tagged"},"geometry":{"type":"Point","coordinates":[-97.80555,30.16994]}},{"type":"Feature","properties":{"class":"drain","via":"tagged"},"geometry":{"type":"Point","coordinates":[-97.79542,30.15738]}},{"type":"Feature","properties":{"class":"drain","via":"tagged"},"geometry":{"type":"Point","coordinates":[-97.72518,30.08136]}},{"type":"Feature","properties":{"class":"drain","via":"tagged"},"geometry":{"type":"Point","coordinates":[-97.76247,30.15188]}},{"type":"Feature","properties":{"class":"drain","via":"tagged"},"geometry":{"type":"Point","coordinates":[-97.76064,30.14686]}},{"type":"Feature","properties":{"class":"drain","via":"tagged"},"geometry":{"type":"Point","coordinates":[-97.81446,30.16124]}},{"type":"Feature","properties":{"class":"drain","via":"tagged"},"geometry":{"type":"Point","coordinates":[-97.81418,30.16134]}},{"type":"Feature","properties":{"class":"drain","via":"tagged"},"geometry":{"type":"Point","coordinates":[-97.75426,30.15117]}},{"type":"Feature","properties":{"class":"drain","via":"tagged"},"geometry":{"type":"Point","coordinates":[-97.75364,30.15183]}},{"type":"Feature","properties":{"class":"drain","via":"tagged"},"geometry":{"type":"Point","coordinates":[-97.75309,30.15328]}},{"type":"Feature","properties":{"class":"drain","via":"tagged"},"geometry":{"type":"Point","coordinates":[-97.75284,30.15403]}},{"type":"Feature","properties":{"class":"drain","via":"tagged"},"geometry":{"type":"Point","coordinates":[-97.75223,30.15414]}},{"type":"Feature","properties":{"class":"drain","via":"tagged"},"geometry":{"type":"Point","coordinates":[-97.7485,30.15518]}},{"type":"Feature","properties":{"class":"drain","via":"tagged"},"geometry":{"type":"Point","coordinates":[-97.7532,30.15672]}},{"type":"Feature","properties":{"class":"drain","via":"tagged"},"geometry":{"type":"Point","coordinates":[-97.75324,30.15617]}},{"type":"Feature","properties":{"class":"drain","via":"tagged"},"geometry":{"type":"Point","coordinates":[-97.75298,30.15494]}},{"type":"Feature","properties":{"class":"drain","via":"tagged"},"geometry":{"type":"Point","coordinates":[-97.81693,30.16165]}},{"type":"Feature","properties":{"class":"drain","via":"tagged"},"geometry":{"type":"Point","coordinates":[-97.81295,30.16125]}},{"type":"Feature","properties":{"class":"drain","via":"tagged"},"geometry":{"type":"Point","coordinates":[-97.81725,30.16165]}},{"type":"Feature","properties":{"class":"drain","via":"tagged"},"geometry":{"type":"Point","coordinates":[-97.80966,30.16938]}},{"type":"Feature","properties":{"class":"canal","via":"tagged"},"geometry":{"type":"Point","coordinates":[-97.79074,30.10115]}},{"type":"Feature","properties":{"class":"drain","via":"tagged"},"geometry":{"type":"Point","coordinates":[-97.76209,30.1541]}},{"type":"Feature","properties":{"class":"drain","via":"tagged"},"geometry":{"type":"Point","coordinates":[-97.76053,30.15627]}},{"type":"Feature","properties":{"class":"drain","via":"tagged"},"geometry":{"type":"Point","coordinates":[-97.74242,30.15128]}},{"type":"Feature","properties":{"class":"drain","via":"tagged"},"geometry":{"type":"Point","coordinates":[-97.73859,30.14943]}},{"type":"Feature","properties":{"class":"drain","via":"tagged"},"geometry":{"type":"Point","coordinates":[-97.74058,30.15041]}},{"type":"Feature","properties":{"class":"drain","via":"tagged"},"geometry":{"type":"Point","coordinates":[-97.74288,30.1515]}},{"type":"Feature","properties":{"class":"drain","via":"tagged"},"geometry":{"type":"Point","coordinates":[-97.74259,30.15136]}},{"type":"Feature","properties":{"class":"drain","via":"tagged"},"geometry":{"type":"Point","coordinates":[-97.73948,30.14632]}},{"type":"Feature","properties":{"class":"drain","via":"tagged"},"geometry":{"type":"Point","coordinates":[-97.7387,30.14916]}},{"type":"Feature","properties":{"class":"drain","via":"tagged"},"geometry":{"type":"Point","coordinates":[-97.73927,30.14745]}},{"type":"Feature","properties":{"class":"drain","via":"tagged"},"geometry":{"type":"Point","coordinates":[-97.73935,30.14684]}},{"type":"Feature","properties":{"class":"drain","via":"tagged"},"geometry":{"type":"Point","coordinates":[-97.74172,30.14657]}},{"type":"Feature","properties":{"class":"drain","via":"tagged"},"geometry":{"type":"Point","coordinates":[-97.74151,30.14654]}},{"type":"Feature","properties":{"class":"drain","via":"tagged"},"geometry":{"type":"Point","coordinates":[-97.76789,30.13217]}},{"type":"Feature","properties":{"class":"drain","via":"tagged"},"geometry":{"type":"Point","coordinates":[-97.80947,30.08799]}},{"type":"Feature","properties":{"class":"drain","via":"tagged"},"geometry":{"type":"Point","coordinates":[-97.81116,30.08734]}},{"type":"Feature","properties":{"class":"drain","via":"tagged"},"geometry":{"type":"Point","coordinates":[-97.81029,30.08734]}},{"type":"Feature","properties":{"class":"drain","via":"tagged"},"geometry":{"type":"Point","coordinates":[-97.81116,30.08706]}},{"type":"Feature","properties":{"class":"drain","via":"tagged"},"geometry":{"type":"Point","coordinates":[-97.81116,30.08726]}},{"type":"Feature","properties":{"class":"drain","via":"tagged"},"geometry":{"type":"Point","coordinates":[-97.81054,30.09035]}},{"type":"Feature","properties":{"class":"drain","via":"tagged"},"geometry":{"type":"Point","coordinates":[-97.81064,30.09412]}},{"type":"Feature","properties":{"class":"drain","via":"tagged"},"geometry":{"type":"Point","coordinates":[-97.75467,30.15079]}},{"type":"Feature","properties":{"class":"drain","via":"tagged"},"geometry":{"type":"Point","coordinates":[-97.75432,30.15047]}},{"type":"Feature","properties":{"class":"drain","via":"tagged"},"geometry":{"type":"Point","coordinates":[-97.7546,30.15068]}},{"type":"Feature","properties":{"class":"drain","via":"tagged"},"geometry":{"type":"Point","coordinates":[-97.75846,30.15764]}},{"type":"Feature","properties":{"class":"drain","via":"tagged"},"geometry":{"type":"Point","coordinates":[-97.76266,30.17091]}},{"type":"Feature","properties":{"class":"drain","via":"tagged"},"geometry":{"type":"Point","coordinates":[-97.63802,30.15836]}},{"type":"Feature","properties":{"class":"drain","via":"tagged"},"geometry":{"type":"Point","coordinates":[-97.637,30.15796]}},{"type":"Feature","properties":{"class":"drain","via":"tagged"},"geometry":{"type":"Point","coordinates":[-97.63706,30.15798]}},{"type":"Feature","properties":{"class":"drain","via":"tagged"},"geometry":{"type":"Point","coordinates":[-97.63913,30.1585]}},{"type":"Feature","properties":{"class":"drain","via":"tagged"},"geometry":{"type":"Point","coordinates":[-97.64039,30.15858]}},{"type":"Feature","properties":{"class":"drain","via":"tagged"},"geometry":{"type":"Point","coordinates":[-97.64028,30.13109]}},{"type":"Feature","properties":{"class":"drain","via":"tagged"},"geometry":{"type":"Point","coordinates":[-97.64072,30.13138]}},{"type":"Feature","properties":{"class":"drain","via":"tagged"},"geometry":{"type":"Point","coordinates":[-97.64162,30.13201]}},{"type":"Feature","properties":{"class":"drain","via":"tagged"},"geometry":{"type":"Point","coordinates":[-97.64213,30.13236]}},{"type":"Feature","properties":{"class":"drain","via":"tagged"},"geometry":{"type":"Point","coordinates":[-97.64243,30.13255]}},{"type":"Feature","properties":{"class":"drain","via":"tagged"},"geometry":{"type":"Point","coordinates":[-97.64343,30.13325]}},{"type":"Feature","properties":{"class":"drain","via":"tagged"},"geometry":{"type":"Point","coordinates":[-97.6404,30.15865]}},{"type":"Feature","properties":{"class":"drain","via":"tagged"},"geometry":{"type":"Point","coordinates":[-97.63931,30.15847]}},{"type":"Feature","properties":{"class":"drain","via":"tagged"},"geometry":{"type":"Point","coordinates":[-97.49643,30.08367]}},{"type":"Feature","properties":{"class":"spring","via":"named","name":"Clear Springs Lake"},"geometry":{"type":"Point","coordinates":[-97.46837,30.11643]}},{"type":"Feature","properties":{"class":"drain","via":"tagged"},"geometry":{"type":"Point","coordinates":[-97.30717,30.10643]}},{"type":"Feature","properties":{"class":"drain","via":"tagged"},"geometry":{"type":"Point","coordinates":[-97.85566,30.18698]}},{"type":"Feature","properties":{"class":"drain","via":"tagged"},"geometry":{"type":"Point","coordinates":[-97.85561,30.18695]}},{"type":"Feature","properties":{"class":"drain","via":"tagged"},"geometry":{"type":"Point","coordinates":[-97.86012,30.21874]}},{"type":"Feature","properties":{"class":"drain","via":"tagged"},"geometry":{"type":"Point","coordinates":[-97.85524,30.21664]}},{"type":"Feature","properties":{"class":"drain","via":"tagged"},"geometry":{"type":"Point","coordinates":[-97.84422,30.22081]}},{"type":"Feature","properties":{"class":"drain","via":"tagged"},"geometry":{"type":"Point","coordinates":[-97.8565,30.21943]}},{"type":"Feature","properties":{"class":"drain","via":"tagged"},"geometry":{"type":"Point","coordinates":[-97.84901,30.21326]}},{"type":"Feature","properties":{"class":"drain","via":"tagged"},"geometry":{"type":"Point","coordinates":[-97.85071,30.20801]}},{"type":"Feature","properties":{"class":"drain","via":"tagged"},"geometry":{"type":"Point","coordinates":[-97.85198,30.20465]}},{"type":"Feature","properties":{"class":"drain","via":"tagged"},"geometry":{"type":"Point","coordinates":[-97.86028,30.20767]}},{"type":"Feature","properties":{"class":"drain","via":"tagged"},"geometry":{"type":"Point","coordinates":[-97.875,30.20124]}},{"type":"Feature","properties":{"class":"drain","via":"tagged"},"geometry":{"type":"Point","coordinates":[-97.87448,30.20055]}},{"type":"Feature","properties":{"class":"drain","via":"tagged"},"geometry":{"type":"Point","coordinates":[-97.84495,30.20166]}},{"type":"Feature","properties":{"class":"drain","via":"tagged"},"geometry":{"type":"Point","coordinates":[-97.84849,30.26485]}},{"type":"Feature","properties":{"class":"drain","via":"tagged"},"geometry":{"type":"Point","coordinates":[-97.87911,30.2778]}},{"type":"Feature","properties":{"class":"drain","via":"tagged"},"geometry":{"type":"Point","coordinates":[-97.8433,30.22934]}},{"type":"Feature","properties":{"class":"drain","via":"tagged"},"geometry":{"type":"Point","coordinates":[-97.84334,30.19975]}},{"type":"Feature","properties":{"class":"drain","via":"tagged"},"geometry":{"type":"Point","coordinates":[-97.84334,30.19975]}},{"type":"Feature","properties":{"class":"drain","via":"tagged"},"geometry":{"type":"Point","coordinates":[-97.83478,30.21041]}},{"type":"Feature","properties":{"class":"drain","via":"tagged"},"geometry":{"type":"Point","coordinates":[-97.85589,30.20532]}},{"type":"Feature","properties":{"class":"drain","via":"tagged"},"geometry":{"type":"Point","coordinates":[-97.84724,30.21144]}},{"type":"Feature","properties":{"class":"drain","via":"tagged"},"geometry":{"type":"Point","coordinates":[-97.84722,30.20587]}},{"type":"Feature","properties":{"class":"drain","via":"tagged"},"geometry":{"type":"Point","coordinates":[-97.92249,30.18245]}},{"type":"Feature","properties":{"class":"drain","via":"tagged"},"geometry":{"type":"Point","coordinates":[-97.84301,30.17281]}},{"type":"Feature","properties":{"class":"drain","via":"tagged"},"geometry":{"type":"Point","coordinates":[-97.83359,30.17677]}},{"type":"Feature","properties":{"class":"drain","via":"tagged"},"geometry":{"type":"Point","coordinates":[-97.83626,30.17967]}},{"type":"Feature","properties":{"class":"spring","via":"named","name":"Courtyard Spring"},"geometry":{"type":"Point","coordinates":[-97.87337,30.18564]}},{"type":"Feature","properties":{"class":"drain","via":"tagged"},"geometry":{"type":"Point","coordinates":[-97.83338,30.19577]}},{"type":"Feature","properties":{"class":"drain","via":"tagged"},"geometry":{"type":"Point","coordinates":[-97.85328,30.20535]}},{"type":"Feature","properties":{"class":"drain","via":"tagged"},"geometry":{"type":"Point","coordinates":[-97.85608,30.20682]}},{"type":"Feature","properties":{"class":"drain","via":"tagged"},"geometry":{"type":"Point","coordinates":[-97.83761,30.17732]}},{"type":"Feature","properties":{"class":"drain","via":"tagged"},"geometry":{"type":"Point","coordinates":[-97.83696,30.17873]}},{"type":"Feature","properties":{"class":"drain","via":"tagged"},"geometry":{"type":"Point","coordinates":[-97.83647,30.17949]}},{"type":"Feature","properties":{"class":"drain","via":"tagged"},"geometry":{"type":"Point","coordinates":[-97.87316,30.19756]}},{"type":"Feature","properties":{"class":"drain","via":"tagged"},"geometry":{"type":"Point","coordinates":[-97.8745,30.20012]}},{"type":"Feature","properties":{"class":"drain","via":"tagged"},"geometry":{"type":"Point","coordinates":[-97.85752,30.21368]}},{"type":"Feature","properties":{"class":"drain","via":"tagged"},"geometry":{"type":"Point","coordinates":[-97.85523,30.21658]}},{"type":"Feature","properties":{"class":"drain","via":"tagged"},"geometry":{"type":"Point","coordinates":[-97.84693,30.21627]}},{"type":"Feature","properties":{"class":"drain","via":"tagged"},"geometry":{"type":"Point","coordinates":[-97.85037,30.21704]}},{"type":"Feature","properties":{"class":"drain","via":"tagged"},"geometry":{"type":"Point","coordinates":[-97.85047,30.2172]}},{"type":"Feature","properties":{"class":"drain","via":"tagged"},"geometry":{"type":"Point","coordinates":[-97.85805,30.20851]}},{"type":"Feature","properties":{"class":"drain","via":"tagged"},"geometry":{"type":"Point","coordinates":[-97.85827,30.20868]}},{"type":"Feature","properties":{"class":"drain","via":"tagged"},"geometry":{"type":"Point","coordinates":[-97.85842,30.20865]}},{"type":"Feature","properties":{"class":"drain","via":"tagged"},"geometry":{"type":"Point","coordinates":[-97.85839,30.20866]}},{"type":"Feature","properties":{"class":"drain","via":"tagged"},"geometry":{"type":"Point","coordinates":[-97.85668,30.20998]}},{"type":"Feature","properties":{"class":"drain","via":"tagged"},"geometry":{"type":"Point","coordinates":[-97.85732,30.21046]}},{"type":"Feature","properties":{"class":"drain","via":"tagged"},"geometry":{"type":"Point","coordinates":[-97.8569,30.21016]}},{"type":"Feature","properties":{"class":"drain","via":"tagged"},"geometry":{"type":"Point","coordinates":[-97.85553,30.21693]}},{"type":"Feature","properties":{"class":"drain","via":"tagged"},"geometry":{"type":"Point","coordinates":[-97.8555,30.21664]}},{"type":"Feature","properties":{"class":"drain","via":"tagged"},"geometry":{"type":"Point","coordinates":[-97.85397,30.21223]}},{"type":"Feature","properties":{"class":"drain","via":"tagged"},"geometry":{"type":"Point","coordinates":[-97.85387,30.21227]}},{"type":"Feature","properties":{"class":"drain","via":"tagged"},"geometry":{"type":"Point","coordinates":[-97.85796,30.21294]}},{"type":"Feature","properties":{"class":"drain","via":"tagged"},"geometry":{"type":"Point","coordinates":[-97.85631,30.2177]}},{"type":"Feature","properties":{"class":"drain","via":"tagged"},"geometry":{"type":"Point","coordinates":[-97.85778,30.21757]}},{"type":"Feature","properties":{"class":"drain","via":"tagged"},"geometry":{"type":"Point","coordinates":[-97.8575,30.21758]}},{"type":"Feature","properties":{"class":"drain","via":"tagged"},"geometry":{"type":"Point","coordinates":[-97.85797,30.21756]}},{"type":"Feature","properties":{"class":"drain","via":"tagged"},"geometry":{"type":"Point","coordinates":[-97.85885,30.21747]}},{"type":"Feature","properties":{"class":"drain","via":"tagged"},"geometry":{"type":"Point","coordinates":[-97.85939,30.21747]}},{"type":"Feature","properties":{"class":"drain","via":"tagged"},"geometry":{"type":"Point","coordinates":[-97.86003,30.21852]}},{"type":"Feature","properties":{"class":"drain","via":"tagged"},"geometry":{"type":"Point","coordinates":[-97.84658,30.21719]}},{"type":"Feature","properties":{"class":"drain","via":"tagged"},"geometry":{"type":"Point","coordinates":[-97.84687,30.21681]}},{"type":"Feature","properties":{"class":"drain","via":"tagged"},"geometry":{"type":"Point","coordinates":[-97.84491,30.22015]}},{"type":"Feature","properties":{"class":"drain","via":"tagged"},"geometry":{"type":"Point","coordinates":[-97.84651,30.21729]}},{"type":"Feature","properties":{"class":"drain","via":"tagged"},"geometry":{"type":"Point","coordinates":[-97.87337,30.20083]}},{"type":"Feature","properties":{"class":"drain","via":"tagged"},"geometry":{"type":"Point","coordinates":[-97.85359,30.20382]}},{"type":"Feature","properties":{"class":"drain","via":"tagged"},"geometry":{"type":"Point","coordinates":[-97.85438,30.20404]}},{"type":"Feature","properties":{"class":"drain","via":"tagged"},"geometry":{"type":"Point","coordinates":[-97.84704,30.21206]}},{"type":"Feature","properties":{"class":"drain","via":"tagged"},"geometry":{"type":"Point","coordinates":[-97.84708,30.2116]}},{"type":"Feature","properties":{"class":"drain","via":"tagged"},"geometry":{"type":"Point","coordinates":[-97.84825,30.20985]}},{"type":"Feature","properties":{"class":"drain","via":"tagged"},"geometry":{"type":"Point","coordinates":[-97.84774,30.21094]}},{"type":"Feature","properties":{"class":"drain","via":"tagged"},"geometry":{"type":"Point","coordinates":[-97.84785,30.21082]}},{"type":"Feature","properties":{"class":"drain","via":"tagged"},"geometry":{"type":"Point","coordinates":[-97.84808,30.21022]}},{"type":"Feature","properties":{"class":"drain","via":"tagged"},"geometry":{"type":"Point","coordinates":[-97.84801,30.20775]}},{"type":"Feature","properties":{"class":"drain","via":"tagged"},"geometry":{"type":"Point","coordinates":[-97.84783,30.20721]}},{"type":"Feature","properties":{"class":"drain","via":"tagged"},"geometry":{"type":"Point","coordinates":[-97.84778,30.20712]}},{"type":"Feature","properties":{"class":"drain","via":"tagged"},"geometry":{"type":"Point","coordinates":[-97.84728,30.206]}},{"type":"Feature","properties":{"class":"drain","via":"tagged"},"geometry":{"type":"Point","coordinates":[-97.84937,30.20716]}},{"type":"Feature","properties":{"class":"drain","via":"tagged"},"geometry":{"type":"Point","coordinates":[-97.84968,30.20737]}},{"type":"Feature","properties":{"class":"drain","via":"tagged"},"geometry":{"type":"Point","coordinates":[-97.84717,30.21335]}},{"type":"Feature","properties":{"class":"drain","via":"tagged"},"geometry":{"type":"Point","coordinates":[-97.8485,30.21329]}},{"type":"Feature","properties":{"class":"drain","via":"tagged"},"geometry":{"type":"Point","coordinates":[-97.84477,30.20194]}},{"type":"Feature","properties":{"class":"drain","via":"tagged"},"geometry":{"type":"Point","coordinates":[-97.83112,30.1839]}},{"type":"Feature","properties":{"class":"drain","via":"tagged"},"geometry":{"type":"Point","coordinates":[-97.83253,30.18084]}},{"type":"Feature","properties":{"class":"drain","via":"tagged"},"geometry":{"type":"Point","coordinates":[-97.83219,30.18215]}},{"type":"Feature","properties":{"class":"drain","via":"tagged"},"geometry":{"type":"Point","coordinates":[-97.83203,30.1825]}},{"type":"Feature","properties":{"class":"drain","via":"tagged"},"geometry":{"type":"Point","coordinates":[-97.83594,30.17651]}},{"type":"Feature","properties":{"class":"drain","via":"tagged"},"geometry":{"type":"Point","coordinates":[-97.88107,30.20268]}},{"type":"Feature","properties":{"class":"drain","via":"tagged"},"geometry":{"type":"Point","coordinates":[-97.87447,30.20079]}},{"type":"Feature","properties":{"class":"drain","via":"tagged"},"geometry":{"type":"Point","coordinates":[-97.88102,30.20305]}},{"type":"Feature","properties":{"class":"drain","via":"tagged"},"geometry":{"type":"Point","coordinates":[-97.88231,30.20261]}},{"type":"Feature","properties":{"class":"drain","via":"tagged"},"geometry":{"type":"Point","coordinates":[-97.86368,30.21899]}},{"type":"Feature","properties":{"class":"drain","via":"tagged"},"geometry":{"type":"Point","coordinates":[-97.86696,30.22183]}},{"type":"Feature","properties":{"class":"drain","via":"tagged"},"geometry":{"type":"Point","coordinates":[-97.86601,30.22126]}},{"type":"Feature","properties":{"class":"drain","via":"tagged"},"geometry":{"type":"Point","coordinates":[-97.86275,30.21639]}},{"type":"Feature","properties":{"class":"drain","via":"tagged"},"geometry":{"type":"Point","coordinates":[-97.86345,30.21879]}},{"type":"Feature","properties":{"class":"drain","via":"tagged"},"geometry":{"type":"Point","coordinates":[-97.87225,30.2008]}},{"type":"Feature","properties":{"class":"drain","via":"tagged"},"geometry":{"type":"Point","coordinates":[-97.91905,30.19889]}},{"type":"Feature","properties":{"class":"drain","via":"tagged"},"geometry":{"type":"Point","coordinates":[-97.91869,30.19813]}},{"type":"Feature","properties":{"class":"drain","via":"tagged"},"geometry":{"type":"Point","coordinates":[-97.91793,30.19598]}},{"type":"Feature","properties":{"class":"drain","via":"tagged"},"geometry":{"type":"Point","coordinates":[-97.91847,30.19663]}},{"type":"Feature","properties":{"class":"drain","via":"tagged"},"geometry":{"type":"Point","coordinates":[-97.85583,30.21772]}},{"type":"Feature","properties":{"class":"drain","via":"tagged"},"geometry":{"type":"Point","coordinates":[-97.87914,30.22554]}},{"type":"Feature","properties":{"class":"drain","via":"tagged"},"geometry":{"type":"Point","coordinates":[-97.87905,30.22536]}},{"type":"Feature","properties":{"class":"drain","via":"tagged"},"geometry":{"type":"Point","coordinates":[-97.87882,30.22469]}},{"type":"Feature","properties":{"class":"drain","via":"tagged"},"geometry":{"type":"Point","coordinates":[-97.87669,30.22602]}},{"type":"Feature","properties":{"class":"drain","via":"tagged"},"geometry":{"type":"Point","coordinates":[-97.87701,30.22554]}},{"type":"Feature","properties":{"class":"drain","via":"tagged"},"geometry":{"type":"Point","coordinates":[-97.87713,30.22511]}},{"type":"Feature","properties":{"class":"drain","via":"tagged"},"geometry":{"type":"Point","coordinates":[-97.87705,30.22484]}},{"type":"Feature","properties":{"class":"drain","via":"tagged"},"geometry":{"type":"Point","coordinates":[-97.87724,30.22419]}},{"type":"Feature","properties":{"class":"drain","via":"tagged"},"geometry":{"type":"Point","coordinates":[-97.85088,30.2183]}},{"type":"Feature","properties":{"class":"drain","via":"tagged"},"geometry":{"type":"Point","coordinates":[-97.85161,30.23791]}},{"type":"Feature","properties":{"class":"drain","via":"tagged"},"geometry":{"type":"Point","coordinates":[-97.85199,30.23766]}},{"type":"Feature","properties":{"class":"drain","via":"tagged"},"geometry":{"type":"Point","coordinates":[-97.85224,30.23743]}},{"type":"Feature","properties":{"class":"drain","via":"tagged"},"geometry":{"type":"Point","coordinates":[-97.88942,30.18178]}},{"type":"Feature","properties":{"class":"drain","via":"tagged"},"geometry":{"type":"Point","coordinates":[-97.88925,30.18161]}},{"type":"Feature","properties":{"class":"drain","via":"tagged"},"geometry":{"type":"Point","coordinates":[-97.88895,30.17873]}},{"type":"Feature","properties":{"class":"drain","via":"tagged"},"geometry":{"type":"Point","coordinates":[-97.92304,30.18279]}},{"type":"Feature","properties":{"class":"drain","via":"tagged"},"geometry":{"type":"Point","coordinates":[-97.91812,30.1823]}},{"type":"Feature","properties":{"class":"drain","via":"tagged"},"geometry":{"type":"Point","coordinates":[-97.92151,30.18248]}},{"type":"Feature","properties":{"class":"drain","via":"tagged"},"geometry":{"type":"Point","coordinates":[-97.92257,30.18104]}},{"type":"Feature","properties":{"class":"drain","via":"tagged"},"geometry":{"type":"Point","coordinates":[-97.92213,30.18112]}},{"type":"Feature","properties":{"class":"drain","via":"tagged"},"geometry":{"type":"Point","coordinates":[-97.92084,30.18137]}},{"type":"Feature","properties":{"class":"drain","via":"tagged"},"geometry":{"type":"Point","coordinates":[-97.92021,30.18183]}},{"type":"Feature","properties":{"class":"drain","via":"tagged"},"geometry":{"type":"Point","coordinates":[-97.92011,30.18217]}},{"type":"Feature","properties":{"class":"drain","via":"tagged"},"geometry":{"type":"Point","coordinates":[-97.88847,30.20504]}},{"type":"Feature","properties":{"class":"drain","via":"tagged"},"geometry":{"type":"Point","coordinates":[-97.89021,30.20779]}},{"type":"Feature","properties":{"class":"drain","via":"tagged"},"geometry":{"type":"Point","coordinates":[-97.85264,30.21334]}},{"type":"Feature","properties":{"class":"drain","via":"tagged"},"geometry":{"type":"Point","coordinates":[-97.85255,30.21333]}},{"type":"Feature","properties":{"class":"drain","via":"tagged"},"geometry":{"type":"Point","coordinates":[-97.85613,30.2056]}},{"type":"Feature","properties":{"class":"drain","via":"tagged"},"geometry":{"type":"Point","coordinates":[-97.856,30.20539]}},{"type":"Feature","properties":{"class":"drain","via":"tagged"},"geometry":{"type":"Point","coordinates":[-97.84545,30.20176]}},{"type":"Feature","properties":{"class":"drain","via":"tagged"},"geometry":{"type":"Point","coordinates":[-97.84568,30.20187]}},{"type":"Feature","properties":{"class":"drain","via":"tagged"},"geometry":{"type":"Point","coordinates":[-97.84489,30.2017]}},{"type":"Feature","properties":{"class":"drain","via":"tagged"},"geometry":{"type":"Point","coordinates":[-97.84582,30.20077]}},{"type":"Feature","properties":{"class":"drain","via":"tagged"},"geometry":{"type":"Point","coordinates":[-97.84495,30.20163]}},{"type":"Feature","properties":{"class":"drain","via":"tagged"},"geometry":{"type":"Point","coordinates":[-97.84489,30.2017]}},{"type":"Feature","properties":{"class":"drain","via":"tagged"},"geometry":{"type":"Point","coordinates":[-97.85732,30.21046]}},{"type":"Feature","properties":{"class":"drain","via":"tagged"},"geometry":{"type":"Point","coordinates":[-97.88336,30.20014]}},{"type":"Feature","properties":{"class":"drain","via":"tagged"},"geometry":{"type":"Point","coordinates":[-97.88274,30.20207]}},{"type":"Feature","properties":{"class":"drain","via":"tagged"},"geometry":{"type":"Point","coordinates":[-97.88258,30.2023]}},{"type":"Feature","properties":{"class":"drain","via":"tagged"},"geometry":{"type":"Point","coordinates":[-97.83275,30.18538]}},{"type":"Feature","properties":{"class":"drain","via":"tagged"},"geometry":{"type":"Point","coordinates":[-97.83302,30.18496]}},{"type":"Feature","properties":{"class":"drain","via":"tagged"},"geometry":{"type":"Point","coordinates":[-97.83315,30.18415]}},{"type":"Feature","properties":{"class":"drain","via":"tagged"},"geometry":{"type":"Point","coordinates":[-97.83309,30.18306]}},{"type":"Feature","properties":{"class":"drain","via":"tagged"},"geometry":{"type":"Point","coordinates":[-97.86567,30.23489]}},{"type":"Feature","properties":{"class":"drain","via":"tagged"},"geometry":{"type":"Point","coordinates":[-97.86645,30.2357]}},{"type":"Feature","properties":{"class":"drain","via":"tagged"},"geometry":{"type":"Point","coordinates":[-97.8664,30.23553]}},{"type":"Feature","properties":{"class":"drain","via":"tagged"},"geometry":{"type":"Point","coordinates":[-97.86685,30.23579]}},{"type":"Feature","properties":{"class":"drain","via":"tagged"},"geometry":{"type":"Point","coordinates":[-97.86646,30.23582]}},{"type":"Feature","properties":{"class":"drain","via":"tagged"},"geometry":{"type":"Point","coordinates":[-97.86336,30.23924]}},{"type":"Feature","properties":{"class":"drain","via":"tagged"},"geometry":{"type":"Point","coordinates":[-97.86277,30.23933]}},{"type":"Feature","properties":{"class":"drain","via":"tagged"},"geometry":{"type":"Point","coordinates":[-97.87617,30.25473]}},{"type":"Feature","properties":{"class":"drain","via":"tagged"},"geometry":{"type":"Point","coordinates":[-97.87555,30.2546]}},{"type":"Feature","properties":{"class":"drain","via":"tagged"},"geometry":{"type":"Point","coordinates":[-97.8756,30.25457]}},{"type":"Feature","properties":{"class":"drain","via":"tagged"},"geometry":{"type":"Point","coordinates":[-97.87573,30.25458]}},{"type":"Feature","properties":{"class":"drain","via":"tagged"},"geometry":{"type":"Point","coordinates":[-97.87595,30.25474]}},{"type":"Feature","properties":{"class":"drain","via":"tagged"},"geometry":{"type":"Point","coordinates":[-97.84668,30.20706]}},{"type":"Feature","properties":{"class":"drain","via":"tagged"},"geometry":{"type":"Point","coordinates":[-97.84701,30.2079]}},{"type":"Feature","properties":{"class":"drain","via":"tagged"},"geometry":{"type":"Point","coordinates":[-97.84532,30.20639]}},{"type":"Feature","properties":{"class":"drain","via":"tagged"},"geometry":{"type":"Point","coordinates":[-97.84552,30.20648]}},{"type":"Feature","properties":{"class":"drain","via":"tagged"},"geometry":{"type":"Point","coordinates":[-97.8469,30.20757]}},{"type":"Feature","properties":{"class":"drain","via":"tagged"},"geometry":{"type":"Point","coordinates":[-97.87808,30.27689]}},{"type":"Feature","properties":{"class":"drain","via":"tagged"},"geometry":{"type":"Point","coordinates":[-97.87892,30.27773]}},{"type":"Feature","properties":{"class":"drain","via":"tagged"},"geometry":{"type":"Point","coordinates":[-97.87693,30.27617]}},{"type":"Feature","properties":{"class":"drain","via":"tagged"},"geometry":{"type":"Point","coordinates":[-97.87713,30.2762]}},{"type":"Feature","properties":{"class":"drain","via":"tagged"},"geometry":{"type":"Point","coordinates":[-97.87663,30.21578]}},{"type":"Feature","properties":{"class":"drain","via":"tagged"},"geometry":{"type":"Point","coordinates":[-97.87529,30.21604]}},{"type":"Feature","properties":{"class":"drain","via":"tagged"},"geometry":{"type":"Point","coordinates":[-97.87602,30.21584]}},{"type":"Feature","properties":{"class":"drain","via":"tagged"},"geometry":{"type":"Point","coordinates":[-97.85344,30.17874]}},{"type":"Feature","properties":{"class":"drain","via":"tagged"},"geometry":{"type":"Point","coordinates":[-97.85303,30.17824]}},{"type":"Feature","properties":{"class":"drain","via":"tagged"},"geometry":{"type":"Point","coordinates":[-97.8531,30.17833]}},{"type":"Feature","properties":{"class":"drain","via":"tagged"},"geometry":{"type":"Point","coordinates":[-97.85281,30.17982]}},{"type":"Feature","properties":{"class":"drain","via":"tagged"},"geometry":{"type":"Point","coordinates":[-97.85303,30.17948]}},{"type":"Feature","properties":{"class":"drain","via":"tagged"},"geometry":{"type":"Point","coordinates":[-97.85137,30.18257]}},{"type":"Feature","properties":{"class":"drain","via":"tagged"},"geometry":{"type":"Point","coordinates":[-97.85383,30.1861]}},{"type":"Feature","properties":{"class":"drain","via":"tagged"},"geometry":{"type":"Point","coordinates":[-97.85562,30.18841]}},{"type":"Feature","properties":{"class":"drain","via":"tagged"},"geometry":{"type":"Point","coordinates":[-97.85617,30.18887]}},{"type":"Feature","properties":{"class":"drain","via":"tagged"},"geometry":{"type":"Point","coordinates":[-97.85113,30.18487]}},{"type":"Feature","properties":{"class":"drain","via":"tagged"},"geometry":{"type":"Point","coordinates":[-97.85072,30.18504]}},{"type":"Feature","properties":{"class":"drain","via":"tagged"},"geometry":{"type":"Point","coordinates":[-97.85065,30.18501]}},{"type":"Feature","properties":{"class":"drain","via":"tagged"},"geometry":{"type":"Point","coordinates":[-97.84628,30.18532]}},{"type":"Feature","properties":{"class":"drain","via":"tagged"},"geometry":{"type":"Point","coordinates":[-97.84611,30.18524]}},{"type":"Feature","properties":{"class":"drain","via":"tagged"},"geometry":{"type":"Point","coordinates":[-97.86522,30.23447]}},{"type":"Feature","properties":{"class":"drain","via":"tagged"},"geometry":{"type":"Point","coordinates":[-97.86532,30.23449]}},{"type":"Feature","properties":{"class":"drain","via":"tagged"},"geometry":{"type":"Point","coordinates":[-97.76573,30.27061]}},{"type":"Feature","properties":{"class":"drain","via":"tagged"},"geometry":{"type":"Point","coordinates":[-97.81908,30.22543]}},{"type":"Feature","properties":{"class":"drain","via":"tagged"},"geometry":{"type":"Point","coordinates":[-97.82285,30.22675]}},{"type":"Feature","properties":{"class":"drain","via":"tagged"},"geometry":{"type":"Point","coordinates":[-97.81274,30.22625]}},{"type":"Feature","properties":{"class":"drain","via":"tagged"},"geometry":{"type":"Point","coordinates":[-97.72199,30.22423]}},{"type":"Feature","properties":{"class":"drain","via":"tagged"},"geometry":{"type":"Point","coordinates":[-97.72165,30.22486]}},{"type":"Feature","properties":{"class":"drain","via":"tagged"},"geometry":{"type":"Point","coordinates":[-97.72211,30.22319]}},{"type":"Feature","properties":{"class":"drain","via":"tagged"},"geometry":{"type":"Point","coordinates":[-97.72156,30.2252]}},{"type":"Feature","properties":{"class":"drain","via":"tagged"},"geometry":{"type":"Point","coordinates":[-97.7237,30.2222]}},{"type":"Feature","properties":{"class":"drain","via":"tagged"},"geometry":{"type":"Point","coordinates":[-97.71722,30.21422]}},{"type":"Feature","properties":{"class":"drain","via":"tagged"},"geometry":{"type":"Point","coordinates":[-97.72365,30.22219]}},{"type":"Feature","properties":{"class":"drain","via":"tagged"},"geometry":{"type":"Point","coordinates":[-97.7998,30.22577]}},{"type":"Feature","properties":{"class":"drain","via":"tagged"},"geometry":{"type":"Point","coordinates":[-97.79994,30.22585]}},{"type":"Feature","properties":{"class":"drain","via":"tagged"},"geometry":{"type":"Point","coordinates":[-97.79071,30.18814]}},{"type":"Feature","properties":{"class":"drain","via":"tagged"},"geometry":{"type":"Point","coordinates":[-97.77063,30.26088]}},{"type":"Feature","properties":{"class":"drain","via":"tagged"},"geometry":{"type":"Point","coordinates":[-97.7288,30.22244]}},{"type":"Feature","properties":{"class":"drain","via":"tagged"},"geometry":{"type":"Point","coordinates":[-97.71794,30.22173]}},{"type":"Feature","properties":{"class":"drain","via":"tagged"},"geometry":{"type":"Point","coordinates":[-97.7101,30.23482]}},{"type":"Feature","properties":{"class":"drain","via":"tagged"},"geometry":{"type":"Point","coordinates":[-97.70923,30.24979]}},{"type":"Feature","properties":{"class":"drain","via":"tagged"},"geometry":{"type":"Point","coordinates":[-97.72319,30.24459]}},{"type":"Feature","properties":{"class":"drain","via":"tagged"},"geometry":{"type":"Point","coordinates":[-97.71608,30.23134]}},{"type":"Feature","properties":{"class":"drain","via":"tagged"},"geometry":{"type":"Point","coordinates":[-97.71713,30.23459]}},{"type":"Feature","properties":{"class":"drain","via":"tagged"},"geometry":{"type":"Point","coordinates":[-97.81934,30.22564]}},{"type":"Feature","properties":{"class":"drain","via":"tagged"},"geometry":{"type":"Point","coordinates":[-97.82285,30.22675]}},{"type":"Feature","properties":{"class":"drain","via":"tagged"},"geometry":{"type":"Point","coordinates":[-97.81766,30.22778]}},{"type":"Feature","properties":{"class":"drain","via":"tagged"},"geometry":{"type":"Point","coordinates":[-97.82131,30.18094]}},{"type":"Feature","properties":{"class":"drain","via":"tagged"},"geometry":{"type":"Point","coordinates":[-97.81957,30.22411]}},{"type":"Feature","properties":{"class":"drain","via":"tagged"},"geometry":{"type":"Point","coordinates":[-97.81963,30.22363]}},{"type":"Feature","properties":{"class":"drain","via":"tagged"},"geometry":{"type":"Point","coordinates":[-97.76469,30.27865]}},{"type":"Feature","properties":{"class":"drain","via":"tagged"},"geometry":{"type":"Point","coordinates":[-97.81614,30.22051]}},{"type":"Feature","properties":{"class":"drain","via":"tagged"},"geometry":{"type":"Point","coordinates":[-97.71305,30.26631]}},{"type":"Feature","properties":{"class":"drain","via":"tagged"},"geometry":{"type":"Point","coordinates":[-97.71416,30.26708]}},{"type":"Feature","properties":{"class":"drain","via":"tagged"},"geometry":{"type":"Point","coordinates":[-97.80969,30.21697]}},{"type":"Feature","properties":{"class":"drain","via":"tagged"},"geometry":{"type":"Point","coordinates":[-97.75545,30.17437]}},{"type":"Feature","properties":{"class":"drain","via":"tagged"},"geometry":{"type":"Point","coordinates":[-97.79887,30.22537]}},{"type":"Feature","properties":{"class":"drain","via":"tagged"},"geometry":{"type":"Point","coordinates":[-97.72837,30.24564]}},{"type":"Feature","properties":{"class":"drain","via":"tagged"},"geometry":{"type":"Point","coordinates":[-97.72299,30.24488]}},{"type":"Feature","properties":{"class":"drain","via":"tagged"},"geometry":{"type":"Point","coordinates":[-97.72253,30.24554]}},{"type":"Feature","properties":{"class":"drain","via":"tagged"},"geometry":{"type":"Point","coordinates":[-97.71086,30.20011]}},{"type":"Feature","properties":{"class":"drain","via":"tagged"},"geometry":{"type":"Point","coordinates":[-97.71103,30.20006]}},{"type":"Feature","properties":{"class":"drain","via":"tagged"},"geometry":{"type":"Point","coordinates":[-97.71132,30.19997]}},{"type":"Feature","properties":{"class":"drain","via":"tagged"},"geometry":{"type":"Point","coordinates":[-97.77535,30.17906]}},{"type":"Feature","properties":{"class":"drain","via":"tagged"},"geometry":{"type":"Point","coordinates":[-97.77475,30.17979]}},{"type":"Feature","properties":{"class":"drain","via":"tagged"},"geometry":{"type":"Point","coordinates":[-97.77434,30.18117]}},{"type":"Feature","properties":{"class":"drain","via":"tagged"},"geometry":{"type":"Point","coordinates":[-97.77402,30.18282]}},{"type":"Feature","properties":{"class":"drain","via":"tagged"},"geometry":{"type":"Point","coordinates":[-97.81616,30.26337]}},{"type":"Feature","properties":{"class":"drain","via":"tagged"},"geometry":{"type":"Point","coordinates":[-97.81732,30.27465]}},{"type":"Feature","properties":{"class":"drain","via":"tagged"},"geometry":{"type":"Point","coordinates":[-97.78791,30.18525]}},{"type":"Feature","properties":{"class":"drain","via":"tagged"},"geometry":{"type":"Point","coordinates":[-97.79045,30.18795]}},{"type":"Feature","properties":{"class":"drain","via":"tagged"},"geometry":{"type":"Point","coordinates":[-97.82812,30.17494]}},{"type":"Feature","properties":{"class":"drain","via":"tagged"},"geometry":{"type":"Point","coordinates":[-97.82772,30.17416]}},{"type":"Feature","properties":{"class":"drain","via":"tagged"},"geometry":{"type":"Point","coordinates":[-97.82736,30.17266]}},{"type":"Feature","properties":{"class":"drain","via":"tagged"},"geometry":{"type":"Point","coordinates":[-97.82766,30.17358]}},{"type":"Feature","properties":{"class":"drain","via":"tagged"},"geometry":{"type":"Point","coordinates":[-97.82766,30.17373]}},{"type":"Feature","properties":{"class":"drain","via":"tagged"},"geometry":{"type":"Point","coordinates":[-97.82752,30.1733]}},{"type":"Feature","properties":{"class":"drain","via":"tagged"},"geometry":{"type":"Point","coordinates":[-97.82634,30.17024]}},{"type":"Feature","properties":{"class":"spring","via":"named","name":"Old Mill Spring"},"geometry":{"type":"Point","coordinates":[-97.76805,30.26351]}},{"type":"Feature","properties":{"class":"drain","via":"tagged"},"geometry":{"type":"Point","coordinates":[-97.72886,30.24466]}},{"type":"Feature","properties":{"class":"drain","via":"tagged"},"geometry":{"type":"Point","coordinates":[-97.72874,30.24511]}},{"type":"Feature","properties":{"class":"drain","via":"tagged"},"geometry":{"type":"Point","coordinates":[-97.82437,30.17771]}},{"type":"Feature","properties":{"class":"drain","via":"tagged"},"geometry":{"type":"Point","coordinates":[-97.82222,30.17622]}},{"type":"Feature","properties":{"class":"drain","via":"tagged"},"geometry":{"type":"Point","coordinates":[-97.72908,30.24658]}},{"type":"Feature","properties":{"class":"drain","via":"tagged"},"geometry":{"type":"Point","coordinates":[-97.72906,30.24661]}},{"type":"Feature","properties":{"class":"drain","via":"tagged"},"geometry":{"type":"Point","coordinates":[-97.72904,30.24665]}},{"type":"Feature","properties":{"class":"drain","via":"tagged"},"geometry":{"type":"Point","coordinates":[-97.72871,30.24643]}},{"type":"Feature","properties":{"class":"drain","via":"tagged"},"geometry":{"type":"Point","coordinates":[-97.72869,30.24647]}},{"type":"Feature","properties":{"class":"drain","via":"tagged"},"geometry":{"type":"Point","coordinates":[-97.72868,30.2465]}},{"type":"Feature","properties":{"class":"drain","via":"tagged"},"geometry":{"type":"Point","coordinates":[-97.7505,30.26806]}},{"type":"Feature","properties":{"class":"drain","via":"tagged"},"geometry":{"type":"Point","coordinates":[-97.75103,30.26842]}},{"type":"Feature","properties":{"class":"drain","via":"tagged"},"geometry":{"type":"Point","coordinates":[-97.73545,30.27286]}},{"type":"Feature","properties":{"class":"drain","via":"tagged"},"geometry":{"type":"Point","coordinates":[-97.73553,30.27285]}},{"type":"Feature","properties":{"class":"drain","via":"tagged"},"geometry":{"type":"Point","coordinates":[-97.74492,30.26306]}},{"type":"Feature","properties":{"class":"drain","via":"tagged"},"geometry":{"type":"Point","coordinates":[-97.77599,30.17779]}},{"type":"Feature","properties":{"class":"drain","via":"tagged"},"geometry":{"type":"Point","coordinates":[-97.71377,30.26739]}},{"type":"Feature","properties":{"class":"drain","via":"tagged"},"geometry":{"type":"Point","coordinates":[-97.71372,30.26746]}},{"type":"Feature","properties":{"class":"drain","via":"tagged"},"geometry":{"type":"Point","coordinates":[-97.77055,30.26344]}},{"type":"Feature","properties":{"class":"drain","via":"tagged"},"geometry":{"type":"Point","coordinates":[-97.77065,30.26111]}},{"type":"Feature","properties":{"class":"drain","via":"tagged"},"geometry":{"type":"Point","coordinates":[-97.77055,30.2638]}},{"type":"Feature","properties":{"class":"drain","via":"tagged"},"geometry":{"type":"Point","coordinates":[-97.77054,30.26368]}},{"type":"Feature","properties":{"class":"drain","via":"tagged"},"geometry":{"type":"Point","coordinates":[-97.77109,30.26158]}},{"type":"Feature","properties":{"class":"drain","via":"tagged"},"geometry":{"type":"Point","coordinates":[-97.82342,30.19534]}},{"type":"Feature","properties":{"class":"drain","via":"tagged"},"geometry":{"type":"Point","coordinates":[-97.82309,30.19583]}},{"type":"Feature","properties":{"class":"drain","via":"tagged"},"geometry":{"type":"Point","coordinates":[-97.82332,30.19549]}},{"type":"Feature","properties":{"class":"drain","via":"tagged"},"geometry":{"type":"Point","coordinates":[-97.82089,30.17841]}},{"type":"Feature","properties":{"class":"drain","via":"tagged"},"geometry":{"type":"Point","coordinates":[-97.80938,30.21429]}},{"type":"Feature","properties":{"class":"drain","via":"tagged"},"geometry":{"type":"Point","coordinates":[-97.80929,30.2144]}},{"type":"Feature","properties":{"class":"drain","via":"tagged"},"geometry":{"type":"Point","coordinates":[-97.81846,30.17679]}},{"type":"Feature","properties":{"class":"drain","via":"tagged"},"geometry":{"type":"Point","coordinates":[-97.71104,30.28755]}},{"type":"Feature","properties":{"class":"drain","via":"tagged"},"geometry":{"type":"Point","coordinates":[-97.82119,30.17864]}},{"type":"Feature","properties":{"class":"drain","via":"tagged"},"geometry":{"type":"Point","coordinates":[-97.82116,30.1786]}},{"type":"Feature","properties":{"class":"drain","via":"tagged"},"geometry":{"type":"Point","coordinates":[-97.81979,30.17499]}},{"type":"Feature","properties":{"class":"drain","via":"tagged"},"geometry":{"type":"Point","coordinates":[-97.82174,30.17035]}},{"type":"Feature","properties":{"class":"drain","via":"tagged"},"geometry":{"type":"Point","coordinates":[-97.82206,30.1706]}},{"type":"Feature","properties":{"class":"drain","via":"tagged"},"geometry":{"type":"Point","coordinates":[-97.78139,30.25413]}},{"type":"Feature","properties":{"class":"drain","via":"tagged"},"geometry":{"type":"Point","coordinates":[-97.78139,30.25439]}},{"type":"Feature","properties":{"class":"drain","via":"tagged"},"geometry":{"type":"Point","coordinates":[-97.80351,30.1742]}},{"type":"Feature","properties":{"class":"drain","via":"tagged"},"geometry":{"type":"Point","coordinates":[-97.80357,30.17388]}},{"type":"Feature","properties":{"class":"drain","via":"tagged"},"geometry":{"type":"Point","coordinates":[-97.80353,30.17269]}},{"type":"Feature","properties":{"class":"drain","via":"tagged"},"geometry":{"type":"Point","coordinates":[-97.80373,30.17246]}},{"type":"Feature","properties":{"class":"drain","via":"tagged"},"geometry":{"type":"Point","coordinates":[-97.80403,30.17242]}},{"type":"Feature","properties":{"class":"drain","via":"tagged"},"geometry":{"type":"Point","coordinates":[-97.80721,30.17418]}},{"type":"Feature","properties":{"class":"drain","via":"tagged"},"geometry":{"type":"Point","coordinates":[-97.80721,30.17414]}},{"type":"Feature","properties":{"class":"drain","via":"tagged"},"geometry":{"type":"Point","coordinates":[-97.80711,30.17381]}},{"type":"Feature","properties":{"class":"drain","via":"tagged"},"geometry":{"type":"Point","coordinates":[-97.80704,30.17375]}},{"type":"Feature","properties":{"class":"drain","via":"tagged"},"geometry":{"type":"Point","coordinates":[-97.80616,30.17376]}},{"type":"Feature","properties":{"class":"drain","via":"tagged"},"geometry":{"type":"Point","coordinates":[-97.79098,30.19194]}},{"type":"Feature","properties":{"class":"drain","via":"tagged"},"geometry":{"type":"Point","coordinates":[-97.78735,30.18493]}},{"type":"Feature","properties":{"class":"drain","via":"tagged"},"geometry":{"type":"Point","coordinates":[-97.78773,30.18525]}},{"type":"Feature","properties":{"class":"drain","via":"tagged"},"geometry":{"type":"Point","coordinates":[-97.79092,30.19212]}},{"type":"Feature","properties":{"class":"drain","via":"tagged"},"geometry":{"type":"Point","coordinates":[-97.77461,30.23271]}},{"type":"Feature","properties":{"class":"drain","via":"tagged"},"geometry":{"type":"Point","coordinates":[-97.77588,30.22919]}},{"type":"Feature","properties":{"class":"drain","via":"tagged"},"geometry":{"type":"Point","coordinates":[-97.77556,30.23002]}},{"type":"Feature","properties":{"class":"drain","via":"tagged"},"geometry":{"type":"Point","coordinates":[-97.77454,30.23366]}},{"type":"Feature","properties":{"class":"drain","via":"tagged"},"geometry":{"type":"Point","coordinates":[-97.7758,30.22991]}},{"type":"Feature","properties":{"class":"drain","via":"tagged"},"geometry":{"type":"Point","coordinates":[-97.77575,30.23011]}},{"type":"Feature","properties":{"class":"drain","via":"tagged"},"geometry":{"type":"Point","coordinates":[-97.70955,30.23454]}},{"type":"Feature","properties":{"class":"drain","via":"tagged"},"geometry":{"type":"Point","coordinates":[-97.71396,30.19314]}},{"type":"Feature","properties":{"class":"drain","via":"tagged"},"geometry":{"type":"Point","coordinates":[-97.7139,30.19239]}},{"type":"Feature","properties":{"class":"drain","via":"tagged"},"geometry":{"type":"Point","coordinates":[-97.71407,30.19164]}},{"type":"Feature","properties":{"class":"drain","via":"tagged"},"geometry":{"type":"Point","coordinates":[-97.71414,30.19143]}},{"type":"Feature","properties":{"class":"drain","via":"tagged"},"geometry":{"type":"Point","coordinates":[-97.71385,30.1928]}},{"type":"Feature","properties":{"class":"drain","via":"tagged"},"geometry":{"type":"Point","coordinates":[-97.7139,30.19295]}},{"type":"Feature","properties":{"class":"drain","via":"tagged"},"geometry":{"type":"Point","coordinates":[-97.71441,30.19413]}},{"type":"Feature","properties":{"class":"drain","via":"tagged"},"geometry":{"type":"Point","coordinates":[-97.71406,30.19342]}},{"type":"Feature","properties":{"class":"drain","via":"tagged"},"geometry":{"type":"Point","coordinates":[-97.71425,30.19393]}},{"type":"Feature","properties":{"class":"drain","via":"tagged"},"geometry":{"type":"Point","coordinates":[-97.71429,30.194]}},{"type":"Feature","properties":{"class":"drain","via":"tagged"},"geometry":{"type":"Point","coordinates":[-97.71177,30.22826]}},{"type":"Feature","properties":{"class":"drain","via":"tagged"},"geometry":{"type":"Point","coordinates":[-97.71067,30.23143]}},{"type":"Feature","properties":{"class":"drain","via":"tagged"},"geometry":{"type":"Point","coordinates":[-97.71082,30.23078]}},{"type":"Feature","properties":{"class":"drain","via":"tagged"},"geometry":{"type":"Point","coordinates":[-97.71189,30.22626]}},{"type":"Feature","properties":{"class":"drain","via":"tagged"},"geometry":{"type":"Point","coordinates":[-97.71143,30.22707]}},{"type":"Feature","properties":{"class":"drain","via":"tagged"},"geometry":{"type":"Point","coordinates":[-97.71147,30.22737]}},{"type":"Feature","properties":{"class":"drain","via":"tagged"},"geometry":{"type":"Point","coordinates":[-97.71164,30.22766]}},{"type":"Feature","properties":{"class":"drain","via":"tagged"},"geometry":{"type":"Point","coordinates":[-97.71106,30.22978]}},{"type":"Feature","properties":{"class":"drain","via":"tagged"},"geometry":{"type":"Point","coordinates":[-97.71157,30.22905]}},{"type":"Feature","properties":{"class":"drain","via":"tagged"},"geometry":{"type":"Point","coordinates":[-97.71203,30.22814]}},{"type":"Feature","properties":{"class":"drain","via":"tagged"},"geometry":{"type":"Point","coordinates":[-97.71224,30.22776]}},{"type":"Feature","properties":{"class":"drain","via":"tagged"},"geometry":{"type":"Point","coordinates":[-97.71216,30.22788]}},{"type":"Feature","properties":{"class":"drain","via":"tagged"},"geometry":{"type":"Point","coordinates":[-97.71617,30.23025]}},{"type":"Feature","properties":{"class":"drain","via":"tagged"},"geometry":{"type":"Point","coordinates":[-97.71612,30.2297]}},{"type":"Feature","properties":{"class":"drain","via":"tagged"},"geometry":{"type":"Point","coordinates":[-97.71606,30.22885]}},{"type":"Feature","properties":{"class":"drain","via":"tagged"},"geometry":{"type":"Point","coordinates":[-97.71702,30.22778]}},{"type":"Feature","properties":{"class":"drain","via":"tagged"},"geometry":{"type":"Point","coordinates":[-97.71707,30.22771]}},{"type":"Feature","properties":{"class":"drain","via":"tagged"},"geometry":{"type":"Point","coordinates":[-97.71746,30.22478]}},{"type":"Feature","properties":{"class":"drain","via":"tagged"},"geometry":{"type":"Point","coordinates":[-97.71744,30.22479]}},{"type":"Feature","properties":{"class":"drain","via":"tagged"},"geometry":{"type":"Point","coordinates":[-97.71775,30.22514]}},{"type":"Feature","properties":{"class":"drain","via":"tagged"},"geometry":{"type":"Point","coordinates":[-97.71252,30.23621]}},{"type":"Feature","properties":{"class":"drain","via":"tagged"},"geometry":{"type":"Point","coordinates":[-97.71248,30.23601]}},{"type":"Feature","properties":{"class":"drain","via":"tagged"},"geometry":{"type":"Point","coordinates":[-97.71449,30.24053]}},{"type":"Feature","properties":{"class":"drain","via":"tagged"},"geometry":{"type":"Point","coordinates":[-97.71415,30.24036]}},{"type":"Feature","properties":{"class":"drain","via":"tagged"},"geometry":{"type":"Point","coordinates":[-97.71441,30.24049]}},{"type":"Feature","properties":{"class":"drain","via":"tagged"},"geometry":{"type":"Point","coordinates":[-97.71719,30.24115]}},{"type":"Feature","properties":{"class":"drain","via":"tagged"},"geometry":{"type":"Point","coordinates":[-97.71707,30.24113]}},{"type":"Feature","properties":{"class":"drain","via":"tagged"},"geometry":{"type":"Point","coordinates":[-97.70985,30.23469]}},{"type":"Feature","properties":{"class":"drain","via":"tagged"},"geometry":{"type":"Point","coordinates":[-97.71279,30.23386]}},{"type":"Feature","properties":{"class":"drain","via":"tagged"},"geometry":{"type":"Point","coordinates":[-97.71255,30.23394]}},{"type":"Feature","properties":{"class":"drain","via":"tagged"},"geometry":{"type":"Point","coordinates":[-97.76327,30.17345]}},{"type":"Feature","properties":{"class":"drain","via":"tagged"},"geometry":{"type":"Point","coordinates":[-97.76312,30.17229]}},{"type":"Feature","properties":{"class":"drain","via":"tagged"},"geometry":{"type":"Point","coordinates":[-97.71467,30.19065]}},{"type":"Feature","properties":{"class":"drain","via":"tagged"},"geometry":{"type":"Point","coordinates":[-97.76233,30.26936]}},{"type":"Feature","properties":{"class":"drain","via":"tagged"},"geometry":{"type":"Point","coordinates":[-97.76251,30.27078]}},{"type":"Feature","properties":{"class":"drain","via":"tagged"},"geometry":{"type":"Point","coordinates":[-97.76235,30.26966]}},{"type":"Feature","properties":{"class":"drain","via":"tagged"},"geometry":{"type":"Point","coordinates":[-97.76236,30.27032]}},{"type":"Feature","properties":{"class":"drain","via":"tagged"},"geometry":{"type":"Point","coordinates":[-97.76238,30.27038]}},{"type":"Feature","properties":{"class":"drain","via":"tagged"},"geometry":{"type":"Point","coordinates":[-97.7617,30.26905]}},{"type":"Feature","properties":{"class":"drain","via":"tagged"},"geometry":{"type":"Point","coordinates":[-97.7608,30.27045]}},{"type":"Feature","properties":{"class":"drain","via":"tagged"},"geometry":{"type":"Point","coordinates":[-97.76156,30.2693]}},{"type":"Feature","properties":{"class":"drain","via":"tagged"},"geometry":{"type":"Point","coordinates":[-97.76054,30.27094]}},{"type":"Feature","properties":{"class":"drain","via":"tagged"},"geometry":{"type":"Point","coordinates":[-97.76066,30.27067]}},{"type":"Feature","properties":{"class":"drain","via":"tagged"},"geometry":{"type":"Point","coordinates":[-97.76142,30.26953]}},{"type":"Feature","properties":{"class":"drain","via":"tagged"},"geometry":{"type":"Point","coordinates":[-97.76104,30.26999]}},{"type":"Feature","properties":{"class":"drain","via":"tagged"},"geometry":{"type":"Point","coordinates":[-97.76371,30.27288]}},{"type":"Feature","properties":{"class":"drain","via":"tagged"},"geometry":{"type":"Point","coordinates":[-97.76385,30.27266]}},{"type":"Feature","properties":{"class":"drain","via":"tagged"},"geometry":{"type":"Point","coordinates":[-97.76404,30.27235]}},{"type":"Feature","properties":{"class":"drain","via":"tagged"},"geometry":{"type":"Point","coordinates":[-97.76492,30.27108]}},{"type":"Feature","properties":{"class":"drain","via":"tagged"},"geometry":{"type":"Point","coordinates":[-97.76118,30.2806]}},{"type":"Feature","properties":{"class":"drain","via":"tagged"},"geometry":{"type":"Point","coordinates":[-97.7618,30.27987]}},{"type":"Feature","properties":{"class":"drain","via":"tagged"},"geometry":{"type":"Point","coordinates":[-97.76193,30.27985]}},{"type":"Feature","properties":{"class":"drain","via":"tagged"},"geometry":{"type":"Point","coordinates":[-97.76317,30.28038]}},{"type":"Feature","properties":{"class":"drain","via":"tagged"},"geometry":{"type":"Point","coordinates":[-97.76413,30.27269]}},{"type":"Feature","properties":{"class":"drain","via":"tagged"},"geometry":{"type":"Point","coordinates":[-97.76484,30.27322]}},{"type":"Feature","properties":{"class":"drain","via":"tagged"},"geometry":{"type":"Point","coordinates":[-97.7743,30.18141]}},{"type":"Feature","properties":{"class":"drain","via":"tagged"},"geometry":{"type":"Point","coordinates":[-97.77422,30.1819]}},{"type":"Feature","properties":{"class":"drain","via":"tagged"},"geometry":{"type":"Point","coordinates":[-97.81899,30.17419]}},{"type":"Feature","properties":{"class":"drain","via":"tagged"},"geometry":{"type":"Point","coordinates":[-97.81953,30.17175]}},{"type":"Feature","properties":{"class":"drain","via":"tagged"},"geometry":{"type":"Point","coordinates":[-97.81951,30.17173]}},{"type":"Feature","properties":{"class":"drain","via":"tagged"},"geometry":{"type":"Point","coordinates":[-97.81972,30.17187]}},{"type":"Feature","properties":{"class":"drain","via":"tagged"},"geometry":{"type":"Point","coordinates":[-97.79455,30.28408]}},{"type":"Feature","properties":{"class":"drain","via":"tagged"},"geometry":{"type":"Point","coordinates":[-97.7959,30.28352]}},{"type":"Feature","properties":{"class":"drain","via":"tagged"},"geometry":{"type":"Point","coordinates":[-97.79547,30.28415]}},{"type":"Feature","properties":{"class":"drain","via":"tagged"},"geometry":{"type":"Point","coordinates":[-97.79584,30.28361]}},{"type":"Feature","properties":{"class":"drain","via":"tagged"},"geometry":{"type":"Point","coordinates":[-97.77102,30.26142]}},{"type":"Feature","properties":{"class":"drain","via":"tagged"},"geometry":{"type":"Point","coordinates":[-97.77114,30.26203]}},{"type":"Feature","properties":{"class":"drain","via":"tagged"},"geometry":{"type":"Point","coordinates":[-97.76794,30.26216]}},{"type":"Feature","properties":{"class":"drain","via":"tagged"},"geometry":{"type":"Point","coordinates":[-97.76769,30.26379]}},{"type":"Feature","properties":{"class":"drain","via":"tagged"},"geometry":{"type":"Point","coordinates":[-97.76783,30.26345]}},{"type":"Feature","properties":{"class":"drain","via":"tagged"},"geometry":{"type":"Point","coordinates":[-97.76783,30.26338]}},{"type":"Feature","properties":{"class":"drain","via":"tagged"},"geometry":{"type":"Point","coordinates":[-97.76785,30.26265]}},{"type":"Feature","properties":{"class":"drain","via":"tagged"},"geometry":{"type":"Point","coordinates":[-97.77043,30.26126]}},{"type":"Feature","properties":{"class":"drain","via":"tagged"},"geometry":{"type":"Point","coordinates":[-97.76949,30.26163]}},{"type":"Feature","properties":{"class":"drain","via":"tagged"},"geometry":{"type":"Point","coordinates":[-97.77003,30.26151]}},{"type":"Feature","properties":{"class":"drain","via":"tagged"},"geometry":{"type":"Point","coordinates":[-97.77015,30.26143]}},{"type":"Feature","properties":{"class":"drain","via":"tagged"},"geometry":{"type":"Point","coordinates":[-97.7845,30.21991]}},{"type":"Feature","properties":{"class":"drain","via":"tagged"},"geometry":{"type":"Point","coordinates":[-97.7794,30.21393]}},{"type":"Feature","properties":{"class":"drain","via":"tagged"},"geometry":{"type":"Point","coordinates":[-97.78026,30.21404]}},{"type":"Feature","properties":{"class":"drain","via":"tagged"},"geometry":{"type":"Point","coordinates":[-97.78045,30.2141]}},{"type":"Feature","properties":{"class":"drain","via":"tagged"},"geometry":{"type":"Point","coordinates":[-97.78373,30.21643]}},{"type":"Feature","properties":{"class":"drain","via":"tagged"},"geometry":{"type":"Point","coordinates":[-97.78366,30.22332]}},{"type":"Feature","properties":{"class":"drain","via":"tagged"},"geometry":{"type":"Point","coordinates":[-97.78413,30.22263]}},{"type":"Feature","properties":{"class":"drain","via":"tagged"},"geometry":{"type":"Point","coordinates":[-97.78444,30.21772]}},{"type":"Feature","properties":{"class":"drain","via":"tagged"},"geometry":{"type":"Point","coordinates":[-97.7846,30.2183]}},{"type":"Feature","properties":{"class":"drain","via":"tagged"},"geometry":{"type":"Point","coordinates":[-97.78459,30.21852]}},{"type":"Feature","properties":{"class":"drain","via":"tagged"},"geometry":{"type":"Point","coordinates":[-97.78452,30.21975]}},{"type":"Feature","properties":{"class":"drain","via":"tagged"},"geometry":{"type":"Point","coordinates":[-97.76985,30.21019]}},{"type":"Feature","properties":{"class":"drain","via":"tagged"},"geometry":{"type":"Point","coordinates":[-97.76723,30.21197]}},{"type":"Feature","properties":{"class":"drain","via":"tagged"},"geometry":{"type":"Point","coordinates":[-97.76734,30.21184]}},{"type":"Feature","properties":{"class":"drain","via":"tagged"},"geometry":{"type":"Point","coordinates":[-97.7675,30.21154]}},{"type":"Feature","properties":{"class":"drain","via":"tagged"},"geometry":{"type":"Point","coordinates":[-97.76789,30.21131]}},{"type":"Feature","properties":{"class":"drain","via":"tagged"},"geometry":{"type":"Point","coordinates":[-97.76267,30.20374]}},{"type":"Feature","properties":{"class":"drain","via":"tagged"},"geometry":{"type":"Point","coordinates":[-97.76271,30.20356]}},{"type":"Feature","properties":{"class":"drain","via":"tagged"},"geometry":{"type":"Point","coordinates":[-97.76348,30.2099]}},{"type":"Feature","properties":{"class":"drain","via":"tagged"},"geometry":{"type":"Point","coordinates":[-97.7643,30.20748]}},{"type":"Feature","properties":{"class":"drain","via":"tagged"},"geometry":{"type":"Point","coordinates":[-97.76448,30.20756]}},{"type":"Feature","properties":{"class":"drain","via":"tagged"},"geometry":{"type":"Point","coordinates":[-97.76356,30.20977]}},{"type":"Feature","properties":{"class":"drain","via":"tagged"},"geometry":{"type":"Point","coordinates":[-97.76176,30.21251]}},{"type":"Feature","properties":{"class":"drain","via":"tagged"},"geometry":{"type":"Point","coordinates":[-97.76187,30.21236]}},{"type":"Feature","properties":{"class":"drain","via":"tagged"},"geometry":{"type":"Point","coordinates":[-97.79775,30.21744]}},{"type":"Feature","properties":{"class":"drain","via":"tagged"},"geometry":{"type":"Point","coordinates":[-97.79163,30.21779]}},{"type":"Feature","properties":{"class":"drain","via":"tagged"},"geometry":{"type":"Point","coordinates":[-97.79173,30.21766]}},{"type":"Feature","properties":{"class":"drain","via":"tagged"},"geometry":{"type":"Point","coordinates":[-97.79223,30.21752]}},{"type":"Feature","properties":{"class":"drain","via":"tagged"},"geometry":{"type":"Point","coordinates":[-97.7924,30.21752]}},{"type":"Feature","properties":{"class":"drain","via":"tagged"},"geometry":{"type":"Point","coordinates":[-97.79511,30.21879]}},{"type":"Feature","properties":{"class":"drain","via":"tagged"},"geometry":{"type":"Point","coordinates":[-97.79595,30.21918]}},{"type":"Feature","properties":{"class":"drain","via":"tagged"},"geometry":{"type":"Point","coordinates":[-97.79612,30.21891]}},{"type":"Feature","properties":{"class":"drain","via":"tagged"},"geometry":{"type":"Point","coordinates":[-97.77237,30.21236]}},{"type":"Feature","properties":{"class":"drain","via":"tagged"},"geometry":{"type":"Point","coordinates":[-97.77324,30.21174]}},{"type":"Feature","properties":{"class":"drain","via":"tagged"},"geometry":{"type":"Point","coordinates":[-97.78805,30.21211]}},{"type":"Feature","properties":{"class":"drain","via":"tagged"},"geometry":{"type":"Point","coordinates":[-97.79649,30.22706]}},{"type":"Feature","properties":{"class":"drain","via":"tagged"},"geometry":{"type":"Point","coordinates":[-97.79394,30.23067]}},{"type":"Feature","properties":{"class":"drain","via":"tagged"},"geometry":{"type":"Point","coordinates":[-97.79401,30.23035]}},{"type":"Feature","properties":{"class":"drain","via":"tagged"},"geometry":{"type":"Point","coordinates":[-97.79445,30.22987]}},{"type":"Feature","properties":{"class":"drain","via":"tagged"},"geometry":{"type":"Point","coordinates":[-97.79483,30.22915]}},{"type":"Feature","properties":{"class":"drain","via":"tagged"},"geometry":{"type":"Point","coordinates":[-97.79526,30.22877]}},{"type":"Feature","properties":{"class":"drain","via":"tagged"},"geometry":{"type":"Point","coordinates":[-97.79577,30.22854]}},{"type":"Feature","properties":{"class":"drain","via":"tagged"},"geometry":{"type":"Point","coordinates":[-97.79595,30.22839]}},{"type":"Feature","properties":{"class":"drain","via":"tagged"},"geometry":{"type":"Point","coordinates":[-97.79615,30.22784]}},{"type":"Feature","properties":{"class":"drain","via":"tagged"},"geometry":{"type":"Point","coordinates":[-97.78434,30.21378]}},{"type":"Feature","properties":{"class":"drain","via":"tagged"},"geometry":{"type":"Point","coordinates":[-97.78515,30.21351]}},{"type":"Feature","properties":{"class":"drain","via":"tagged"},"geometry":{"type":"Point","coordinates":[-97.7862,30.21322]}},{"type":"Feature","properties":{"class":"drain","via":"tagged"},"geometry":{"type":"Point","coordinates":[-97.78687,30.21317]}},{"type":"Feature","properties":{"class":"drain","via":"tagged"},"geometry":{"type":"Point","coordinates":[-97.78752,30.2133]}},{"type":"Feature","properties":{"class":"drain","via":"tagged"},"geometry":{"type":"Point","coordinates":[-97.78768,30.21255]}},{"type":"Feature","properties":{"class":"drain","via":"tagged"},"geometry":{"type":"Point","coordinates":[-97.78857,30.21094]}},{"type":"Feature","properties":{"class":"drain","via":"tagged"},"geometry":{"type":"Point","coordinates":[-97.78851,30.21185]}},{"type":"Feature","properties":{"class":"drain","via":"tagged"},"geometry":{"type":"Point","coordinates":[-97.78895,30.21032]}},{"type":"Feature","properties":{"class":"drain","via":"tagged"},"geometry":{"type":"Point","coordinates":[-97.78851,30.21178]}},{"type":"Feature","properties":{"class":"drain","via":"tagged"},"geometry":{"type":"Point","coordinates":[-97.71051,30.24735]}},{"type":"Feature","properties":{"class":"drain","via":"tagged"},"geometry":{"type":"Point","coordinates":[-97.71045,30.24742]}},{"type":"Feature","properties":{"class":"drain","via":"tagged"},"geometry":{"type":"Point","coordinates":[-97.7337,30.28126]}},{"type":"Feature","properties":{"class":"drain","via":"tagged"},"geometry":{"type":"Point","coordinates":[-97.75813,30.25631]}},{"type":"Feature","properties":{"class":"drain","via":"tagged"},"geometry":{"type":"Point","coordinates":[-97.74738,30.24042]}},{"type":"Feature","properties":{"class":"drain","via":"tagged"},"geometry":{"type":"Point","coordinates":[-97.71696,30.21561]}},{"type":"Feature","properties":{"class":"drain","via":"tagged"},"geometry":{"type":"Point","coordinates":[-97.7377,30.26324]}},{"type":"Feature","properties":{"class":"drain","via":"tagged"},"geometry":{"type":"Point","coordinates":[-97.73741,30.26333]}},{"type":"Feature","properties":{"class":"drain","via":"tagged"},"geometry":{"type":"Point","coordinates":[-97.73721,30.26321]}},{"type":"Feature","properties":{"class":"drain","via":"tagged"},"geometry":{"type":"Point","coordinates":[-97.73716,30.2632]}},{"type":"Feature","properties":{"class":"drain","via":"tagged"},"geometry":{"type":"Point","coordinates":[-97.72973,30.24685]}},{"type":"Feature","properties":{"class":"drain","via":"tagged"},"geometry":{"type":"Point","coordinates":[-97.7297,30.24689]}},{"type":"Feature","properties":{"class":"drain","via":"tagged"},"geometry":{"type":"Point","coordinates":[-97.72969,30.24692]}},{"type":"Feature","properties":{"class":"drain","via":"tagged"},"geometry":{"type":"Point","coordinates":[-97.72419,30.24514]}},{"type":"Feature","properties":{"class":"drain","via":"tagged"},"geometry":{"type":"Point","coordinates":[-97.72517,30.24539]}},{"type":"Feature","properties":{"class":"drain","via":"tagged"},"geometry":{"type":"Point","coordinates":[-97.72287,30.24744]}},{"type":"Feature","properties":{"class":"drain","via":"tagged"},"geometry":{"type":"Point","coordinates":[-97.72285,30.24737]}},{"type":"Feature","properties":{"class":"drain","via":"tagged"},"geometry":{"type":"Point","coordinates":[-97.73897,30.26262]}},{"type":"Feature","properties":{"class":"canal","via":"tagged"},"geometry":{"type":"Point","coordinates":[-97.73777,30.26289]}},{"type":"Feature","properties":{"class":"canal","via":"tagged"},"geometry":{"type":"Point","coordinates":[-97.7377,30.26281]}},{"type":"Feature","properties":{"class":"drain","via":"tagged"},"geometry":{"type":"Point","coordinates":[-97.73726,30.26258]}},{"type":"Feature","properties":{"class":"drain","via":"tagged"},"geometry":{"type":"Point","coordinates":[-97.70986,30.23166]}},{"type":"Feature","properties":{"class":"drain","via":"tagged"},"geometry":{"type":"Point","coordinates":[-97.69418,30.20477]}},{"type":"Feature","properties":{"class":"drain","via":"tagged"},"geometry":{"type":"Point","coordinates":[-97.6954,30.19883]}},{"type":"Feature","properties":{"class":"drain","via":"tagged"},"geometry":{"type":"Point","coordinates":[-97.6903,30.20106]}},{"type":"Feature","properties":{"class":"drain","via":"tagged"},"geometry":{"type":"Point","coordinates":[-97.6896,30.2021]}},{"type":"Feature","properties":{"class":"drain","via":"tagged"},"geometry":{"type":"Point","coordinates":[-97.68265,30.19376]}},{"type":"Feature","properties":{"class":"drain","via":"tagged"},"geometry":{"type":"Point","coordinates":[-97.69967,30.20413]}},{"type":"Feature","properties":{"class":"spring","via":"named","name":"Oak Springs Water Quality Pond"},"geometry":{"type":"Point","coordinates":[-97.70214,30.27185]}},{"type":"Feature","properties":{"class":"drain","via":"tagged"},"geometry":{"type":"Point","coordinates":[-97.69961,30.27245]}},{"type":"Feature","properties":{"class":"drain","via":"tagged"},"geometry":{"type":"Point","coordinates":[-97.65304,30.20671]}},{"type":"Feature","properties":{"class":"drain","via":"tagged"},"geometry":{"type":"Point","coordinates":[-97.65227,30.20692]}},{"type":"Feature","properties":{"class":"drain","via":"tagged"},"geometry":{"type":"Point","coordinates":[-97.65545,30.21061]}},{"type":"Feature","properties":{"class":"drain","via":"tagged"},"geometry":{"type":"Point","coordinates":[-97.65538,30.21121]}},{"type":"Feature","properties":{"class":"drain","via":"tagged"},"geometry":{"type":"Point","coordinates":[-97.6554,30.2116]}},{"type":"Feature","properties":{"class":"drain","via":"tagged"},"geometry":{"type":"Point","coordinates":[-97.66143,30.20997]}},{"type":"Feature","properties":{"class":"drain","via":"tagged"},"geometry":{"type":"Point","coordinates":[-97.69825,30.19728]}},{"type":"Feature","properties":{"class":"drain","via":"tagged"},"geometry":{"type":"Point","coordinates":[-97.65195,30.20769]}},{"type":"Feature","properties":{"class":"drain","via":"tagged"},"geometry":{"type":"Point","coordinates":[-97.65295,30.20679]}},{"type":"Feature","properties":{"class":"drain","via":"tagged"},"geometry":{"type":"Point","coordinates":[-97.65209,30.2078]}},{"type":"Feature","properties":{"class":"drain","via":"tagged"},"geometry":{"type":"Point","coordinates":[-97.65305,30.20898]}},{"type":"Feature","properties":{"class":"drain","via":"tagged"},"geometry":{"type":"Point","coordinates":[-97.65396,30.21011]}},{"type":"Feature","properties":{"class":"drain","via":"tagged"},"geometry":{"type":"Point","coordinates":[-97.66069,30.20968]}},{"type":"Feature","properties":{"class":"drain","via":"tagged"},"geometry":{"type":"Point","coordinates":[-97.66108,30.20991]}},{"type":"Feature","properties":{"class":"drain","via":"tagged"},"geometry":{"type":"Point","coordinates":[-97.65789,30.21152]}},{"type":"Feature","properties":{"class":"drain","via":"tagged"},"geometry":{"type":"Point","coordinates":[-97.66004,30.20959]}},{"type":"Feature","properties":{"class":"drain","via":"tagged"},"geometry":{"type":"Point","coordinates":[-97.70338,30.27072]}},{"type":"Feature","properties":{"class":"drain","via":"tagged"},"geometry":{"type":"Point","coordinates":[-97.70246,30.2724]}},{"type":"Feature","properties":{"class":"drain","via":"tagged"},"geometry":{"type":"Point","coordinates":[-97.59445,30.23239]}},{"type":"Feature","properties":{"class":"drain","via":"tagged"},"geometry":{"type":"Point","coordinates":[-97.59229,30.22643]}},{"type":"Feature","properties":{"class":"drain","via":"tagged"},"geometry":{"type":"Point","coordinates":[-97.70617,30.20386]}},{"type":"Feature","properties":{"class":"drain","via":"tagged"},"geometry":{"type":"Point","coordinates":[-97.70071,30.20444]}},{"type":"Feature","properties":{"class":"drain","via":"tagged"},"geometry":{"type":"Point","coordinates":[-97.70115,30.20448]}},{"type":"Feature","properties":{"class":"drain","via":"tagged"},"geometry":{"type":"Point","coordinates":[-97.70115,30.20448]}},{"type":"Feature","properties":{"class":"drain","via":"tagged"},"geometry":{"type":"Point","coordinates":[-97.70194,30.205]}},{"type":"Feature","properties":{"class":"drain","via":"tagged"},"geometry":{"type":"Point","coordinates":[-97.7004,30.204]}},{"type":"Feature","properties":{"class":"drain","via":"tagged"},"geometry":{"type":"Point","coordinates":[-97.69918,30.20445]}},{"type":"Feature","properties":{"class":"drain","via":"tagged"},"geometry":{"type":"Point","coordinates":[-97.69215,30.1978]}},{"type":"Feature","properties":{"class":"drain","via":"tagged"},"geometry":{"type":"Point","coordinates":[-97.70152,30.20375]}},{"type":"Feature","properties":{"class":"drain","via":"tagged"},"geometry":{"type":"Point","coordinates":[-97.70275,30.2035]}},{"type":"Feature","properties":{"class":"drain","via":"tagged"},"geometry":{"type":"Point","coordinates":[-97.69378,30.21402]}},{"type":"Feature","properties":{"class":"drain","via":"tagged"},"geometry":{"type":"Point","coordinates":[-97.69378,30.21402]}},{"type":"Feature","properties":{"class":"drain","via":"tagged"},"geometry":{"type":"Point","coordinates":[-97.68971,30.21367]}},{"type":"Feature","properties":{"class":"spring","via":"named","name":"Coleman Springs"},"geometry":{"type":"Point","coordinates":[-97.67448,30.28537]}},{"type":"Feature","properties":{"class":"drain","via":"tagged"},"geometry":{"type":"Point","coordinates":[-97.62581,30.17176]}},{"type":"Feature","properties":{"class":"drain","via":"tagged"},"geometry":{"type":"Point","coordinates":[-97.62628,30.17291]}},{"type":"Feature","properties":{"class":"drain","via":"tagged"},"geometry":{"type":"Point","coordinates":[-97.62544,30.17062]}},{"type":"Feature","properties":{"class":"drain","via":"tagged"},"geometry":{"type":"Point","coordinates":[-97.62572,30.17124]}},{"type":"Feature","properties":{"class":"drain","via":"tagged"},"geometry":{"type":"Point","coordinates":[-97.62532,30.17036]}},{"type":"Feature","properties":{"class":"drain","via":"tagged"},"geometry":{"type":"Point","coordinates":[-97.62623,30.17312]}},{"type":"Feature","properties":{"class":"drain","via":"tagged"},"geometry":{"type":"Point","coordinates":[-97.6905,30.20293]}},{"type":"Feature","properties":{"class":"drain","via":"tagged"},"geometry":{"type":"Point","coordinates":[-97.69084,30.20335]}},{"type":"Feature","properties":{"class":"drain","via":"tagged"},"geometry":{"type":"Point","coordinates":[-97.60116,30.20654]}},{"type":"Feature","properties":{"class":"drain","via":"tagged"},"geometry":{"type":"Point","coordinates":[-97.70021,30.27215]}},{"type":"Feature","properties":{"class":"drain","via":"tagged"},"geometry":{"type":"Point","coordinates":[-97.5893,30.24125]}},{"type":"Feature","properties":{"class":"drain","via":"tagged"},"geometry":{"type":"Point","coordinates":[-97.5928,30.24227]}},{"type":"Feature","properties":{"class":"drain","via":"tagged"},"geometry":{"type":"Point","coordinates":[-97.59136,30.24387]}},{"type":"Feature","properties":{"class":"drain","via":"tagged"},"geometry":{"type":"Point","coordinates":[-97.59038,30.2294]}},{"type":"Feature","properties":{"class":"drain","via":"tagged"},"geometry":{"type":"Point","coordinates":[-97.5905,30.22923]}},{"type":"Feature","properties":{"class":"drain","via":"tagged"},"geometry":{"type":"Point","coordinates":[-97.63316,30.28744]}},{"type":"Feature","properties":{"class":"drain","via":"tagged"},"geometry":{"type":"Point","coordinates":[-97.68076,30.20994]}},{"type":"Feature","properties":{"class":"drain","via":"tagged"},"geometry":{"type":"Point","coordinates":[-97.68076,30.20985]}},{"type":"Feature","properties":{"class":"drain","via":"tagged"},"geometry":{"type":"Point","coordinates":[-97.66025,30.17977]}},{"type":"Feature","properties":{"class":"drain","via":"tagged"},"geometry":{"type":"Point","coordinates":[-97.6602,30.17784]}},{"type":"Feature","properties":{"class":"drain","via":"tagged"},"geometry":{"type":"Point","coordinates":[-97.66022,30.17922]}},{"type":"Feature","properties":{"class":"drain","via":"tagged"},"geometry":{"type":"Point","coordinates":[-97.65585,30.19139]}},{"type":"Feature","properties":{"class":"drain","via":"tagged"},"geometry":{"type":"Point","coordinates":[-97.70567,30.22341]}},{"type":"Feature","properties":{"class":"drain","via":"tagged"},"geometry":{"type":"Point","coordinates":[-97.70688,30.22675]}},{"type":"Feature","properties":{"class":"drain","via":"tagged"},"geometry":{"type":"Point","coordinates":[-97.7071,30.22077]}},{"type":"Feature","properties":{"class":"drain","via":"tagged"},"geometry":{"type":"Point","coordinates":[-97.7073,30.22044]}},{"type":"Feature","properties":{"class":"drain","via":"tagged"},"geometry":{"type":"Point","coordinates":[-97.70733,30.22778]}},{"type":"Feature","properties":{"class":"drain","via":"tagged"},"geometry":{"type":"Point","coordinates":[-97.70745,30.22807]}},{"type":"Feature","properties":{"class":"drain","via":"tagged"},"geometry":{"type":"Point","coordinates":[-97.70999,30.23172]}},{"type":"Feature","properties":{"class":"drain","via":"tagged"},"geometry":{"type":"Point","coordinates":[-97.68957,30.21392]}},{"type":"Feature","properties":{"class":"drain","via":"tagged"},"geometry":{"type":"Point","coordinates":[-97.68957,30.21387]}},{"type":"Feature","properties":{"class":"drain","via":"tagged"},"geometry":{"type":"Point","coordinates":[-97.59545,30.26598]}},{"type":"Feature","properties":{"class":"drain","via":"tagged"},"geometry":{"type":"Point","coordinates":[-97.59564,30.26609]}},{"type":"Feature","properties":{"class":"drain","via":"tagged"},"geometry":{"type":"Point","coordinates":[-97.59687,30.26682]}},{"type":"Feature","properties":{"class":"drain","via":"tagged"},"geometry":{"type":"Point","coordinates":[-97.5971,30.26694]}},{"type":"Feature","properties":{"class":"drain","via":"tagged"},"geometry":{"type":"Point","coordinates":[-97.66053,30.184]}},{"type":"Feature","properties":{"class":"drain","via":"tagged"},"geometry":{"type":"Point","coordinates":[-97.6603,30.18301]}},{"type":"Feature","properties":{"class":"drain","via":"tagged"},"geometry":{"type":"Point","coordinates":[-97.6605,30.1841]}},{"type":"Feature","properties":{"class":"drain","via":"tagged"},"geometry":{"type":"Point","coordinates":[-97.66042,30.1841]}},{"type":"Feature","properties":{"class":"drain","via":"tagged"},"geometry":{"type":"Point","coordinates":[-97.66051,30.1897]}},{"type":"Feature","properties":{"class":"drain","via":"tagged"},"geometry":{"type":"Point","coordinates":[-97.66339,30.18834]}},{"type":"Feature","properties":{"class":"drain","via":"tagged"},"geometry":{"type":"Point","coordinates":[-97.66326,30.18883]}},{"type":"Feature","properties":{"class":"drain","via":"tagged"},"geometry":{"type":"Point","coordinates":[-97.66343,30.18831]}},{"type":"Feature","properties":{"class":"drain","via":"tagged"},"geometry":{"type":"Point","coordinates":[-97.66343,30.18815]}},{"type":"Feature","properties":{"class":"drain","via":"tagged"},"geometry":{"type":"Point","coordinates":[-97.66341,30.18817]}},{"type":"Feature","properties":{"class":"drain","via":"tagged"},"geometry":{"type":"Point","coordinates":[-97.66339,30.18834]}},{"type":"Feature","properties":{"class":"drain","via":"tagged"},"geometry":{"type":"Point","coordinates":[-97.66341,30.18807]}},{"type":"Feature","properties":{"class":"drain","via":"tagged"},"geometry":{"type":"Point","coordinates":[-97.66344,30.18959]}},{"type":"Feature","properties":{"class":"drain","via":"tagged"},"geometry":{"type":"Point","coordinates":[-97.66057,30.19058]}},{"type":"Feature","properties":{"class":"drain","via":"tagged"},"geometry":{"type":"Point","coordinates":[-97.66155,30.19116]}},{"type":"Feature","properties":{"class":"drain","via":"tagged"},"geometry":{"type":"Point","coordinates":[-97.66042,30.18974]}},{"type":"Feature","properties":{"class":"drain","via":"tagged"},"geometry":{"type":"Point","coordinates":[-97.66087,30.18922]}},{"type":"Feature","properties":{"class":"drain","via":"tagged"},"geometry":{"type":"Point","coordinates":[-97.66047,30.18965]}},{"type":"Feature","properties":{"class":"drain","via":"tagged"},"geometry":{"type":"Point","coordinates":[-97.66039,30.18971]}},{"type":"Feature","properties":{"class":"drain","via":"tagged"},"geometry":{"type":"Point","coordinates":[-97.65344,30.19079]}},{"type":"Feature","properties":{"class":"drain","via":"tagged"},"geometry":{"type":"Point","coordinates":[-97.65373,30.19174]}},{"type":"Feature","properties":{"class":"drain","via":"tagged"},"geometry":{"type":"Point","coordinates":[-97.6556,30.20044]}},{"type":"Feature","properties":{"class":"drain","via":"tagged"},"geometry":{"type":"Point","coordinates":[-97.6519,30.19395]}},{"type":"Feature","properties":{"class":"drain","via":"tagged"},"geometry":{"type":"Point","coordinates":[-97.65486,30.20012]}},{"type":"Feature","properties":{"class":"drain","via":"tagged"},"geometry":{"type":"Point","coordinates":[-97.65469,30.19999]}},{"type":"Feature","properties":{"class":"drain","via":"tagged"},"geometry":{"type":"Point","coordinates":[-97.6553,30.20048]}},{"type":"Feature","properties":{"class":"drain","via":"tagged"},"geometry":{"type":"Point","coordinates":[-97.65539,30.20462]}},{"type":"Feature","properties":{"class":"drain","via":"tagged"},"geometry":{"type":"Point","coordinates":[-97.65717,30.20715]}},{"type":"Feature","properties":{"class":"drain","via":"tagged"},"geometry":{"type":"Point","coordinates":[-97.65709,30.20719]}},{"type":"Feature","properties":{"class":"drain","via":"tagged"},"geometry":{"type":"Point","coordinates":[-97.65493,30.20503]}},{"type":"Feature","properties":{"class":"drain","via":"tagged"},"geometry":{"type":"Point","coordinates":[-97.65545,30.20548]}},{"type":"Feature","properties":{"class":"drain","via":"tagged"},"geometry":{"type":"Point","coordinates":[-97.65531,30.20537]}},{"type":"Feature","properties":{"class":"drain","via":"tagged"},"geometry":{"type":"Point","coordinates":[-97.62759,30.2785]}},{"type":"Feature","properties":{"class":"drain","via":"tagged"},"geometry":{"type":"Point","coordinates":[-97.62665,30.28004]}},{"type":"Feature","properties":{"class":"drain","via":"tagged"},"geometry":{"type":"Point","coordinates":[-97.62675,30.27988]}},{"type":"Feature","properties":{"class":"drain","via":"tagged"},"geometry":{"type":"Point","coordinates":[-97.62933,30.27809]}},{"type":"Feature","properties":{"class":"drain","via":"tagged"},"geometry":{"type":"Point","coordinates":[-97.62793,30.27803]}},{"type":"Feature","properties":{"class":"drain","via":"tagged"},"geometry":{"type":"Point","coordinates":[-97.70736,30.23536]}},{"type":"Feature","properties":{"class":"drain","via":"tagged"},"geometry":{"type":"Point","coordinates":[-97.70616,30.23828]}},{"type":"Feature","properties":{"class":"drain","via":"tagged"},"geometry":{"type":"Point","coordinates":[-97.7048,30.23383]}},{"type":"Feature","properties":{"class":"drain","via":"tagged"},"geometry":{"type":"Point","coordinates":[-97.70564,30.23485]}},{"type":"Feature","properties":{"class":"drain","via":"tagged"},"geometry":{"type":"Point","coordinates":[-97.7052,30.23415]}},{"type":"Feature","properties":{"class":"drain","via":"tagged"},"geometry":{"type":"Point","coordinates":[-97.70678,30.23837]}},{"type":"Feature","properties":{"class":"drain","via":"tagged"},"geometry":{"type":"Point","coordinates":[-97.70669,30.23834]}},{"type":"Feature","properties":{"class":"drain","via":"tagged"},"geometry":{"type":"Point","coordinates":[-97.70672,30.23834]}},{"type":"Feature","properties":{"class":"drain","via":"tagged"},"geometry":{"type":"Point","coordinates":[-97.70697,30.23865]}},{"type":"Feature","properties":{"class":"drain","via":"tagged"},"geometry":{"type":"Point","coordinates":[-97.70737,30.23525]}},{"type":"Feature","properties":{"class":"drain","via":"tagged"},"geometry":{"type":"Point","coordinates":[-97.70547,30.2343]}},{"type":"Feature","properties":{"class":"drain","via":"tagged"},"geometry":{"type":"Point","coordinates":[-97.70563,30.23448]}},{"type":"Feature","properties":{"class":"drain","via":"tagged"},"geometry":{"type":"Point","coordinates":[-97.7074,30.23498]}},{"type":"Feature","properties":{"class":"drain","via":"tagged"},"geometry":{"type":"Point","coordinates":[-97.70643,30.23503]}},{"type":"Feature","properties":{"class":"drain","via":"tagged"},"geometry":{"type":"Point","coordinates":[-97.68165,30.27392]}},{"type":"Feature","properties":{"class":"drain","via":"tagged"},"geometry":{"type":"Point","coordinates":[-97.68125,30.27407]}},{"type":"Feature","properties":{"class":"drain","via":"tagged"},"geometry":{"type":"Point","coordinates":[-97.68137,30.27403]}},{"type":"Feature","properties":{"class":"drain","via":"tagged"},"geometry":{"type":"Point","coordinates":[-97.68048,30.20488]}},{"type":"Feature","properties":{"class":"drain","via":"tagged"},"geometry":{"type":"Point","coordinates":[-97.68258,30.20344]}},{"type":"Feature","properties":{"class":"drain","via":"tagged"},"geometry":{"type":"Point","coordinates":[-97.69462,30.21388]}},{"type":"Feature","properties":{"class":"drain","via":"tagged"},"geometry":{"type":"Point","coordinates":[-97.69459,30.21426]}},{"type":"Feature","properties":{"class":"drain","via":"tagged"},"geometry":{"type":"Point","coordinates":[-97.66018,30.20736]}},{"type":"Feature","properties":{"class":"drain","via":"tagged"},"geometry":{"type":"Point","coordinates":[-97.65808,30.20748]}},{"type":"Feature","properties":{"class":"drain","via":"tagged"},"geometry":{"type":"Point","coordinates":[-97.65925,30.20557]}},{"type":"Feature","properties":{"class":"drain","via":"tagged"},"geometry":{"type":"Point","coordinates":[-97.66003,30.20493]}},{"type":"Feature","properties":{"class":"drain","via":"tagged"},"geometry":{"type":"Point","coordinates":[-97.6553,30.19154]}},{"type":"Feature","properties":{"class":"drain","via":"tagged"},"geometry":{"type":"Point","coordinates":[-97.66313,30.18899]}},{"type":"Feature","properties":{"class":"drain","via":"tagged"},"geometry":{"type":"Point","coordinates":[-97.66039,30.18971]}},{"type":"Feature","properties":{"class":"drain","via":"tagged"},"geometry":{"type":"Point","coordinates":[-97.65617,30.20422]}},{"type":"Feature","properties":{"class":"drain","via":"tagged"},"geometry":{"type":"Point","coordinates":[-97.65539,30.20462]}},{"type":"Feature","properties":{"class":"drain","via":"tagged"},"geometry":{"type":"Point","coordinates":[-97.6522,30.19827]}},{"type":"Feature","properties":{"class":"drain","via":"tagged"},"geometry":{"type":"Point","coordinates":[-97.65144,30.19886]}},{"type":"Feature","properties":{"class":"drain","via":"tagged"},"geometry":{"type":"Point","coordinates":[-97.65237,30.19649]}},{"type":"Feature","properties":{"class":"drain","via":"tagged"},"geometry":{"type":"Point","coordinates":[-97.6007,30.20608]}},{"type":"Feature","properties":{"class":"drain","via":"tagged"},"geometry":{"type":"Point","coordinates":[-97.60293,30.20316]}},{"type":"Feature","properties":{"class":"drain","via":"tagged"},"geometry":{"type":"Point","coordinates":[-97.59306,30.24187]}},{"type":"Feature","properties":{"class":"drain","via":"tagged"},"geometry":{"type":"Point","coordinates":[-97.59291,30.24212]}},{"type":"Feature","properties":{"class":"drain","via":"tagged"},"geometry":{"type":"Point","coordinates":[-97.638,30.21192]}},{"type":"Feature","properties":{"class":"drain","via":"tagged"},"geometry":{"type":"Point","coordinates":[-97.6385,30.21176]}},{"type":"Feature","properties":{"class":"drain","via":"tagged"},"geometry":{"type":"Point","coordinates":[-97.63556,30.21516]}},{"type":"Feature","properties":{"class":"drain","via":"tagged"},"geometry":{"type":"Point","coordinates":[-97.63149,30.20977]}},{"type":"Feature","properties":{"class":"drain","via":"tagged"},"geometry":{"type":"Point","coordinates":[-97.63103,30.21011]}},{"type":"Feature","properties":{"class":"drain","via":"tagged"},"geometry":{"type":"Point","coordinates":[-97.63263,30.2093]}},{"type":"Feature","properties":{"class":"drain","via":"tagged"},"geometry":{"type":"Point","coordinates":[-97.63565,30.20965]}},{"type":"Feature","properties":{"class":"drain","via":"tagged"},"geometry":{"type":"Point","coordinates":[-97.62641,30.21218]}},{"type":"Feature","properties":{"class":"drain","via":"tagged"},"geometry":{"type":"Point","coordinates":[-97.62674,30.21142]}},{"type":"Feature","properties":{"class":"drain","via":"tagged"},"geometry":{"type":"Point","coordinates":[-97.62253,30.2115]}},{"type":"Feature","properties":{"class":"drain","via":"tagged"},"geometry":{"type":"Point","coordinates":[-97.62325,30.2118]}},{"type":"Feature","properties":{"class":"drain","via":"tagged"},"geometry":{"type":"Point","coordinates":[-97.62121,30.22924]}},{"type":"Feature","properties":{"class":"drain","via":"tagged"},"geometry":{"type":"Point","coordinates":[-97.62114,30.22915]}},{"type":"Feature","properties":{"class":"drain","via":"tagged"},"geometry":{"type":"Point","coordinates":[-97.62038,30.22928]}},{"type":"Feature","properties":{"class":"drain","via":"tagged"},"geometry":{"type":"Point","coordinates":[-97.62424,30.23065]}},{"type":"Feature","properties":{"class":"drain","via":"tagged"},"geometry":{"type":"Point","coordinates":[-97.63879,30.21174]}},{"type":"Feature","properties":{"class":"drain","via":"tagged"},"geometry":{"type":"Point","coordinates":[-97.63633,30.20955]}},{"type":"Feature","properties":{"class":"drain","via":"tagged"},"geometry":{"type":"Point","coordinates":[-97.6309,30.2097]}},{"type":"Feature","properties":{"class":"drain","via":"tagged"},"geometry":{"type":"Point","coordinates":[-97.63823,30.21053]}},{"type":"Feature","properties":{"class":"drain","via":"tagged"},"geometry":{"type":"Point","coordinates":[-97.63704,30.20968]}},{"type":"Feature","properties":{"class":"drain","via":"tagged"},"geometry":{"type":"Point","coordinates":[-97.63928,30.21303]}},{"type":"Feature","properties":{"class":"drain","via":"tagged"},"geometry":{"type":"Point","coordinates":[-97.62144,30.21053]}},{"type":"Feature","properties":{"class":"drain","via":"tagged"},"geometry":{"type":"Point","coordinates":[-97.69145,30.20369]}},{"type":"Feature","properties":{"class":"drain","via":"tagged"},"geometry":{"type":"Point","coordinates":[-97.69146,30.20365]}},{"type":"Feature","properties":{"class":"drain","via":"tagged"},"geometry":{"type":"Point","coordinates":[-97.6904,30.20096]}},{"type":"Feature","properties":{"class":"drain","via":"tagged"},"geometry":{"type":"Point","coordinates":[-97.68979,30.20177]}},{"type":"Feature","properties":{"class":"drain","via":"tagged"},"geometry":{"type":"Point","coordinates":[-97.67596,30.22961]}},{"type":"Feature","properties":{"class":"drain","via":"tagged"},"geometry":{"type":"Point","coordinates":[-97.62185,30.21106]}},{"type":"Feature","properties":{"class":"drain","via":"tagged"},"geometry":{"type":"Point","coordinates":[-97.62189,30.21257]}},{"type":"Feature","properties":{"class":"drain","via":"tagged"},"geometry":{"type":"Point","coordinates":[-97.62183,30.21314]}},{"type":"Feature","properties":{"class":"drain","via":"tagged"},"geometry":{"type":"Point","coordinates":[-97.63208,30.21375]}},{"type":"Feature","properties":{"class":"drain","via":"tagged"},"geometry":{"type":"Point","coordinates":[-97.68429,30.22698]}},{"type":"Feature","properties":{"class":"drain","via":"tagged"},"geometry":{"type":"Point","coordinates":[-97.68388,30.22673]}},{"type":"Feature","properties":{"class":"drain","via":"tagged"},"geometry":{"type":"Point","coordinates":[-97.68408,30.22677]}},{"type":"Feature","properties":{"class":"drain","via":"tagged"},"geometry":{"type":"Point","coordinates":[-97.68443,30.22603]}},{"type":"Feature","properties":{"class":"drain","via":"tagged"},"geometry":{"type":"Point","coordinates":[-97.68407,30.22595]}},{"type":"Feature","properties":{"class":"drain","via":"tagged"},"geometry":{"type":"Point","coordinates":[-97.68429,30.22599]}},{"type":"Feature","properties":{"class":"drain","via":"tagged"},"geometry":{"type":"Point","coordinates":[-97.68441,30.2264]}},{"type":"Feature","properties":{"class":"drain","via":"tagged"},"geometry":{"type":"Point","coordinates":[-97.68399,30.22629]}},{"type":"Feature","properties":{"class":"drain","via":"tagged"},"geometry":{"type":"Point","coordinates":[-97.68419,30.22634]}},{"type":"Feature","properties":{"class":"drain","via":"tagged"},"geometry":{"type":"Point","coordinates":[-97.68443,30.22603]}},{"type":"Feature","properties":{"class":"drain","via":"tagged"},"geometry":{"type":"Point","coordinates":[-97.69298,30.22927]}},{"type":"Feature","properties":{"class":"drain","via":"tagged"},"geometry":{"type":"Point","coordinates":[-97.62378,30.20088]}},{"type":"Feature","properties":{"class":"drain","via":"tagged"},"geometry":{"type":"Point","coordinates":[-97.61965,30.20513]}},{"type":"Feature","properties":{"class":"drain","via":"tagged"},"geometry":{"type":"Point","coordinates":[-97.6217,30.20416]}},{"type":"Feature","properties":{"class":"drain","via":"tagged"},"geometry":{"type":"Point","coordinates":[-97.62703,30.19724]}},{"type":"Feature","properties":{"class":"drain","via":"tagged"},"geometry":{"type":"Point","coordinates":[-97.6268,30.19748]}},{"type":"Feature","properties":{"class":"drain","via":"tagged"},"geometry":{"type":"Point","coordinates":[-97.62801,30.19623]}},{"type":"Feature","properties":{"class":"drain","via":"tagged"},"geometry":{"type":"Point","coordinates":[-97.62779,30.19646]}},{"type":"Feature","properties":{"class":"drain","via":"tagged"},"geometry":{"type":"Point","coordinates":[-97.62902,30.19905]}},{"type":"Feature","properties":{"class":"drain","via":"tagged"},"geometry":{"type":"Point","coordinates":[-97.63411,30.1991]}},{"type":"Feature","properties":{"class":"drain","via":"tagged"},"geometry":{"type":"Point","coordinates":[-97.63182,30.19992]}},{"type":"Feature","properties":{"class":"drain","via":"tagged"},"geometry":{"type":"Point","coordinates":[-97.63219,30.19974]}},{"type":"Feature","properties":{"class":"drain","via":"tagged"},"geometry":{"type":"Point","coordinates":[-97.63257,30.19954]}},{"type":"Feature","properties":{"class":"drain","via":"tagged"},"geometry":{"type":"Point","coordinates":[-97.63356,30.19907]}},{"type":"Feature","properties":{"class":"drain","via":"tagged"},"geometry":{"type":"Point","coordinates":[-97.63399,30.19906]}},{"type":"Feature","properties":{"class":"drain","via":"tagged"},"geometry":{"type":"Point","coordinates":[-97.49546,30.21187]}},{"type":"Feature","properties":{"class":"drain","via":"tagged"},"geometry":{"type":"Point","coordinates":[-97.58943,30.24123]}},{"type":"Feature","properties":{"class":"drain","via":"tagged"},"geometry":{"type":"Point","coordinates":[-97.58951,30.24121]}},{"type":"Feature","properties":{"class":"drain","via":"tagged"},"geometry":{"type":"Point","coordinates":[-97.58718,30.25762]}},{"type":"Feature","properties":{"class":"drain","via":"tagged"},"geometry":{"type":"Point","coordinates":[-97.58937,30.25968]}},{"type":"Feature","properties":{"class":"drain","via":"tagged"},"geometry":{"type":"Point","coordinates":[-97.58919,30.25949]}},{"type":"Feature","properties":{"class":"drain","via":"tagged"},"geometry":{"type":"Point","coordinates":[-97.49754,30.21219]}},{"type":"Feature","properties":{"class":"drain","via":"tagged"},"geometry":{"type":"Point","coordinates":[-97.49743,30.21216]}},{"type":"Feature","properties":{"class":"drain","via":"tagged"},"geometry":{"type":"Point","coordinates":[-97.57839,30.24847]}},{"type":"Feature","properties":{"class":"drain","via":"tagged"},"geometry":{"type":"Point","coordinates":[-97.57144,30.24975]}},{"type":"Feature","properties":{"class":"drain","via":"tagged"},"geometry":{"type":"Point","coordinates":[-97.57544,30.24894]}},{"type":"Feature","properties":{"class":"drain","via":"tagged"},"geometry":{"type":"Point","coordinates":[-97.57556,30.24894]}},{"type":"Feature","properties":{"class":"drain","via":"tagged"},"geometry":{"type":"Point","coordinates":[-97.57581,30.24892]}},{"type":"Feature","properties":{"class":"drain","via":"tagged"},"geometry":{"type":"Point","coordinates":[-97.57629,30.24887]}},{"type":"Feature","properties":{"class":"drain","via":"tagged"},"geometry":{"type":"Point","coordinates":[-97.57743,30.24857]}},{"type":"Feature","properties":{"class":"drain","via":"tagged"},"geometry":{"type":"Point","coordinates":[-97.57975,30.24823]}},{"type":"Feature","properties":{"class":"drain","via":"tagged"},"geometry":{"type":"Point","coordinates":[-97.57921,30.24828]}},{"type":"Feature","properties":{"class":"drain","via":"tagged"},"geometry":{"type":"Point","coordinates":[-97.58762,30.25272]}},{"type":"Feature","properties":{"class":"drain","via":"tagged"},"geometry":{"type":"Point","coordinates":[-97.58608,30.25518]}},{"type":"Feature","properties":{"class":"drain","via":"tagged"},"geometry":{"type":"Point","coordinates":[-97.58624,30.23601]}},{"type":"Feature","properties":{"class":"drain","via":"tagged"},"geometry":{"type":"Point","coordinates":[-97.87168,30.32258]}},{"type":"Feature","properties":{"class":"drain","via":"tagged"},"geometry":{"type":"Point","coordinates":[-97.91918,30.30548]}},{"type":"Feature","properties":{"class":"drain","via":"tagged"},"geometry":{"type":"Point","coordinates":[-97.75786,30.31574]}},{"type":"Feature","properties":{"class":"drain","via":"tagged","name":"Little Walnut Creek"},"geometry":{"type":"Point","coordinates":[-97.71448,30.38523]}},{"type":"Feature","properties":{"class":"drain","via":"tagged"},"geometry":{"type":"Point","coordinates":[-97.73438,30.3068]}},{"type":"Feature","properties":{"class":"drain","via":"tagged","name":"Hemphill Creek"},"geometry":{"type":"Point","coordinates":[-97.73872,30.30098]}},{"type":"Feature","properties":{"class":"drain","via":"tagged"},"geometry":{"type":"Point","coordinates":[-97.82213,30.29246]}},{"type":"Feature","properties":{"class":"drain","via":"tagged"},"geometry":{"type":"Point","coordinates":[-97.82339,30.29375]}},{"type":"Feature","properties":{"class":"drain","via":"tagged"},"geometry":{"type":"Point","coordinates":[-97.82301,30.29336]}},{"type":"Feature","properties":{"class":"drain","via":"tagged"},"geometry":{"type":"Point","coordinates":[-97.71825,30.33602]}},{"type":"Feature","properties":{"class":"drain","via":"tagged"},"geometry":{"type":"Point","coordinates":[-97.72029,30.34004]}},{"type":"Feature","properties":{"class":"drain","via":"tagged"},"geometry":{"type":"Point","coordinates":[-97.72037,30.34158]}},{"type":"Feature","properties":{"class":"drain","via":"tagged"},"geometry":{"type":"Point","coordinates":[-97.72287,30.37381]}},{"type":"Feature","properties":{"class":"drain","via":"tagged"},"geometry":{"type":"Point","coordinates":[-97.72354,30.37271]}},{"type":"Feature","properties":{"class":"drain","via":"tagged"},"geometry":{"type":"Point","coordinates":[-97.72363,30.37274]}},{"type":"Feature","properties":{"class":"drain","via":"tagged"},"geometry":{"type":"Point","coordinates":[-97.71465,30.39468]}},{"type":"Feature","properties":{"class":"drain","via":"tagged"},"geometry":{"type":"Point","coordinates":[-97.71408,30.39481]}},{"type":"Feature","properties":{"class":"drain","via":"tagged"},"geometry":{"type":"Point","coordinates":[-97.71452,30.39469]}},{"type":"Feature","properties":{"class":"drain","via":"tagged"},"geometry":{"type":"Point","coordinates":[-97.71528,30.39605]}},{"type":"Feature","properties":{"class":"drain","via":"tagged"},"geometry":{"type":"Point","coordinates":[-97.71518,30.39479]}},{"type":"Feature","properties":{"class":"drain","via":"tagged"},"geometry":{"type":"Point","coordinates":[-97.73218,30.388]}},{"type":"Feature","properties":{"class":"drain","via":"tagged"},"geometry":{"type":"Point","coordinates":[-97.78632,30.37152]}},{"type":"Feature","properties":{"class":"drain","via":"tagged"},"geometry":{"type":"Point","coordinates":[-97.78504,30.37091]}},{"type":"Feature","properties":{"class":"drain","via":"tagged"},"geometry":{"type":"Point","coordinates":[-97.78511,30.37096]}},{"type":"Feature","properties":{"class":"drain","via":"tagged"},"geometry":{"type":"Point","coordinates":[-97.78521,30.37103]}},{"type":"Feature","properties":{"class":"drain","via":"tagged"},"geometry":{"type":"Point","coordinates":[-97.78542,30.37111]}},{"type":"Feature","properties":{"class":"drain","via":"tagged"},"geometry":{"type":"Point","coordinates":[-97.78982,30.37256]}},{"type":"Feature","properties":{"class":"drain","via":"tagged"},"geometry":{"type":"Point","coordinates":[-97.82268,30.292]}},{"type":"Feature","properties":{"class":"drain","via":"tagged"},"geometry":{"type":"Point","coordinates":[-97.82237,30.29226]}},{"type":"Feature","properties":{"class":"drain","via":"tagged"},"geometry":{"type":"Point","coordinates":[-97.82286,30.2932]}},{"type":"Feature","properties":{"class":"drain","via":"tagged"},"geometry":{"type":"Point","coordinates":[-97.82262,30.29293]}},{"type":"Feature","properties":{"class":"drain","via":"tagged"},"geometry":{"type":"Point","coordinates":[-97.73076,30.40303]}},{"type":"Feature","properties":{"class":"drain","via":"tagged"},"geometry":{"type":"Point","coordinates":[-97.73057,30.4029]}},{"type":"Feature","properties":{"class":"drain","via":"tagged"},"geometry":{"type":"Point","coordinates":[-97.73058,30.40291]}},{"type":"Feature","properties":{"class":"drain","via":"tagged"},"geometry":{"type":"Point","coordinates":[-97.72978,30.40311]}},{"type":"Feature","properties":{"class":"drain","via":"tagged"},"geometry":{"type":"Point","coordinates":[-97.72678,30.40507]}},{"type":"Feature","properties":{"class":"drain","via":"tagged"},"geometry":{"type":"Point","coordinates":[-97.7268,30.405]}},{"type":"Feature","properties":{"class":"drain","via":"tagged"},"geometry":{"type":"Point","coordinates":[-97.72689,30.40466]}},{"type":"Feature","properties":{"class":"drain","via":"tagged"},"geometry":{"type":"Point","coordinates":[-97.72811,30.40371]}},{"type":"Feature","properties":{"class":"drain","via":"tagged"},"geometry":{"type":"Point","coordinates":[-97.72908,30.40311]}},{"type":"Feature","properties":{"class":"drain","via":"tagged"},"geometry":{"type":"Point","coordinates":[-97.7291,30.40312]}},{"type":"Feature","properties":{"class":"drain","via":"tagged"},"geometry":{"type":"Point","coordinates":[-97.72024,30.34154]}},{"type":"Feature","properties":{"class":"drain","via":"tagged"},"geometry":{"type":"Point","coordinates":[-97.71515,30.3966]}},{"type":"Feature","properties":{"class":"drain","via":"tagged"},"geometry":{"type":"Point","coordinates":[-97.71517,30.39653]}},{"type":"Feature","properties":{"class":"drain","via":"tagged"},"geometry":{"type":"Point","coordinates":[-97.71556,30.39498]}},{"type":"Feature","properties":{"class":"drain","via":"tagged"},"geometry":{"type":"Point","coordinates":[-97.71523,30.39627]}},{"type":"Feature","properties":{"class":"drain","via":"tagged"},"geometry":{"type":"Point","coordinates":[-97.71223,30.40831]}},{"type":"Feature","properties":{"class":"drain","via":"tagged"},"geometry":{"type":"Point","coordinates":[-97.71311,30.40809]}},{"type":"Feature","properties":{"class":"drain","via":"tagged"},"geometry":{"type":"Point","coordinates":[-97.71511,30.40665]}},{"type":"Feature","properties":{"class":"drain","via":"tagged"},"geometry":{"type":"Point","coordinates":[-97.71468,30.40659]}},{"type":"Feature","properties":{"class":"drain","via":"tagged"},"geometry":{"type":"Point","coordinates":[-97.71478,30.40659]}},{"type":"Feature","properties":{"class":"drain","via":"tagged"},"geometry":{"type":"Point","coordinates":[-97.7101,30.40981]}},{"type":"Feature","properties":{"class":"drain","via":"tagged"},"geometry":{"type":"Point","coordinates":[-97.72258,30.4098]}},{"type":"Feature","properties":{"class":"drain","via":"tagged"},"geometry":{"type":"Point","coordinates":[-97.73385,30.31154]}},{"type":"Feature","properties":{"class":"drain","via":"tagged"},"geometry":{"type":"Point","coordinates":[-97.73344,30.31129]}},{"type":"Feature","properties":{"class":"drain","via":"tagged"},"geometry":{"type":"Point","coordinates":[-97.73375,30.31148]}},{"type":"Feature","properties":{"class":"drain","via":"tagged","name":"Hemphill Creek"},"geometry":{"type":"Point","coordinates":[-97.74011,30.30635]}},{"type":"Feature","properties":{"class":"drain","via":"tagged","name":"Hemphill Creek"},"geometry":{"type":"Point","coordinates":[-97.73995,30.30613]}},{"type":"Feature","properties":{"class":"drain","via":"tagged"},"geometry":{"type":"Point","coordinates":[-97.73312,30.31161]}},{"type":"Feature","properties":{"class":"drain","via":"tagged"},"geometry":{"type":"Point","coordinates":[-97.75422,30.3872]}},{"type":"Feature","properties":{"class":"drain","via":"tagged"},"geometry":{"type":"Point","coordinates":[-97.75396,30.38771]}},{"type":"Feature","properties":{"class":"drain","via":"tagged"},"geometry":{"type":"Point","coordinates":[-97.75419,30.38756]}},{"type":"Feature","properties":{"class":"drain","via":"tagged"},"geometry":{"type":"Point","coordinates":[-97.75398,30.38768]}},{"type":"Feature","properties":{"class":"drain","via":"tagged"},"geometry":{"type":"Point","coordinates":[-97.6977,30.33427]}},{"type":"Feature","properties":{"class":"drain","via":"tagged"},"geometry":{"type":"Point","coordinates":[-97.69847,30.33435]}},{"type":"Feature","properties":{"class":"drain","via":"tagged"},"geometry":{"type":"Point","coordinates":[-97.69819,30.3344]}},{"type":"Feature","properties":{"class":"drain","via":"tagged"},"geometry":{"type":"Point","coordinates":[-97.65251,30.37032]}},{"type":"Feature","properties":{"class":"drain","via":"tagged"},"geometry":{"type":"Point","coordinates":[-97.65402,30.36968]}},{"type":"Feature","properties":{"class":"drain","via":"tagged","name":"Buttermilk Creek"},"geometry":{"type":"Point","coordinates":[-97.70006,30.33784]}},{"type":"Feature","properties":{"class":"drain","via":"tagged"},"geometry":{"type":"Point","coordinates":[-97.68821,30.33276]}},{"type":"Feature","properties":{"class":"drain","via":"tagged"},"geometry":{"type":"Point","coordinates":[-97.69019,30.33423]}},{"type":"Feature","properties":{"class":"drain","via":"tagged"},"geometry":{"type":"Point","coordinates":[-97.64576,30.36217]}},{"type":"Feature","properties":{"class":"drain","via":"tagged"},"geometry":{"type":"Point","coordinates":[-97.65601,30.38319]}},{"type":"Feature","properties":{"class":"drain","via":"tagged"},"geometry":{"type":"Point","coordinates":[-97.6525,30.37825]}},{"type":"Feature","properties":{"class":"drain","via":"tagged"},"geometry":{"type":"Point","coordinates":[-97.65066,30.37695]}},{"type":"Feature","properties":{"class":"drain","via":"tagged"},"geometry":{"type":"Point","coordinates":[-97.64934,30.36799]}},{"type":"Feature","properties":{"class":"drain","via":"tagged"},"geometry":{"type":"Point","coordinates":[-97.64725,30.3714]}},{"type":"Feature","properties":{"class":"drain","via":"tagged"},"geometry":{"type":"Point","coordinates":[-97.64975,30.36797]}},{"type":"Feature","properties":{"class":"drain","via":"tagged"},"geometry":{"type":"Point","coordinates":[-97.62487,30.34707]}},{"type":"Feature","properties":{"class":"drain","via":"tagged"},"geometry":{"type":"Point","coordinates":[-97.64235,30.34002]}},{"type":"Feature","properties":{"class":"drain","via":"tagged"},"geometry":{"type":"Point","coordinates":[-97.65029,30.36728]}},{"type":"Feature","properties":{"class":"drain","via":"tagged"},"geometry":{"type":"Point","coordinates":[-97.65753,30.32894]}},{"type":"Feature","properties":{"class":"drain","via":"tagged"},"geometry":{"type":"Point","coordinates":[-97.66655,30.3306]}},{"type":"Feature","properties":{"class":"drain","via":"tagged"},"geometry":{"type":"Point","coordinates":[-97.65487,30.33084]}},{"type":"Feature","properties":{"class":"drain","via":"tagged"},"geometry":{"type":"Point","coordinates":[-97.67622,30.34597]}},{"type":"Feature","properties":{"class":"drain","via":"tagged"},"geometry":{"type":"Point","coordinates":[-97.65318,30.37322]}},{"type":"Feature","properties":{"class":"drain","via":"tagged"},"geometry":{"type":"Point","coordinates":[-97.67825,30.33851]}},{"type":"Feature","properties":{"class":"drain","via":"tagged"},"geometry":{"type":"Point","coordinates":[-97.59253,30.34563]}},{"type":"Feature","properties":{"class":"drain","via":"tagged"},"geometry":{"type":"Point","coordinates":[-97.6088,30.34711]}},{"type":"Feature","properties":{"class":"drain","via":"tagged"},"geometry":{"type":"Point","coordinates":[-97.66375,30.38979]}},{"type":"Feature","properties":{"class":"drain","via":"tagged"},"geometry":{"type":"Point","coordinates":[-97.66397,30.39006]}},{"type":"Feature","properties":{"class":"drain","via":"tagged"},"geometry":{"type":"Point","coordinates":[-97.66479,30.3895]}},{"type":"Feature","properties":{"class":"drain","via":"tagged"},"geometry":{"type":"Point","coordinates":[-97.62048,30.35494]}},{"type":"Feature","properties":{"class":"drain","via":"tagged"},"geometry":{"type":"Point","coordinates":[-97.62013,30.35601]}},{"type":"Feature","properties":{"class":"drain","via":"tagged"},"geometry":{"type":"Point","coordinates":[-97.64583,30.35961]}},{"type":"Feature","properties":{"class":"drain","via":"tagged"},"geometry":{"type":"Point","coordinates":[-97.64638,30.35704]}},{"type":"Feature","properties":{"class":"drain","via":"tagged"},"geometry":{"type":"Point","coordinates":[-97.68938,30.35724]}},{"type":"Feature","properties":{"class":"drain","via":"tagged"},"geometry":{"type":"Point","coordinates":[-97.67646,30.34594]}},{"type":"Feature","properties":{"class":"drain","via":"tagged"},"geometry":{"type":"Point","coordinates":[-97.67658,30.34594]}},{"type":"Feature","properties":{"class":"drain","via":"tagged"},"geometry":{"type":"Point","coordinates":[-97.6777,30.34571]}},{"type":"Feature","properties":{"class":"drain","via":"tagged"},"geometry":{"type":"Point","coordinates":[-97.67808,30.34546]}},{"type":"Feature","properties":{"class":"drain","via":"tagged"},"geometry":{"type":"Point","coordinates":[-97.66104,30.32758]}},{"type":"Feature","properties":{"class":"drain","via":"tagged"},"geometry":{"type":"Point","coordinates":[-97.65857,30.32523]}},{"type":"Feature","properties":{"class":"drain","via":"tagged"},"geometry":{"type":"Point","coordinates":[-97.65911,30.32545]}},{"type":"Feature","properties":{"class":"drain","via":"tagged"},"geometry":{"type":"Point","coordinates":[-97.66581,30.33025]}},{"type":"Feature","properties":{"class":"drain","via":"tagged"},"geometry":{"type":"Point","coordinates":[-97.66628,30.33046]}},{"type":"Feature","properties":{"class":"drain","via":"tagged"},"geometry":{"type":"Point","coordinates":[-97.66282,30.32914]}},{"type":"Feature","properties":{"class":"drain","via":"tagged"},"geometry":{"type":"Point","coordinates":[-97.66571,30.3302]}},{"type":"Feature","properties":{"class":"drain","via":"tagged"},"geometry":{"type":"Point","coordinates":[-97.65766,30.32778]}},{"type":"Feature","properties":{"class":"drain","via":"tagged"},"geometry":{"type":"Point","coordinates":[-97.70784,30.29741]}},{"type":"Feature","properties":{"class":"drain","via":"tagged"},"geometry":{"type":"Point","coordinates":[-97.70765,30.29403]}},{"type":"Feature","properties":{"class":"drain","via":"tagged"},"geometry":{"type":"Point","coordinates":[-97.70727,30.29118]}},{"type":"Feature","properties":{"class":"drain","via":"tagged"},"geometry":{"type":"Point","coordinates":[-97.67147,30.40316]}},{"type":"Feature","properties":{"class":"drain","via":"tagged"},"geometry":{"type":"Point","coordinates":[-97.67133,30.40437]}},{"type":"Feature","properties":{"class":"drain","via":"tagged"},"geometry":{"type":"Point","coordinates":[-97.67137,30.40352]}},{"type":"Feature","properties":{"class":"drain","via":"tagged"},"geometry":{"type":"Point","coordinates":[-97.69071,30.37252]}},{"type":"Feature","properties":{"class":"drain","via":"tagged"},"geometry":{"type":"Point","coordinates":[-97.69068,30.37243]}},{"type":"Feature","properties":{"class":"drain","via":"tagged"},"geometry":{"type":"Point","coordinates":[-97.69053,30.37195]}},{"type":"Feature","properties":{"class":"drain","via":"tagged"},"geometry":{"type":"Point","coordinates":[-97.69131,30.37055]}},{"type":"Feature","properties":{"class":"drain","via":"tagged"},"geometry":{"type":"Point","coordinates":[-97.6025,30.3286]}},{"type":"Feature","properties":{"class":"drain","via":"tagged"},"geometry":{"type":"Point","coordinates":[-97.66206,30.32883]}},{"type":"Feature","properties":{"class":"drain","via":"tagged"},"geometry":{"type":"Point","coordinates":[-97.66271,30.3291]}},{"type":"Feature","properties":{"class":"drain","via":"tagged"},"geometry":{"type":"Point","coordinates":[-97.61097,30.34537]}},{"type":"Feature","properties":{"class":"drain","via":"tagged"},"geometry":{"type":"Point","coordinates":[-97.60907,30.34497]}},{"type":"Feature","properties":{"class":"drain","via":"tagged"},"geometry":{"type":"Point","coordinates":[-97.60954,30.34506]}},{"type":"Feature","properties":{"class":"drain","via":"tagged"},"geometry":{"type":"Point","coordinates":[-97.61253,30.34534]}},{"type":"Feature","properties":{"class":"drain","via":"tagged"},"geometry":{"type":"Point","coordinates":[-97.61186,30.3453]}},{"type":"Feature","properties":{"class":"drain","via":"tagged"},"geometry":{"type":"Point","coordinates":[-97.64823,30.37]}},{"type":"Feature","properties":{"class":"drain","via":"tagged"},"geometry":{"type":"Point","coordinates":[-97.6483,30.36985]}},{"type":"Feature","properties":{"class":"drain","via":"tagged"},"geometry":{"type":"Point","coordinates":[-97.65376,30.37311]}},{"type":"Feature","properties":{"class":"drain","via":"tagged"},"geometry":{"type":"Point","coordinates":[-97.65358,30.37314]}},{"type":"Feature","properties":{"class":"drain","via":"tagged"},"geometry":{"type":"Point","coordinates":[-97.65282,30.37005]}},{"type":"Feature","properties":{"class":"drain","via":"tagged"},"geometry":{"type":"Point","coordinates":[-97.65256,30.37027]}},{"type":"Feature","properties":{"class":"drain","via":"tagged"},"geometry":{"type":"Point","coordinates":[-97.65381,30.3701]}},{"type":"Feature","properties":{"class":"drain","via":"tagged"},"geometry":{"type":"Point","coordinates":[-97.65361,30.37004]}},{"type":"Feature","properties":{"class":"drain","via":"tagged"},"geometry":{"type":"Point","coordinates":[-97.6528,30.37827]}},{"type":"Feature","properties":{"class":"drain","via":"tagged"},"geometry":{"type":"Point","coordinates":[-97.63697,30.36754]}},{"type":"Feature","properties":{"class":"drain","via":"tagged"},"geometry":{"type":"Point","coordinates":[-97.64495,30.36158]}},{"type":"Feature","properties":{"class":"drain","via":"tagged"},"geometry":{"type":"Point","coordinates":[-97.64144,30.36235]}},{"type":"Feature","properties":{"class":"drain","via":"tagged"},"geometry":{"type":"Point","coordinates":[-97.64172,30.36225]}},{"type":"Feature","properties":{"class":"drain","via":"tagged"},"geometry":{"type":"Point","coordinates":[-97.64144,30.36235]}},{"type":"Feature","properties":{"class":"drain","via":"tagged"},"geometry":{"type":"Point","coordinates":[-97.64203,30.36209]}},{"type":"Feature","properties":{"class":"drain","via":"tagged"},"geometry":{"type":"Point","coordinates":[-97.64219,30.36203]}},{"type":"Feature","properties":{"class":"drain","via":"tagged"},"geometry":{"type":"Point","coordinates":[-97.64553,30.36151]}},{"type":"Feature","properties":{"class":"drain","via":"tagged"},"geometry":{"type":"Point","coordinates":[-97.64513,30.36156]}},{"type":"Feature","properties":{"class":"drain","via":"tagged"},"geometry":{"type":"Point","coordinates":[-97.60811,30.36471]}},{"type":"Feature","properties":{"class":"drain","via":"tagged"},"geometry":{"type":"Point","coordinates":[-97.59145,30.35171]}},{"type":"Feature","properties":{"class":"drain","via":"tagged"},"geometry":{"type":"Point","coordinates":[-97.59137,30.35148]}},{"type":"Feature","properties":{"class":"drain","via":"tagged"},"geometry":{"type":"Point","coordinates":[-97.60962,30.33471]}},{"type":"Feature","properties":{"class":"drain","via":"tagged"},"geometry":{"type":"Point","coordinates":[-97.5911,30.34227]}},{"type":"Feature","properties":{"class":"drain","via":"tagged"},"geometry":{"type":"Point","coordinates":[-97.59117,30.34241]}},{"type":"Feature","properties":{"class":"drain","via":"tagged"},"geometry":{"type":"Point","coordinates":[-97.67791,30.38115]}},{"type":"Feature","properties":{"class":"drain","via":"tagged"},"geometry":{"type":"Point","coordinates":[-97.64913,30.3986]}},{"type":"Feature","properties":{"class":"drain","via":"tagged"},"geometry":{"type":"Point","coordinates":[-97.66515,30.38942]}},{"type":"Feature","properties":{"class":"drain","via":"tagged"},"geometry":{"type":"Point","coordinates":[-97.66507,30.38944]}},{"type":"Feature","properties":{"class":"drain","via":"tagged"},"geometry":{"type":"Point","coordinates":[-97.67926,30.33589]}},{"type":"Feature","properties":{"class":"drain","via":"tagged"},"geometry":{"type":"Point","coordinates":[-97.68005,30.33718]}},{"type":"Feature","properties":{"class":"drain","via":"tagged"},"geometry":{"type":"Point","coordinates":[-97.68001,30.33705]}},{"type":"Feature","properties":{"class":"drain","via":"tagged"},"geometry":{"type":"Point","coordinates":[-97.6803,30.33789]}},{"type":"Feature","properties":{"class":"drain","via":"tagged"},"geometry":{"type":"Point","coordinates":[-97.70192,30.37914]}},{"type":"Feature","properties":{"class":"drain","via":"tagged"},"geometry":{"type":"Point","coordinates":[-97.69927,30.377]}},{"type":"Feature","properties":{"class":"drain","via":"tagged"},"geometry":{"type":"Point","coordinates":[-97.70074,30.37703]}},{"type":"Feature","properties":{"class":"drain","via":"tagged"},"geometry":{"type":"Point","coordinates":[-97.70029,30.37701]}},{"type":"Feature","properties":{"class":"drain","via":"tagged"},"geometry":{"type":"Point","coordinates":[-97.69976,30.37756]}},{"type":"Feature","properties":{"class":"drain","via":"tagged"},"geometry":{"type":"Point","coordinates":[-97.69978,30.377]}},{"type":"Feature","properties":{"class":"drain","via":"tagged"},"geometry":{"type":"Point","coordinates":[-97.69978,30.37737]}},{"type":"Feature","properties":{"class":"drain","via":"tagged"},"geometry":{"type":"Point","coordinates":[-97.69785,30.38132]}},{"type":"Feature","properties":{"class":"drain","via":"tagged"},"geometry":{"type":"Point","coordinates":[-97.69809,30.38132]}},{"type":"Feature","properties":{"class":"drain","via":"tagged"},"geometry":{"type":"Point","coordinates":[-97.70202,30.3802]}},{"type":"Feature","properties":{"class":"drain","via":"tagged"},"geometry":{"type":"Point","coordinates":[-97.70137,30.37987]}},{"type":"Feature","properties":{"class":"drain","via":"tagged"},"geometry":{"type":"Point","coordinates":[-97.70174,30.38004]}},{"type":"Feature","properties":{"class":"drain","via":"tagged"},"geometry":{"type":"Point","coordinates":[-97.70112,30.38465]}},{"type":"Feature","properties":{"class":"drain","via":"tagged"},"geometry":{"type":"Point","coordinates":[-97.70112,30.38465]}},{"type":"Feature","properties":{"class":"drain","via":"tagged"},"geometry":{"type":"Point","coordinates":[-97.70124,30.38419]}},{"type":"Feature","properties":{"class":"drain","via":"tagged"},"geometry":{"type":"Point","coordinates":[-97.70131,30.3835]}},{"type":"Feature","properties":{"class":"drain","via":"tagged"},"geometry":{"type":"Point","coordinates":[-97.70141,30.38235]}},{"type":"Feature","properties":{"class":"drain","via":"tagged"},"geometry":{"type":"Point","coordinates":[-97.70137,30.38212]}},{"type":"Feature","properties":{"class":"drain","via":"tagged"},"geometry":{"type":"Point","coordinates":[-97.7014,30.3823]}},{"type":"Feature","properties":{"class":"drain","via":"tagged"},"geometry":{"type":"Point","coordinates":[-97.70158,30.38184]}},{"type":"Feature","properties":{"class":"drain","via":"tagged"},"geometry":{"type":"Point","coordinates":[-97.70187,30.38168]}},{"type":"Feature","properties":{"class":"drain","via":"tagged"},"geometry":{"type":"Point","coordinates":[-97.62776,30.29191]}},{"type":"Feature","properties":{"class":"drain","via":"tagged"},"geometry":{"type":"Point","coordinates":[-97.62598,30.29678]}},{"type":"Feature","properties":{"class":"drain","via":"tagged"},"geometry":{"type":"Point","coordinates":[-97.62676,30.29454]}},{"type":"Feature","properties":{"class":"drain","via":"tagged"},"geometry":{"type":"Point","coordinates":[-97.62647,30.2949]}},{"type":"Feature","properties":{"class":"drain","via":"tagged"},"geometry":{"type":"Point","coordinates":[-97.62415,30.29753]}},{"type":"Feature","properties":{"class":"drain","via":"tagged"},"geometry":{"type":"Point","coordinates":[-97.62425,30.29737]}},{"type":"Feature","properties":{"class":"drain","via":"tagged"},"geometry":{"type":"Point","coordinates":[-97.62488,30.29642]}},{"type":"Feature","properties":{"class":"drain","via":"tagged"},"geometry":{"type":"Point","coordinates":[-97.62498,30.29623]}},{"type":"Feature","properties":{"class":"drain","via":"tagged"},"geometry":{"type":"Point","coordinates":[-97.62668,30.29514]}},{"type":"Feature","properties":{"class":"drain","via":"tagged"},"geometry":{"type":"Point","coordinates":[-97.62674,30.29576]}},{"type":"Feature","properties":{"class":"drain","via":"tagged"},"geometry":{"type":"Point","coordinates":[-97.65371,30.33185]}},{"type":"Feature","properties":{"class":"drain","via":"tagged"},"geometry":{"type":"Point","coordinates":[-97.65439,30.33041]}},{"type":"Feature","properties":{"class":"drain","via":"tagged"},"geometry":{"type":"Point","coordinates":[-97.6434,30.30483]}},{"type":"Feature","properties":{"class":"drain","via":"tagged"},"geometry":{"type":"Point","coordinates":[-97.64606,30.30258]}},{"type":"Feature","properties":{"class":"drain","via":"tagged"},"geometry":{"type":"Point","coordinates":[-97.64539,30.30352]}},{"type":"Feature","properties":{"class":"drain","via":"tagged"},"geometry":{"type":"Point","coordinates":[-97.64574,30.303]}},{"type":"Feature","properties":{"class":"drain","via":"tagged"},"geometry":{"type":"Point","coordinates":[-97.64581,30.30287]}},{"type":"Feature","properties":{"class":"drain","via":"tagged"},"geometry":{"type":"Point","coordinates":[-97.604,30.32911]}},{"type":"Feature","properties":{"class":"drain","via":"tagged"},"geometry":{"type":"Point","coordinates":[-97.63366,30.40112]}},{"type":"Feature","properties":{"class":"drain","via":"tagged"},"geometry":{"type":"Point","coordinates":[-97.63395,30.401]}},{"type":"Feature","properties":{"class":"drain","via":"tagged"},"geometry":{"type":"Point","coordinates":[-97.63412,30.40094]}},{"type":"Feature","properties":{"class":"drain","via":"tagged"},"geometry":{"type":"Point","coordinates":[-97.67484,30.36304]}},{"type":"Feature","properties":{"class":"drain","via":"tagged"},"geometry":{"type":"Point","coordinates":[-97.68259,30.33917]}},{"type":"Feature","properties":{"class":"drain","via":"tagged"},"geometry":{"type":"Point","coordinates":[-97.68191,30.33913]}},{"type":"Feature","properties":{"class":"drain","via":"tagged"},"geometry":{"type":"Point","coordinates":[-97.67751,30.33638]}},{"type":"Feature","properties":{"class":"drain","via":"tagged"},"geometry":{"type":"Point","coordinates":[-97.67763,30.33637]}},{"type":"Feature","properties":{"class":"drain","via":"tagged"},"geometry":{"type":"Point","coordinates":[-97.63335,30.37536]}},{"type":"Feature","properties":{"class":"drain","via":"tagged"},"geometry":{"type":"Point","coordinates":[-97.52897,30.35468]}},{"type":"Feature","properties":{"class":"drain","via":"tagged"},"geometry":{"type":"Point","coordinates":[-97.52175,30.35348]}},{"type":"Feature","properties":{"class":"drain","via":"tagged"},"geometry":{"type":"Point","coordinates":[-97.52197,30.34999]}},{"type":"Feature","properties":{"class":"drain","via":"tagged"},"geometry":{"type":"Point","coordinates":[-97.5287,30.35582]}},{"type":"Feature","properties":{"class":"drain","via":"tagged"},"geometry":{"type":"Point","coordinates":[-97.52535,30.35485]}},{"type":"Feature","properties":{"class":"drain","via":"tagged"},"geometry":{"type":"Point","coordinates":[-97.52561,30.35493]}},{"type":"Feature","properties":{"class":"drain","via":"tagged"},"geometry":{"type":"Point","coordinates":[-97.51589,30.35721]}},{"type":"Feature","properties":{"class":"drain","via":"tagged"},"geometry":{"type":"Point","coordinates":[-97.53589,30.34494]}},{"type":"Feature","properties":{"class":"drain","via":"tagged"},"geometry":{"type":"Point","coordinates":[-97.51423,30.35316]}},{"type":"Feature","properties":{"class":"drain","via":"tagged"},"geometry":{"type":"Point","coordinates":[-97.51492,30.35576]}},{"type":"Feature","properties":{"class":"drain","via":"tagged"},"geometry":{"type":"Point","coordinates":[-97.51526,30.35617]}},{"type":"Feature","properties":{"class":"drain","via":"tagged"},"geometry":{"type":"Point","coordinates":[-97.51572,30.35713]}},{"type":"Feature","properties":{"class":"drain","via":"tagged"},"geometry":{"type":"Point","coordinates":[-97.51471,30.34971]}},{"type":"Feature","properties":{"class":"drain","via":"tagged"},"geometry":{"type":"Point","coordinates":[-97.53404,30.34685]}},{"type":"Feature","properties":{"class":"drain","via":"tagged"},"geometry":{"type":"Point","coordinates":[-97.55241,30.29742]}},{"type":"Feature","properties":{"class":"drain","via":"tagged"},"geometry":{"type":"Point","coordinates":[-97.58776,30.36766]}},{"type":"Feature","properties":{"class":"drain","via":"tagged"},"geometry":{"type":"Point","coordinates":[-97.57157,30.39671]}},{"type":"Feature","properties":{"class":"drain","via":"tagged"},"geometry":{"type":"Point","coordinates":[-97.57159,30.39525]}},{"type":"Feature","properties":{"class":"drain","via":"tagged"},"geometry":{"type":"Point","coordinates":[-97.57157,30.39661]}},{"type":"Feature","properties":{"class":"drain","via":"tagged"},"geometry":{"type":"Point","coordinates":[-97.57146,30.40069]}},{"type":"Feature","properties":{"class":"drain","via":"tagged"},"geometry":{"type":"Point","coordinates":[-97.57117,30.40047]}},{"type":"Feature","properties":{"class":"drain","via":"tagged"},"geometry":{"type":"Point","coordinates":[-97.56745,30.39763]}},{"type":"Feature","properties":{"class":"drain","via":"tagged"},"geometry":{"type":"Point","coordinates":[-97.56465,30.3944]}},{"type":"Feature","properties":{"class":"drain","via":"tagged"},"geometry":{"type":"Point","coordinates":[-97.56691,30.39719]}},{"type":"Feature","properties":{"class":"drain","via":"tagged"},"geometry":{"type":"Point","coordinates":[-97.57163,30.40083]}},{"type":"Feature","properties":{"class":"drain","via":"tagged"},"geometry":{"type":"Point","coordinates":[-97.57191,30.39441]}},{"type":"Feature","properties":{"class":"drain","via":"tagged"},"geometry":{"type":"Point","coordinates":[-97.52529,30.36111]}},{"type":"Feature","properties":{"class":"drain","via":"tagged"},"geometry":{"type":"Point","coordinates":[-97.52543,30.36088]}},{"type":"Feature","properties":{"class":"drain","via":"tagged"},"geometry":{"type":"Point","coordinates":[-97.48468,30.37894]}},{"type":"Feature","properties":{"class":"drain","via":"tagged"},"geometry":{"type":"Point","coordinates":[-97.48572,30.37373]}},{"type":"Feature","properties":{"class":"drain","via":"tagged"},"geometry":{"type":"Point","coordinates":[-97.48257,30.37677]}},{"type":"Feature","properties":{"class":"drain","via":"tagged"},"geometry":{"type":"Point","coordinates":[-97.48253,30.37684]}},{"type":"Feature","properties":{"class":"drain","via":"tagged"},"geometry":{"type":"Point","coordinates":[-97.48432,30.37877]}},{"type":"Feature","properties":{"class":"drain","via":"tagged"},"geometry":{"type":"Point","coordinates":[-97.48439,30.3788]}},{"type":"Feature","properties":{"class":"drain","via":"tagged"},"geometry":{"type":"Point","coordinates":[-97.48461,30.37891]}},{"type":"Feature","properties":{"class":"drain","via":"tagged"},"geometry":{"type":"Point","coordinates":[-97.48627,30.3797]}},{"type":"Feature","properties":{"class":"drain","via":"tagged"},"geometry":{"type":"Point","coordinates":[-97.48616,30.37965]}},{"type":"Feature","properties":{"class":"drain","via":"tagged"},"geometry":{"type":"Point","coordinates":[-97.48756,30.38014]}},{"type":"Feature","properties":{"class":"drain","via":"tagged"},"geometry":{"type":"Point","coordinates":[-97.48766,30.38022]}},{"type":"Feature","properties":{"class":"drain","via":"tagged"},"geometry":{"type":"Point","coordinates":[-97.51362,30.33079]}},{"type":"Feature","properties":{"class":"drain","via":"tagged"},"geometry":{"type":"Point","coordinates":[-97.51446,30.32745]}},{"type":"Feature","properties":{"class":"drain","via":"tagged"},"geometry":{"type":"Point","coordinates":[-97.51333,30.33012]}},{"type":"Feature","properties":{"class":"drain","via":"tagged"},"geometry":{"type":"Point","coordinates":[-97.52118,30.36733]}},{"type":"Feature","properties":{"class":"drain","via":"tagged"},"geometry":{"type":"Point","coordinates":[-97.51889,30.36695]}},{"type":"Feature","properties":{"class":"drain","via":"tagged"},"geometry":{"type":"Point","coordinates":[-97.51871,30.36624]}},{"type":"Feature","properties":{"class":"drain","via":"tagged"},"geometry":{"type":"Point","coordinates":[-97.52017,30.36685]}},{"type":"Feature","properties":{"class":"drain","via":"tagged"},"geometry":{"type":"Point","coordinates":[-97.52035,30.36694]}},{"type":"Feature","properties":{"class":"drain","via":"tagged"},"geometry":{"type":"Point","coordinates":[-97.52103,30.36726]}},{"type":"Feature","properties":{"class":"drain","via":"tagged"},"geometry":{"type":"Point","coordinates":[-97.51936,30.36529]}},{"type":"Feature","properties":{"class":"drain","via":"tagged"},"geometry":{"type":"Point","coordinates":[-97.58311,30.37797]}},{"type":"Feature","properties":{"class":"drain","via":"tagged"},"geometry":{"type":"Point","coordinates":[-97.58372,30.37264]}},{"type":"Feature","properties":{"class":"drain","via":"tagged"},"geometry":{"type":"Point","coordinates":[-97.58437,30.36967]}},{"type":"Feature","properties":{"class":"drain","via":"tagged"},"geometry":{"type":"Point","coordinates":[-97.51428,30.3657]}},{"type":"Feature","properties":{"class":"drain","via":"tagged"},"geometry":{"type":"Point","coordinates":[-97.51286,30.36604]}},{"type":"Feature","properties":{"class":"drain","via":"tagged"},"geometry":{"type":"Point","coordinates":[-97.51367,30.36577]}},{"type":"Feature","properties":{"class":"drain","via":"tagged"},"geometry":{"type":"Point","coordinates":[-97.51931,30.36961]}},{"type":"Feature","properties":{"class":"drain","via":"tagged"},"geometry":{"type":"Point","coordinates":[-97.51766,30.37141]}},{"type":"Feature","properties":{"class":"drain","via":"tagged"},"geometry":{"type":"Point","coordinates":[-97.51744,30.37127]}},{"type":"Feature","properties":{"class":"drain","via":"tagged"},"geometry":{"type":"Point","coordinates":[-97.51664,30.37082]}},{"type":"Feature","properties":{"class":"drain","via":"tagged"},"geometry":{"type":"Point","coordinates":[-97.5171,30.37098]}},{"type":"Feature","properties":{"class":"drain","via":"tagged"},"geometry":{"type":"Point","coordinates":[-97.51741,30.37127]}},{"type":"Feature","properties":{"class":"drain","via":"tagged"},"geometry":{"type":"Point","coordinates":[-97.57906,30.38565]}},{"type":"Feature","properties":{"class":"drain","via":"tagged"},"geometry":{"type":"Point","coordinates":[-97.57853,30.38546]}},{"type":"Feature","properties":{"class":"drain","via":"tagged"},"geometry":{"type":"Point","coordinates":[-97.57902,30.38564]}},{"type":"Feature","properties":{"class":"drain","via":"tagged"},"geometry":{"type":"Point","coordinates":[-97.57939,30.3939]}},{"type":"Feature","properties":{"class":"drain","via":"tagged"},"geometry":{"type":"Point","coordinates":[-97.57873,30.3938]}},{"type":"Feature","properties":{"class":"drain","via":"tagged"},"geometry":{"type":"Point","coordinates":[-97.57876,30.3938]}},{"type":"Feature","properties":{"class":"drain","via":"tagged"},"geometry":{"type":"Point","coordinates":[-97.57934,30.39389]}},{"type":"Feature","properties":{"class":"drain","via":"tagged"},"geometry":{"type":"Point","coordinates":[-97.57992,30.39398]}},{"type":"Feature","properties":{"class":"drain","via":"tagged"},"geometry":{"type":"Point","coordinates":[-97.56591,30.33654]}},{"type":"Feature","properties":{"class":"drain","via":"tagged"},"geometry":{"type":"Point","coordinates":[-97.56576,30.33573]}},{"type":"Feature","properties":{"class":"drain","via":"tagged"},"geometry":{"type":"Point","coordinates":[-97.56522,30.33772]}},{"type":"Feature","properties":{"class":"drain","via":"tagged"},"geometry":{"type":"Point","coordinates":[-97.56547,30.33485]}},{"type":"Feature","properties":{"class":"drain","via":"tagged"},"geometry":{"type":"Point","coordinates":[-97.52598,30.32365]}},{"type":"Feature","properties":{"class":"drain","via":"tagged"},"geometry":{"type":"Point","coordinates":[-97.52159,30.36752]}},{"type":"Feature","properties":{"class":"drain","via":"tagged"},"geometry":{"type":"Point","coordinates":[-97.51816,30.37061]}},{"type":"Feature","properties":{"class":"drain","via":"tagged"},"geometry":{"type":"Point","coordinates":[-97.51827,30.37046]}},{"type":"Feature","properties":{"class":"drain","via":"tagged"},"geometry":{"type":"Point","coordinates":[-97.51892,30.37012]}},{"type":"Feature","properties":{"class":"drain","via":"tagged"},"geometry":{"type":"Point","coordinates":[-97.5192,30.36976]}},{"type":"Feature","properties":{"class":"drain","via":"tagged"},"geometry":{"type":"Point","coordinates":[-97.51342,30.33029]}},{"type":"Feature","properties":{"class":"drain","via":"tagged"},"geometry":{"type":"Point","coordinates":[-97.51356,30.33068]}},{"type":"Feature","properties":{"class":"drain","via":"tagged"},"geometry":{"type":"Point","coordinates":[-97.51072,30.36141]}},{"type":"Feature","properties":{"class":"drain","via":"tagged"},"geometry":{"type":"Point","coordinates":[-97.51001,30.36237]}},{"type":"Feature","properties":{"class":"drain","via":"tagged"},"geometry":{"type":"Point","coordinates":[-97.51037,30.36208]}},{"type":"Feature","properties":{"class":"drain","via":"tagged"},"geometry":{"type":"Point","coordinates":[-97.51009,30.36769]}},{"type":"Feature","properties":{"class":"drain","via":"tagged"},"geometry":{"type":"Point","coordinates":[-97.51005,30.36789]}},{"type":"Feature","properties":{"class":"drain","via":"tagged"},"geometry":{"type":"Point","coordinates":[-97.51011,30.36804]}},{"type":"Feature","properties":{"class":"drain","via":"tagged"},"geometry":{"type":"Point","coordinates":[-97.51016,30.36756]}},{"type":"Feature","properties":{"class":"drain","via":"tagged"},"geometry":{"type":"Point","coordinates":[-97.51687,30.37471]}},{"type":"Feature","properties":{"class":"drain","via":"tagged"},"geometry":{"type":"Point","coordinates":[-97.52179,30.37745]}},{"type":"Feature","properties":{"class":"drain","via":"tagged"},"geometry":{"type":"Point","coordinates":[-97.51962,30.37634]}},{"type":"Feature","properties":{"class":"drain","via":"tagged"},"geometry":{"type":"Point","coordinates":[-97.55149,30.29241]}},{"type":"Feature","properties":{"class":"drain","via":"tagged"},"geometry":{"type":"Point","coordinates":[-97.52114,30.35123]}},{"type":"Feature","properties":{"class":"drain","via":"tagged"},"geometry":{"type":"Point","coordinates":[-97.56265,30.36046]}},{"type":"Feature","properties":{"class":"drain","via":"tagged"},"geometry":{"type":"Point","coordinates":[-97.56226,30.36049]}},{"type":"Feature","properties":{"class":"drain","via":"tagged"},"geometry":{"type":"Point","coordinates":[-97.5625,30.36045]}},{"type":"Feature","properties":{"class":"drain","via":"tagged"},"geometry":{"type":"Point","coordinates":[-97.56828,30.30218]}},{"type":"Feature","properties":{"class":"drain","via":"tagged"},"geometry":{"type":"Point","coordinates":[-97.5331,30.34967]}},{"type":"Feature","properties":{"class":"drain","via":"tagged"},"geometry":{"type":"Point","coordinates":[-97.53015,30.34977]}},{"type":"Feature","properties":{"class":"drain","via":"tagged"},"geometry":{"type":"Point","coordinates":[-97.53754,30.34954]}},{"type":"Feature","properties":{"class":"drain","via":"tagged"},"geometry":{"type":"Point","coordinates":[-97.53615,30.34957]}},{"type":"Feature","properties":{"class":"drain","via":"tagged"},"geometry":{"type":"Point","coordinates":[-97.53625,30.34433]}},{"type":"Feature","properties":{"class":"drain","via":"tagged"},"geometry":{"type":"Point","coordinates":[-97.55144,30.29267]}},{"type":"Feature","properties":{"class":"drain","via":"tagged"},"geometry":{"type":"Point","coordinates":[-97.38852,30.34412]}},{"type":"Feature","properties":{"class":"drain","via":"tagged"},"geometry":{"type":"Point","coordinates":[-97.37257,30.34138]}},{"type":"Feature","properties":{"class":"drain","via":"tagged"},"geometry":{"type":"Point","coordinates":[-97.37496,30.33902]}},{"type":"Feature","properties":{"class":"drain","via":"tagged"},"geometry":{"type":"Point","coordinates":[-97.39004,30.34678]}},{"type":"Feature","properties":{"class":"drain","via":"tagged"},"geometry":{"type":"Point","coordinates":[-97.3913,30.34403]}},{"type":"Feature","properties":{"class":"drain","via":"tagged"},"geometry":{"type":"Point","coordinates":[-97.3901,30.34646]}},{"type":"Feature","properties":{"class":"drain","via":"tagged"},"geometry":{"type":"Point","coordinates":[-97.37415,30.34005]}},{"type":"Feature","properties":{"class":"drain","via":"tagged"},"geometry":{"type":"Point","coordinates":[-97.37317,30.34018]}},{"type":"Feature","properties":{"class":"drain","via":"tagged"},"geometry":{"type":"Point","coordinates":[-97.37143,30.34336]}},{"type":"Feature","properties":{"class":"drain","via":"tagged"},"geometry":{"type":"Point","coordinates":[-97.37247,30.34217]}},{"type":"Feature","properties":{"class":"drain","via":"tagged"},"geometry":{"type":"Point","coordinates":[-97.38602,30.34649]}},{"type":"Feature","properties":{"class":"drain","via":"tagged"},"geometry":{"type":"Point","coordinates":[-97.38528,30.34682]}},{"type":"Feature","properties":{"class":"drain","via":"tagged"},"geometry":{"type":"Point","coordinates":[-97.42315,30.35294]}},{"type":"Feature","properties":{"class":"drain","via":"tagged"},"geometry":{"type":"Point","coordinates":[-97.3725,30.34257]}},{"type":"Feature","properties":{"class":"drain","via":"tagged"},"geometry":{"type":"Point","coordinates":[-97.37191,30.34287]}},{"type":"Feature","properties":{"class":"drain","via":"tagged"},"geometry":{"type":"Point","coordinates":[-97.39703,30.34374]}},{"type":"Feature","properties":{"class":"drain","via":"tagged"},"geometry":{"type":"Point","coordinates":[-97.39621,30.34513]}},{"type":"Feature","properties":{"class":"drain","via":"tagged"},"geometry":{"type":"Point","coordinates":[-97.39656,30.34454]}},{"type":"Feature","properties":{"class":"drain","via":"tagged"},"geometry":{"type":"Point","coordinates":[-97.39697,30.34294]}},{"type":"Feature","properties":{"class":"drain","via":"tagged"},"geometry":{"type":"Point","coordinates":[-97.39703,30.34322]}},{"type":"Feature","properties":{"class":"drain","via":"tagged"},"geometry":{"type":"Point","coordinates":[-97.397,30.34174]}},{"type":"Feature","properties":{"class":"drain","via":"tagged"},"geometry":{"type":"Point","coordinates":[-97.39705,30.3428]}},{"type":"Feature","properties":{"class":"drain","via":"tagged"},"geometry":{"type":"Point","coordinates":[-97.39708,30.34237]}},{"type":"Feature","properties":{"class":"drain","via":"tagged"},"geometry":{"type":"Point","coordinates":[-97.39711,30.34246]}},{"type":"Feature","properties":{"class":"drain","via":"tagged"},"geometry":{"type":"Point","coordinates":[-97.39718,30.34262]}},{"type":"Feature","properties":{"class":"drain","via":"tagged"},"geometry":{"type":"Point","coordinates":[-97.39915,30.36055]}},{"type":"Feature","properties":{"class":"drain","via":"tagged"},"geometry":{"type":"Point","coordinates":[-97.3981,30.36292]}},{"type":"Feature","properties":{"class":"drain","via":"tagged"},"geometry":{"type":"Point","coordinates":[-97.38689,30.35594]}},{"type":"Feature","properties":{"class":"drain","via":"tagged"},"geometry":{"type":"Point","coordinates":[-97.38655,30.35695]}},{"type":"Feature","properties":{"class":"drain","via":"tagged"},"geometry":{"type":"Point","coordinates":[-97.38656,30.35716]}},{"type":"Feature","properties":{"class":"drain","via":"tagged"},"geometry":{"type":"Point","coordinates":[-97.38662,30.35684]}},{"type":"Feature","properties":{"class":"drain","via":"tagged"},"geometry":{"type":"Point","coordinates":[-97.38655,30.35695]}},{"type":"Feature","properties":{"class":"drain","via":"tagged"},"geometry":{"type":"Point","coordinates":[-97.38661,30.35741]}},{"type":"Feature","properties":{"class":"drain","via":"tagged"},"geometry":{"type":"Point","coordinates":[-97.38867,30.35797]}},{"type":"Feature","properties":{"class":"drain","via":"tagged"},"geometry":{"type":"Point","coordinates":[-97.38875,30.35784]}},{"type":"Feature","properties":{"class":"drain","via":"tagged"},"geometry":{"type":"Point","coordinates":[-97.39095,30.35733]}},{"type":"Feature","properties":{"class":"drain","via":"tagged"},"geometry":{"type":"Point","coordinates":[-97.42327,30.35271]}},{"type":"Feature","properties":{"class":"drain","via":"tagged"},"geometry":{"type":"Point","coordinates":[-97.42319,30.35288]}},{"type":"Feature","properties":{"class":"drain","via":"tagged"},"geometry":{"type":"Point","coordinates":[-97.42338,30.35197]}},{"type":"Feature","properties":{"class":"drain","via":"tagged"},"geometry":{"type":"Point","coordinates":[-97.41831,30.35869]}},{"type":"Feature","properties":{"class":"drain","via":"tagged"},"geometry":{"type":"Point","coordinates":[-97.4185,30.35863]}},{"type":"Feature","properties":{"class":"drain","via":"tagged"},"geometry":{"type":"Point","coordinates":[-97.4194,30.35584]}},{"type":"Feature","properties":{"class":"drain","via":"tagged"},"geometry":{"type":"Point","coordinates":[-97.41964,30.35561]}},{"type":"Feature","properties":{"class":"drain","via":"tagged"},"geometry":{"type":"Point","coordinates":[-97.40936,30.37067]}},{"type":"Feature","properties":{"class":"drain","via":"tagged"},"geometry":{"type":"Point","coordinates":[-97.4082,30.37422]}},{"type":"Feature","properties":{"class":"drain","via":"tagged"},"geometry":{"type":"Point","coordinates":[-97.40826,30.37407]}},{"type":"Feature","properties":{"class":"drain","via":"tagged"},"geometry":{"type":"Point","coordinates":[-97.40891,30.37304]}},{"type":"Feature","properties":{"class":"drain","via":"tagged"},"geometry":{"type":"Point","coordinates":[-97.40899,30.37288]}},{"type":"Feature","properties":{"class":"drain","via":"tagged"},"geometry":{"type":"Point","coordinates":[-97.41042,30.37204]}},{"type":"Feature","properties":{"class":"drain","via":"tagged"},"geometry":{"type":"Point","coordinates":[-97.41012,30.37181]}},{"type":"Feature","properties":{"class":"drain","via":"tagged"},"geometry":{"type":"Point","coordinates":[-97.4092,30.3716]}},{"type":"Feature","properties":{"class":"drain","via":"tagged"},"geometry":{"type":"Point","coordinates":[-97.40894,30.37134]}},{"type":"Feature","properties":{"class":"drain","via":"tagged"},"geometry":{"type":"Point","coordinates":[-97.41129,30.35341]}},{"type":"Feature","properties":{"class":"drain","via":"tagged"},"geometry":{"type":"Point","coordinates":[-97.41015,30.35518]}},{"type":"Feature","properties":{"class":"drain","via":"tagged"},"geometry":{"type":"Point","coordinates":[-97.41021,30.3551]}},{"type":"Feature","properties":{"class":"drain","via":"tagged"},"geometry":{"type":"Point","coordinates":[-97.4081,30.35964]}},{"type":"Feature","properties":{"class":"drain","via":"tagged"},"geometry":{"type":"Point","coordinates":[-97.40758,30.35965]}},{"type":"Feature","properties":{"class":"drain","via":"tagged"},"geometry":{"type":"Point","coordinates":[-97.40766,30.35947]}},{"type":"Feature","properties":{"class":"drain","via":"tagged"},"geometry":{"type":"Point","coordinates":[-97.41143,30.35187]}},{"type":"Feature","properties":{"class":"drain","via":"tagged"},"geometry":{"type":"Point","coordinates":[-97.41149,30.35314]}},{"type":"Feature","properties":{"class":"drain","via":"tagged"},"geometry":{"type":"Point","coordinates":[-97.41148,30.35318]}},{"type":"Feature","properties":{"class":"drain","via":"tagged"},"geometry":{"type":"Point","coordinates":[-97.41124,30.3524]}},{"type":"Feature","properties":{"class":"drain","via":"tagged"},"geometry":{"type":"Point","coordinates":[-97.41169,30.35239]}},{"type":"Feature","properties":{"class":"drain","via":"tagged"},"geometry":{"type":"Point","coordinates":[-97.41194,30.35238]}},{"type":"Feature","properties":{"class":"drain","via":"tagged"},"geometry":{"type":"Point","coordinates":[-97.41196,30.35238]}},{"type":"Feature","properties":{"class":"drain","via":"tagged"},"geometry":{"type":"Point","coordinates":[-97.40015,30.36114]}},{"type":"Feature","properties":{"class":"drain","via":"tagged"},"geometry":{"type":"Point","coordinates":[-97.39951,30.36158]}},{"type":"Feature","properties":{"class":"drain","via":"tagged"},"geometry":{"type":"Point","coordinates":[-97.39776,30.37261]}},{"type":"Feature","properties":{"class":"drain","via":"tagged"},"geometry":{"type":"Point","coordinates":[-97.40256,30.36801]}},{"type":"Feature","properties":{"class":"drain","via":"tagged"},"geometry":{"type":"Point","coordinates":[-97.40256,30.36801]}},{"type":"Feature","properties":{"class":"drain","via":"tagged"},"geometry":{"type":"Point","coordinates":[-97.40271,30.36745]}},{"type":"Feature","properties":{"class":"drain","via":"tagged"},"geometry":{"type":"Point","coordinates":[-97.40262,30.36785]}},{"type":"Feature","properties":{"class":"drain","via":"tagged"},"geometry":{"type":"Point","coordinates":[-97.40279,30.3673]}},{"type":"Feature","properties":{"class":"drain","via":"tagged"},"geometry":{"type":"Point","coordinates":[-97.40318,30.36661]}},{"type":"Feature","properties":{"class":"drain","via":"tagged"},"geometry":{"type":"Point","coordinates":[-97.40253,30.36701]}},{"type":"Feature","properties":{"class":"drain","via":"tagged"},"geometry":{"type":"Point","coordinates":[-97.40269,30.36708]}},{"type":"Feature","properties":{"class":"drain","via":"tagged"},"geometry":{"type":"Point","coordinates":[-97.40271,30.36745]}},{"type":"Feature","properties":{"class":"drain","via":"tagged"},"geometry":{"type":"Point","coordinates":[-97.40493,30.36885]}},{"type":"Feature","properties":{"class":"drain","via":"tagged"},"geometry":{"type":"Point","coordinates":[-97.4041,30.36816]}},{"type":"Feature","properties":{"class":"drain","via":"tagged"},"geometry":{"type":"Point","coordinates":[-97.40271,30.36711]}},{"type":"Feature","properties":{"class":"drain","via":"tagged"},"geometry":{"type":"Point","coordinates":[-97.40307,30.36678]}},{"type":"Feature","properties":{"class":"drain","via":"tagged"},"geometry":{"type":"Point","coordinates":[-97.40812,30.35844]}},{"type":"Feature","properties":{"class":"drain","via":"tagged"},"geometry":{"type":"Point","coordinates":[-97.40763,30.35917]}},{"type":"Feature","properties":{"class":"drain","via":"tagged"},"geometry":{"type":"Point","coordinates":[-97.39995,30.36091]}},{"type":"Feature","properties":{"class":"drain","via":"tagged"},"geometry":{"type":"Point","coordinates":[-97.39089,30.34253]}},{"type":"Feature","properties":{"class":"drain","via":"tagged"},"geometry":{"type":"Point","coordinates":[-97.38849,30.34401]}},{"type":"Feature","properties":{"class":"drain","via":"tagged"},"geometry":{"type":"Point","coordinates":[-97.38848,30.34389]}},{"type":"Feature","properties":{"class":"drain","via":"tagged"},"geometry":{"type":"Point","coordinates":[-97.38863,30.34369]}},{"type":"Feature","properties":{"class":"drain","via":"tagged"},"geometry":{"type":"Point","coordinates":[-97.39867,30.37304]}},{"type":"Feature","properties":{"class":"drain","via":"tagged"},"geometry":{"type":"Point","coordinates":[-97.40289,30.36698]}},{"type":"Feature","properties":{"class":"drain","via":"tagged"},"geometry":{"type":"Point","coordinates":[-97.40269,30.36708]}},{"type":"Feature","properties":{"class":"drain","via":"tagged"},"geometry":{"type":"Point","coordinates":[-97.40259,30.36703]}},{"type":"Feature","properties":{"class":"drain","via":"tagged"},"geometry":{"type":"Point","coordinates":[-97.40277,30.36724]}},{"type":"Feature","properties":{"class":"drain","via":"tagged"},"geometry":{"type":"Point","coordinates":[-97.40276,30.36722]}},{"type":"Feature","properties":{"class":"drain","via":"tagged"},"geometry":{"type":"Point","coordinates":[-97.22207,30.37773]}},{"type":"Feature","properties":{"class":"drain","via":"tagged"},"geometry":{"type":"Point","coordinates":[-97.837,30.48393]}},{"type":"Feature","properties":{"class":"drain","via":"tagged"},"geometry":{"type":"Point","coordinates":[-97.84427,30.47977]}},{"type":"Feature","properties":{"class":"drain","via":"tagged"},"geometry":{"type":"Point","coordinates":[-97.84646,30.48163]}},{"type":"Feature","properties":{"class":"drain","via":"tagged"},"geometry":{"type":"Point","coordinates":[-97.84357,30.48117]}},{"type":"Feature","properties":{"class":"drain","via":"tagged"},"geometry":{"type":"Point","coordinates":[-97.84526,30.48194]}},{"type":"Feature","properties":{"class":"drain","via":"tagged"},"geometry":{"type":"Point","coordinates":[-97.84553,30.48207]}},{"type":"Feature","properties":{"class":"drain","via":"tagged"},"geometry":{"type":"Point","coordinates":[-97.8496,30.48928]}},{"type":"Feature","properties":{"class":"drain","via":"tagged"},"geometry":{"type":"Point","coordinates":[-97.85338,30.49824]}},{"type":"Feature","properties":{"class":"drain","via":"tagged"},"geometry":{"type":"Point","coordinates":[-97.85041,30.49575]}},{"type":"Feature","properties":{"class":"drain","via":"tagged"},"geometry":{"type":"Point","coordinates":[-97.84117,30.48199]}},{"type":"Feature","properties":{"class":"drain","via":"tagged"},"geometry":{"type":"Point","coordinates":[-97.84095,30.48209]}},{"type":"Feature","properties":{"class":"drain","via":"tagged"},"geometry":{"type":"Point","coordinates":[-97.83378,30.48518]}},{"type":"Feature","properties":{"class":"drain","via":"tagged"},"geometry":{"type":"Point","coordinates":[-97.83675,30.4841]}},{"type":"Feature","properties":{"class":"drain","via":"tagged"},"geometry":{"type":"Point","coordinates":[-97.83138,30.47839]}},{"type":"Feature","properties":{"class":"spring","via":"named","name":"Pond Springs"},"geometry":{"type":"Point","coordinates":[-97.77842,30.44322]}},{"type":"Feature","properties":{"class":"drain","via":"tagged"},"geometry":{"type":"Point","coordinates":[-97.77262,30.43937]}},{"type":"Feature","properties":{"class":"drain","via":"tagged"},"geometry":{"type":"Point","coordinates":[-97.76828,30.46232]}},{"type":"Feature","properties":{"class":"drain","via":"tagged"},"geometry":{"type":"Point","coordinates":[-97.79892,30.45499]}},{"type":"Feature","properties":{"class":"drain","via":"tagged"},"geometry":{"type":"Point","coordinates":[-97.71959,30.41265]}},{"type":"Feature","properties":{"class":"drain","via":"tagged"},"geometry":{"type":"Point","coordinates":[-97.80001,30.45845]}},{"type":"Feature","properties":{"class":"drain","via":"tagged"},"geometry":{"type":"Point","coordinates":[-97.79991,30.45836]}},{"type":"Feature","properties":{"class":"drain","via":"tagged"},"geometry":{"type":"Point","coordinates":[-97.77045,30.43618]}},{"type":"Feature","properties":{"class":"drain","via":"tagged"},"geometry":{"type":"Point","coordinates":[-97.77128,30.43668]}},{"type":"Feature","properties":{"class":"drain","via":"tagged"},"geometry":{"type":"Point","coordinates":[-97.77143,30.437]}},{"type":"Feature","properties":{"class":"drain","via":"tagged"},"geometry":{"type":"Point","coordinates":[-97.77261,30.46237]}},{"type":"Feature","properties":{"class":"drain","via":"tagged"},"geometry":{"type":"Point","coordinates":[-97.77199,30.46242]}},{"type":"Feature","properties":{"class":"canal","via":"tagged","name":"Soil Conservation Service Site 6 Reservoir spillway"},"geometry":{"type":"Point","coordinates":[-97.81197,30.48901]}},{"type":"Feature","properties":{"class":"drain","via":"tagged"},"geometry":{"type":"Point","coordinates":[-97.74641,30.42056]}},{"type":"Feature","properties":{"class":"drain","via":"tagged"},"geometry":{"type":"Point","coordinates":[-97.77432,30.45663]}},{"type":"Feature","properties":{"class":"drain","via":"tagged"},"geometry":{"type":"Point","coordinates":[-97.77231,30.4611]}},{"type":"Feature","properties":{"class":"drain","via":"tagged"},"geometry":{"type":"Point","coordinates":[-97.77268,30.4604]}},{"type":"Feature","properties":{"class":"drain","via":"tagged"},"geometry":{"type":"Point","coordinates":[-97.77209,30.46054]}},{"type":"Feature","properties":{"class":"drain","via":"tagged"},"geometry":{"type":"Point","coordinates":[-97.77248,30.46042]}},{"type":"Feature","properties":{"class":"drain","via":"tagged"},"geometry":{"type":"Point","coordinates":[-97.7757,30.45949]}},{"type":"Feature","properties":{"class":"drain","via":"tagged"},"geometry":{"type":"Point","coordinates":[-97.77556,30.45956]}},{"type":"Feature","properties":{"class":"drain","via":"tagged"},"geometry":{"type":"Point","coordinates":[-97.74792,30.48038]}},{"type":"Feature","properties":{"class":"drain","via":"tagged"},"geometry":{"type":"Point","coordinates":[-97.76816,30.4711]}},{"type":"Feature","properties":{"class":"drain","via":"tagged"},"geometry":{"type":"Point","coordinates":[-97.76514,30.46359]}},{"type":"Feature","properties":{"class":"drain","via":"tagged"},"geometry":{"type":"Point","coordinates":[-97.76623,30.46621]}},{"type":"Feature","properties":{"class":"drain","via":"tagged"},"geometry":{"type":"Point","coordinates":[-97.76634,30.46651]}},{"type":"Feature","properties":{"class":"drain","via":"tagged"},"geometry":{"type":"Point","coordinates":[-97.76755,30.46958]}},{"type":"Feature","properties":{"class":"drain","via":"tagged"},"geometry":{"type":"Point","coordinates":[-97.76904,30.47316]}},{"type":"Feature","properties":{"class":"drain","via":"tagged"},"geometry":{"type":"Point","coordinates":[-97.76893,30.47293]}},{"type":"Feature","properties":{"class":"drain","via":"tagged"},"geometry":{"type":"Point","coordinates":[-97.76762,30.4698]}},{"type":"Feature","properties":{"class":"drain","via":"tagged"},"geometry":{"type":"Point","coordinates":[-97.7708,30.47325]}},{"type":"Feature","properties":{"class":"drain","via":"tagged"},"geometry":{"type":"Point","coordinates":[-97.76904,30.47316]}},{"type":"Feature","properties":{"class":"drain","via":"tagged"},"geometry":{"type":"Point","coordinates":[-97.76988,30.47305]}},{"type":"Feature","properties":{"class":"drain","via":"tagged"},"geometry":{"type":"Point","coordinates":[-97.77297,30.46584]}},{"type":"Feature","properties":{"class":"drain","via":"tagged"},"geometry":{"type":"Point","coordinates":[-97.7861,30.477]}},{"type":"Feature","properties":{"class":"drain","via":"tagged"},"geometry":{"type":"Point","coordinates":[-97.7822,30.47343]}},{"type":"Feature","properties":{"class":"drain","via":"tagged"},"geometry":{"type":"Point","coordinates":[-97.78418,30.47443]}},{"type":"Feature","properties":{"class":"drain","via":"tagged"},"geometry":{"type":"Point","coordinates":[-97.78423,30.47457]}},{"type":"Feature","properties":{"class":"drain","via":"tagged"},"geometry":{"type":"Point","coordinates":[-97.78497,30.47543]}},{"type":"Feature","properties":{"class":"drain","via":"tagged"},"geometry":{"type":"Point","coordinates":[-97.78698,30.47774]}},{"type":"Feature","properties":{"class":"drain","via":"tagged"},"geometry":{"type":"Point","coordinates":[-97.78635,30.47748]}},{"type":"Feature","properties":{"class":"drain","via":"tagged"},"geometry":{"type":"Point","coordinates":[-97.78905,30.466]}},{"type":"Feature","properties":{"class":"drain","via":"tagged"},"geometry":{"type":"Point","coordinates":[-97.77482,30.46453]}},{"type":"Feature","properties":{"class":"drain","via":"tagged"},"geometry":{"type":"Point","coordinates":[-97.73801,30.42967]}},{"type":"Feature","properties":{"class":"drain","via":"tagged"},"geometry":{"type":"Point","coordinates":[-97.74045,30.42919]}},{"type":"Feature","properties":{"class":"drain","via":"tagged"},"geometry":{"type":"Point","coordinates":[-97.76035,30.46352]}},{"type":"Feature","properties":{"class":"drain","via":"tagged"},"geometry":{"type":"Point","coordinates":[-97.7604,30.46355]}},{"type":"Feature","properties":{"class":"drain","via":"tagged"},"geometry":{"type":"Point","coordinates":[-97.76401,30.47174]}},{"type":"Feature","properties":{"class":"drain","via":"tagged"},"geometry":{"type":"Point","coordinates":[-97.76271,30.47056]}},{"type":"Feature","properties":{"class":"drain","via":"tagged"},"geometry":{"type":"Point","coordinates":[-97.76338,30.47106]}},{"type":"Feature","properties":{"class":"drain","via":"tagged"},"geometry":{"type":"Point","coordinates":[-97.78525,30.47579]}},{"type":"Feature","properties":{"class":"drain","via":"tagged"},"geometry":{"type":"Point","coordinates":[-97.7858,30.47639]}},{"type":"Feature","properties":{"class":"drain","via":"tagged"},"geometry":{"type":"Point","coordinates":[-97.77173,30.43746]}},{"type":"Feature","properties":{"class":"drain","via":"tagged"},"geometry":{"type":"Point","coordinates":[-97.772,30.43798]}},{"type":"Feature","properties":{"class":"drain","via":"tagged"},"geometry":{"type":"Point","coordinates":[-97.77205,30.43807]}},{"type":"Feature","properties":{"class":"drain","via":"tagged"},"geometry":{"type":"Point","coordinates":[-97.77208,30.43812]}},{"type":"Feature","properties":{"class":"drain","via":"tagged"},"geometry":{"type":"Point","coordinates":[-97.77222,30.43838]}},{"type":"Feature","properties":{"class":"drain","via":"tagged"},"geometry":{"type":"Point","coordinates":[-97.7724,30.4389]}},{"type":"Feature","properties":{"class":"drain","via":"tagged"},"geometry":{"type":"Point","coordinates":[-97.77253,30.43917]}},{"type":"Feature","properties":{"class":"drain","via":"tagged"},"geometry":{"type":"Point","coordinates":[-97.77254,30.43919]}},{"type":"Feature","properties":{"class":"drain","via":"tagged"},"geometry":{"type":"Point","coordinates":[-97.78796,30.47762]}},{"type":"Feature","properties":{"class":"drain","via":"tagged"},"geometry":{"type":"Point","coordinates":[-97.79091,30.4785]}},{"type":"Feature","properties":{"class":"drain","via":"tagged"},"geometry":{"type":"Point","coordinates":[-97.78834,30.47785]}},{"type":"Feature","properties":{"class":"drain","via":"tagged"},"geometry":{"type":"Point","coordinates":[-97.79007,30.4784]}},{"type":"Feature","properties":{"class":"drain","via":"tagged"},"geometry":{"type":"Point","coordinates":[-97.75683,30.44719]}},{"type":"Feature","properties":{"class":"drain","via":"tagged"},"geometry":{"type":"Point","coordinates":[-97.75695,30.447]}},{"type":"Feature","properties":{"class":"drain","via":"tagged"},"geometry":{"type":"Point","coordinates":[-97.7712,30.43644]}},{"type":"Feature","properties":{"class":"drain","via":"tagged"},"geometry":{"type":"Point","coordinates":[-97.77124,30.43652]}},{"type":"Feature","properties":{"class":"drain","via":"tagged"},"geometry":{"type":"Point","coordinates":[-97.75748,30.47093]}},{"type":"Feature","properties":{"class":"drain","via":"tagged"},"geometry":{"type":"Point","coordinates":[-97.76207,30.47082]}},{"type":"Feature","properties":{"class":"drain","via":"tagged"},"geometry":{"type":"Point","coordinates":[-97.76456,30.47102]}},{"type":"Feature","properties":{"class":"drain","via":"tagged"},"geometry":{"type":"Point","coordinates":[-97.76349,30.47134]}},{"type":"Feature","properties":{"class":"drain","via":"tagged"},"geometry":{"type":"Point","coordinates":[-97.76399,30.47118]}},{"type":"Feature","properties":{"class":"drain","via":"tagged"},"geometry":{"type":"Point","coordinates":[-97.76811,30.47096]}},{"type":"Feature","properties":{"class":"drain","via":"tagged"},"geometry":{"type":"Point","coordinates":[-97.76806,30.47084]}},{"type":"Feature","properties":{"class":"drain","via":"tagged"},"geometry":{"type":"Point","coordinates":[-97.77691,30.4668]}},{"type":"Feature","properties":{"class":"drain","via":"tagged"},"geometry":{"type":"Point","coordinates":[-97.776,30.46742]}},{"type":"Feature","properties":{"class":"drain","via":"tagged"},"geometry":{"type":"Point","coordinates":[-97.77609,30.46736]}},{"type":"Feature","properties":{"class":"drain","via":"tagged"},"geometry":{"type":"Point","coordinates":[-97.78093,30.46986]}},{"type":"Feature","properties":{"class":"drain","via":"tagged"},"geometry":{"type":"Point","coordinates":[-97.78184,30.47265]}},{"type":"Feature","properties":{"class":"drain","via":"tagged"},"geometry":{"type":"Point","coordinates":[-97.78376,30.47344]}},{"type":"Feature","properties":{"class":"drain","via":"tagged"},"geometry":{"type":"Point","coordinates":[-97.7834,30.47313]}},{"type":"Feature","properties":{"class":"drain","via":"tagged"},"geometry":{"type":"Point","coordinates":[-97.77226,30.46095]}},{"type":"Feature","properties":{"class":"drain","via":"tagged"},"geometry":{"type":"Point","coordinates":[-97.77149,30.45797]}},{"type":"Feature","properties":{"class":"drain","via":"tagged"},"geometry":{"type":"Point","coordinates":[-97.77173,30.45796]}},{"type":"Feature","properties":{"class":"drain","via":"tagged"},"geometry":{"type":"Point","coordinates":[-97.77425,30.45683]}},{"type":"Feature","properties":{"class":"drain","via":"tagged"},"geometry":{"type":"Point","coordinates":[-97.74442,30.43717]}},{"type":"Feature","properties":{"class":"drain","via":"tagged"},"geometry":{"type":"Point","coordinates":[-97.75117,30.45274]}},{"type":"Feature","properties":{"class":"drain","via":"tagged"},"geometry":{"type":"Point","coordinates":[-97.8146,30.48709]}},{"type":"Feature","properties":{"class":"drain","via":"tagged"},"geometry":{"type":"Point","coordinates":[-97.81225,30.4855]}},{"type":"Feature","properties":{"class":"drain","via":"tagged"},"geometry":{"type":"Point","coordinates":[-97.81449,30.48659]}},{"type":"Feature","properties":{"class":"drain","via":"tagged"},"geometry":{"type":"Point","coordinates":[-97.77311,30.47867]}},{"type":"Feature","properties":{"class":"drain","via":"tagged"},"geometry":{"type":"Point","coordinates":[-97.76738,30.47933]}},{"type":"Feature","properties":{"class":"drain","via":"tagged"},"geometry":{"type":"Point","coordinates":[-97.76703,30.47844]}},{"type":"Feature","properties":{"class":"drain","via":"tagged"},"geometry":{"type":"Point","coordinates":[-97.76697,30.47829]}},{"type":"Feature","properties":{"class":"drain","via":"tagged"},"geometry":{"type":"Point","coordinates":[-97.79054,30.47234]}},{"type":"Feature","properties":{"class":"drain","via":"tagged"},"geometry":{"type":"Point","coordinates":[-97.78332,30.47309]}},{"type":"Feature","properties":{"class":"drain","via":"tagged"},"geometry":{"type":"Point","coordinates":[-97.7904,30.47215]}},{"type":"Feature","properties":{"class":"drain","via":"tagged"},"geometry":{"type":"Point","coordinates":[-97.77342,30.48124]}},{"type":"Feature","properties":{"class":"drain","via":"tagged"},"geometry":{"type":"Point","coordinates":[-97.77186,30.48314]}},{"type":"Feature","properties":{"class":"drain","via":"tagged"},"geometry":{"type":"Point","coordinates":[-97.77169,30.48381]}},{"type":"Feature","properties":{"class":"drain","via":"tagged"},"geometry":{"type":"Point","coordinates":[-97.788,30.47168]}},{"type":"Feature","properties":{"class":"drain","via":"tagged"},"geometry":{"type":"Point","coordinates":[-97.78984,30.47191]}},{"type":"Feature","properties":{"class":"drain","via":"tagged"},"geometry":{"type":"Point","coordinates":[-97.78737,30.47186]}},{"type":"Feature","properties":{"class":"drain","via":"tagged"},"geometry":{"type":"Point","coordinates":[-97.76728,30.48527]}},{"type":"Feature","properties":{"class":"drain","via":"tagged"},"geometry":{"type":"Point","coordinates":[-97.77231,30.48101]}},{"type":"Feature","properties":{"class":"drain","via":"tagged"},"geometry":{"type":"Point","coordinates":[-97.76413,30.48265]}},{"type":"Feature","properties":{"class":"drain","via":"tagged"},"geometry":{"type":"Point","coordinates":[-97.76388,30.47834]}},{"type":"Feature","properties":{"class":"drain","via":"tagged"},"geometry":{"type":"Point","coordinates":[-97.76411,30.48304]}},{"type":"Feature","properties":{"class":"drain","via":"tagged"},"geometry":{"type":"Point","coordinates":[-97.76418,30.48281]}},{"type":"Feature","properties":{"class":"drain","via":"tagged"},"geometry":{"type":"Point","coordinates":[-97.76391,30.4819]}},{"type":"Feature","properties":{"class":"drain","via":"tagged"},"geometry":{"type":"Point","coordinates":[-97.76394,30.47826]}},{"type":"Feature","properties":{"class":"drain","via":"tagged"},"geometry":{"type":"Point","coordinates":[-97.7656,30.47883]}},{"type":"Feature","properties":{"class":"drain","via":"tagged"},"geometry":{"type":"Point","coordinates":[-97.76743,30.47911]}},{"type":"Feature","properties":{"class":"drain","via":"tagged"},"geometry":{"type":"Point","coordinates":[-97.75714,30.48774]}},{"type":"Feature","properties":{"class":"drain","via":"tagged"},"geometry":{"type":"Point","coordinates":[-97.75725,30.48896]}},{"type":"Feature","properties":{"class":"drain","via":"tagged"},"geometry":{"type":"Point","coordinates":[-97.76134,30.48844]}},{"type":"Feature","properties":{"class":"drain","via":"tagged"},"geometry":{"type":"Point","coordinates":[-97.76104,30.48828]}},{"type":"Feature","properties":{"class":"drain","via":"tagged"},"geometry":{"type":"Point","coordinates":[-97.82548,30.45735]}},{"type":"Feature","properties":{"class":"drain","via":"tagged"},"geometry":{"type":"Point","coordinates":[-97.81248,30.48689]}},{"type":"Feature","properties":{"class":"drain","via":"tagged"},"geometry":{"type":"Point","coordinates":[-97.81262,30.48708]}},{"type":"Feature","properties":{"class":"drain","via":"tagged"},"geometry":{"type":"Point","coordinates":[-97.81266,30.48713]}},{"type":"Feature","properties":{"class":"drain","via":"tagged"},"geometry":{"type":"Point","coordinates":[-97.81162,30.48759]}},{"type":"Feature","properties":{"class":"drain","via":"tagged"},"geometry":{"type":"Point","coordinates":[-97.8122,30.4876]}},{"type":"Feature","properties":{"class":"drain","via":"tagged"},"geometry":{"type":"Point","coordinates":[-97.81227,30.48761]}},{"type":"Feature","properties":{"class":"drain","via":"tagged"},"geometry":{"type":"Point","coordinates":[-97.8264,30.48493]}},{"type":"Feature","properties":{"class":"drain","via":"tagged"},"geometry":{"type":"Point","coordinates":[-97.65834,30.48855]}},{"type":"Feature","properties":{"class":"drain","via":"tagged"},"geometry":{"type":"Point","coordinates":[-97.67404,30.43967]}},{"type":"Feature","properties":{"class":"drain","via":"tagged"},"geometry":{"type":"Point","coordinates":[-97.67361,30.44306]}},{"type":"Feature","properties":{"class":"drain","via":"tagged"},"geometry":{"type":"Point","coordinates":[-97.61123,30.43406]}},{"type":"Feature","properties":{"class":"drain","via":"tagged"},"geometry":{"type":"Point","coordinates":[-97.61098,30.43447]}},{"type":"Feature","properties":{"class":"drain","via":"tagged"},"geometry":{"type":"Point","coordinates":[-97.61129,30.43395]}},{"type":"Feature","properties":{"class":"drain","via":"tagged"},"geometry":{"type":"Point","coordinates":[-97.62234,30.42264]}},{"type":"Feature","properties":{"class":"drain","via":"tagged"},"geometry":{"type":"Point","coordinates":[-97.62214,30.42293]}},{"type":"Feature","properties":{"class":"drain","via":"tagged"},"geometry":{"type":"Point","coordinates":[-97.62301,30.42159]}},{"type":"Feature","properties":{"class":"drain","via":"tagged"},"geometry":{"type":"Point","coordinates":[-97.66345,30.41533]}},{"type":"Feature","properties":{"class":"drain","via":"tagged"},"geometry":{"type":"Point","coordinates":[-97.66297,30.41527]}},{"type":"Feature","properties":{"class":"drain","via":"tagged"},"geometry":{"type":"Point","coordinates":[-97.67924,30.44957]}},{"type":"Feature","properties":{"class":"drain","via":"tagged"},"geometry":{"type":"Point","coordinates":[-97.6797,30.44967]}},{"type":"Feature","properties":{"class":"drain","via":"tagged"},"geometry":{"type":"Point","coordinates":[-97.67988,30.44975]}},{"type":"Feature","properties":{"class":"drain","via":"tagged"},"geometry":{"type":"Point","coordinates":[-97.67406,30.43961]}},{"type":"Feature","properties":{"class":"drain","via":"tagged"},"geometry":{"type":"Point","coordinates":[-97.67196,30.43724]}},{"type":"Feature","properties":{"class":"drain","via":"tagged"},"geometry":{"type":"Point","coordinates":[-97.6818,30.44754]}},{"type":"Feature","properties":{"class":"drain","via":"tagged"},"geometry":{"type":"Point","coordinates":[-97.68227,30.44788]}},{"type":"Feature","properties":{"class":"drain","via":"tagged"},"geometry":{"type":"Point","coordinates":[-97.60777,30.47116]}},{"type":"Feature","properties":{"class":"drain","via":"tagged"},"geometry":{"type":"Point","coordinates":[-97.60689,30.47687]}},{"type":"Feature","properties":{"class":"drain","via":"tagged"},"geometry":{"type":"Point","coordinates":[-97.60689,30.47565]}},{"type":"Feature","properties":{"class":"drain","via":"tagged"},"geometry":{"type":"Point","coordinates":[-97.60645,30.47773]}},{"type":"Feature","properties":{"class":"drain","via":"tagged"},"geometry":{"type":"Point","coordinates":[-97.6078,30.47076]}},{"type":"Feature","properties":{"class":"drain","via":"tagged"},"geometry":{"type":"Point","coordinates":[-97.68063,30.46317]}},{"type":"Feature","properties":{"class":"drain","via":"tagged"},"geometry":{"type":"Point","coordinates":[-97.61218,30.47899]}},{"type":"Feature","properties":{"class":"drain","via":"tagged"},"geometry":{"type":"Point","coordinates":[-97.66973,30.48622]}},{"type":"Feature","properties":{"class":"drain","via":"tagged"},"geometry":{"type":"Point","coordinates":[-97.66776,30.49017]}},{"type":"Feature","properties":{"class":"drain","via":"tagged"},"geometry":{"type":"Point","coordinates":[-97.65613,30.45403]}},{"type":"Feature","properties":{"class":"drain","via":"tagged"},"geometry":{"type":"Point","coordinates":[-97.66066,30.45476]}},{"type":"Feature","properties":{"class":"drain","via":"tagged"},"geometry":{"type":"Point","coordinates":[-97.66125,30.45386]}},{"type":"Feature","properties":{"class":"drain","via":"tagged"},"geometry":{"type":"Point","coordinates":[-97.62247,30.42243]}},{"type":"Feature","properties":{"class":"drain","via":"tagged"},"geometry":{"type":"Point","coordinates":[-97.64924,30.46041]}},{"type":"Feature","properties":{"class":"drain","via":"tagged"},"geometry":{"type":"Point","coordinates":[-97.64949,30.46003]}},{"type":"Feature","properties":{"class":"drain","via":"tagged"},"geometry":{"type":"Point","coordinates":[-97.64955,30.45995]}},{"type":"Feature","properties":{"class":"drain","via":"tagged"},"geometry":{"type":"Point","coordinates":[-97.65276,30.45867]}},{"type":"Feature","properties":{"class":"drain","via":"tagged"},"geometry":{"type":"Point","coordinates":[-97.65285,30.45859]}},{"type":"Feature","properties":{"class":"drain","via":"tagged"},"geometry":{"type":"Point","coordinates":[-97.65462,30.45665]}},{"type":"Feature","properties":{"class":"drain","via":"tagged"},"geometry":{"type":"Point","coordinates":[-97.65485,30.45633]}},{"type":"Feature","properties":{"class":"drain","via":"tagged"},"geometry":{"type":"Point","coordinates":[-97.65538,30.45509]}},{"type":"Feature","properties":{"class":"drain","via":"tagged"},"geometry":{"type":"Point","coordinates":[-97.65553,30.45487]}},{"type":"Feature","properties":{"class":"drain","via":"tagged"},"geometry":{"type":"Point","coordinates":[-97.656,30.45424]}},{"type":"Feature","properties":{"class":"drain","via":"tagged"},"geometry":{"type":"Point","coordinates":[-97.65526,30.45537]}},{"type":"Feature","properties":{"class":"drain","via":"tagged"},"geometry":{"type":"Point","coordinates":[-97.65534,30.45536]}},{"type":"Feature","properties":{"class":"drain","via":"tagged"},"geometry":{"type":"Point","coordinates":[-97.65554,30.45538]}},{"type":"Feature","properties":{"class":"drain","via":"tagged"},"geometry":{"type":"Point","coordinates":[-97.65593,30.45543]}},{"type":"Feature","properties":{"class":"drain","via":"tagged"},"geometry":{"type":"Point","coordinates":[-97.65634,30.45547]}},{"type":"Feature","properties":{"class":"drain","via":"tagged"},"geometry":{"type":"Point","coordinates":[-97.65818,30.45518]}},{"type":"Feature","properties":{"class":"drain","via":"tagged"},"geometry":{"type":"Point","coordinates":[-97.65829,30.45516]}},{"type":"Feature","properties":{"class":"drain","via":"tagged"},"geometry":{"type":"Point","coordinates":[-97.65958,30.45495]}},{"type":"Feature","properties":{"class":"drain","via":"tagged"},"geometry":{"type":"Point","coordinates":[-97.66271,30.49655]}},{"type":"Feature","properties":{"class":"drain","via":"tagged"},"geometry":{"type":"Point","coordinates":[-97.66501,30.49561]}},{"type":"Feature","properties":{"class":"drain","via":"tagged"},"geometry":{"type":"Point","coordinates":[-97.61295,30.48521]}},{"type":"Feature","properties":{"class":"drain","via":"tagged"},"geometry":{"type":"Point","coordinates":[-97.61189,30.48187]}},{"type":"Feature","properties":{"class":"drain","via":"tagged"},"geometry":{"type":"Point","coordinates":[-97.61189,30.48194]}},{"type":"Feature","properties":{"class":"drain","via":"tagged"},"geometry":{"type":"Point","coordinates":[-97.61189,30.48205]}},{"type":"Feature","properties":{"class":"drain","via":"tagged"},"geometry":{"type":"Point","coordinates":[-97.61191,30.48276]}},{"type":"Feature","properties":{"class":"drain","via":"tagged"},"geometry":{"type":"Point","coordinates":[-97.61198,30.48455]}},{"type":"Feature","properties":{"class":"drain","via":"tagged"},"geometry":{"type":"Point","coordinates":[-97.61257,30.48487]}},{"type":"Feature","properties":{"class":"drain","via":"tagged"},"geometry":{"type":"Point","coordinates":[-97.61472,30.47351]}},{"type":"Feature","properties":{"class":"drain","via":"tagged"},"geometry":{"type":"Point","coordinates":[-97.61395,30.47621]}},{"type":"Feature","properties":{"class":"drain","via":"tagged"},"geometry":{"type":"Point","coordinates":[-97.66526,30.49558]}},{"type":"Feature","properties":{"class":"drain","via":"tagged"},"geometry":{"type":"Point","coordinates":[-97.66699,30.49286]}},{"type":"Feature","properties":{"class":"drain","via":"tagged"},"geometry":{"type":"Point","coordinates":[-97.6684,30.48684]}},{"type":"Feature","properties":{"class":"drain","via":"tagged"},"geometry":{"type":"Point","coordinates":[-97.66805,30.48752]}},{"type":"Feature","properties":{"class":"drain","via":"tagged"},"geometry":{"type":"Point","coordinates":[-97.66369,30.49587]}},{"type":"Feature","properties":{"class":"drain","via":"tagged"},"geometry":{"type":"Point","coordinates":[-97.66336,30.4964]}},{"type":"Feature","properties":{"class":"drain","via":"tagged"},"geometry":{"type":"Point","coordinates":[-97.62624,30.49931]}},{"type":"Feature","properties":{"class":"drain","via":"tagged"},"geometry":{"type":"Point","coordinates":[-97.62624,30.49947]}},{"type":"Feature","properties":{"class":"drain","via":"tagged"},"geometry":{"type":"Point","coordinates":[-97.62628,30.5003]}},{"type":"Feature","properties":{"class":"drain","via":"tagged"},"geometry":{"type":"Point","coordinates":[-97.6003,30.49278]}},{"type":"Feature","properties":{"class":"drain","via":"tagged"},"geometry":{"type":"Point","coordinates":[-97.59996,30.4932]}},{"type":"Feature","properties":{"class":"drain","via":"tagged"},"geometry":{"type":"Point","coordinates":[-97.60058,30.49276]}},{"type":"Feature","properties":{"class":"drain","via":"tagged"},"geometry":{"type":"Point","coordinates":[-97.60058,30.49276]}},{"type":"Feature","properties":{"class":"drain","via":"tagged"},"geometry":{"type":"Point","coordinates":[-97.59938,30.49507]}},{"type":"Feature","properties":{"class":"drain","via":"tagged"},"geometry":{"type":"Point","coordinates":[-97.69434,30.41396]}},{"type":"Feature","properties":{"class":"drain","via":"tagged"},"geometry":{"type":"Point","coordinates":[-97.62319,30.42125]}},{"type":"Feature","properties":{"class":"drain","via":"tagged"},"geometry":{"type":"Point","coordinates":[-97.62305,30.4215]}},{"type":"Feature","properties":{"class":"drain","via":"tagged"},"geometry":{"type":"Point","coordinates":[-97.69318,30.44189]}},{"type":"Feature","properties":{"class":"drain","via":"tagged"},"geometry":{"type":"Point","coordinates":[-97.69166,30.442]}},{"type":"Feature","properties":{"class":"drain","via":"tagged"},"geometry":{"type":"Point","coordinates":[-97.69243,30.44191]}},{"type":"Feature","properties":{"class":"drain","via":"tagged"},"geometry":{"type":"Point","coordinates":[-97.65267,30.42027]}},{"type":"Feature","properties":{"class":"drain","via":"tagged"},"geometry":{"type":"Point","coordinates":[-97.65245,30.42054]}},{"type":"Feature","properties":{"class":"drain","via":"tagged"},"geometry":{"type":"Point","coordinates":[-97.65256,30.42041]}},{"type":"Feature","properties":{"class":"drain","via":"tagged"},"geometry":{"type":"Point","coordinates":[-97.65302,30.42027]}},{"type":"Feature","properties":{"class":"drain","via":"tagged"},"geometry":{"type":"Point","coordinates":[-97.64803,30.42124]}},{"type":"Feature","properties":{"class":"drain","via":"tagged"},"geometry":{"type":"Point","coordinates":[-97.64744,30.42047]}},{"type":"Feature","properties":{"class":"drain","via":"tagged"},"geometry":{"type":"Point","coordinates":[-97.64791,30.4212]}},{"type":"Feature","properties":{"class":"drain","via":"tagged"},"geometry":{"type":"Point","coordinates":[-97.65078,30.42362]}},{"type":"Feature","properties":{"class":"drain","via":"tagged"},"geometry":{"type":"Point","coordinates":[-97.68092,30.41495]}},{"type":"Feature","properties":{"class":"drain","via":"tagged"},"geometry":{"type":"Point","coordinates":[-97.68076,30.41453]}},{"type":"Feature","properties":{"class":"drain","via":"tagged"},"geometry":{"type":"Point","coordinates":[-97.63945,30.46516]}},{"type":"Feature","properties":{"class":"drain","via":"tagged"},"geometry":{"type":"Point","coordinates":[-97.64031,30.46486]}},{"type":"Feature","properties":{"class":"drain","via":"tagged"},"geometry":{"type":"Point","coordinates":[-97.64031,30.46486]}},{"type":"Feature","properties":{"class":"drain","via":"tagged"},"geometry":{"type":"Point","coordinates":[-97.63875,30.46489]}},{"type":"Feature","properties":{"class":"drain","via":"tagged"},"geometry":{"type":"Point","coordinates":[-97.63951,30.46538]}},{"type":"Feature","properties":{"class":"drain","via":"tagged"},"geometry":{"type":"Point","coordinates":[-97.63966,30.46726]}},{"type":"Feature","properties":{"class":"drain","via":"tagged"},"geometry":{"type":"Point","coordinates":[-97.6086,30.43348]}},{"type":"Feature","properties":{"class":"drain","via":"tagged"},"geometry":{"type":"Point","coordinates":[-97.63379,30.47628]}},{"type":"Feature","properties":{"class":"drain","via":"tagged"},"geometry":{"type":"Point","coordinates":[-97.63396,30.47584]}},{"type":"Feature","properties":{"class":"drain","via":"tagged"},"geometry":{"type":"Point","coordinates":[-97.63809,30.47677]}},{"type":"Feature","properties":{"class":"drain","via":"tagged"},"geometry":{"type":"Point","coordinates":[-97.6382,30.47678]}},{"type":"Feature","properties":{"class":"drain","via":"tagged"},"geometry":{"type":"Point","coordinates":[-97.65467,30.42108]}},{"type":"Feature","properties":{"class":"drain","via":"tagged"},"geometry":{"type":"Point","coordinates":[-97.65495,30.4206]}},{"type":"Feature","properties":{"class":"drain","via":"tagged"},"geometry":{"type":"Point","coordinates":[-97.65757,30.42187]}},{"type":"Feature","properties":{"class":"drain","via":"tagged"},"geometry":{"type":"Point","coordinates":[-97.65711,30.42201]}},{"type":"Feature","properties":{"class":"drain","via":"tagged"},"geometry":{"type":"Point","coordinates":[-97.65723,30.42197]}},{"type":"Feature","properties":{"class":"drain","via":"tagged"},"geometry":{"type":"Point","coordinates":[-97.61772,30.44596]}},{"type":"Feature","properties":{"class":"drain","via":"tagged"},"geometry":{"type":"Point","coordinates":[-97.61714,30.4503]}},{"type":"Feature","properties":{"class":"drain","via":"tagged"},"geometry":{"type":"Point","coordinates":[-97.61719,30.45027]}},{"type":"Feature","properties":{"class":"drain","via":"tagged"},"geometry":{"type":"Point","coordinates":[-97.61729,30.44897]}},{"type":"Feature","properties":{"class":"drain","via":"tagged"},"geometry":{"type":"Point","coordinates":[-97.61735,30.44873]}},{"type":"Feature","properties":{"class":"drain","via":"tagged"},"geometry":{"type":"Point","coordinates":[-97.61792,30.44409]}},{"type":"Feature","properties":{"class":"drain","via":"tagged"},"geometry":{"type":"Point","coordinates":[-97.61773,30.44581]}},{"type":"Feature","properties":{"class":"drain","via":"tagged"},"geometry":{"type":"Point","coordinates":[-97.66459,30.45565]}},{"type":"Feature","properties":{"class":"drain","via":"tagged"},"geometry":{"type":"Point","coordinates":[-97.66413,30.45539]}},{"type":"Feature","properties":{"class":"drain","via":"tagged"},"geometry":{"type":"Point","coordinates":[-97.65707,30.4526]}},{"type":"Feature","properties":{"class":"drain","via":"tagged"},"geometry":{"type":"Point","coordinates":[-97.65694,30.45279]}},{"type":"Feature","properties":{"class":"drain","via":"tagged"},"geometry":{"type":"Point","coordinates":[-97.65793,30.44946]}},{"type":"Feature","properties":{"class":"drain","via":"tagged"},"geometry":{"type":"Point","coordinates":[-97.65781,30.44979]}},{"type":"Feature","properties":{"class":"drain","via":"tagged"},"geometry":{"type":"Point","coordinates":[-97.65778,30.4499]}},{"type":"Feature","properties":{"class":"drain","via":"tagged"},"geometry":{"type":"Point","coordinates":[-97.65812,30.45019]}},{"type":"Feature","properties":{"class":"drain","via":"tagged"},"geometry":{"type":"Point","coordinates":[-97.62256,30.41639]}},{"type":"Feature","properties":{"class":"drain","via":"tagged"},"geometry":{"type":"Point","coordinates":[-97.62212,30.41705]}},{"type":"Feature","properties":{"class":"drain","via":"tagged"},"geometry":{"type":"Point","coordinates":[-97.62237,30.41668]}},{"type":"Feature","properties":{"class":"drain","via":"tagged"},"geometry":{"type":"Point","coordinates":[-97.62816,30.45235]}},{"type":"Feature","properties":{"class":"drain","via":"tagged"},"geometry":{"type":"Point","coordinates":[-97.62766,30.45316]}},{"type":"Feature","properties":{"class":"drain","via":"tagged"},"geometry":{"type":"Point","coordinates":[-97.6278,30.45289]}},{"type":"Feature","properties":{"class":"drain","via":"tagged"},"geometry":{"type":"Point","coordinates":[-97.62838,30.452]}},{"type":"Feature","properties":{"class":"drain","via":"tagged"},"geometry":{"type":"Point","coordinates":[-97.62819,30.45231]}},{"type":"Feature","properties":{"class":"drain","via":"tagged"},"geometry":{"type":"Point","coordinates":[-97.62941,30.45264]}},{"type":"Feature","properties":{"class":"drain","via":"tagged"},"geometry":{"type":"Point","coordinates":[-97.62897,30.45343]}},{"type":"Feature","properties":{"class":"drain","via":"tagged"},"geometry":{"type":"Point","coordinates":[-97.62909,30.45319]}},{"type":"Feature","properties":{"class":"drain","via":"tagged"},"geometry":{"type":"Point","coordinates":[-97.62898,30.45341]}},{"type":"Feature","properties":{"class":"drain","via":"tagged"},"geometry":{"type":"Point","coordinates":[-97.62916,30.45306]}},{"type":"Feature","properties":{"class":"drain","via":"tagged"},"geometry":{"type":"Point","coordinates":[-97.62919,30.45301]}},{"type":"Feature","properties":{"class":"drain","via":"tagged"},"geometry":{"type":"Point","coordinates":[-97.62512,30.44938]}},{"type":"Feature","properties":{"class":"drain","via":"tagged"},"geometry":{"type":"Point","coordinates":[-97.63039,30.47418]}},{"type":"Feature","properties":{"class":"drain","via":"tagged"},"geometry":{"type":"Point","coordinates":[-97.6359,30.48082]}},{"type":"Feature","properties":{"class":"drain","via":"tagged"},"geometry":{"type":"Point","coordinates":[-97.63379,30.48809]}},{"type":"Feature","properties":{"class":"drain","via":"tagged"},"geometry":{"type":"Point","coordinates":[-97.64757,30.46729]}},{"type":"Feature","properties":{"class":"drain","via":"tagged"},"geometry":{"type":"Point","coordinates":[-97.64774,30.46632]}},{"type":"Feature","properties":{"class":"drain","via":"tagged"},"geometry":{"type":"Point","coordinates":[-97.64746,30.46494]}},{"type":"Feature","properties":{"class":"drain","via":"tagged"},"geometry":{"type":"Point","coordinates":[-97.67383,30.47547]}},{"type":"Feature","properties":{"class":"drain","via":"tagged"},"geometry":{"type":"Point","coordinates":[-97.67753,30.47307]}},{"type":"Feature","properties":{"class":"drain","via":"tagged"},"geometry":{"type":"Point","coordinates":[-97.67533,30.47501]}},{"type":"Feature","properties":{"class":"drain","via":"tagged"},"geometry":{"type":"Point","coordinates":[-97.67644,30.47434]}},{"type":"Feature","properties":{"class":"drain","via":"tagged"},"geometry":{"type":"Point","coordinates":[-97.6774,30.47327]}},{"type":"Feature","properties":{"class":"drain","via":"tagged"},"geometry":{"type":"Point","coordinates":[-97.67905,30.47062]}},{"type":"Feature","properties":{"class":"drain","via":"tagged"},"geometry":{"type":"Point","coordinates":[-97.67889,30.47086]}},{"type":"Feature","properties":{"class":"drain","via":"tagged"},"geometry":{"type":"Point","coordinates":[-97.67282,30.45135]}},{"type":"Feature","properties":{"class":"drain","via":"tagged"},"geometry":{"type":"Point","coordinates":[-97.67704,30.46029]}},{"type":"Feature","properties":{"class":"drain","via":"tagged"},"geometry":{"type":"Point","coordinates":[-97.67618,30.46306]}},{"type":"Feature","properties":{"class":"drain","via":"tagged"},"geometry":{"type":"Point","coordinates":[-97.67669,30.46086]}},{"type":"Feature","properties":{"class":"drain","via":"tagged"},"geometry":{"type":"Point","coordinates":[-97.68229,30.44801]}},{"type":"Feature","properties":{"class":"drain","via":"tagged"},"geometry":{"type":"Point","coordinates":[-97.67996,30.46395]}},{"type":"Feature","properties":{"class":"drain","via":"tagged"},"geometry":{"type":"Point","coordinates":[-97.69221,30.46005]}},{"type":"Feature","properties":{"class":"drain","via":"tagged"},"geometry":{"type":"Point","coordinates":[-97.69233,30.45986]}},{"type":"Feature","properties":{"class":"drain","via":"tagged"},"geometry":{"type":"Point","coordinates":[-97.69258,30.4589]}},{"type":"Feature","properties":{"class":"drain","via":"tagged"},"geometry":{"type":"Point","coordinates":[-97.69339,30.45776]}},{"type":"Feature","properties":{"class":"drain","via":"tagged"},"geometry":{"type":"Point","coordinates":[-97.69351,30.45754]}},{"type":"Feature","properties":{"class":"drain","via":"tagged"},"geometry":{"type":"Point","coordinates":[-97.69727,30.44963]}},{"type":"Feature","properties":{"class":"drain","via":"tagged"},"geometry":{"type":"Point","coordinates":[-97.69527,30.45044]}},{"type":"Feature","properties":{"class":"drain","via":"tagged"},"geometry":{"type":"Point","coordinates":[-97.69522,30.45134]}},{"type":"Feature","properties":{"class":"drain","via":"tagged"},"geometry":{"type":"Point","coordinates":[-97.69522,30.45119]}},{"type":"Feature","properties":{"class":"drain","via":"tagged"},"geometry":{"type":"Point","coordinates":[-97.69526,30.45077]}},{"type":"Feature","properties":{"class":"drain","via":"tagged"},"geometry":{"type":"Point","coordinates":[-97.69527,30.45004]}},{"type":"Feature","properties":{"class":"drain","via":"tagged"},"geometry":{"type":"Point","coordinates":[-97.69527,30.45027]}},{"type":"Feature","properties":{"class":"drain","via":"tagged"},"geometry":{"type":"Point","coordinates":[-97.69522,30.45087]}},{"type":"Feature","properties":{"class":"drain","via":"tagged"},"geometry":{"type":"Point","coordinates":[-97.69523,30.45108]}},{"type":"Feature","properties":{"class":"drain","via":"tagged"},"geometry":{"type":"Point","coordinates":[-97.69521,30.4515]}},{"type":"Feature","properties":{"class":"drain","via":"tagged"},"geometry":{"type":"Point","coordinates":[-97.69873,30.44153]}},{"type":"Feature","properties":{"class":"drain","via":"tagged"},"geometry":{"type":"Point","coordinates":[-97.69855,30.44151]}},{"type":"Feature","properties":{"class":"drain","via":"tagged"},"geometry":{"type":"Point","coordinates":[-97.69676,30.44152]}},{"type":"Feature","properties":{"class":"drain","via":"tagged"},"geometry":{"type":"Point","coordinates":[-97.69626,30.44155]}},{"type":"Feature","properties":{"class":"drain","via":"tagged"},"geometry":{"type":"Point","coordinates":[-97.61986,30.42021]}},{"type":"Feature","properties":{"class":"drain","via":"tagged"},"geometry":{"type":"Point","coordinates":[-97.61991,30.42013]}},{"type":"Feature","properties":{"class":"drain","via":"tagged"},"geometry":{"type":"Point","coordinates":[-97.63361,30.48942]}},{"type":"Feature","properties":{"class":"drain","via":"tagged"},"geometry":{"type":"Point","coordinates":[-97.67177,30.43433]}},{"type":"Feature","properties":{"class":"drain","via":"tagged"},"geometry":{"type":"Point","coordinates":[-97.67439,30.46557]}},{"type":"Feature","properties":{"class":"drain","via":"tagged"},"geometry":{"type":"Point","coordinates":[-97.67447,30.46542]}},{"type":"Feature","properties":{"class":"drain","via":"tagged"},"geometry":{"type":"Point","coordinates":[-97.63559,30.48137]}},{"type":"Feature","properties":{"class":"drain","via":"tagged"},"geometry":{"type":"Point","coordinates":[-97.64812,30.4185]}},{"type":"Feature","properties":{"class":"drain","via":"tagged"},"geometry":{"type":"Point","coordinates":[-97.60792,30.41948]}},{"type":"Feature","properties":{"class":"drain","via":"tagged"},"geometry":{"type":"Point","coordinates":[-97.608,30.4194]}},{"type":"Feature","properties":{"class":"drain","via":"tagged"},"geometry":{"type":"Point","coordinates":[-97.60806,30.41934]}},{"type":"Feature","properties":{"class":"drain","via":"tagged"},"geometry":{"type":"Point","coordinates":[-97.67767,30.44207]}},{"type":"Feature","properties":{"class":"drain","via":"tagged"},"geometry":{"type":"Point","coordinates":[-97.67696,30.44212]}},{"type":"Feature","properties":{"class":"drain","via":"tagged"},"geometry":{"type":"Point","coordinates":[-97.67741,30.44207]}},{"type":"Feature","properties":{"class":"drain","via":"tagged"},"geometry":{"type":"Point","coordinates":[-97.6739,30.44935]}},{"type":"Feature","properties":{"class":"drain","via":"tagged"},"geometry":{"type":"Point","coordinates":[-97.57187,30.4912]}},{"type":"Feature","properties":{"class":"drain","via":"tagged"},"geometry":{"type":"Point","coordinates":[-97.58803,30.46101]}},{"type":"Feature","properties":{"class":"drain","via":"tagged"},"geometry":{"type":"Point","coordinates":[-97.58747,30.46021]}},{"type":"Feature","properties":{"class":"drain","via":"tagged"},"geometry":{"type":"Point","coordinates":[-97.58643,30.4592]}},{"type":"Feature","properties":{"class":"drain","via":"tagged"},"geometry":{"type":"Point","coordinates":[-97.57249,30.44985]}},{"type":"Feature","properties":{"class":"drain","via":"tagged"},"geometry":{"type":"Point","coordinates":[-97.563,30.44751]}},{"type":"Feature","properties":{"class":"drain","via":"tagged"},"geometry":{"type":"Point","coordinates":[-97.56312,30.44763]}},{"type":"Feature","properties":{"class":"drain","via":"tagged"},"geometry":{"type":"Point","coordinates":[-97.56222,30.44723]}},{"type":"Feature","properties":{"class":"drain","via":"tagged"},"geometry":{"type":"Point","coordinates":[-97.5621,30.44708]}},{"type":"Feature","properties":{"class":"drain","via":"tagged"},"geometry":{"type":"Point","coordinates":[-97.562,30.44713]}},{"type":"Feature","properties":{"class":"drain","via":"tagged"},"geometry":{"type":"Point","coordinates":[-97.56113,30.44719]}},{"type":"Feature","properties":{"class":"drain","via":"tagged"},"geometry":{"type":"Point","coordinates":[-97.56666,30.42417]}},{"type":"Feature","properties":{"class":"drain","via":"tagged"},"geometry":{"type":"Point","coordinates":[-97.56461,30.42084]}},{"type":"Feature","properties":{"class":"drain","via":"tagged"},"geometry":{"type":"Point","coordinates":[-97.56611,30.42295]}},{"type":"Feature","properties":{"class":"canal","via":"tagged","name":"Soil Conservation Service Site 22 Spillway"},"geometry":{"type":"Point","coordinates":[-97.53898,30.4916]}},{"type":"Feature","properties":{"class":"canal","via":"tagged"},"geometry":{"type":"Point","coordinates":[-97.53522,30.48956]}},{"type":"Feature","properties":{"class":"drain","via":"tagged"},"geometry":{"type":"Point","coordinates":[-97.57065,30.48892]}},{"type":"Feature","properties":{"class":"drain","via":"tagged"},"geometry":{"type":"Point","coordinates":[-97.55389,30.48051]}},{"type":"Feature","properties":{"class":"drain","via":"tagged"},"geometry":{"type":"Point","coordinates":[-97.5713,30.4903]}},{"type":"Feature","properties":{"class":"drain","via":"tagged"},"geometry":{"type":"Point","coordinates":[-97.57102,30.49]}},{"type":"Feature","properties":{"class":"drain","via":"tagged"},"geometry":{"type":"Point","coordinates":[-97.57201,30.49061]}},{"type":"Feature","properties":{"class":"drain","via":"tagged"},"geometry":{"type":"Point","coordinates":[-97.57169,30.49051]}},{"type":"Feature","properties":{"class":"drain","via":"tagged"},"geometry":{"type":"Point","coordinates":[-97.57394,30.49463]}},{"type":"Feature","properties":{"class":"drain","via":"tagged"},"geometry":{"type":"Point","coordinates":[-97.57242,30.49436]}},{"type":"Feature","properties":{"class":"drain","via":"tagged"},"geometry":{"type":"Point","coordinates":[-97.58788,30.461]}},{"type":"Feature","properties":{"class":"drain","via":"tagged"},"geometry":{"type":"Point","coordinates":[-97.58795,30.461]}},{"type":"Feature","properties":{"class":"drain","via":"tagged"},"geometry":{"type":"Point","coordinates":[-97.5875,30.46021]}},{"type":"Feature","properties":{"class":"drain","via":"tagged"},"geometry":{"type":"Point","coordinates":[-97.58757,30.46019]}},{"type":"Feature","properties":{"class":"drain","via":"tagged"},"geometry":{"type":"Point","coordinates":[-97.54811,30.44796]}},{"type":"Feature","properties":{"class":"drain","via":"tagged"},"geometry":{"type":"Point","coordinates":[-97.55636,30.4617]}},{"type":"Feature","properties":{"class":"drain","via":"tagged"},"geometry":{"type":"Point","coordinates":[-97.55565,30.46165]}},{"type":"Feature","properties":{"class":"drain","via":"tagged"},"geometry":{"type":"Point","coordinates":[-97.5559,30.46274]}},{"type":"Feature","properties":{"class":"drain","via":"tagged"},"geometry":{"type":"Point","coordinates":[-97.5559,30.46274]}},{"type":"Feature","properties":{"class":"drain","via":"tagged"},"geometry":{"type":"Point","coordinates":[-97.55596,30.46351]}},{"type":"Feature","properties":{"class":"drain","via":"tagged"},"geometry":{"type":"Point","coordinates":[-97.55612,30.46376]}},{"type":"Feature","properties":{"class":"drain","via":"tagged"},"geometry":{"type":"Point","coordinates":[-97.5563,30.46443]}},{"type":"Feature","properties":{"class":"drain","via":"tagged"},"geometry":{"type":"Point","coordinates":[-97.55629,30.4651]}},{"type":"Feature","properties":{"class":"drain","via":"tagged"},"geometry":{"type":"Point","coordinates":[-97.55623,30.46478]}},{"type":"Feature","properties":{"class":"drain","via":"tagged"},"geometry":{"type":"Point","coordinates":[-97.55328,30.47937]}},{"type":"Feature","properties":{"class":"drain","via":"tagged"},"geometry":{"type":"Point","coordinates":[-97.55317,30.47734]}},{"type":"Feature","properties":{"class":"drain","via":"tagged"},"geometry":{"type":"Point","coordinates":[-97.55467,30.47478]}},{"type":"Feature","properties":{"class":"drain","via":"tagged"},"geometry":{"type":"Point","coordinates":[-97.5552,30.47507]}},{"type":"Feature","properties":{"class":"drain","via":"tagged"},"geometry":{"type":"Point","coordinates":[-97.55515,30.47504]}},{"type":"Feature","properties":{"class":"drain","via":"tagged"},"geometry":{"type":"Point","coordinates":[-97.55457,30.47491]}},{"type":"Feature","properties":{"class":"drain","via":"tagged"},"geometry":{"type":"Point","coordinates":[-97.55342,30.47696]}},{"type":"Feature","properties":{"class":"drain","via":"tagged"},"geometry":{"type":"Point","coordinates":[-97.5536,30.47662]}},{"type":"Feature","properties":{"class":"drain","via":"tagged"},"geometry":{"type":"Point","coordinates":[-97.55275,30.47819]}},{"type":"Feature","properties":{"class":"drain","via":"tagged"},"geometry":{"type":"Point","coordinates":[-97.55347,30.4802]}},{"type":"Feature","properties":{"class":"drain","via":"tagged"},"geometry":{"type":"Point","coordinates":[-97.55317,30.47784]}},{"type":"Feature","properties":{"class":"drain","via":"tagged"},"geometry":{"type":"Point","coordinates":[-97.5561,30.4737]}},{"type":"Feature","properties":{"class":"drain","via":"tagged"},"geometry":{"type":"Point","coordinates":[-97.55602,30.47347]}},{"type":"Feature","properties":{"class":"drain","via":"tagged"},"geometry":{"type":"Point","coordinates":[-97.55572,30.47333]}},{"type":"Feature","properties":{"class":"drain","via":"tagged"},"geometry":{"type":"Point","coordinates":[-97.55596,30.47346]}},{"type":"Feature","properties":{"class":"drain","via":"tagged"},"geometry":{"type":"Point","coordinates":[-97.55544,30.47324]}},{"type":"Feature","properties":{"class":"drain","via":"tagged"},"geometry":{"type":"Point","coordinates":[-97.55593,30.47207]}},{"type":"Feature","properties":{"class":"drain","via":"tagged"},"geometry":{"type":"Point","coordinates":[-97.55615,30.46994]}},{"type":"Feature","properties":{"class":"drain","via":"tagged"},"geometry":{"type":"Point","coordinates":[-97.55686,30.46902]}},{"type":"Feature","properties":{"class":"drain","via":"tagged"},"geometry":{"type":"Point","coordinates":[-97.55717,30.47082]}},{"type":"Feature","properties":{"class":"drain","via":"tagged"},"geometry":{"type":"Point","coordinates":[-97.55735,30.47029]}},{"type":"Feature","properties":{"class":"drain","via":"tagged"},"geometry":{"type":"Point","coordinates":[-97.55741,30.46852]}},{"type":"Feature","properties":{"class":"drain","via":"tagged"},"geometry":{"type":"Point","coordinates":[-97.55722,30.46656]}},{"type":"Feature","properties":{"class":"drain","via":"tagged"},"geometry":{"type":"Point","coordinates":[-97.55616,30.46624]}},{"type":"Feature","properties":{"class":"drain","via":"tagged"},"geometry":{"type":"Point","coordinates":[-97.55664,30.46638]}},{"type":"Feature","properties":{"class":"drain","via":"tagged"},"geometry":{"type":"Point","coordinates":[-97.55728,30.467]}},{"type":"Feature","properties":{"class":"drain","via":"tagged"},"geometry":{"type":"Point","coordinates":[-97.55729,30.46637]}},{"type":"Feature","properties":{"class":"drain","via":"tagged"},"geometry":{"type":"Point","coordinates":[-97.55225,30.46418]}},{"type":"Feature","properties":{"class":"drain","via":"tagged"},"geometry":{"type":"Point","coordinates":[-97.57286,30.46047]}},{"type":"Feature","properties":{"class":"drain","via":"tagged"},"geometry":{"type":"Point","coordinates":[-97.5622,30.46231]}},{"type":"Feature","properties":{"class":"drain","via":"tagged"},"geometry":{"type":"Point","coordinates":[-97.561,30.46049]}},{"type":"Feature","properties":{"class":"drain","via":"tagged"},"geometry":{"type":"Point","coordinates":[-97.5553,30.46041]}},{"type":"Feature","properties":{"class":"drain","via":"tagged"},"geometry":{"type":"Point","coordinates":[-97.56366,30.46464]}},{"type":"Feature","properties":{"class":"drain","via":"tagged"},"geometry":{"type":"Point","coordinates":[-97.56443,30.46427]}},{"type":"Feature","properties":{"class":"drain","via":"tagged"},"geometry":{"type":"Point","coordinates":[-97.56473,30.46492]}},{"type":"Feature","properties":{"class":"drain","via":"tagged"},"geometry":{"type":"Point","coordinates":[-97.56526,30.46559]}},{"type":"Feature","properties":{"class":"drain","via":"tagged"},"geometry":{"type":"Point","coordinates":[-97.56592,30.46685]}},{"type":"Feature","properties":{"class":"drain","via":"tagged"},"geometry":{"type":"Point","coordinates":[-97.56599,30.47064]}},{"type":"Feature","properties":{"class":"drain","via":"tagged"},"geometry":{"type":"Point","coordinates":[-97.56505,30.47063]}},{"type":"Feature","properties":{"class":"drain","via":"tagged"},"geometry":{"type":"Point","coordinates":[-97.56513,30.47063]}},{"type":"Feature","properties":{"class":"drain","via":"tagged"},"geometry":{"type":"Point","coordinates":[-97.56577,30.47137]}},{"type":"Feature","properties":{"class":"drain","via":"tagged"},"geometry":{"type":"Point","coordinates":[-97.56503,30.47157]}},{"type":"Feature","properties":{"class":"drain","via":"tagged"},"geometry":{"type":"Point","coordinates":[-97.56512,30.47155]}},{"type":"Feature","properties":{"class":"drain","via":"tagged"},"geometry":{"type":"Point","coordinates":[-97.56593,30.47225]}},{"type":"Feature","properties":{"class":"drain","via":"tagged"},"geometry":{"type":"Point","coordinates":[-97.56524,30.47237]}},{"type":"Feature","properties":{"class":"drain","via":"tagged"},"geometry":{"type":"Point","coordinates":[-97.56533,30.47235]}},{"type":"Feature","properties":{"class":"drain","via":"tagged"},"geometry":{"type":"Point","coordinates":[-97.56612,30.47314]}},{"type":"Feature","properties":{"class":"drain","via":"tagged"},"geometry":{"type":"Point","coordinates":[-97.56539,30.47363]}},{"type":"Feature","properties":{"class":"drain","via":"tagged"},"geometry":{"type":"Point","coordinates":[-97.56556,30.47349]}},{"type":"Feature","properties":{"class":"drain","via":"tagged"},"geometry":{"type":"Point","coordinates":[-97.56545,30.47357]}},{"type":"Feature","properties":{"class":"drain","via":"tagged"},"geometry":{"type":"Point","coordinates":[-97.56501,30.47658]}},{"type":"Feature","properties":{"class":"drain","via":"tagged"},"geometry":{"type":"Point","coordinates":[-97.56543,30.47553]}},{"type":"Feature","properties":{"class":"drain","via":"tagged"},"geometry":{"type":"Point","coordinates":[-97.56606,30.47433]}},{"type":"Feature","properties":{"class":"drain","via":"tagged"},"geometry":{"type":"Point","coordinates":[-97.5682,30.47301]}},{"type":"Feature","properties":{"class":"drain","via":"tagged"},"geometry":{"type":"Point","coordinates":[-97.56614,30.47318]}},{"type":"Feature","properties":{"class":"drain","via":"tagged"},"geometry":{"type":"Point","coordinates":[-97.56725,30.47317]}},{"type":"Feature","properties":{"class":"drain","via":"tagged"},"geometry":{"type":"Point","coordinates":[-97.56997,30.47332]}},{"type":"Feature","properties":{"class":"drain","via":"tagged"},"geometry":{"type":"Point","coordinates":[-97.56935,30.47307]}},{"type":"Feature","properties":{"class":"drain","via":"tagged"},"geometry":{"type":"Point","coordinates":[-97.56685,30.47338]}},{"type":"Feature","properties":{"class":"drain","via":"tagged"},"geometry":{"type":"Point","coordinates":[-97.57018,30.47351]}},{"type":"Feature","properties":{"class":"drain","via":"tagged"},"geometry":{"type":"Point","coordinates":[-97.56845,30.473]}},{"type":"Feature","properties":{"class":"drain","via":"tagged"},"geometry":{"type":"Point","coordinates":[-97.5687,30.473]}},{"type":"Feature","properties":{"class":"drain","via":"tagged"},"geometry":{"type":"Point","coordinates":[-97.57092,30.44901]}},{"type":"Feature","properties":{"class":"drain","via":"tagged"},"geometry":{"type":"Point","coordinates":[-97.56533,30.45335]}},{"type":"Feature","properties":{"class":"drain","via":"tagged"},"geometry":{"type":"Point","coordinates":[-97.56569,30.45321]}},{"type":"Feature","properties":{"class":"drain","via":"tagged"},"geometry":{"type":"Point","coordinates":[-97.56965,30.45653]}},{"type":"Feature","properties":{"class":"drain","via":"tagged"},"geometry":{"type":"Point","coordinates":[-97.58454,30.48169]}},{"type":"Feature","properties":{"class":"drain","via":"tagged"},"geometry":{"type":"Point","coordinates":[-97.58458,30.48164]}},{"type":"Feature","properties":{"class":"drain","via":"tagged"},"geometry":{"type":"Point","coordinates":[-97.57188,30.49311]}},{"type":"Feature","properties":{"class":"drain","via":"tagged"},"geometry":{"type":"Point","coordinates":[-97.56812,30.48268]}},{"type":"Feature","properties":{"class":"drain","via":"tagged"},"geometry":{"type":"Point","coordinates":[-97.56672,30.48517]}},{"type":"Feature","properties":{"class":"drain","via":"tagged"},"geometry":{"type":"Point","coordinates":[-97.58572,30.48321]}},{"type":"Feature","properties":{"class":"drain","via":"tagged"},"geometry":{"type":"Point","coordinates":[-97.56539,30.48056]}},{"type":"Feature","properties":{"class":"drain","via":"tagged"},"geometry":{"type":"Point","coordinates":[-97.56511,30.47848]}},{"type":"Feature","properties":{"class":"drain","via":"tagged"},"geometry":{"type":"Point","coordinates":[-97.56434,30.47738]}},{"type":"Feature","properties":{"class":"drain","via":"tagged"},"geometry":{"type":"Point","coordinates":[-97.56477,30.47739]}},{"type":"Feature","properties":{"class":"drain","via":"tagged"},"geometry":{"type":"Point","coordinates":[-97.56528,30.48149]}},{"type":"Feature","properties":{"class":"drain","via":"tagged"},"geometry":{"type":"Point","coordinates":[-97.56506,30.48013]}},{"type":"Feature","properties":{"class":"drain","via":"tagged"},"geometry":{"type":"Point","coordinates":[-97.56456,30.47837]}},{"type":"Feature","properties":{"class":"drain","via":"tagged"},"geometry":{"type":"Point","coordinates":[-97.56453,30.47797]}},{"type":"Feature","properties":{"class":"drain","via":"tagged"},"geometry":{"type":"Point","coordinates":[-97.56419,30.47732]}},{"type":"Feature","properties":{"class":"drain","via":"tagged"},"geometry":{"type":"Point","coordinates":[-97.5644,30.47711]}},{"type":"Feature","properties":{"class":"drain","via":"tagged"},"geometry":{"type":"Point","coordinates":[-97.55083,30.46279]}},{"type":"Feature","properties":{"class":"drain","via":"tagged"},"geometry":{"type":"Point","coordinates":[-97.54902,30.46339]}},{"type":"Feature","properties":{"class":"drain","via":"tagged"},"geometry":{"type":"Point","coordinates":[-97.54919,30.46301]}},{"type":"Feature","properties":{"class":"drain","via":"tagged"},"geometry":{"type":"Point","coordinates":[-97.55145,30.42131]}},{"type":"Feature","properties":{"class":"drain","via":"tagged"},"geometry":{"type":"Point","coordinates":[-97.57568,30.4953]}},{"type":"Feature","properties":{"class":"drain","via":"tagged"},"geometry":{"type":"Point","coordinates":[-97.57509,30.49502]}},{"type":"Feature","properties":{"class":"drain","via":"tagged"},"geometry":{"type":"Point","coordinates":[-97.57548,30.49521]}},{"type":"Feature","properties":{"class":"drain","via":"tagged"},"geometry":{"type":"Point","coordinates":[-97.57892,30.49717]}},{"type":"Feature","properties":{"class":"drain","via":"tagged"},"geometry":{"type":"Point","coordinates":[-97.57828,30.49678]}},{"type":"Feature","properties":{"class":"drain","via":"tagged"},"geometry":{"type":"Point","coordinates":[-97.57324,30.46101]}},{"type":"Feature","properties":{"class":"drain","via":"tagged"},"geometry":{"type":"Point","coordinates":[-97.57265,30.46038]}},{"type":"Feature","properties":{"class":"drain","via":"tagged"},"geometry":{"type":"Point","coordinates":[-97.57369,30.46258]}},{"type":"Feature","properties":{"class":"drain","via":"tagged"},"geometry":{"type":"Point","coordinates":[-97.57731,30.46777]}},{"type":"Feature","properties":{"class":"drain","via":"tagged"},"geometry":{"type":"Point","coordinates":[-97.57986,30.46524]}},{"type":"Feature","properties":{"class":"drain","via":"tagged"},"geometry":{"type":"Point","coordinates":[-97.5798,30.46533]}},{"type":"Feature","properties":{"class":"drain","via":"tagged"},"geometry":{"type":"Point","coordinates":[-97.56762,30.4185]}},{"type":"Feature","properties":{"class":"drain","via":"tagged"},"geometry":{"type":"Point","coordinates":[-97.57198,30.49237]}},{"type":"Feature","properties":{"class":"drain","via":"tagged"},"geometry":{"type":"Point","coordinates":[-97.56711,30.42417]}},{"type":"Feature","properties":{"class":"drain","via":"tagged"},"geometry":{"type":"Point","coordinates":[-97.56669,30.42407]}},{"type":"Feature","properties":{"class":"drain","via":"tagged"},"geometry":{"type":"Point","coordinates":[-97.56678,30.42409]}},{"type":"Feature","properties":{"class":"drain","via":"tagged"},"geometry":{"type":"Point","coordinates":[-97.54569,30.47808]}},{"type":"Feature","properties":{"class":"drain","via":"tagged"},"geometry":{"type":"Point","coordinates":[-97.53912,30.47579]}},{"type":"Feature","properties":{"class":"drain","via":"tagged"},"geometry":{"type":"Point","coordinates":[-97.53996,30.47611]}},{"type":"Feature","properties":{"class":"drain","via":"tagged"},"geometry":{"type":"Point","coordinates":[-97.54128,30.47677]}},{"type":"Feature","properties":{"class":"drain","via":"tagged"},"geometry":{"type":"Point","coordinates":[-97.54164,30.4769]}},{"type":"Feature","properties":{"class":"drain","via":"tagged"},"geometry":{"type":"Point","coordinates":[-97.54171,30.47695]}},{"type":"Feature","properties":{"class":"drain","via":"tagged"},"geometry":{"type":"Point","coordinates":[-97.54635,30.47823]}},{"type":"Feature","properties":{"class":"drain","via":"tagged"},"geometry":{"type":"Point","coordinates":[-97.52667,30.48851]}},{"type":"Feature","properties":{"class":"drain","via":"tagged"},"geometry":{"type":"Point","coordinates":[-97.52914,30.48689]}},{"type":"Feature","properties":{"class":"drain","via":"tagged"},"geometry":{"type":"Point","coordinates":[-97.52669,30.48846]}},{"type":"Feature","properties":{"class":"drain","via":"tagged"},"geometry":{"type":"Point","coordinates":[-97.49769,30.44106]}},{"type":"Feature","properties":{"class":"drain","via":"tagged"},"geometry":{"type":"Point","coordinates":[-97.50063,30.43963]}},{"type":"Feature","properties":{"class":"drain","via":"tagged"},"geometry":{"type":"Point","coordinates":[-97.50069,30.43953]}},{"type":"Feature","properties":{"class":"drain","via":"tagged"},"geometry":{"type":"Point","coordinates":[-97.4984,30.44111]}},{"type":"Feature","properties":{"class":"drain","via":"tagged"},"geometry":{"type":"Point","coordinates":[-97.50141,30.44312]}},{"type":"Feature","properties":{"class":"drain","via":"tagged"},"geometry":{"type":"Point","coordinates":[-97.50381,30.44726]}},{"type":"Feature","properties":{"class":"drain","via":"tagged"},"geometry":{"type":"Point","coordinates":[-97.50514,30.44574]}},{"type":"Feature","properties":{"class":"drain","via":"tagged"},"geometry":{"type":"Point","coordinates":[-97.5076,30.44318]}},{"type":"Feature","properties":{"class":"drain","via":"tagged"},"geometry":{"type":"Point","coordinates":[-97.511,30.44781]}},{"type":"Feature","properties":{"class":"drain","via":"tagged"},"geometry":{"type":"Point","coordinates":[-97.51098,30.44723]}},{"type":"Feature","properties":{"class":"canal","via":"tagged"},"geometry":{"type":"Point","coordinates":[-97.38343,30.45717]}},{"type":"Feature","properties":{"class":"canal","via":"tagged"},"geometry":{"type":"Point","coordinates":[-97.33635,30.42949]}},{"type":"Feature","properties":{"class":"drain","via":"tagged"},"geometry":{"type":"Point","coordinates":[-97.32728,30.44122]}},{"type":"Feature","properties":{"class":"drain","via":"tagged"},"geometry":{"type":"Point","coordinates":[-97.33086,30.44121]}},{"type":"Feature","properties":{"class":"drain","via":"tagged"},"geometry":{"type":"Point","coordinates":[-97.32733,30.44131]}}],"attribution":"© OpenStreetMap contributors"}