{"type":"FeatureCollection","features":[{"type":"Feature","properties":{"natural":"water"},"geometry":{"type":"Polygon","coordinates":[[[-107.067659,34.808414],[-107.067715,34.808454],[-107.067733,34.808513],[-107.067633,34.808703],[-107.067701,34.808827],[-107.067361,34.808773],[-107.067301,34.80875],[-107.067281,34.808699],[-107.067291,34.808645],[-107.067369,34.808549],[-107.067435,34.808388],[-107.067458,34.808366],[-107.067562,34.808363],[-107.067659,34.808414]]]}},{"type":"Feature","properties":{"natural":"water"},"geometry":{"type":"Polygon","coordinates":[[[-107.049515,34.821383],[-107.049215,34.820955],[-107.0487,34.821158],[-107.048904,34.821594],[-107.049515,34.821383]]]}},{"type":"Feature","properties":{"natural":"water"},"geometry":{"type":"Polygon","coordinates":[[[-107.050856,34.821739],[-107.051092,34.821638],[-107.05128,34.82103],[-107.051457,34.820075],[-107.051473,34.819916],[-107.051253,34.819797],[-107.050985,34.819762],[-107.050867,34.819978],[-107.050808,34.821585],[-107.050856,34.821739]]]}},{"type":"Feature","properties":{"natural":"water"},"geometry":{"type":"Polygon","coordinates":[[[-107.045706,34.805201],[-107.045347,34.805003],[-107.04502,34.805276],[-107.045433,34.805567],[-107.045706,34.805201]]]}},{"type":"Feature","properties":{"natural":"water"},"geometry":{"type":"Polygon","coordinates":[[[-107.043716,34.791748],[-107.043094,34.792004],[-107.042767,34.792198],[-107.042601,34.792171],[-107.042633,34.791889],[-107.042536,34.791656],[-107.042472,34.791369],[-107.042461,34.791162],[-107.042633,34.791065],[-107.043276,34.791043],[-107.043695,34.791312],[-107.043813,34.791603],[-107.043716,34.791748]]]}},{"type":"Feature","properties":{"natural":"water"},"geometry":{"type":"Polygon","coordinates":[[[-107.04833,34.795696],[-107.048544,34.795317],[-107.048882,34.795621],[-107.049419,34.795629],[-107.049644,34.795902],[-107.049451,34.796259],[-107.04893,34.796621],[-107.048485,34.7967],[-107.04826,34.796665],[-107.047616,34.796242],[-107.047584,34.795797],[-107.047782,34.79555],[-107.048158,34.795563],[-107.04833,34.795696]]]}},{"type":"Feature","properties":{"natural":"water"},"geometry":{"type":"Polygon","coordinates":[[[-107.038658,34.800378],[-107.038615,34.800761],[-107.038148,34.800673],[-107.038266,34.800257],[-107.038672,34.800303],[-107.038658,34.800378]]]}},{"type":"Feature","properties":{"natural":"water"},"geometry":{"type":"Polygon","coordinates":[[[-107.041179,34.816499],[-107.040986,34.817432],[-107.041045,34.817816],[-107.041753,34.818406],[-107.043196,34.818961],[-107.04296,34.818353],[-107.042128,34.817296],[-107.041919,34.816693],[-107.041555,34.816569],[-107.041179,34.816499]]]}},{"type":"Feature","properties":{"natural":"water"},"geometry":{"type":"Polygon","coordinates":[[[-107.040267,34.815922],[-107.040133,34.815266],[-107.039419,34.815367],[-107.039543,34.816036],[-107.040267,34.815922]]]}},{"type":"Feature","properties":{"natural":"water"},"geometry":{"type":"Polygon","coordinates":[[[-106.844503,34.84096],[-106.844203,34.840669],[-106.843822,34.840916],[-106.844128,34.841189],[-106.844503,34.84096]]]}},{"type":"Feature","properties":{"leisure":"park","name":"Los Cerritos Park"},"geometry":{"type":"Polygon","coordinates":[[[-106.754063,34.826693],[-106.754015,34.826716],[-106.753995,34.826761],[-106.75409,34.827469],[-106.754115,34.827921],[-106.754072,34.828162],[-106.754107,34.828201],[-106.7542,34.82823],[-106.754229,34.828221],[-106.754254,34.828183],[-106.754484,34.828209],[-106.754506,34.828193],[-106.754767,34.827754],[-106.755186,34.826708],[-106.75507,34.826775],[-106.755011,34.826782],[-106.754871,34.8266],[-106.75491,34.826574],[-106.754915,34.826551],[-106.754869,34.826508],[-106.754428,34.826649],[-106.754063,34.826693]]]}},{"type":"Feature","properties":{"ele":"1478","leisure":"park","name":"Enchantment Little League"},"geometry":{"type":"Polygon","coordinates":[[[-106.738944,34.793932],[-106.740396,34.794153],[-106.740697,34.794131],[-106.740952,34.794037],[-106.741168,34.793893],[-106.741337,34.79371],[-106.741381,34.793639],[-106.742824,34.793909],[-106.743092,34.792682],[-106.739379,34.792155],[-106.738944,34.793932]]]}},{"type":"Feature","properties":{"ele":"1477","leisure":"park","name":"Los Lunas Sports Complex"},"geometry":{"type":"Polygon","coordinates":[[[-106.744347,34.787998],[-106.743673,34.79119],[-106.739962,34.790662],[-106.740713,34.787486],[-106.744347,34.787998]]]}},{"type":"Feature","properties":{"leisure":"park"},"geometry":{"type":"Polygon","coordinates":[[[-106.745881,34.826678],[-106.74596,34.826754],[-106.746131,34.826815],[-106.746809,34.826866],[-106.746937,34.826807],[-106.747045,34.826712],[-106.747115,34.826611],[-106.747186,34.826458],[-106.747196,34.82635],[-106.747184,34.826297],[-106.747135,34.826182],[-106.746951,34.826318],[-106.746807,34.826399],[-106.746609,34.826457],[-106.746422,34.826492],[-106.745771,34.826477],[-106.745822,34.826613],[-106.745881,34.826678]]]}},{"type":"Feature","properties":{"leisure":"park","name":"Buena Vista Park"},"geometry":{"type":"Polygon","coordinates":[[[-106.743639,34.82054],[-106.74353,34.820803],[-106.743537,34.8209],[-106.743595,34.821143],[-106.743584,34.821207],[-106.743412,34.821411],[-106.743336,34.821468],[-106.743266,34.8215],[-106.743189,34.821511],[-106.743044,34.821475],[-106.742986,34.821435],[-106.742967,34.821402],[-106.742836,34.820752],[-106.742862,34.820663],[-106.74292,34.820589],[-106.742805,34.820555],[-106.7428,34.820518],[-106.743639,34.82054]]]}},{"type":"Feature","properties":{"leisure":"park"},"geometry":{"type":"Polygon","coordinates":[[[-106.746067,34.824497],[-106.746067,34.824418],[-106.745989,34.824119],[-106.745948,34.824109],[-106.745844,34.824126],[-106.745901,34.824273],[-106.745782,34.824364],[-106.745762,34.824404],[-106.745771,34.824434],[-106.745825,34.824496],[-106.745874,34.824518],[-106.745969,34.824521],[-106.746067,34.824497]]]}},{"type":"Feature","properties":{"leisure":"park","name":"Daniel Fernandez Memorial Park"},"geometry":{"type":"Polygon","coordinates":[[[-106.738332,34.796791],[-106.742103,34.797324],[-106.742498,34.795533],[-106.742168,34.79548],[-106.742219,34.795207],[-106.740451,34.79495],[-106.740457,34.79491],[-106.739853,34.794828],[-106.739751,34.795367],[-106.739547,34.795397],[-106.738658,34.795269],[-106.738332,34.796791]]]}},{"type":"Feature","properties":{"leisure":"park"},"geometry":{"type":"Polygon","coordinates":[[[-106.724087,34.826768],[-106.724025,34.827049],[-106.723937,34.827583],[-106.725864,34.828104],[-106.725867,34.826988],[-106.72589,34.826859],[-106.724701,34.826648],[-106.724648,34.826874],[-106.724087,34.826768]]]}},{"type":"Feature","properties":{"leisure":"park"},"geometry":{"type":"Polygon","coordinates":[[[-106.744296,34.825557],[-106.744311,34.825502],[-106.743973,34.825576],[-106.744016,34.825718],[-106.744242,34.825735],[-106.744296,34.825557]]]}},{"type":"Feature","properties":{"leisure":"park","name":"Esplendida Park"},"geometry":{"type":"Polygon","coordinates":[[[-106.754918,34.825293],[-106.754908,34.825256],[-106.75485,34.825224],[-106.754524,34.825251],[-106.754433,34.825288],[-106.754394,34.82533],[-106.754369,34.82541],[-106.754405,34.825648],[-106.754422,34.825679],[-106.75449,34.825733],[-106.754575,34.825753],[-106.754644,34.825747],[-106.754728,34.825707],[-106.754769,34.825659],[-106.754918,34.825293]]]}},{"type":"Feature","properties":{"leisure":"park","name":"Main Street Memorial Park"},"geometry":{"type":"Polygon","coordinates":[[[-106.741923,34.810942],[-106.741942,34.810874],[-106.742346,34.810308],[-106.741267,34.809765],[-106.740592,34.810131],[-106.741923,34.810942]]]}},{"type":"Feature","properties":{"leisure":"park","name":"River Park"},"geometry":{"type":"Polygon","coordinates":[[[-106.715079,34.803471],[-106.716071,34.801439],[-106.716875,34.801348],[-106.719037,34.801482],[-106.718527,34.802282],[-106.71812,34.802873],[-106.718208,34.803459],[-106.718185,34.803876],[-106.71813,34.804069],[-106.717986,34.804257],[-106.717876,34.80435],[-106.715079,34.803471]]]}},{"type":"Feature","properties":{"leisure":"park","name":"San Antonio Park"},"geometry":{"type":"Polygon","coordinates":[[[-106.725864,34.828104],[-106.723937,34.827583],[-106.724025,34.827049],[-106.724087,34.826768],[-106.724648,34.826874],[-106.724701,34.826648],[-106.72589,34.826859],[-106.725864,34.828104]]]}},{"type":"Feature","properties":{"ele":"1513","leisure":"park","name":"Valley View Park"},"geometry":{"type":"Polygon","coordinates":[[[-106.758161,34.806485],[-106.758124,34.806442],[-106.758158,34.806322],[-106.758122,34.806195],[-106.757926,34.806028],[-106.757726,34.805954],[-106.757649,34.805961],[-106.757615,34.805922],[-106.757666,34.805765],[-106.757911,34.805848],[-106.758049,34.805841],[-106.75818,34.805814],[-106.758268,34.805756],[-106.758337,34.805673],[-106.758528,34.805272],[-106.758657,34.804928],[-106.758835,34.804729],[-106.759724,34.804053],[-106.759849,34.803914],[-106.759984,34.803692],[-106.759984,34.80338],[-106.759838,34.803076],[-106.759802,34.803068],[-106.75981,34.802556],[-106.760564,34.802551],[-106.760601,34.802687],[-106.760622,34.802865],[-106.760556,34.803136],[-106.760463,34.803283],[-106.76015,34.803593],[-106.759997,34.804038],[-106.759847,34.804363],[-106.759707,34.804588],[-106.759383,34.804872],[-106.759185,34.805114],[-106.758977,34.805476],[-106.758832,34.805873],[-106.758695,34.806073],[-106.758562,34.806455],[-106.758442,34.806413],[-106.758358,34.806411],[-106.758161,34.806485]]]}},{"type":"Feature","properties":{"name":"Valley View Park Pond","natural":"water"},"geometry":{"type":"Polygon","coordinates":[[[-106.758531,34.805938],[-106.758579,34.805859],[-106.758565,34.80581],[-106.758534,34.805783],[-106.758462,34.80579],[-106.758385,34.805815],[-106.758345,34.805846],[-106.758196,34.805884],[-106.758034,34.805867],[-106.757931,34.8059],[-106.757918,34.805935],[-106.758071,34.806067],[-106.758253,34.806126],[-106.758306,34.806128],[-106.758405,34.806085],[-106.758531,34.805938]]]}},{"type":"Feature","properties":{"leisure":"park","name":"Huning Ranch Park"},"geometry":{"type":"Polygon","coordinates":[[[-106.774167,34.814406],[-106.774139,34.813821],[-106.77407,34.813616],[-106.773957,34.813442],[-106.773759,34.813269],[-106.772881,34.812852],[-106.772584,34.812591],[-106.77247,34.812461],[-106.772317,34.812246],[-106.772103,34.812048],[-106.771824,34.81191],[-106.771441,34.811853],[-106.771019,34.81192],[-106.771172,34.812591],[-106.771246,34.81313],[-106.771249,34.813521],[-106.771231,34.813963],[-106.771209,34.814121],[-106.771286,34.814188],[-106.772515,34.814342],[-106.773292,34.814402],[-106.773739,34.814427],[-106.774167,34.814406]]]}},{"type":"Feature","properties":{"leisure":"park"},"geometry":{"type":"Polygon","coordinates":[[[-106.771668,34.815188],[-106.771091,34.815052],[-106.771186,34.814408],[-106.771229,34.814346],[-106.77131,34.814323],[-106.772742,34.814505],[-106.773721,34.814566],[-106.773788,34.814582],[-106.773815,34.81463],[-106.773814,34.814758],[-106.77292,34.814709],[-106.772056,34.814611],[-106.771998,34.814925],[-106.771899,34.814935],[-106.771765,34.814991],[-106.771706,34.815055],[-106.771668,34.815188]]]}},{"type":"Feature","properties":{"leisure":"park"},"geometry":{"type":"Polygon","coordinates":[[[-106.776506,34.814558],[-106.776492,34.814435],[-106.776444,34.814386],[-106.774852,34.814546],[-106.774048,34.814573],[-106.774,34.814597],[-106.773973,34.814668],[-106.773969,34.815003],[-106.773993,34.81507],[-106.774173,34.815078],[-106.775054,34.815031],[-106.775014,34.814711],[-106.776506,34.814558]]]}},{"type":"Feature","properties":{"natural":"water"},"geometry":{"type":"Polygon","coordinates":[[[-106.774761,34.814887],[-106.774619,34.814906],[-106.774514,34.814885],[-106.7745,34.814812],[-106.774508,34.814741],[-106.774581,34.814724],[-106.774627,34.814736],[-106.774749,34.814701],[-106.774773,34.814725],[-106.774772,34.814825],[-106.774786,34.814846],[-106.774761,34.814887]]]}},{"type":"Feature","properties":{"natural":"water"},"geometry":{"type":"Polygon","coordinates":[[[-106.777089,34.81475],[-106.777414,34.814803],[-106.777489,34.814794],[-106.777529,34.814757],[-106.777547,34.814687],[-106.777526,34.814527],[-106.777491,34.814416],[-106.777425,34.814385],[-106.777377,34.814385],[-106.777357,34.814404],[-106.777373,34.814449],[-106.777284,34.814572],[-106.777216,34.814628],[-106.777078,34.814687],[-106.777061,34.814726],[-106.777089,34.81475]]]}},{"type":"Feature","properties":{"leisure":"park"},"geometry":{"type":"Polygon","coordinates":[[[-106.777686,34.814616],[-106.777702,34.814794],[-106.777611,34.814919],[-106.77723,34.814957],[-106.77714,34.814942],[-106.7768,34.814956],[-106.776724,34.814391],[-106.776752,34.814365],[-106.77684,34.81434],[-106.777967,34.814225],[-106.77843,34.814216],[-106.779112,34.814253],[-106.779143,34.81428],[-106.779165,34.814333],[-106.779144,34.814446],[-106.778603,34.814406],[-106.778284,34.8144],[-106.777662,34.814429],[-106.777686,34.814616]]]}},{"type":"Feature","properties":{"leisure":"park"},"geometry":{"type":"Polygon","coordinates":[[[-106.781712,34.815072],[-106.780416,34.81468],[-106.779781,34.814535],[-106.77935,34.814466],[-106.779365,34.814364],[-106.779492,34.814296],[-106.779933,34.814375],[-106.780494,34.814512],[-106.781444,34.814795],[-106.781702,34.814874],[-106.781733,34.814899],[-106.781761,34.814943],[-106.781712,34.815072]]]}},{"type":"Feature","properties":{"leisure":"park"},"geometry":{"type":"Polygon","coordinates":[[[-106.778833,34.811484],[-106.778313,34.811511],[-106.778246,34.811498],[-106.778201,34.811461],[-106.778182,34.811179],[-106.778745,34.811156],[-106.778812,34.811176],[-106.778833,34.811484]]]}},{"type":"Feature","properties":{"natural":"water"},"geometry":{"type":"Polygon","coordinates":[[[-106.778496,34.811391],[-106.778375,34.811409],[-106.778285,34.811401],[-106.778278,34.811285],[-106.77838,34.811258],[-106.778469,34.811268],[-106.7785,34.811303],[-106.778496,34.811391]]]}},{"type":"Feature","properties":{"leisure":"park"},"geometry":{"type":"Polygon","coordinates":[[[-106.777203,34.810791],[-106.777067,34.810887],[-106.777027,34.810977],[-106.776699,34.810994],[-106.776693,34.810949],[-106.776258,34.810951],[-106.776256,34.810895],[-106.776211,34.810836],[-106.776095,34.810808],[-106.776077,34.810515],[-106.77718,34.810469],[-106.777203,34.810791]]]}},{"type":"Feature","properties":{"natural":"water"},"geometry":{"type":"Polygon","coordinates":[[[-106.776731,34.81063],[-106.776736,34.810696],[-106.776719,34.810775],[-106.77654,34.810819],[-106.776496,34.810753],[-106.776432,34.810765],[-106.776439,34.810795],[-106.776379,34.810811],[-106.776265,34.810784],[-106.776196,34.810717],[-106.776175,34.810649],[-106.776227,34.810613],[-106.776308,34.810609],[-106.776651,34.810657],[-106.776731,34.81063]]]}},{"type":"Feature","properties":{"leisure":"park"},"geometry":{"type":"Polygon","coordinates":[[[-106.780399,34.810601],[-106.780189,34.81067],[-106.780078,34.810809],[-106.77973,34.810822],[-106.779699,34.810372],[-106.780087,34.810358],[-106.780339,34.810326],[-106.780399,34.810601]]]}},{"type":"Feature","properties":{"natural":"water"},"geometry":{"type":"Polygon","coordinates":[[[-106.780151,34.810564],[-106.780208,34.81054],[-106.780227,34.810513],[-106.780223,34.810483],[-106.779909,34.810472],[-106.779848,34.810499],[-106.779854,34.810529],[-106.779945,34.810554],[-106.780151,34.810564]]]}},{"type":"Feature","properties":{"leisure":"park"},"geometry":{"type":"Polygon","coordinates":[[[-106.781474,34.811796],[-106.780956,34.811751],[-106.780907,34.812024],[-106.780687,34.812042],[-106.78066,34.811477],[-106.781233,34.811377],[-106.781376,34.811381],[-106.781445,34.811419],[-106.781482,34.811475],[-106.7815,34.811567],[-106.781474,34.811796]]]}},{"type":"Feature","properties":{"natural":"water"},"geometry":{"type":"Polygon","coordinates":[[[-106.781135,34.811624],[-106.781192,34.811618],[-106.781215,34.811594],[-106.781228,34.811551],[-106.781202,34.811526],[-106.78091,34.811563],[-106.780896,34.811596],[-106.780907,34.811615],[-106.781059,34.811636],[-106.781135,34.811624]]]}},{"type":"Feature","properties":{"leisure":"park"},"geometry":{"type":"Polygon","coordinates":[[[-106.773618,34.810931],[-106.7731,34.810952],[-106.773048,34.810924],[-106.773025,34.810811],[-106.773018,34.81066],[-106.773054,34.810622],[-106.773131,34.810601],[-106.773596,34.810583],[-106.773618,34.810931]]]}},{"type":"Feature","properties":{"natural":"water"},"geometry":{"type":"Polygon","coordinates":[[[-106.773502,34.810772],[-106.773486,34.810831],[-106.773265,34.810846],[-106.773262,34.810804],[-106.773428,34.81072],[-106.773493,34.810731],[-106.773502,34.810772]]]}},{"type":"Feature","properties":{"leisure":"park"},"geometry":{"type":"Polygon","coordinates":[[[-106.771361,34.811179],[-106.771307,34.811226],[-106.771276,34.811303],[-106.771276,34.811359],[-106.77089,34.811442],[-106.770755,34.811019],[-106.770759,34.810986],[-106.770786,34.810961],[-106.771251,34.810861],[-106.771361,34.811179]]]}},{"type":"Feature","properties":{"natural":"water"},"geometry":{"type":"Polygon","coordinates":[[[-106.771238,34.811169],[-106.771174,34.81116],[-106.771063,34.811172],[-106.771015,34.811235],[-106.771095,34.811247],[-106.771215,34.811199],[-106.771238,34.811169]]]}},{"type":"Feature","properties":{"leisure":"park"},"geometry":{"type":"Polygon","coordinates":[[[-106.775484,34.818207],[-106.774832,34.818007],[-106.774969,34.81768],[-106.775034,34.817565],[-106.775005,34.817486],[-106.77492,34.817429],[-106.774805,34.817424],[-106.774659,34.81749],[-106.774865,34.817209],[-106.775292,34.817445],[-106.775751,34.817471],[-106.775801,34.817724],[-106.775742,34.817741],[-106.775676,34.817798],[-106.775669,34.817861],[-106.775686,34.817904],[-106.775601,34.817943],[-106.775484,34.818207]]]}},{"type":"Feature","properties":{"natural":"water"},"geometry":{"type":"Polygon","coordinates":[[[-106.775559,34.817705],[-106.775448,34.817809],[-106.775365,34.817838],[-106.775284,34.817845],[-106.775204,34.817818],[-106.775154,34.817792],[-106.775138,34.817748],[-106.775187,34.817639],[-106.775226,34.817611],[-106.775454,34.817643],[-106.775553,34.817638],[-106.775559,34.817705]]]}},{"type":"Feature","properties":{"leisure":"park"},"geometry":{"type":"Polygon","coordinates":[[[-106.771385,34.817013],[-106.77091,34.816879],[-106.770537,34.816709],[-106.770775,34.816174],[-106.771093,34.815056],[-106.771285,34.815108],[-106.77095,34.816209],[-106.771385,34.817013]]]}},{"type":"Feature","properties":{"natural":"water"},"geometry":{"type":"Polygon","coordinates":[[[-106.770832,34.81664],[-106.77082,34.816685],[-106.770745,34.816693],[-106.770672,34.81667],[-106.770698,34.816544],[-106.770737,34.816495],[-106.770758,34.816411],[-106.770805,34.816414],[-106.770832,34.816495],[-106.770832,34.81664]]]}},{"type":"Feature","properties":{"natural":"water"},"geometry":{"type":"Polygon","coordinates":[[[-106.709993,34.76474],[-106.709934,34.764862],[-106.709757,34.764833],[-106.709569,34.764857],[-106.709483,34.764833],[-106.709497,34.764569],[-106.709489,34.764436],[-106.709585,34.764441],[-106.709846,34.764529],[-106.709997,34.764546],[-106.710035,34.764666],[-106.709993,34.76474]]]}},{"type":"Feature","properties":{"ele":"1476","leisure":"park","name":"Chester Skinner Park"},"geometry":{"type":"Polygon","coordinates":[[[-106.73173,34.788012],[-106.731381,34.787909],[-106.731722,34.787148],[-106.732084,34.787247],[-106.73173,34.788012]]]}},{"type":"Feature","properties":{"natural":"water"},"geometry":{"type":"Polygon","coordinates":[[[-106.741141,34.810198],[-106.741196,34.810192],[-106.741343,34.810041],[-106.741368,34.809978],[-106.741353,34.809916],[-106.741257,34.809889],[-106.741164,34.809894],[-106.740948,34.809981],[-106.740911,34.81004],[-106.740917,34.810094],[-106.740945,34.810131],[-106.741042,34.8102],[-106.741141,34.810198]]]}},{"type":"Feature","properties":{"leisure":"park","name":"Artistic Park"},"geometry":{"type":"Polygon","coordinates":[[[-106.762034,34.808309],[-106.761822,34.80879],[-106.761956,34.808834],[-106.762104,34.808823],[-106.762211,34.808771],[-106.762451,34.80869],[-106.763035,34.808809],[-106.763068,34.808741],[-106.762883,34.808692],[-106.762623,34.80848],[-106.762034,34.808309]]]}},{"type":"Feature","properties":{"natural":"water"},"geometry":{"type":"Polygon","coordinates":[[[-106.752585,34.804319],[-106.752504,34.8044],[-106.752455,34.804389],[-106.752418,34.804347],[-106.752297,34.804464],[-106.752246,34.804475],[-106.752199,34.804449],[-106.752193,34.804383],[-106.752315,34.804162],[-106.752455,34.804117],[-106.752609,34.80419],[-106.75266,34.804324],[-106.752585,34.804319]]]}},{"type":"Feature","properties":{"natural":"water"},"geometry":{"type":"Polygon","coordinates":[[[-106.748659,34.80954],[-106.748639,34.809565],[-106.748551,34.809584],[-106.748298,34.809606],[-106.748253,34.809592],[-106.748267,34.809559],[-106.748578,34.80939],[-106.748625,34.809407],[-106.748685,34.809487],[-106.748641,34.809518],[-106.748659,34.80954]]]}},{"type":"Feature","properties":{"natural":"water"},"geometry":{"type":"Polygon","coordinates":[[[-106.737005,34.807867],[-106.736966,34.807849],[-106.737,34.80776],[-106.739422,34.80589],[-106.739693,34.805597],[-106.740692,34.804604],[-106.741265,34.804082],[-106.74266,34.802748],[-106.742704,34.802754],[-106.742715,34.802803],[-106.740418,34.804924],[-106.739879,34.805492],[-106.739407,34.80596],[-106.737552,34.807389],[-106.737278,34.807607],[-106.737005,34.807867]]]}},{"type":"Feature","properties":{"natural":"water"},"geometry":{"type":"Polygon","coordinates":[[[-106.736604,34.808395],[-106.736569,34.808378],[-106.736523,34.808435],[-106.736061,34.8091],[-106.735999,34.809227],[-106.735594,34.80984],[-106.735446,34.81012],[-106.735372,34.81015],[-106.735365,34.810192],[-106.735471,34.810158],[-106.736604,34.808395]]]}},{"type":"Feature","properties":{"natural":"water"},"geometry":{"type":"Polygon","coordinates":[[[-106.734612,34.811453],[-106.734591,34.811454],[-106.734576,34.811493],[-106.734549,34.81149],[-106.734572,34.81142],[-106.734618,34.811419],[-106.734612,34.811453]]]}},{"type":"Feature","properties":{"natural":"water"},"geometry":{"type":"Polygon","coordinates":[[[-106.734666,34.811469],[-106.734675,34.811428],[-106.734729,34.811415],[-106.734742,34.811386],[-106.734778,34.811256],[-106.734759,34.811166],[-106.734767,34.81111],[-106.73483,34.811],[-106.734852,34.810903],[-106.734907,34.810883],[-106.734937,34.810833],[-106.734983,34.810659],[-106.735021,34.810403],[-106.735088,34.810175],[-106.735108,34.810129],[-106.735162,34.810138],[-106.73516,34.81016],[-106.735122,34.810181],[-106.735052,34.810407],[-106.735015,34.810691],[-106.73496,34.81088],[-106.734929,34.81094],[-106.734884,34.81096],[-106.734877,34.811045],[-106.73483,34.81108],[-106.73479,34.811167],[-106.734819,34.811281],[-106.734796,34.811392],[-106.734749,34.811456],[-106.734701,34.811477],[-106.734666,34.811469]]]}},{"type":"Feature","properties":{"natural":"water"},"geometry":{"type":"Polygon","coordinates":[[[-106.743507,34.812389],[-106.743076,34.812607],[-106.742158,34.813187],[-106.741299,34.813679],[-106.741061,34.81384],[-106.740931,34.814004],[-106.74084,34.814176],[-106.740545,34.814954],[-106.740339,34.815693],[-106.740262,34.815695],[-106.740245,34.815677],[-106.740244,34.815632],[-106.74062,34.814512],[-106.740795,34.814082],[-106.740928,34.813876],[-106.741203,34.81366],[-106.741986,34.813198],[-106.742631,34.812775],[-106.742693,34.812741],[-106.742754,34.812745],[-106.742832,34.812703],[-106.743242,34.812394],[-106.743393,34.812309],[-106.743507,34.812389]]]}},{"type":"Feature","properties":{"natural":"water"},"geometry":{"type":"Polygon","coordinates":[[[-106.72716,34.802652],[-106.727186,34.802589],[-106.72716,34.802574],[-106.727122,34.802596],[-106.726759,34.802997],[-106.726062,34.803822],[-106.725232,34.804663],[-106.724813,34.805037],[-106.724755,34.805156],[-106.724757,34.805191],[-106.724784,34.805221],[-106.724828,34.805222],[-106.724857,34.805061],[-106.72578,34.804172],[-106.72716,34.802652]]]}},{"type":"Feature","properties":{"natural":"water"},"geometry":{"type":"Polygon","coordinates":[[[-106.722567,34.806906],[-106.722531,34.806947],[-106.722484,34.806938],[-106.722475,34.806908],[-106.722804,34.806546],[-106.722956,34.80643],[-106.724096,34.805895],[-106.724676,34.805595],[-106.724738,34.805537],[-106.724747,34.80548],[-106.724803,34.805483],[-106.724797,34.805534],[-106.724757,34.805597],[-106.724649,34.805668],[-106.72358,34.806197],[-106.722934,34.806498],[-106.722832,34.80659],[-106.722567,34.806906]]]}},{"type":"Feature","properties":{"natural":"water"},"geometry":{"type":"Polygon","coordinates":[[[-106.73083,34.797699],[-106.730855,34.797738],[-106.730759,34.797783],[-106.730696,34.797852],[-106.730655,34.797998],[-106.730537,34.79826],[-106.728829,34.800678],[-106.727461,34.802248],[-106.727446,34.802299],[-106.727339,34.802429],[-106.727305,34.802445],[-106.727272,34.802438],[-106.727282,34.802391],[-106.728409,34.801131],[-106.728702,34.800779],[-106.72955,34.799583],[-106.729601,34.799488],[-106.729684,34.799393],[-106.730443,34.798333],[-106.73057,34.798095],[-106.730651,34.797835],[-106.730755,34.797731],[-106.73083,34.797699]]]}},{"type":"Feature","properties":{"natural":"water"},"geometry":{"type":"Polygon","coordinates":[[[-106.721021,34.804775],[-106.720946,34.804883],[-106.720867,34.804846],[-106.720883,34.804728],[-106.723177,34.801624],[-106.724647,34.799522],[-106.725519,34.798339],[-106.728495,34.794176],[-106.730055,34.790484],[-106.731143,34.788081],[-106.732221,34.785622],[-106.733332,34.782539],[-106.734125,34.780027],[-106.73442,34.779327],[-106.7354,34.777231],[-106.735718,34.776474],[-106.73576,34.77625],[-106.735509,34.775377],[-106.735337,34.774301],[-106.734963,34.772774],[-106.734712,34.771462],[-106.735434,34.767067],[-106.737554,34.764518],[-106.738791,34.763072],[-106.739202,34.762531],[-106.739506,34.762208],[-106.74139,34.759924],[-106.744413,34.756344],[-106.744578,34.756113],[-106.74469,34.755846],[-106.74472,34.755711],[-106.74471,34.755479],[-106.744848,34.75466],[-106.745745,34.750043],[-106.746003,34.74851],[-106.746093,34.748221],[-106.746145,34.748221],[-106.74616,34.748329],[-106.746152,34.748516],[-106.746081,34.748636],[-106.745711,34.750661],[-106.745356,34.752485],[-106.745075,34.75417],[-106.744813,34.755542],[-106.74481,34.755807],[-106.744757,34.755989],[-106.7446,34.756277],[-106.741065,34.760478],[-106.740545,34.761154],[-106.740171,34.761538],[-106.73866,34.763375],[-106.73802,34.764057],[-106.73756,34.764687],[-106.735608,34.766969],[-106.735533,34.767125],[-106.735477,34.767387],[-106.734803,34.771376],[-106.734792,34.771515],[-106.735357,34.773789],[-106.735417,34.774286],[-106.735537,34.774886],[-106.735851,34.776233],[-106.735851,34.776384],[-106.735758,34.776694],[-106.734736,34.778937],[-106.734628,34.779053],[-106.73465,34.779112],[-106.734572,34.779158],[-106.734534,34.779321],[-106.734272,34.779858],[-106.733244,34.782995],[-106.732671,34.784648],[-106.731513,34.787436],[-106.7309,34.78878],[-106.730627,34.789434],[-106.730122,34.790566],[-106.7291,34.792965],[-106.728605,34.79417],[-106.728386,34.794513],[-106.726745,34.796781],[-106.723724,34.801007],[-106.722004,34.803378],[-106.721575,34.803993],[-106.721441,34.804128],[-106.721298,34.804322],[-106.721021,34.804775]]]}},{"type":"Feature","properties":{"natural":"water"},"geometry":{"type":"Polygon","coordinates":[[[-106.719602,34.850568],[-106.719609,34.8506],[-106.71957,34.850613],[-106.719533,34.850564],[-106.719384,34.850257],[-106.718975,34.849567],[-106.718664,34.848865],[-106.718569,34.848556],[-106.718262,34.846998],[-106.717628,34.843601],[-106.717536,34.843034],[-106.717536,34.842745],[-106.717549,34.842415],[-106.717844,34.839661],[-106.718015,34.837717],[-106.71805,34.837561],[-106.718173,34.835931],[-106.71823,34.83553],[-106.718369,34.833992],[-106.718468,34.833251],[-106.718788,34.832486],[-106.720359,34.828903],[-106.720416,34.828734],[-106.720454,34.828401],[-106.720428,34.828082],[-106.719694,34.826246],[-106.717603,34.821534],[-106.715208,34.816063],[-106.714795,34.815083],[-106.714657,34.814418],[-106.714632,34.814183],[-106.714695,34.813845],[-106.714898,34.813281],[-106.715129,34.812776],[-106.715687,34.812025],[-106.717036,34.810108],[-106.718224,34.808487],[-106.720245,34.805674],[-106.720406,34.805453],[-106.720447,34.805424],[-106.720489,34.805456],[-106.720394,34.805632],[-106.720093,34.806012],[-106.719697,34.806558],[-106.719738,34.806635],[-106.720029,34.806871],[-106.721412,34.80773],[-106.721377,34.807792],[-106.720034,34.806958],[-106.719733,34.806754],[-106.719676,34.806678],[-106.719641,34.80666],[-106.719596,34.806689],[-106.719508,34.806838],[-106.717619,34.809441],[-106.715233,34.812771],[-106.715006,34.813146],[-106.714781,34.813857],[-106.71471,34.814194],[-106.714759,34.814539],[-106.714851,34.815007],[-106.718475,34.823256],[-106.720429,34.827615],[-106.720558,34.828293],[-106.72049,34.828718],[-106.718993,34.832227],[-106.718531,34.833254],[-106.718475,34.833735],[-106.718038,34.838514],[-106.717637,34.842413],[-106.717606,34.842959],[-106.717736,34.843738],[-106.718654,34.848535],[-106.718833,34.849035],[-106.719554,34.850401],[-106.719602,34.850568]]]}},{"type":"Feature","properties":{"natural":"water"},"geometry":{"type":"Polygon","coordinates":[[[-106.722359,34.807041],[-106.722398,34.807002],[-106.722439,34.807029],[-106.721692,34.807896],[-106.721669,34.807906],[-106.72164,34.807895],[-106.721625,34.807882],[-106.722359,34.807041]]]}},{"type":"Feature","properties":{"natural":"water"},"geometry":{"type":"Polygon","coordinates":[[[-106.721582,34.808011],[-106.72162,34.807966],[-106.721582,34.807934],[-106.721522,34.807974],[-106.720516,34.809056],[-106.720433,34.80923],[-106.720435,34.80931],[-106.721139,34.811086],[-106.721362,34.811588],[-106.721389,34.81161],[-106.721418,34.811593],[-106.721408,34.811555],[-106.72087,34.810301],[-106.720487,34.809304],[-106.720483,34.809249],[-106.720495,34.809176],[-106.72057,34.809067],[-106.721582,34.808011]]]}},{"type":"Feature","properties":{"natural":"water"},"geometry":{"type":"Polygon","coordinates":[[[-106.722647,34.814532],[-106.722673,34.814583],[-106.722626,34.814605],[-106.722579,34.814566],[-106.721744,34.812587],[-106.721405,34.811735],[-106.721424,34.811695],[-106.721469,34.811692],[-106.721498,34.811758],[-106.722647,34.814532]]]}},{"type":"Feature","properties":{"natural":"water"},"geometry":{"type":"Polygon","coordinates":[[[-106.725388,34.836002],[-106.725467,34.835984],[-106.725407,34.835942],[-106.72185,34.8352],[-106.721715,34.835123],[-106.721678,34.834994],[-106.720927,34.833135],[-106.720906,34.833033],[-106.720974,34.832865],[-106.721563,34.831665],[-106.72155,34.831636],[-106.721525,34.831633],[-106.721499,34.831654],[-106.720878,34.832966],[-106.720859,34.833081],[-106.7209,34.833255],[-106.721658,34.835141],[-106.721743,34.835209],[-106.721892,34.835274],[-106.725388,34.836002]]]}},{"type":"Feature","properties":{"natural":"water"},"geometry":{"type":"Polygon","coordinates":[[[-106.721621,34.831513],[-106.721585,34.831572],[-106.721549,34.83157],[-106.721538,34.831536],[-106.722226,34.829994],[-106.722257,34.82997],[-106.722309,34.829984],[-106.722266,34.830054],[-106.721621,34.831513]]]}},{"type":"Feature","properties":{"natural":"water"},"geometry":{"type":"Polygon","coordinates":[[[-106.722369,34.829848],[-106.722353,34.829888],[-106.722301,34.82989],[-106.722364,34.829705],[-106.722477,34.827679],[-106.722531,34.827208],[-106.722522,34.827023],[-106.722537,34.827002],[-106.722579,34.826998],[-106.722595,34.827063],[-106.722423,34.829326],[-106.722437,34.829456],[-106.722407,34.829759],[-106.722369,34.829848]]]}},{"type":"Feature","properties":{"natural":"water"},"geometry":{"type":"Polygon","coordinates":[[[-106.722596,34.826844],[-106.722594,34.826935],[-106.722544,34.826943],[-106.722626,34.825438],[-106.722653,34.825255],[-106.722667,34.825238],[-106.722707,34.825247],[-106.722596,34.826844]]]}},{"type":"Feature","properties":{"natural":"water"},"geometry":{"type":"Polygon","coordinates":[[[-106.722737,34.824987],[-106.72271,34.825167],[-106.722664,34.825178],[-106.722635,34.82512],[-106.722664,34.824932],[-106.722779,34.822893],[-106.722868,34.821754],[-106.722881,34.821688],[-106.722903,34.821663],[-106.722932,34.821683],[-106.722937,34.821773],[-106.722737,34.824987]]]}},{"type":"Feature","properties":{"natural":"water"},"geometry":{"type":"Polygon","coordinates":[[[-106.722958,34.821464],[-106.722958,34.821543],[-106.722941,34.821572],[-106.7229,34.821576],[-106.722882,34.821545],[-106.722877,34.821467],[-106.722977,34.820229],[-106.722993,34.820172],[-106.723031,34.820169],[-106.723047,34.820218],[-106.722958,34.821464]]]}},{"type":"Feature","properties":{"natural":"water"},"geometry":{"type":"Polygon","coordinates":[[[-106.723068,34.820043],[-106.72305,34.820097],[-106.723001,34.820103],[-106.722983,34.820071],[-106.723094,34.818415],[-106.723104,34.818322],[-106.723159,34.818305],[-106.723171,34.818333],[-106.723088,34.81933],[-106.723068,34.820043]]]}},{"type":"Feature","properties":{"natural":"water"},"geometry":{"type":"Polygon","coordinates":[[[-106.72318,34.818158],[-106.723161,34.818216],[-106.723127,34.818215],[-106.723127,34.817871],[-106.723162,34.817831],[-106.723186,34.817839],[-106.723201,34.817897],[-106.72318,34.818158]]]}},{"type":"Feature","properties":{"natural":"water"},"geometry":{"type":"Polygon","coordinates":[[[-106.723213,34.817727],[-106.723208,34.81776],[-106.723164,34.81777],[-106.723125,34.817739],[-106.72324,34.816142],[-106.722873,34.815204],[-106.722675,34.814759],[-106.722652,34.814698],[-106.722661,34.814685],[-106.722709,34.814686],[-106.722756,34.814776],[-106.72329,34.816054],[-106.723302,34.816228],[-106.723204,34.817646],[-106.723213,34.817727]]]}},{"type":"Feature","properties":{"natural":"water"},"geometry":{"type":"Polygon","coordinates":[[[-106.724471,34.81161],[-106.724455,34.811657],[-106.724414,34.811669],[-106.724387,34.811629],[-106.724403,34.810292],[-106.72436,34.81012],[-106.724097,34.809578],[-106.723781,34.809302],[-106.721871,34.808098],[-106.721716,34.808019],[-106.721697,34.807977],[-106.721732,34.807933],[-106.721793,34.807942],[-106.723865,34.809244],[-106.7242,34.809568],[-106.724407,34.809946],[-106.724466,34.810178],[-106.724492,34.810475],[-106.724471,34.81161]]]}},{"type":"Feature","properties":{"natural":"water"},"geometry":{"type":"Polygon","coordinates":[[[-106.726358,34.814435],[-106.726173,34.814451],[-106.724454,34.81422],[-106.724346,34.814148],[-106.724311,34.814066],[-106.724379,34.812198],[-106.724365,34.811823],[-106.724385,34.811766],[-106.724419,34.811752],[-106.724481,34.811763],[-106.724506,34.811848],[-106.724452,34.814056],[-106.72454,34.81411],[-106.726272,34.814381],[-106.726345,34.814396],[-106.726358,34.814435]]]}},{"type":"Feature","properties":{"natural":"water"},"geometry":{"type":"Polygon","coordinates":[[[-106.727896,34.816513],[-106.727897,34.816558],[-106.727849,34.816573],[-106.727434,34.815527],[-106.727024,34.814611],[-106.726965,34.814545],[-106.726826,34.814504],[-106.726615,34.814474],[-106.726622,34.814431],[-106.726936,34.814451],[-106.727072,34.814527],[-106.727792,34.816162],[-106.727896,34.816513]]]}},{"type":"Feature","properties":{"natural":"water"},"geometry":{"type":"Polygon","coordinates":[[[-106.727189,34.831832],[-106.726941,34.831747],[-106.726789,34.831598],[-106.726045,34.829563],[-106.725988,34.829316],[-106.726004,34.829228],[-106.726029,34.829207],[-106.726115,34.829225],[-106.726131,34.829425],[-106.726219,34.829714],[-106.726837,34.831444],[-106.726961,34.831675],[-106.727239,34.831784],[-106.727189,34.831832]]]}},{"type":"Feature","properties":{"natural":"water"},"geometry":{"type":"Polygon","coordinates":[[[-106.726112,34.82894],[-106.726105,34.829036],[-106.726032,34.829049],[-106.725988,34.828997],[-106.726002,34.826921],[-106.726153,34.826425],[-106.726237,34.826219],[-106.726272,34.826201],[-106.726329,34.826219],[-106.72631,34.826331],[-106.726151,34.826861],[-106.726099,34.82839],[-106.726112,34.82894]]]}},{"type":"Feature","properties":{"natural":"water"},"geometry":{"type":"Polygon","coordinates":[[[-106.72896,34.836111],[-106.728934,34.836159],[-106.728891,34.836169],[-106.728861,34.836142],[-106.729056,34.835178],[-106.72929,34.834225],[-106.729515,34.833073],[-106.729534,34.832865],[-106.729521,34.832748],[-106.729413,34.832626],[-106.729312,34.832576],[-106.727826,34.832075],[-106.727579,34.831971],[-106.727541,34.831938],[-106.727573,34.831901],[-106.72944,34.832546],[-106.729567,34.83266],[-106.729621,34.832793],[-106.729624,34.833027],[-106.729184,34.835017],[-106.729038,34.835584],[-106.72896,34.836111]]]}},{"type":"Feature","properties":{"natural":"water"},"geometry":{"type":"Polygon","coordinates":[[[-106.726286,34.826133],[-106.726289,34.82599],[-106.72647,34.825441],[-106.726502,34.825165],[-106.72654,34.825145],[-106.726609,34.825152],[-106.726625,34.825298],[-106.726464,34.825875],[-106.726369,34.826114],[-106.726286,34.826133]]]}},{"type":"Feature","properties":{"natural":"water"},"geometry":{"type":"Polygon","coordinates":[[[-106.726651,34.825033],[-106.726638,34.82508],[-106.726565,34.825087],[-106.726533,34.825022],[-106.726549,34.824897],[-106.726711,34.823753],[-106.726869,34.822809],[-106.726891,34.82277],[-106.726955,34.822775],[-106.726974,34.822838],[-106.726695,34.824632],[-106.726651,34.825033]]]}},{"type":"Feature","properties":{"natural":"water"},"geometry":{"type":"Polygon","coordinates":[[[-106.72703,34.82253],[-106.726985,34.822618],[-106.726934,34.822631],[-106.726889,34.822596],[-106.72723,34.820424],[-106.727366,34.819722],[-106.727503,34.818745],[-106.727526,34.818713],[-106.727578,34.818718],[-106.727589,34.818806],[-106.727453,34.819589],[-106.727055,34.822193],[-106.72703,34.82253]]]}},{"type":"Feature","properties":{"natural":"water"},"geometry":{"type":"Polygon","coordinates":[[[-106.72761,34.818572],[-106.727593,34.818605],[-106.727545,34.818611],[-106.727525,34.818578],[-106.727581,34.818168],[-106.727599,34.818125],[-106.72765,34.818139],[-106.72761,34.818572]]]}},{"type":"Feature","properties":{"natural":"water"},"geometry":{"type":"Polygon","coordinates":[[[-106.727739,34.817782],[-106.727689,34.817977],[-106.72767,34.817997],[-106.727622,34.817996],[-106.727574,34.817958],[-106.727676,34.817291],[-106.727743,34.817236],[-106.727801,34.817223],[-106.727739,34.817782]]]}},{"type":"Feature","properties":{"natural":"water"},"geometry":{"type":"Polygon","coordinates":[[[-106.727827,34.817119],[-106.72781,34.81716],[-106.72776,34.817168],[-106.727737,34.817138],[-106.727777,34.816797],[-106.727804,34.816759],[-106.727868,34.816748],[-106.727875,34.816816],[-106.727827,34.817119]]]}},{"type":"Feature","properties":{"natural":"water"},"geometry":{"type":"Polygon","coordinates":[[[-106.722861,34.857598],[-106.722865,34.857698],[-106.722831,34.857707],[-106.722774,34.857595],[-106.722569,34.856729],[-106.722553,34.856568],[-106.7223,34.855463],[-106.722266,34.855205],[-106.722287,34.854928],[-106.722327,34.854732],[-106.722504,34.854112],[-106.722601,34.853544],[-106.722759,34.852871],[-106.723025,34.851436],[-106.725299,34.840229],[-106.725431,34.838999],[-106.725431,34.838895],[-106.725455,34.838877],[-106.725511,34.838893],[-106.725519,34.83899],[-106.725355,34.840281],[-106.724962,34.842129],[-106.724832,34.842894],[-106.724012,34.846893],[-106.72333,34.850348],[-106.722966,34.852074],[-106.722539,34.854357],[-106.722381,34.854919],[-106.722362,34.855119],[-106.722397,34.855471],[-106.722861,34.857598]]]}},{"type":"Feature","properties":{"natural":"water"},"geometry":{"type":"Polygon","coordinates":[[[-106.725526,34.838743],[-106.725513,34.838786],[-106.725472,34.838799],[-106.725451,34.838778],[-106.725766,34.835926],[-106.725794,34.835768],[-106.725824,34.835753],[-106.725849,34.835759],[-106.725854,34.835808],[-106.725526,34.838743]]]}},{"type":"Feature","properties":{"natural":"water"},"geometry":{"type":"Polygon","coordinates":[[[-106.725917,34.835491],[-106.725898,34.835573],[-106.725844,34.835569],[-106.725828,34.835513],[-106.725996,34.834509],[-106.726051,34.834298],[-106.726323,34.833592],[-106.726439,34.83321],[-106.726521,34.832834],[-106.726562,34.832711],[-106.726653,34.83253],[-106.726836,34.832302],[-106.727293,34.831877],[-106.727332,34.831912],[-106.726947,34.832245],[-106.726662,34.832613],[-106.726559,34.832895],[-106.726473,34.833296],[-106.726073,34.834416],[-106.726017,34.834729],[-106.725917,34.835491]]]}},{"type":"Feature","properties":{"natural":"water"},"geometry":{"type":"Polygon","coordinates":[[[-106.727453,34.831809],[-106.727411,34.831834],[-106.727364,34.831825],[-106.727364,34.831795],[-106.727938,34.831237],[-106.728113,34.830936],[-106.728344,34.830623],[-106.729021,34.829897],[-106.729257,34.829521],[-106.7299,34.827953],[-106.72993,34.82789],[-106.729951,34.827885],[-106.729974,34.827903],[-106.729322,34.82951],[-106.729128,34.829819],[-106.729017,34.829974],[-106.728374,34.830657],[-106.728174,34.830935],[-106.727959,34.831279],[-106.727453,34.831809]]]}},{"type":"Feature","properties":{"natural":"water"},"geometry":{"type":"Polygon","coordinates":[[[-106.730004,34.827796],[-106.729958,34.82783],[-106.729934,34.827807],[-106.729991,34.827462],[-106.730136,34.826885],[-106.730256,34.826183],[-106.730336,34.82583],[-106.730364,34.825611],[-106.730424,34.825396],[-106.730553,34.824716],[-106.730652,34.82416],[-106.730673,34.823965],[-106.730725,34.823743],[-106.730751,34.82338],[-106.730774,34.823358],[-106.730825,34.823362],[-106.730655,34.824384],[-106.730429,34.825555],[-106.730364,34.825967],[-106.730043,34.827446],[-106.730004,34.827796]]]}},{"type":"Feature","properties":{"natural":"water"},"geometry":{"type":"Polygon","coordinates":[[[-106.730862,34.823087],[-106.730851,34.823143],[-106.730805,34.823152],[-106.730783,34.823134],[-106.730826,34.822573],[-106.731048,34.821035],[-106.731228,34.820501],[-106.731407,34.819822],[-106.731434,34.819494],[-106.731811,34.817405],[-106.731955,34.81671],[-106.732009,34.816721],[-106.73155,34.819144],[-106.731457,34.819867],[-106.731276,34.820496],[-106.731085,34.821053],[-106.730997,34.821864],[-106.730915,34.822338],[-106.730858,34.822994],[-106.730862,34.823087]]]}},{"type":"Feature","properties":{"natural":"water"},"geometry":{"type":"Polygon","coordinates":[[[-106.732036,34.816561],[-106.731975,34.816553],[-106.732219,34.815328],[-106.732287,34.815341],[-106.732036,34.816561]]]}},{"type":"Feature","properties":{"natural":"water"},"geometry":{"type":"Polygon","coordinates":[[[-106.732323,34.815225],[-106.732252,34.81521],[-106.732284,34.815037],[-106.732347,34.814921],[-106.733047,34.813858],[-106.734249,34.811962],[-106.734541,34.811485],[-106.734551,34.811432],[-106.734573,34.811407],[-106.734618,34.811419],[-106.734612,34.811453],[-106.734591,34.811454],[-106.734576,34.811475],[-106.734486,34.811652],[-106.734138,34.812227],[-106.732954,34.814099],[-106.732362,34.814988],[-106.732323,34.815225]]]}},{"type":"Feature","properties":{"natural":"water"},"geometry":{"type":"Polygon","coordinates":[[[-106.725019,34.854945],[-106.724928,34.855086],[-106.724852,34.855072],[-106.724858,34.854969],[-106.725188,34.853549],[-106.725386,34.852555],[-106.725971,34.849937],[-106.726374,34.847975],[-106.72668,34.8467],[-106.726739,34.846345],[-106.726768,34.846308],[-106.726819,34.846337],[-106.7268,34.846451],[-106.725019,34.854945]]]}},{"type":"Feature","properties":{"natural":"water"},"geometry":{"type":"Polygon","coordinates":[[[-106.726846,34.846197],[-106.726773,34.846179],[-106.727509,34.842819],[-106.727584,34.842544],[-106.727633,34.842552],[-106.726846,34.846197]]]}},{"type":"Feature","properties":{"natural":"water"},"geometry":{"type":"Polygon","coordinates":[[[-106.72766,34.842419],[-106.727652,34.842441],[-106.727619,34.842449],[-106.727606,34.842424],[-106.727761,34.841642],[-106.727839,34.841394],[-106.727932,34.840867],[-106.728088,34.840321],[-106.728544,34.838155],[-106.728525,34.837948],[-106.728486,34.837853],[-106.728482,34.837795],[-106.728547,34.837696],[-106.728529,34.837501],[-106.728552,34.837374],[-106.728606,34.837242],[-106.728799,34.836497],[-106.728813,34.83638],[-106.72889,34.836374],[-106.728885,34.836501],[-106.728814,34.83675],[-106.728598,34.837802],[-106.728598,34.838119],[-106.728574,34.838282],[-106.728196,34.840101],[-106.72778,34.841949],[-106.72766,34.842419]]]}},{"type":"Feature","properties":{"natural":"water"},"geometry":{"type":"Polygon","coordinates":[[[-106.725781,34.858804],[-106.725618,34.858706],[-106.725861,34.858487],[-106.725925,34.858396],[-106.726371,34.857916],[-106.727604,34.85671],[-106.727735,34.856546],[-106.727797,34.856442],[-106.727955,34.855809],[-106.728704,34.853951],[-106.72916,34.852683],[-106.729333,34.85236],[-106.729863,34.850891],[-106.729971,34.850721],[-106.730185,34.850518],[-106.730593,34.850188],[-106.731638,34.849276],[-106.731819,34.849105],[-106.731886,34.848984],[-106.731939,34.848787],[-106.731953,34.848352],[-106.732174,34.847456],[-106.732201,34.846472],[-106.732288,34.845302],[-106.732323,34.845115],[-106.733274,34.84334],[-106.733334,34.843107],[-106.73314,34.841552],[-106.733194,34.841332],[-106.733991,34.8402],[-106.734854,34.838897],[-106.735604,34.837682],[-106.736776,34.835863],[-106.736991,34.835605],[-106.737627,34.834483],[-106.737988,34.833906],[-106.738109,34.833632],[-106.738109,34.833456],[-106.737942,34.83307],[-106.737727,34.832488],[-106.737607,34.831966],[-106.7376,34.831784],[-106.737674,34.831614],[-106.737794,34.831443],[-106.737995,34.831295],[-106.73833,34.831108],[-106.7408,34.829058],[-106.740921,34.828904],[-106.740947,34.828739],[-106.7408,34.828058],[-106.740619,34.827695],[-106.740331,34.827288],[-106.739481,34.825798],[-106.739387,34.825524],[-106.73942,34.825403],[-106.739782,34.82488],[-106.740499,34.823473],[-106.740666,34.823203],[-106.740981,34.822939],[-106.741776,34.822484],[-106.742439,34.82199],[-106.742493,34.821803],[-106.742392,34.820648],[-106.742078,34.819582],[-106.741857,34.819307],[-106.741354,34.818883],[-106.739868,34.817328],[-106.739754,34.817091],[-106.739754,34.816921],[-106.740219,34.815739],[-106.740313,34.815761],[-106.73992,34.816738],[-106.739857,34.817008],[-106.739903,34.817218],[-106.740192,34.817502],[-106.741468,34.818852],[-106.742046,34.819317],[-106.742176,34.819587],[-106.742465,34.820539],[-106.742511,34.820781],[-106.742579,34.821582],[-106.742585,34.821879],[-106.742494,34.822075],[-106.742324,34.822224],[-106.740815,34.82319],[-106.74057,34.82356],[-106.73989,34.824865],[-106.739502,34.825417],[-106.739526,34.825618],[-106.740815,34.827847],[-106.740965,34.828243],[-106.741052,34.828853],[-106.740949,34.829087],[-106.738454,34.831151],[-106.738288,34.831274],[-106.737908,34.831469],[-106.737782,34.831579],[-106.737671,34.831794],[-106.737734,34.832073],[-106.737774,34.832358],[-106.738185,34.833377],[-106.738201,34.833721],[-106.738082,34.833935],[-106.735662,34.837792],[-106.733369,34.84133],[-106.733298,34.841492],[-106.733242,34.841693],[-106.733456,34.843134],[-106.733384,34.843375],[-106.732507,34.844921],[-106.732404,34.845161],[-106.732372,34.845492],[-106.732262,34.84742],[-106.73219,34.84779],[-106.732103,34.848069],[-106.732048,34.848419],[-106.732024,34.848945],[-106.731866,34.849224],[-106.731605,34.849419],[-106.730656,34.850308],[-106.730158,34.850665],[-106.729968,34.850912],[-106.728347,34.855065],[-106.728157,34.8555],[-106.727904,34.85648],[-106.727659,34.856805],[-106.726868,34.857577],[-106.726243,34.858219],[-106.725781,34.858804]]]}},{"type":"Feature","properties":{"natural":"water"},"geometry":{"type":"Polygon","coordinates":[[[-106.727281,34.855446],[-106.727223,34.855439],[-106.727684,34.854112],[-106.727785,34.853537],[-106.727787,34.853292],[-106.72786,34.852846],[-106.727974,34.852353],[-106.72804,34.852156],[-106.728446,34.851438],[-106.728606,34.851191],[-106.728718,34.851066],[-106.728838,34.850971],[-106.729628,34.85044],[-106.730329,34.850076],[-106.730693,34.849853],[-106.730957,34.849596],[-106.731294,34.849055],[-106.731354,34.848893],[-106.73139,34.848713],[-106.731214,34.848175],[-106.731177,34.847989],[-106.731148,34.847672],[-106.731175,34.847232],[-106.73127,34.846484],[-106.731306,34.846012],[-106.731348,34.845744],[-106.731411,34.845493],[-106.731943,34.844314],[-106.732008,34.844117],[-106.73205,34.843885],[-106.732035,34.843634],[-106.732001,34.843445],[-106.731844,34.842867],[-106.731832,34.842594],[-106.731874,34.84242],[-106.731949,34.842218],[-106.73225,34.84164],[-106.732767,34.840539],[-106.733026,34.840302],[-106.733207,34.840111],[-106.733364,34.839877],[-106.733428,34.839813],[-106.73346,34.839743],[-106.733496,34.839746],[-106.733514,34.839774],[-106.733306,34.840027],[-106.733223,34.840178],[-106.73306,34.84036],[-106.73291,34.840458],[-106.732816,34.840567],[-106.73271,34.84076],[-106.7322,34.841858],[-106.732004,34.842215],[-106.731891,34.842544],[-106.73188,34.842673],[-106.731893,34.842823],[-106.73196,34.843109],[-106.732067,34.843434],[-106.732116,34.843813],[-106.732094,34.844025],[-106.732033,34.844237],[-106.731427,34.84559],[-106.731381,34.845825],[-106.73128,34.846985],[-106.731198,34.847443],[-106.731194,34.847693],[-106.731236,34.848061],[-106.731424,34.848601],[-106.731433,34.848697],[-106.731402,34.848903],[-106.731205,34.849304],[-106.73101,34.849588],[-106.730871,34.849754],[-106.730691,34.849905],[-106.730333,34.850161],[-106.72968,34.850483],[-106.729174,34.85082],[-106.728814,34.851068],[-106.72865,34.851258],[-106.728247,34.851929],[-106.728057,34.852349],[-106.727929,34.852866],[-106.727881,34.853174],[-106.727833,34.853701],[-106.727774,34.85404],[-106.727649,34.854423],[-106.727386,34.855105],[-106.727281,34.855446]]]}},{"type":"Feature","properties":{"natural":"water"},"geometry":{"type":"Polygon","coordinates":[[[-106.733587,34.839666],[-106.733544,34.839686],[-106.73352,34.839673],[-106.73352,34.839656],[-106.733634,34.839469],[-106.733874,34.838594],[-106.73392,34.838601],[-106.733939,34.838637],[-106.733814,34.839027],[-106.733712,34.839418],[-106.733587,34.839666]]]}},{"type":"Feature","properties":{"natural":"water"},"geometry":{"type":"Polygon","coordinates":[[[-106.734012,34.838448],[-106.733994,34.83848],[-106.733942,34.838482],[-106.734023,34.838321],[-106.734044,34.838206],[-106.734126,34.837969],[-106.734358,34.837532],[-106.7347,34.836753],[-106.734955,34.835835],[-106.735264,34.834584],[-106.735487,34.833802],[-106.735631,34.833192],[-106.735701,34.832729],[-106.735716,34.831711],[-106.735726,34.831666],[-106.735788,34.831675],[-106.735763,34.831862],[-106.735742,34.832779],[-106.735708,34.833038],[-106.735595,34.833584],[-106.735406,34.834248],[-106.734995,34.835836],[-106.734868,34.836266],[-106.734824,34.83649],[-106.734737,34.836776],[-106.734347,34.837663],[-106.734169,34.837987],[-106.73409,34.838224],[-106.734078,34.838369],[-106.734048,34.838424],[-106.734012,34.838448]]]}},{"type":"Feature","properties":{"natural":"water"},"geometry":{"type":"Polygon","coordinates":[[[-106.735803,34.831622],[-106.735731,34.831621],[-106.735738,34.831529],[-106.735796,34.830984],[-106.735931,34.830218],[-106.736003,34.829432],[-106.736098,34.828741],[-106.736253,34.828193],[-106.736423,34.827439],[-106.736565,34.826534],[-106.736634,34.826347],[-106.736745,34.826134],[-106.736848,34.825872],[-106.737187,34.824879],[-106.737882,34.823612],[-106.738089,34.823322],[-106.73825,34.823139],[-106.738322,34.823011],[-106.738336,34.822885],[-106.738303,34.822361],[-106.73836,34.822361],[-106.738375,34.822929],[-106.738351,34.823065],[-106.738291,34.823179],[-106.738058,34.823429],[-106.737931,34.823602],[-106.737794,34.823829],[-106.737508,34.824381],[-106.737362,34.82461],[-106.737206,34.824933],[-106.737148,34.825138],[-106.736805,34.826079],[-106.73662,34.826499],[-106.736435,34.82764],[-106.736142,34.8288],[-106.736068,34.829307],[-106.735974,34.830174],[-106.73584,34.831006],[-106.735803,34.831622]]]}},{"type":"Feature","properties":{"natural":"water"},"geometry":{"type":"Polygon","coordinates":[[[-106.738363,34.82226],[-106.738315,34.82226],[-106.738308,34.822144],[-106.73833,34.822023],[-106.738186,34.821138],[-106.738065,34.820777],[-106.737697,34.819971],[-106.737523,34.819636],[-106.737256,34.818917],[-106.737177,34.818807],[-106.736731,34.817848],[-106.736647,34.817616],[-106.736625,34.817481],[-106.736623,34.81731],[-106.736642,34.817176],[-106.736742,34.816845],[-106.736908,34.815906],[-106.737267,34.814799],[-106.737301,34.814554],[-106.737635,34.813633],[-106.737656,34.813516],[-106.737917,34.812794],[-106.73794,34.812643],[-106.738088,34.812375],[-106.738107,34.812305],[-106.738108,34.81218],[-106.738237,34.811901],[-106.738296,34.81173],[-106.738373,34.811602],[-106.738704,34.811239],[-106.738934,34.811049],[-106.739084,34.810964],[-106.739797,34.810413],[-106.740005,34.810338],[-106.740203,34.810215],[-106.740246,34.810249],[-106.739964,34.810406],[-106.739799,34.810458],[-106.739166,34.810974],[-106.738947,34.811108],[-106.73878,34.811233],[-106.738351,34.811708],[-106.738243,34.812],[-106.738155,34.812177],[-106.738123,34.812399],[-106.737925,34.81287],[-106.737778,34.813335],[-106.737663,34.813626],[-106.737649,34.813725],[-106.737362,34.814538],[-106.737295,34.814887],[-106.73699,34.815815],[-106.736677,34.817273],[-106.736675,34.817482],[-106.736718,34.81768],[-106.73703,34.818371],[-106.737394,34.819116],[-106.737548,34.819578],[-106.737797,34.820069],[-106.738111,34.820763],[-106.738236,34.821143],[-106.738305,34.821547],[-106.738362,34.821942],[-106.738363,34.82226]]]}},{"type":"Feature","properties":{"natural":"water"},"geometry":{"type":"Polygon","coordinates":[[[-106.745266,34.807761],[-106.74554,34.807629],[-106.745587,34.807591],[-106.745556,34.807558],[-106.745213,34.807739],[-106.744745,34.807947],[-106.744467,34.8081],[-106.74409,34.808255],[-106.743821,34.808431],[-106.743367,34.80854],[-106.743161,34.808648],[-106.74297,34.808804],[-106.742884,34.808854],[-106.742534,34.808946],[-106.742182,34.8091],[-106.741898,34.809189],[-106.741726,34.809303],[-106.741518,34.80949],[-106.741308,34.809606],[-106.740726,34.809871],[-106.740663,34.809935],[-106.740432,34.810021],[-106.740413,34.810067],[-106.740446,34.810082],[-106.741018,34.809783],[-106.741366,34.80962],[-106.741561,34.809504],[-106.741907,34.809236],[-106.742487,34.809002],[-106.742908,34.808886],[-106.743022,34.808825],[-106.743157,34.808719],[-106.743382,34.808577],[-106.743801,34.808479],[-106.7439,34.808439],[-106.744147,34.808276],[-106.744492,34.808135],[-106.744807,34.80797],[-106.745266,34.807761]]]}},{"type":"Feature","properties":{"natural":"water"},"geometry":{"type":"Polygon","coordinates":[[[-106.754019,34.799703],[-106.754088,34.799652],[-106.754091,34.799632],[-106.754071,34.799616],[-106.753349,34.800043],[-106.753194,34.800154],[-106.752957,34.800252],[-106.752832,34.800358],[-106.752723,34.80048],[-106.752203,34.800867],[-106.751733,34.801509],[-106.75158,34.80188],[-106.751402,34.802253],[-106.751269,34.802728],[-106.751064,34.803044],[-106.750836,34.803255],[-106.750631,34.803483],[-106.750501,34.803638],[-106.750364,34.80386],[-106.750291,34.803941],[-106.750002,34.804181],[-106.749619,34.804602],[-106.749207,34.805061],[-106.748932,34.805419],[-106.748722,34.805639],[-106.748058,34.806092],[-106.747889,34.80626],[-106.747468,34.806508],[-106.747394,34.806579],[-106.745658,34.807501],[-106.745646,34.807515],[-106.745658,34.807542],[-106.745718,34.80753],[-106.745875,34.807451],[-106.747557,34.80654],[-106.747978,34.806267],[-106.748128,34.80609],[-106.748389,34.805918],[-106.748634,34.805784],[-106.748781,34.805676],[-106.749613,34.804693],[-106.749776,34.804557],[-106.750091,34.804171],[-106.750365,34.803955],[-106.750447,34.803869],[-106.750597,34.803633],[-106.750792,34.803396],[-106.750916,34.803252],[-106.751069,34.803134],[-106.751144,34.803049],[-106.751346,34.802682],[-106.751406,34.802451],[-106.751517,34.802126],[-106.751661,34.801836],[-106.751773,34.801516],[-106.751909,34.801323],[-106.752011,34.801222],[-106.752265,34.800866],[-106.752378,34.800762],[-106.752651,34.800589],[-106.752918,34.800341],[-106.753174,34.800216],[-106.754019,34.799703]]]}},{"type":"Feature","properties":{"natural":"water"},"geometry":{"type":"Polygon","coordinates":[[[-106.76593,34.775085],[-106.765913,34.775006],[-106.765868,34.775002],[-106.765848,34.775024],[-106.765964,34.775607],[-106.766146,34.776735],[-106.766237,34.77708],[-106.766259,34.77723],[-106.766218,34.777477],[-106.765731,34.778733],[-106.765649,34.778879],[-106.765323,34.779299],[-106.765003,34.779748],[-106.764744,34.780052],[-106.764077,34.781051],[-106.763681,34.78186],[-106.763289,34.782434],[-106.763077,34.783249],[-106.763041,34.783548],[-106.763027,34.783976],[-106.763048,34.784153],[-106.763063,34.784175],[-106.763099,34.784179],[-106.763109,34.784141],[-106.763087,34.783845],[-106.763113,34.783401],[-106.76326,34.782776],[-106.763361,34.782429],[-106.763776,34.781824],[-106.764151,34.781029],[-106.764535,34.780489],[-106.76532,34.779455],[-106.765776,34.778772],[-106.766251,34.77756],[-106.766311,34.777353],[-106.766326,34.777235],[-106.76628,34.776947],[-106.766196,34.77673],[-106.766033,34.775616],[-106.76593,34.775085]]]}},{"type":"Feature","properties":{"natural":"water"},"geometry":{"type":"Polygon","coordinates":[[[-106.761914,34.790832],[-106.761877,34.790866],[-106.761822,34.790867],[-106.761916,34.790627],[-106.762493,34.788826],[-106.762629,34.788496],[-106.762716,34.788161],[-106.762952,34.786912],[-106.762972,34.786622],[-106.762966,34.786476],[-106.763003,34.786261],[-106.763001,34.785424],[-106.763029,34.784605],[-106.763058,34.784258],[-106.763096,34.784263],[-106.763072,34.784677],[-106.763053,34.786187],[-106.763011,34.78652],[-106.763025,34.786669],[-106.762986,34.787005],[-106.762903,34.787338],[-106.762732,34.788284],[-106.762013,34.790447],[-106.761914,34.790832]]]}},{"type":"Feature","properties":{"natural":"water"},"geometry":{"type":"Polygon","coordinates":[[[-106.761816,34.791058],[-106.761822,34.791018],[-106.761775,34.790986],[-106.761732,34.791033],[-106.761602,34.79125],[-106.760298,34.792898],[-106.759581,34.793709],[-106.759428,34.793857],[-106.757567,34.79585],[-106.75703,34.796357],[-106.755563,34.798068],[-106.755212,34.798424],[-106.75464,34.799162],[-106.754376,34.799407],[-106.754299,34.799452],[-106.754315,34.799492],[-106.754402,34.799462],[-106.754555,34.799312],[-106.75692,34.796574],[-106.758024,34.795456],[-106.758139,34.795308],[-106.75841,34.795041],[-106.76006,34.793239],[-106.760632,34.792592],[-106.761193,34.791848],[-106.761816,34.791058]]]}},{"type":"Feature","properties":{"natural":"water"},"geometry":{"type":"Polygon","coordinates":[[[-106.787093,34.708039],[-106.786983,34.707879],[-106.786931,34.708052],[-106.786429,34.710528],[-106.786734,34.71149],[-106.787291,34.713011],[-106.787295,34.713164],[-106.783589,34.718945],[-106.783535,34.719135],[-106.783604,34.719432],[-106.785781,34.725171],[-106.785843,34.725398],[-106.785843,34.725588],[-106.784827,34.732899],[-106.784673,34.734637],[-106.784427,34.735505],[-106.784104,34.736365],[-106.78405,34.736574],[-106.784081,34.737016],[-106.784366,34.739178],[-106.784243,34.739424],[-106.782882,34.741301],[-106.782851,34.741504],[-106.783074,34.742338],[-106.78302,34.74249],[-106.782828,34.742749],[-106.78106,34.744581],[-106.780899,34.744701],[-106.779853,34.746155],[-106.779547,34.746521],[-106.779247,34.746959],[-106.778247,34.747999],[-106.777584,34.749081],[-106.777075,34.749828],[-106.777066,34.750104],[-106.77782,34.751209],[-106.777792,34.751462],[-106.777674,34.751739],[-106.777756,34.752082],[-106.778428,34.752836],[-106.778465,34.753],[-106.778492,34.75353],[-106.778219,34.756172],[-106.778128,34.756456],[-106.77762,34.757628],[-106.774277,34.763231],[-106.773904,34.763888],[-106.77355,34.764664],[-106.773432,34.764791],[-106.77305,34.765052],[-106.770379,34.766455],[-106.769616,34.768901],[-106.769562,34.769162],[-106.770243,34.772337],[-106.770307,34.776166],[-106.770161,34.776427],[-106.769689,34.777121],[-106.768941,34.778023],[-106.76876,34.778262],[-106.767824,34.779657],[-106.766925,34.780838],[-106.766788,34.781092],[-106.766915,34.781585],[-106.767143,34.78198],[-106.769032,34.783144],[-106.769432,34.783271],[-106.769659,34.78339],[-106.769804,34.783584],[-106.769877,34.783912],[-106.769831,34.785755],[-106.76985,34.786043],[-106.769878,34.786089],[-106.769962,34.786101],[-106.770018,34.78602],[-106.769986,34.785483],[-106.769981,34.783852],[-106.769897,34.783488],[-106.769696,34.783288],[-106.768907,34.782947],[-106.7673,34.781988],[-106.767095,34.781804],[-106.76688,34.781117],[-106.766978,34.780899],[-106.767912,34.779695],[-106.768804,34.778357],[-106.769676,34.777296],[-106.770269,34.776492],[-106.7704,34.776169],[-106.770423,34.775962],[-106.770377,34.773549],[-106.770386,34.772639],[-106.770279,34.772013],[-106.769718,34.769406],[-106.769695,34.769103],[-106.769732,34.768884],[-106.769844,34.7686],[-106.770428,34.766667],[-106.770521,34.766468],[-106.770839,34.766276],[-106.771703,34.765873],[-106.773379,34.764958],[-106.773548,34.764808],[-106.773692,34.764597],[-106.774038,34.763779],[-106.777638,34.757725],[-106.778068,34.756854],[-106.778302,34.756225],[-106.77847,34.754613],[-106.778488,34.754218],[-106.778605,34.753274],[-106.77853,34.752798],[-106.777877,34.752073],[-106.777807,34.751927],[-106.777788,34.751681],[-106.777867,34.751408],[-106.777905,34.751155],[-106.777143,34.750021],[-106.777153,34.749887],[-106.777302,34.749622],[-106.777596,34.7492],[-106.778308,34.748084],[-106.779041,34.747297],[-106.779602,34.74666],[-106.78041,34.745509],[-106.781827,34.743899],[-106.783009,34.742664],[-106.783149,34.742395],[-106.783181,34.742269],[-106.783093,34.741927],[-106.782971,34.741563],[-106.782967,34.741325],[-106.784274,34.739498],[-106.784419,34.739233],[-106.784442,34.739095],[-106.784382,34.73883],[-106.784153,34.736727],[-106.784171,34.736408],[-106.784372,34.735909],[-106.784727,34.734827],[-106.785087,34.731835],[-106.785432,34.729171],[-106.785825,34.726393],[-106.785951,34.725368],[-106.785904,34.725195],[-106.783714,34.719517],[-106.783625,34.719202],[-106.783606,34.719068],[-106.784946,34.71703],[-106.787267,34.713376],[-106.787374,34.713161],[-106.787393,34.713027],[-106.78658,34.710789],[-106.786524,34.710566],[-106.786524,34.710409],[-106.787093,34.708039]]]}},{"type":"Feature","properties":{"natural":"water"},"geometry":{"type":"Polygon","coordinates":[[[-106.742863,34.802693],[-106.742813,34.80273],[-106.742764,34.802717],[-106.742763,34.80269],[-106.742844,34.802635],[-106.742995,34.802481],[-106.743843,34.801774],[-106.745621,34.800399],[-106.746162,34.800013],[-106.746389,34.799921],[-106.746604,34.799875],[-106.746831,34.799672],[-106.747105,34.799513],[-106.747575,34.799078],[-106.747976,34.798625],[-106.748338,34.798255],[-106.748699,34.797919],[-106.74895,34.797794],[-106.74951,34.797438],[-106.749615,34.797341],[-106.749789,34.797216],[-106.749914,34.797058],[-106.75003,34.796984],[-106.75045,34.796818],[-106.750755,34.796535],[-106.751082,34.796275],[-106.751203,34.796206],[-106.751443,34.796153],[-106.751939,34.795979],[-106.752238,34.79579],[-106.752438,34.795688],[-106.752645,34.795507],[-106.752754,34.79532],[-106.752911,34.795177],[-106.752959,34.794953],[-106.753009,34.794893],[-106.753174,34.794794],[-106.753241,34.794735],[-106.75357,34.794351],[-106.753653,34.794297],[-106.753854,34.794257],[-106.754194,34.794067],[-106.7545,34.793869],[-106.754961,34.793683],[-106.75515,34.793536],[-106.755284,34.793359],[-106.755369,34.793334],[-106.755601,34.793317],[-106.755785,34.793261],[-106.755982,34.793174],[-106.756439,34.792861],[-106.756694,34.792778],[-106.756753,34.792728],[-106.756853,34.792468],[-106.756983,34.792235],[-106.757197,34.791597],[-106.757825,34.789915],[-106.757865,34.789923],[-106.757006,34.792274],[-106.75686,34.792559],[-106.756798,34.792732],[-106.756751,34.792785],[-106.756605,34.792858],[-106.756483,34.792889],[-106.756338,34.792965],[-106.756118,34.793129],[-106.755935,34.79324],[-106.755631,34.793353],[-106.75536,34.79338],[-106.755278,34.793421],[-106.755206,34.793528],[-106.755001,34.793709],[-106.754797,34.793767],[-106.754605,34.793861],[-106.754167,34.794138],[-106.753864,34.794299],[-106.753733,34.794312],[-106.753637,34.794348],[-106.753228,34.794807],[-106.753066,34.794911],[-106.752997,34.794974],[-106.752946,34.7952],[-106.752787,34.79534],[-106.752643,34.795569],[-106.752417,34.795745],[-106.75229,34.795804],[-106.752009,34.795981],[-106.751595,34.796149],[-106.751204,34.796253],[-106.751059,34.796331],[-106.750458,34.796848],[-106.750024,34.79704],[-106.749921,34.79711],[-106.749868,34.79719],[-106.749788,34.797262],[-106.749464,34.797514],[-106.749162,34.797718],[-106.748691,34.797977],[-106.74835,34.798292],[-106.747875,34.798806],[-106.747156,34.799517],[-106.746788,34.799752],[-106.746614,34.79991],[-106.746305,34.799986],[-106.746186,34.800041],[-106.744967,34.800955],[-106.743963,34.801736],[-106.743002,34.802539],[-106.742863,34.802693]]]}},{"type":"Feature","properties":{"natural":"water"},"geometry":{"type":"Polygon","coordinates":[[[-106.741258,34.782062],[-106.741154,34.782064],[-106.741125,34.782052],[-106.741107,34.782012],[-106.741182,34.781989],[-106.741262,34.782026],[-106.741258,34.782062]]]}},{"type":"Feature","properties":{"natural":"water"},"geometry":{"type":"Polygon","coordinates":[[[-106.757917,34.78978],[-106.757907,34.7898],[-106.75787,34.789795],[-106.758015,34.789342],[-106.757978,34.789244],[-106.757887,34.789117],[-106.75785,34.789022],[-106.757858,34.788965],[-106.75797,34.788739],[-106.758635,34.787201],[-106.75869,34.787015],[-106.759114,34.786059],[-106.759324,34.78571],[-106.760956,34.783214],[-106.760973,34.783154],[-106.760922,34.783126],[-106.759711,34.783009],[-106.757925,34.78287],[-106.757833,34.782859],[-106.75779,34.782829],[-106.757886,34.782817],[-106.758051,34.782826],[-106.75865,34.782891],[-106.759958,34.782998],[-106.760741,34.78309],[-106.761003,34.7831],[-106.761026,34.783127],[-106.761038,34.783182],[-106.760983,34.783276],[-106.760145,34.784522],[-106.759207,34.785978],[-106.759129,34.786121],[-106.758278,34.788141],[-106.757911,34.788963],[-106.757897,34.789035],[-106.757907,34.789091],[-106.758034,34.789231],[-106.75806,34.789344],[-106.758052,34.789402],[-106.757917,34.78978]]]}},{"type":"Feature","properties":{"natural":"water"},"geometry":{"type":"Polygon","coordinates":[[[-106.757655,34.782848],[-106.744275,34.781559],[-106.742487,34.781402],[-106.742268,34.781398],[-106.742165,34.781436],[-106.742119,34.781489],[-106.742011,34.782021],[-106.741978,34.782104],[-106.741896,34.782151],[-106.741735,34.78214],[-106.741743,34.782102],[-106.741807,34.782106],[-106.741955,34.782064],[-106.742079,34.781487],[-106.742112,34.781424],[-106.742175,34.781371],[-106.742319,34.781345],[-106.757246,34.78278],[-106.75753,34.782785],[-106.757652,34.782797],[-106.757655,34.782848]]]}},{"type":"Feature","properties":{"natural":"water"},"geometry":{"type":"Polygon","coordinates":[[[-106.7406,34.782012],[-106.735887,34.780433],[-106.735764,34.780372],[-106.735661,34.780295],[-106.734879,34.77943],[-106.734805,34.779308],[-106.734783,34.779231],[-106.734826,34.779104],[-106.735004,34.778751],[-106.735155,34.778345],[-106.735234,34.778207],[-106.73595,34.776657],[-106.736051,34.776343],[-106.736031,34.776223],[-106.735959,34.776032],[-106.735537,34.774211],[-106.735539,34.774134],[-106.735573,34.774008],[-106.735832,34.773428],[-106.735891,34.773336],[-106.73592,34.773348],[-106.735608,34.774034],[-106.735577,34.774155],[-106.735991,34.77593],[-106.736074,34.776204],[-106.736091,34.776306],[-106.736083,34.776386],[-106.736039,34.776537],[-106.735155,34.778446],[-106.735057,34.778752],[-106.734872,34.779113],[-106.734836,34.77922],[-106.734852,34.779321],[-106.734956,34.779463],[-106.73546,34.779969],[-106.735643,34.780206],[-106.735769,34.780328],[-106.735948,34.780403],[-106.737877,34.781066],[-106.740381,34.781881],[-106.740623,34.781969],[-106.7406,34.782012]]]}},{"type":"Feature","properties":{"natural":"water"},"geometry":{"type":"Polygon","coordinates":[[[-106.731238,34.797528],[-106.731178,34.797593],[-106.73114,34.79761],[-106.731097,34.797619],[-106.731082,34.797595],[-106.731212,34.797462],[-106.731507,34.796915],[-106.731589,34.796798],[-106.731749,34.796581],[-106.731798,34.796592],[-106.731569,34.796925],[-106.731238,34.797528]]]}},{"type":"Feature","properties":{"natural":"water"},"geometry":{"type":"Polygon","coordinates":[[[-106.731923,34.796441],[-106.731901,34.796455],[-106.731862,34.796448],[-106.731856,34.796428],[-106.732215,34.795911],[-106.732575,34.795312],[-106.733043,34.794636],[-106.733399,34.794071],[-106.733567,34.793758],[-106.733617,34.793777],[-106.733497,34.794034],[-106.732978,34.794832],[-106.73269,34.795221],[-106.731923,34.796441]]]}},{"type":"Feature","properties":{"natural":"water"},"geometry":{"type":"Polygon","coordinates":[[[-106.733684,34.793675],[-106.733625,34.793656],[-106.733636,34.793624],[-106.733761,34.793419],[-106.734161,34.792655],[-106.734294,34.792432],[-106.734838,34.791395],[-106.734932,34.791242],[-106.734983,34.791242],[-106.73496,34.791309],[-106.734818,34.791533],[-106.734244,34.792652],[-106.734065,34.792934],[-106.733684,34.793675]]]}},{"type":"Feature","properties":{"natural":"water"},"geometry":{"type":"Polygon","coordinates":[[[-106.735046,34.791143],[-106.734998,34.791131],[-106.735529,34.790127],[-106.735584,34.790149],[-106.735046,34.791143]]]}},{"type":"Feature","properties":{"natural":"water"},"geometry":{"type":"Polygon","coordinates":[[[-106.735625,34.790076],[-106.735574,34.790054],[-106.735632,34.789938],[-106.735946,34.789354],[-106.735997,34.789354],[-106.735997,34.789394],[-106.735675,34.789944],[-106.735625,34.790076]]]}},{"type":"Feature","properties":{"natural":"water"},"geometry":{"type":"Polygon","coordinates":[[[-106.736412,34.788645],[-106.736237,34.788915],[-106.736131,34.789159],[-106.736033,34.789319],[-106.735982,34.789305],[-106.735999,34.78925],[-106.736126,34.789053],[-106.736347,34.788619],[-106.736412,34.788645]]]}},{"type":"Feature","properties":{"natural":"water"},"geometry":{"type":"Polygon","coordinates":[[[-106.736489,34.788507],[-106.736431,34.788487],[-106.736544,34.788327],[-106.736811,34.78784],[-106.736863,34.787864],[-106.736489,34.788507]]]}},{"type":"Feature","properties":{"natural":"water"},"geometry":{"type":"Polygon","coordinates":[[[-106.737479,34.786905],[-106.73749,34.786858],[-106.737459,34.786838],[-106.737422,34.78687],[-106.737079,34.787394],[-106.736862,34.78778],[-106.736914,34.7878],[-106.737303,34.787152],[-106.737479,34.786905]]]}},{"type":"Feature","properties":{"natural":"water"},"geometry":{"type":"Polygon","coordinates":[[[-106.737696,34.786594],[-106.737612,34.786676],[-106.737582,34.786656],[-106.737598,34.786603],[-106.737742,34.786417],[-106.738064,34.785868],[-106.738501,34.78517],[-106.738929,34.78442],[-106.739804,34.783254],[-106.740215,34.782758],[-106.740425,34.782464],[-106.740777,34.782083],[-106.740703,34.782038],[-106.740717,34.782009],[-106.740805,34.78203],[-106.740914,34.782007],[-106.740949,34.782021],[-106.74095,34.782047],[-106.740825,34.782089],[-106.740477,34.782493],[-106.739003,34.784405],[-106.738657,34.785043],[-106.737696,34.786594]]]}},{"type":"Feature","properties":{"natural":"water"},"geometry":{"type":"Polygon","coordinates":[[[-106.742499,34.802847],[-106.741977,34.802655],[-106.741922,34.802616],[-106.741908,34.802555],[-106.742194,34.801855],[-106.742361,34.801501],[-106.742373,34.801432],[-106.742383,34.800647],[-106.742419,34.800652],[-106.742425,34.800723],[-106.742387,34.80148],[-106.741938,34.802526],[-106.741932,34.802585],[-106.741968,34.80262],[-106.742054,34.80266],[-106.742507,34.802828],[-106.742499,34.802847]]]}},{"type":"Feature","properties":{"natural":"water"},"geometry":{"type":"Polygon","coordinates":[[[-106.742422,34.800525],[-106.742381,34.800525],[-106.742396,34.79988],[-106.742406,34.799762],[-106.74248,34.799424],[-106.742563,34.798747],[-106.742594,34.798753],[-106.742502,34.799431],[-106.742436,34.799748],[-106.742412,34.799986],[-106.742422,34.800525]]]}},{"type":"Feature","properties":{"natural":"water"},"geometry":{"type":"Polygon","coordinates":[[[-106.742751,34.798409],[-106.742661,34.798468],[-106.742613,34.798475],[-106.742607,34.798432],[-106.742648,34.79835],[-106.745095,34.795625],[-106.745246,34.795435],[-106.74595,34.794685],[-106.747556,34.792881],[-106.748631,34.791702],[-106.749432,34.79077],[-106.750827,34.789231],[-106.750991,34.789083],[-106.751077,34.789075],[-106.749567,34.790792],[-106.74811,34.792383],[-106.744334,34.796607],[-106.743662,34.797336],[-106.742751,34.798409]]]}},{"type":"Feature","properties":{"natural":"water"},"geometry":{"type":"Polygon","coordinates":[[[-106.751367,34.788801],[-106.751205,34.788941],[-106.751129,34.788911],[-106.751173,34.78884],[-106.751469,34.788532],[-106.752098,34.787924],[-106.753077,34.787056],[-106.754288,34.78604],[-106.754728,34.785626],[-106.755746,34.784774],[-106.757493,34.783188],[-106.757656,34.783016],[-106.757694,34.782931],[-106.757764,34.782912],[-106.757797,34.783],[-106.757684,34.783173],[-106.757133,34.783622],[-106.755199,34.785297],[-106.754401,34.786018],[-106.751771,34.788321],[-106.751367,34.788801]]]}},{"type":"Feature","properties":{"natural":"water"},"geometry":{"type":"Polygon","coordinates":[[[-106.74125,34.817927],[-106.741278,34.817918],[-106.741277,34.817906],[-106.741002,34.817923],[-106.740959,34.817913],[-106.740927,34.817888],[-106.74092,34.817862],[-106.74094,34.817781],[-106.740918,34.81772],[-106.740816,34.817653],[-106.740651,34.817657],[-106.740633,34.817633],[-106.740639,34.817601],[-106.740688,34.817541],[-106.740672,34.817482],[-106.740625,34.817453],[-106.740551,34.817496],[-106.740516,34.817496],[-106.740491,34.817456],[-106.740559,34.817403],[-106.740553,34.81738],[-106.740519,34.817355],[-106.740482,34.817382],[-106.740501,34.817407],[-106.740462,34.817464],[-106.740472,34.817504],[-106.740535,34.817526],[-106.74057,34.817519],[-106.74062,34.817476],[-106.740648,34.817479],[-106.740665,34.817507],[-106.740611,34.817618],[-106.74062,34.817672],[-106.74069,34.817695],[-106.740827,34.817681],[-106.740888,34.817719],[-106.740912,34.817762],[-106.740889,34.81786],[-106.74092,34.817916],[-106.740987,34.817947],[-106.74125,34.817927]]]}},{"type":"Feature","properties":{"natural":"water"},"geometry":{"type":"Polygon","coordinates":[[[-106.741129,34.817887],[-106.741082,34.817842],[-106.740959,34.817786],[-106.74094,34.817865],[-106.740976,34.817904],[-106.741129,34.817887]]]}},{"type":"Feature","properties":{"natural":"water"},"geometry":{"type":"Polygon","coordinates":[[[-106.740809,34.817833],[-106.740844,34.817838],[-106.740855,34.817789],[-106.740785,34.817709],[-106.740726,34.817749],[-106.740809,34.817833]]]}},{"type":"Feature","properties":{"natural":"water"},"geometry":{"type":"Polygon","coordinates":[[[-106.740859,34.817757],[-106.74089,34.817768],[-106.740853,34.817704],[-106.740805,34.817692],[-106.74081,34.81772],[-106.740859,34.817757]]]}},{"type":"Feature","properties":{"natural":"water"},"geometry":{"type":"Polygon","coordinates":[[[-106.740767,34.81764],[-106.74071,34.817586],[-106.740665,34.817597],[-106.740654,34.817623],[-106.740654,34.817642],[-106.740673,34.817651],[-106.740767,34.81764]]]}},{"type":"Feature","properties":{"leisure":"park"},"geometry":{"type":"Polygon","coordinates":[[[-106.724346,34.801094],[-106.72423,34.801043],[-106.724144,34.801156],[-106.723845,34.801009],[-106.724445,34.800173],[-106.724857,34.800379],[-106.724346,34.801094]]]}},{"type":"Feature","properties":{"leisure":"park"},"geometry":{"type":"Polygon","coordinates":[[[-106.730991,34.791168],[-106.730101,34.790915],[-106.730395,34.790226],[-106.731272,34.790487],[-106.731173,34.790716],[-106.731088,34.790722],[-106.730987,34.790785],[-106.73098,34.79086],[-106.731012,34.790915],[-106.731075,34.790949],[-106.730991,34.791168]]]}},{"type":"Feature","properties":{"natural":"water"},"geometry":{"type":"Polygon","coordinates":[[[-106.734435,34.783744],[-106.734336,34.783731],[-106.734367,34.78357],[-106.734466,34.783583],[-106.734435,34.783744]]]}},{"type":"Feature","properties":{"natural":"water"},"geometry":{"type":"Polygon","coordinates":[[[-106.734338,34.78373],[-106.734238,34.783716],[-106.73427,34.783555],[-106.734369,34.783568],[-106.734338,34.78373]]]}},{"type":"Feature","properties":{"natural":"water"},"geometry":{"type":"Polygon","coordinates":[[[-106.734241,34.783716],[-106.734142,34.783703],[-106.734173,34.783542],[-106.734273,34.783555],[-106.734241,34.783716]]]}},{"type":"Feature","properties":{"natural":"water"},"geometry":{"type":"Polygon","coordinates":[[[-106.734138,34.783705],[-106.734038,34.783692],[-106.73407,34.783531],[-106.734169,34.783544],[-106.734138,34.783705]]]}},{"type":"Feature","properties":{"natural":"water"},"geometry":{"type":"Polygon","coordinates":[[[-106.734035,34.783691],[-106.733935,34.783678],[-106.733967,34.783517],[-106.734066,34.78353],[-106.734035,34.783691]]]}},{"type":"Feature","properties":{"natural":"water"},"geometry":{"type":"Polygon","coordinates":[[[-106.733931,34.783678],[-106.733832,34.783665],[-106.733864,34.783504],[-106.733963,34.783517],[-106.733931,34.783678]]]}},{"type":"Feature","properties":{"natural":"water"},"geometry":{"type":"Polygon","coordinates":[[[-106.73398,34.783454],[-106.73388,34.783441],[-106.733912,34.78328],[-106.734011,34.783293],[-106.73398,34.783454]]]}},{"type":"Feature","properties":{"natural":"water"},"geometry":{"type":"Polygon","coordinates":[[[-106.734075,34.783468],[-106.733975,34.783454],[-106.734007,34.783293],[-106.734106,34.783306],[-106.734075,34.783468]]]}},{"type":"Feature","properties":{"natural":"water"},"geometry":{"type":"Polygon","coordinates":[[[-106.734179,34.783483],[-106.73408,34.78347],[-106.734112,34.783308],[-106.734211,34.783322],[-106.734179,34.783483]]]}},{"type":"Feature","properties":{"natural":"water"},"geometry":{"type":"Polygon","coordinates":[[[-106.734379,34.783509],[-106.73428,34.783496],[-106.734312,34.783335],[-106.734411,34.783348],[-106.734379,34.783509]]]}},{"type":"Feature","properties":{"natural":"water"},"geometry":{"type":"Polygon","coordinates":[[[-106.73428,34.783497],[-106.734181,34.783484],[-106.734212,34.783323],[-106.734312,34.783336],[-106.73428,34.783497]]]}},{"type":"Feature","properties":{"natural":"water"},"geometry":{"type":"Polygon","coordinates":[[[-106.734481,34.783523],[-106.734382,34.783509],[-106.734413,34.783348],[-106.734513,34.783361],[-106.734481,34.783523]]]}},{"type":"Feature","properties":{"natural":"water"},"geometry":{"type":"Polygon","coordinates":[[[-106.765366,34.806598],[-106.765283,34.8065],[-106.765283,34.806397],[-106.765323,34.806323],[-106.765312,34.806277],[-106.765268,34.806267],[-106.765222,34.806301],[-106.76512,34.806563],[-106.765166,34.806629],[-106.765268,34.806667],[-106.765349,34.806674],[-106.765383,34.806639],[-106.765366,34.806598]]]}},{"type":"Feature","properties":{"natural":"water"},"geometry":{"type":"Polygon","coordinates":[[[-106.767656,34.811472],[-106.767703,34.811503],[-106.767738,34.811479],[-106.767743,34.811429],[-106.767692,34.811403],[-106.767674,34.811373],[-106.76763,34.811369],[-106.767602,34.811392],[-106.767602,34.811423],[-106.767656,34.811472]]]}},{"type":"Feature","properties":{"natural":"water"},"geometry":{"type":"Polygon","coordinates":[[[-106.741095,34.780262],[-106.741088,34.780329],[-106.741043,34.780433],[-106.741003,34.780441],[-106.740972,34.780412],[-106.741007,34.780329],[-106.740995,34.780279],[-106.741006,34.780143],[-106.741269,34.779207],[-106.741305,34.778897],[-106.741421,34.778349],[-106.741408,34.778317],[-106.741454,34.778156],[-106.741448,34.778111],[-106.741487,34.77806],[-106.741761,34.776726],[-106.742002,34.775739],[-106.742029,34.775467],[-106.74239,34.773945],[-106.74251,34.773331],[-106.742588,34.773014],[-106.742734,34.772157],[-106.742759,34.772113],[-106.742788,34.772109],[-106.742827,34.772119],[-106.742849,34.77217],[-106.74271,34.7729],[-106.742591,34.77338],[-106.741647,34.777758],[-106.741509,34.778273],[-106.741289,34.779597],[-106.741124,34.780246],[-106.741095,34.780262]]]}},{"type":"Feature","properties":{"natural":"water"},"geometry":{"type":"Polygon","coordinates":[[[-106.740576,34.781791],[-106.740566,34.781848],[-106.740534,34.781854],[-106.740522,34.781827],[-106.740612,34.781447],[-106.740707,34.780945],[-106.740723,34.780901],[-106.740745,34.780902],[-106.74076,34.780935],[-106.740589,34.781676],[-106.740576,34.781791]]]}},{"type":"Feature","properties":{"natural":"water"},"geometry":{"type":"Polygon","coordinates":[[[-106.740782,34.780766],[-106.740775,34.780792],[-106.740744,34.780794],[-106.740736,34.780759],[-106.740765,34.780689],[-106.740881,34.780062],[-106.741007,34.779552],[-106.742398,34.773111],[-106.742442,34.77298],[-106.742617,34.772098],[-106.742645,34.7721],[-106.742654,34.772143],[-106.742623,34.772218],[-106.742463,34.773014],[-106.742421,34.773118],[-106.742308,34.773615],[-106.742071,34.77473],[-106.742017,34.775047],[-106.741455,34.77763],[-106.741424,34.777718],[-106.741095,34.779263],[-106.741001,34.779786],[-106.740965,34.779844],[-106.740919,34.780002],[-106.740782,34.780766]]]}},{"type":"Feature","properties":{"natural":"water"},"geometry":{"type":"Polygon","coordinates":[[[-106.742867,34.771999],[-106.742847,34.772017],[-106.742805,34.772016],[-106.742772,34.771986],[-106.74278,34.771922],[-106.74293,34.771343],[-106.743136,34.770409],[-106.74331,34.769512],[-106.743378,34.769315],[-106.743365,34.769233],[-106.743718,34.767615],[-106.743768,34.767273],[-106.743804,34.767174],[-106.743837,34.767154],[-106.743882,34.767158],[-106.74388,34.767235],[-106.743658,34.768297],[-106.743549,34.768731],[-106.743509,34.76905],[-106.743441,34.769137],[-106.743462,34.769228],[-106.742867,34.771999]]]}},{"type":"Feature","properties":{"natural":"water"},"geometry":{"type":"Polygon","coordinates":[[[-106.743961,34.766964],[-106.743947,34.767016],[-106.743875,34.767013],[-106.743848,34.766969],[-106.743893,34.766714],[-106.743929,34.766613],[-106.744056,34.766054],[-106.744118,34.765664],[-106.744464,34.764133],[-106.744517,34.764104],[-106.744547,34.764156],[-106.744523,34.7642],[-106.744484,34.76443],[-106.744493,34.764502],[-106.744363,34.765001],[-106.744303,34.765329],[-106.744152,34.765873],[-106.744083,34.766267],[-106.744007,34.766588],[-106.744008,34.766704],[-106.743962,34.766773],[-106.743961,34.766964]]]}},{"type":"Feature","properties":{"natural":"water"},"geometry":{"type":"Polygon","coordinates":[[[-106.744582,34.763962],[-106.744561,34.764],[-106.74452,34.764004],[-106.74452,34.763937],[-106.74474,34.762926],[-106.744797,34.76259],[-106.744837,34.762525],[-106.744832,34.762451],[-106.744878,34.762215],[-106.745126,34.761036],[-106.745233,34.760607],[-106.745328,34.760081],[-106.745388,34.759943],[-106.74537,34.759875],[-106.745394,34.759846],[-106.745458,34.759487],[-106.74553,34.759213],[-106.745864,34.757682],[-106.745954,34.757196],[-106.746003,34.757068],[-106.746033,34.756859],[-106.746623,34.754206],[-106.74667,34.754119],[-106.746718,34.754129],[-106.746722,34.754189],[-106.746681,34.754303],[-106.746557,34.754873],[-106.7461,34.757075],[-106.745628,34.759121],[-106.745585,34.759329],[-106.745581,34.759474],[-106.745536,34.759556],[-106.745476,34.759789],[-106.745465,34.759861],[-106.745475,34.759907],[-106.745432,34.759937],[-106.7454,34.760226],[-106.744885,34.762558],[-106.744885,34.762653],[-106.744656,34.763594],[-106.744582,34.763962]]]}},{"type":"Feature","properties":{"natural":"water"},"geometry":{"type":"Polygon","coordinates":[[[-106.735967,34.773226],[-106.735943,34.773288],[-106.735912,34.773286],[-106.736134,34.77264],[-106.736289,34.772244],[-106.736352,34.772253],[-106.735967,34.773226]]]}},{"type":"Feature","properties":{"natural":"water"},"geometry":{"type":"Polygon","coordinates":[[[-106.736365,34.772202],[-106.73631,34.772197],[-106.736307,34.772171],[-106.736484,34.771752],[-106.736527,34.771611],[-106.736657,34.77134],[-106.737686,34.768725],[-106.737772,34.768563],[-106.737846,34.768315],[-106.738003,34.767948],[-106.738459,34.767123],[-106.738866,34.766447],[-106.738921,34.766413],[-106.738937,34.766421],[-106.73891,34.766472],[-106.738508,34.767125],[-106.738052,34.76795],[-106.736732,34.771293],[-106.73657,34.771657],[-106.736365,34.772202]]]}},{"type":"Feature","properties":{"natural":"water"},"geometry":{"type":"Polygon","coordinates":[[[-106.73908,34.766242],[-106.739031,34.766279],[-106.73899,34.766271],[-106.739178,34.765989],[-106.739414,34.765581],[-106.739866,34.764911],[-106.74015,34.764449],[-106.740163,34.764403],[-106.740212,34.76435],[-106.740648,34.763626],[-106.740688,34.763594],[-106.740708,34.763603],[-106.740707,34.763653],[-106.739405,34.765692],[-106.739137,34.766125],[-106.73908,34.766242]]]}},{"type":"Feature","properties":{"natural":"water"},"geometry":{"type":"Polygon","coordinates":[[[-106.740942,34.763289],[-106.740891,34.763264],[-106.740934,34.763181],[-106.741477,34.762357],[-106.741815,34.761741],[-106.74208,34.761118],[-106.742396,34.760514],[-106.742455,34.760347],[-106.742466,34.760331],[-106.742519,34.760352],[-106.742409,34.760612],[-106.74215,34.761087],[-106.741865,34.761753],[-106.741607,34.76224],[-106.740942,34.763289]]]}},{"type":"Feature","properties":{"natural":"water"},"geometry":{"type":"Polygon","coordinates":[[[-106.742615,34.760196],[-106.742579,34.760231],[-106.742571,34.760261],[-106.742523,34.760261],[-106.742538,34.760197],[-106.742674,34.759998],[-106.742682,34.759955],[-106.742717,34.75992],[-106.742877,34.759589],[-106.743005,34.759411],[-106.743309,34.758692],[-106.743751,34.758134],[-106.743805,34.758103],[-106.74383,34.758112],[-106.743813,34.758154],[-106.743653,34.758331],[-106.743323,34.758768],[-106.743076,34.759394],[-106.742883,34.759686],[-106.742799,34.759908],[-106.742694,34.760094],[-106.742615,34.760196]]]}},{"type":"Feature","properties":{"natural":"water"},"geometry":{"type":"Polygon","coordinates":[[[-106.744116,34.757746],[-106.744107,34.757798],[-106.74395,34.758009],[-106.743893,34.757988],[-106.743906,34.757949],[-106.744051,34.757741],[-106.744091,34.757722],[-106.744116,34.757746]]]}},{"type":"Feature","properties":{"natural":"water"},"geometry":{"type":"Polygon","coordinates":[[[-106.744148,34.757617],[-106.744122,34.757593],[-106.744127,34.757553],[-106.744158,34.757489],[-106.744209,34.757433],[-106.744268,34.757282],[-106.744434,34.756844],[-106.744478,34.756649],[-106.744546,34.756468],[-106.744607,34.756422],[-106.744854,34.756002],[-106.744917,34.755599],[-106.744995,34.75525],[-106.745015,34.755053],[-106.745172,34.754504],[-106.745383,34.754212],[-106.74572,34.753462],[-106.745744,34.753349],[-106.745786,34.753318],[-106.745801,34.75338],[-106.745769,34.753475],[-106.745514,34.754073],[-106.745219,34.754538],[-106.745066,34.755108],[-106.745051,34.755286],[-106.744918,34.75598],[-106.744855,34.756132],[-106.744597,34.756526],[-106.74423,34.757511],[-106.744227,34.757552],[-106.744173,34.75761],[-106.744148,34.757617]]]}},{"type":"Feature","properties":{"natural":"water"},"geometry":{"type":"Polygon","coordinates":[[[-106.746763,34.753982],[-106.746724,34.75402],[-106.746691,34.754014],[-106.746669,34.753983],[-106.746675,34.753917],[-106.746653,34.753772],[-106.746584,34.753682],[-106.746461,34.753589],[-106.745877,34.753339],[-106.745857,34.753326],[-106.745857,34.7533],[-106.745882,34.753289],[-106.745929,34.753305],[-106.746445,34.753509],[-106.746627,34.753635],[-106.746694,34.75372],[-106.746741,34.753848],[-106.746763,34.753982]]]}},{"type":"Feature","properties":{"natural":"water"},"geometry":{"type":"Polygon","coordinates":[[[-106.745835,34.753168],[-106.745818,34.753226],[-106.745783,34.753225],[-106.745813,34.753025],[-106.745884,34.752833],[-106.745974,34.752671],[-106.74603,34.752355],[-106.746151,34.752048],[-106.746277,34.751777],[-106.746338,34.751691],[-106.746477,34.751326],[-106.746621,34.75103],[-106.746941,34.750405],[-106.747001,34.750302],[-106.74704,34.750303],[-106.747042,34.750326],[-106.74659,34.751171],[-106.74645,34.751525],[-106.746098,34.752292],[-106.746031,34.75263],[-106.745989,34.752767],[-106.745911,34.752896],[-106.745835,34.753168]]]}},{"type":"Feature","properties":{"natural":"water"},"geometry":{"type":"Polygon","coordinates":[[[-106.746844,34.743553],[-106.746811,34.743413],[-106.746769,34.743402],[-106.746733,34.743441],[-106.74673,34.743682],[-106.746649,34.744555],[-106.74657,34.746058],[-106.746472,34.747031],[-106.746483,34.74736],[-106.746448,34.747483],[-106.746393,34.748395],[-106.746331,34.748473],[-106.74632,34.748756],[-106.746171,34.749581],[-106.746174,34.749664],[-106.746039,34.750295],[-106.746052,34.750391],[-106.745993,34.750577],[-106.745902,34.750983],[-106.745903,34.751227],[-106.74586,34.751341],[-106.745715,34.752031],[-106.745586,34.752778],[-106.74539,34.753753],[-106.745383,34.753854],[-106.74543,34.753867],[-106.745478,34.753819],[-106.74549,34.753738],[-106.745479,34.753689],[-106.745539,34.753412],[-106.74555,34.753267],[-106.745592,34.753231],[-106.745686,34.753234],[-106.745694,34.753209],[-106.745582,34.75312],[-106.745664,34.752783],[-106.745793,34.752015],[-106.745831,34.751984],[-106.745815,34.751959],[-106.745835,34.751834],[-106.745859,34.751786],[-106.746021,34.750826],[-106.746192,34.750075],[-106.7462,34.749872],[-106.746483,34.748379],[-106.746491,34.747977],[-106.746586,34.746919],[-106.746634,34.746168],[-106.746653,34.746117],[-106.746696,34.745434],[-106.746678,34.745369],[-106.74668,34.745293],[-106.746722,34.745247],[-106.746749,34.744361],[-106.746819,34.743632],[-106.746844,34.743553]]]}},{"type":"Feature","properties":{"leisure":"park","name":"Plaza de Tome"},"geometry":{"type":"Polygon","coordinates":[[[-106.731217,34.741041],[-106.731251,34.741189],[-106.731232,34.741274],[-106.730996,34.741356],[-106.730619,34.741371],[-106.730516,34.741323],[-106.730423,34.741238],[-106.730346,34.741098],[-106.730294,34.74095],[-106.730316,34.740816],[-106.730475,34.740589],[-106.73056,34.740555],[-106.730963,34.740528],[-106.731059,34.740579],[-106.73114,34.740725],[-106.731217,34.741041]]]}},{"type":"Feature","properties":{"natural":"water"},"geometry":{"type":"Polygon","coordinates":[[[-106.71097,34.751188],[-106.710933,34.751271],[-106.710852,34.751265],[-106.710823,34.751208],[-106.710539,34.749144],[-106.710534,34.748886],[-106.710555,34.748846],[-106.710593,34.748833],[-106.710661,34.74886],[-106.710713,34.74893],[-106.71097,34.751188]]]}},{"type":"Feature","properties":{"natural":"water"},"geometry":{"type":"Polygon","coordinates":[[[-106.710656,34.748589],[-106.710648,34.748656],[-106.710577,34.748679],[-106.710534,34.748656],[-106.71051,34.748596],[-106.709957,34.744036],[-106.709831,34.743231],[-106.709839,34.743097],[-106.709885,34.743067],[-106.709949,34.743074],[-106.709982,34.743124],[-106.709974,34.743354],[-106.710352,34.746157],[-106.710656,34.748589]]]}},{"type":"Feature","properties":{"natural":"water"},"geometry":{"type":"Polygon","coordinates":[[[-106.709109,34.734865],[-106.709057,34.734891],[-106.70902,34.734845],[-106.70902,34.734797],[-106.709901,34.733516],[-106.712937,34.729416],[-106.713079,34.729235],[-106.713136,34.729233],[-106.713168,34.729266],[-106.713144,34.729343],[-106.713065,34.729413],[-106.709612,34.734071],[-106.709109,34.734865]]]}},{"type":"Feature","properties":{"natural":"water"},"geometry":{"type":"Polygon","coordinates":[[[-106.817075,34.744169],[-106.816997,34.743166],[-106.816517,34.742499],[-106.815519,34.742216],[-106.81649,34.743499],[-106.817075,34.744169]]]}},{"type":"Feature","properties":{"natural":"water"},"geometry":{"type":"Polygon","coordinates":[[[-106.784529,34.737385],[-106.7844,34.737416],[-106.784432,34.737896],[-106.784642,34.737702],[-106.784722,34.737572],[-106.784722,34.737485],[-106.784632,34.737426],[-106.784529,34.737385]]]}},{"type":"Feature","properties":{"natural":"water"},"geometry":{"type":"Polygon","coordinates":[[[-106.785779,34.734282],[-106.786036,34.734145],[-106.785747,34.734035],[-106.785441,34.733969],[-106.78535,34.734105],[-106.785371,34.734277],[-106.785779,34.734282]]]}},{"type":"Feature","properties":{"natural":"water"},"geometry":{"type":"Polygon","coordinates":[[[-106.808173,34.850225],[-106.807677,34.849593],[-106.806614,34.849391],[-106.804833,34.849373],[-106.805145,34.850016],[-106.805885,34.850025],[-106.807076,34.850113],[-106.807795,34.850289],[-106.808173,34.850225]]]}},{"type":"Feature","properties":{"natural":"water"},"geometry":{"type":"Polygon","coordinates":[[[-106.823416,34.832158],[-106.822912,34.831674],[-106.821806,34.831656],[-106.819596,34.832079],[-106.819146,34.832555],[-106.819403,34.832828],[-106.820025,34.832431],[-106.820766,34.832502],[-106.821184,34.832845],[-106.821635,34.832942],[-106.821828,34.832502],[-106.822461,34.832414],[-106.822804,34.832502],[-106.823416,34.832158]]]}},{"type":"Feature","properties":{"natural":"water"},"geometry":{"type":"Polygon","coordinates":[[[-106.769772,34.835654],[-106.769756,34.835276],[-106.769455,34.835086],[-106.769171,34.834976],[-106.768946,34.835544],[-106.769026,34.83576],[-106.769756,34.835738],[-106.769772,34.835654]]]}},{"type":"Feature","properties":{"natural":"water"},"geometry":{"type":"Polygon","coordinates":[[[-106.795306,34.830335],[-106.795403,34.831084],[-106.7958,34.831383],[-106.795961,34.831894],[-106.795735,34.832449],[-106.795489,34.83266],[-106.794511,34.832867],[-106.794308,34.832766],[-106.794255,34.831568],[-106.794351,34.831057],[-106.795306,34.830335]]]}},{"type":"Feature","properties":{"leisure":"park"},"geometry":{"type":"Polygon","coordinates":[[[-106.747525,34.827645],[-106.74728,34.827493],[-106.74702,34.827175],[-106.746996,34.827312],[-106.746881,34.827645],[-106.74669,34.828006],[-106.746609,34.828276],[-106.746595,34.828379],[-106.746621,34.828685],[-106.746702,34.828699],[-106.746762,34.828429],[-106.746843,34.828268],[-106.746974,34.828103],[-106.747525,34.827645]]]}},{"type":"Feature","properties":{"landuse":"forest"},"geometry":{"type":"Polygon","coordinates":[[[-106.718318,34.805334],[-106.718779,34.805405],[-106.719496,34.805483],[-106.720235,34.8055],[-106.719039,34.807128],[-106.717801,34.808854],[-106.716598,34.810384],[-106.715652,34.811733],[-106.714962,34.812648],[-106.714819,34.812949],[-106.71467,34.813337],[-106.714471,34.814124],[-106.714496,34.814597],[-106.714594,34.815104],[-106.71487,34.815793],[-106.715535,34.817256],[-106.717108,34.820831],[-106.717928,34.822759],[-106.718864,34.824807],[-106.719555,34.826384],[-106.720051,34.827595],[-106.719858,34.827608],[-106.715837,34.826964],[-106.715242,34.826398],[-106.714744,34.825209],[-106.714416,34.824275],[-106.714072,34.824188],[-106.713694,34.823465],[-106.713469,34.822424],[-106.713042,34.821963],[-106.712584,34.820638],[-106.711535,34.817393],[-106.71121,34.81576],[-106.711257,34.815221],[-106.711312,34.814842],[-106.711245,34.814716],[-106.711432,34.814167],[-106.711703,34.813533],[-106.712125,34.812919],[-106.712512,34.812427],[-106.712682,34.811883],[-106.713221,34.8111],[-106.713577,34.810792],[-106.713714,34.810428],[-106.714178,34.809977],[-106.714212,34.80975],[-106.714095,34.80972],[-106.714073,34.809524],[-106.714448,34.808972],[-106.715206,34.808423],[-106.715328,34.808232],[-106.715832,34.807942],[-106.716234,34.80783],[-106.716595,34.807472],[-106.717299,34.80692],[-106.718318,34.805334]]]}},{"type":"Feature","properties":{"landuse":"forest"},"geometry":{"type":"Polygon","coordinates":[[[-106.717631,34.871125],[-106.720211,34.871124],[-106.720284,34.870993],[-106.720334,34.870829],[-106.72044,34.870673],[-106.720518,34.870295],[-106.720626,34.86999],[-106.720653,34.869677],[-106.720584,34.869385],[-106.72063,34.868733],[-106.720669,34.868599],[-106.72096,34.868231],[-106.721035,34.868021],[-106.721045,34.867233],[-106.720987,34.866967],[-106.721046,34.866709],[-106.721177,34.866512],[-106.72117,34.866122],[-106.721102,34.865977],[-106.721117,34.865719],[-106.721323,34.865385],[-106.721354,34.86525],[-106.721267,34.864987],[-106.721215,34.864622],[-106.721099,34.864294],[-106.721157,34.86414],[-106.720987,34.863083],[-106.720424,34.862403],[-106.720219,34.861832],[-106.72018,34.861191],[-106.720118,34.860792],[-106.719747,34.859225],[-106.719754,34.858233],[-106.71994,34.857494],[-106.72018,34.856953],[-106.720023,34.856423],[-106.719926,34.856],[-106.719409,34.855],[-106.718721,34.854396],[-106.718289,34.85387],[-106.717979,34.853449],[-106.717703,34.853177],[-106.717449,34.852973],[-106.71723,34.8527],[-106.717034,34.852525],[-106.717005,34.852323],[-106.716678,34.851685],[-106.715948,34.849286],[-106.715852,34.84886],[-106.715887,34.848595],[-106.715929,34.848434],[-106.715865,34.848162],[-106.715749,34.84776],[-106.715594,34.847541],[-106.714648,34.843778],[-106.71464,34.843599],[-106.714282,34.842373],[-106.714224,34.841802],[-106.714123,34.840469],[-106.714453,34.83998],[-106.714395,34.839456],[-106.714342,34.839231],[-106.714251,34.839008],[-106.714093,34.838763],[-106.714072,34.838451],[-106.714217,34.83716],[-106.714136,34.836857],[-106.714323,34.835792],[-106.714623,34.834842],[-106.714539,34.83473],[-106.714975,34.833642],[-106.714967,34.832997],[-106.714907,34.832795],[-106.714967,34.832193],[-106.715278,34.831899],[-106.71536,34.831688],[-106.715429,34.831208],[-106.715547,34.83092],[-106.715455,34.830383],[-106.715352,34.830043],[-106.71527,34.829876],[-106.715098,34.828032],[-106.715048,34.8277],[-106.715033,34.827327],[-106.714656,34.82626],[-106.714341,34.825918],[-106.713379,34.823068],[-106.713371,34.822828],[-106.713222,34.822485],[-106.712993,34.822295],[-106.71282,34.82205],[-106.712661,34.821721],[-106.71261,34.821319],[-106.71252,34.821082],[-106.712283,34.820642],[-106.712213,34.820248],[-106.712098,34.81991],[-106.711902,34.819465],[-106.711142,34.817445],[-106.710913,34.815918],[-106.710977,34.814279],[-106.711557,34.812606],[-106.712145,34.81161],[-106.712902,34.810592],[-106.71458,34.808168],[-106.714983,34.807913],[-106.715063,34.807735],[-106.715318,34.807567],[-106.715762,34.80759],[-106.715915,34.807441],[-106.716237,34.807204],[-106.716381,34.807033],[-106.716634,34.806927],[-106.716702,34.806818],[-106.716961,34.806634],[-106.717249,34.805874],[-106.717267,34.805596],[-106.717488,34.805138],[-106.716679,34.804845],[-106.715229,34.804131],[-106.714634,34.804206],[-106.714371,34.804696],[-106.713872,34.80576],[-106.713113,34.807179],[-106.708604,34.809714],[-106.707578,34.810338],[-106.707019,34.810885],[-106.706708,34.811392],[-106.706568,34.811815],[-106.706553,34.812395],[-106.706701,34.813119],[-106.706942,34.813663],[-106.707593,34.81497],[-106.708145,34.816143],[-106.708767,34.817669],[-106.709463,34.818191],[-106.710148,34.819832],[-106.713387,34.826576],[-106.713687,34.82736],[-106.713735,34.827615],[-106.713413,34.831086],[-106.713172,34.833201],[-106.712943,34.835899],[-106.712658,34.83798],[-106.712302,34.840277],[-106.712024,34.842456],[-106.71208,34.842985],[-106.712406,34.847557],[-106.712598,34.849906],[-106.712861,34.853563],[-106.713068,34.854125],[-106.713405,34.854657],[-106.716441,34.859086],[-106.717955,34.861404],[-106.719047,34.862977],[-106.719203,34.86336],[-106.719277,34.863679],[-106.71911,34.864505],[-106.718503,34.867208],[-106.717796,34.870553],[-106.717631,34.871125]]]}},{"type":"Feature","properties":{"landuse":"forest"},"geometry":{"type":"Polygon","coordinates":[[[-106.719037,34.801482],[-106.719153,34.801453],[-106.720862,34.799279],[-106.721404,34.798766],[-106.722824,34.796814],[-106.723401,34.796662],[-106.723699,34.796162],[-106.724015,34.795757],[-106.7244,34.795548],[-106.724698,34.794914],[-106.724989,34.794378],[-106.725045,34.793747],[-106.725232,34.793577],[-106.725446,34.793182],[-106.72547,34.792645],[-106.725619,34.792218],[-106.7257,34.792048],[-106.725578,34.791797],[-106.72555,34.79156],[-106.725653,34.790675],[-106.725641,34.790418],[-106.725809,34.79025],[-106.725831,34.789836],[-106.725761,34.789147],[-106.725774,34.788824],[-106.725937,34.788587],[-106.726044,34.788125],[-106.725995,34.787794],[-106.726018,34.787562],[-106.726229,34.78722],[-106.726324,34.786803],[-106.726323,34.786284],[-106.72658,34.785909],[-106.726816,34.785703],[-106.726923,34.785487],[-106.726948,34.785061],[-106.727044,34.784915],[-106.72684,34.784071],[-106.726895,34.783686],[-106.727127,34.783072],[-106.728808,34.780395],[-106.729588,34.77945],[-106.729853,34.779207],[-106.73007,34.779149],[-106.73018,34.779025],[-106.730426,34.778253],[-106.730877,34.777656],[-106.731382,34.777166],[-106.727638,34.776857],[-106.727366,34.779156],[-106.72724,34.780009],[-106.726814,34.780909],[-106.725579,34.783112],[-106.723458,34.787008],[-106.722688,34.788328],[-106.721534,34.790503],[-106.720182,34.792918],[-106.718659,34.795712],[-106.717345,34.798567],[-106.716071,34.801439],[-106.716875,34.801348],[-106.719037,34.801482]]]}},{"type":"Feature","properties":{"landuse":"forest"},"geometry":{"type":"Polygon","coordinates":[[[-106.720649,34.804846],[-106.720332,34.804904],[-106.71845,34.804419],[-106.718591,34.804153],[-106.71861,34.80397],[-106.71854,34.80385],[-106.718566,34.80374],[-106.718513,34.803669],[-106.718823,34.803214],[-106.719222,34.802699],[-106.719246,34.802561],[-106.719468,34.801991],[-106.719458,34.801833],[-106.719499,34.801716],[-106.719637,34.80163],[-106.720008,34.801335],[-106.720145,34.801141],[-106.720607,34.80084],[-106.720708,34.80073],[-106.72079,34.800543],[-106.720859,34.80029],[-106.721186,34.799757],[-106.721554,34.799437],[-106.722119,34.798828],[-106.722302,34.798488],[-106.722357,34.798052],[-106.722747,34.797467],[-106.723131,34.797131],[-106.723492,34.796975],[-106.723838,34.796868],[-106.724295,34.796523],[-106.724431,34.796357],[-106.724595,34.795863],[-106.724798,34.795585],[-106.72559,34.794925],[-106.725816,34.794627],[-106.726158,34.79381],[-106.726305,34.792528],[-106.72646,34.792156],[-106.726663,34.790422],[-106.726467,34.789962],[-106.726424,34.789404],[-106.726627,34.789115],[-106.72662,34.788872],[-106.726677,34.788036],[-106.726863,34.787021],[-106.727036,34.78679],[-106.727607,34.785347],[-106.728116,34.783578],[-106.727978,34.783273],[-106.728105,34.782567],[-106.728385,34.782177],[-106.728987,34.781408],[-106.729446,34.780858],[-106.73016,34.780113],[-106.73112,34.778702],[-106.731875,34.778074],[-106.732607,34.775901],[-106.733289,34.771899],[-106.733645,34.769505],[-106.734066,34.765819],[-106.734182,34.765048],[-106.734001,34.764397],[-106.733813,34.764075],[-106.733755,34.763559],[-106.733559,34.763332],[-106.733801,34.762978],[-106.733774,34.762678],[-106.734043,34.762265],[-106.734847,34.761604],[-106.735681,34.760781],[-106.736696,34.759642],[-106.737483,34.759332],[-106.738316,34.758964],[-106.738712,34.758454],[-106.740261,34.756243],[-106.741962,34.753584],[-106.743035,34.751169],[-106.743784,34.748209],[-106.743538,34.747548],[-106.743114,34.747316],[-106.742826,34.746437],[-106.742851,34.745695],[-106.743215,34.745283],[-106.743173,34.745067],[-106.743352,34.744845],[-106.743484,34.743514],[-106.743841,34.743156],[-106.744321,34.742503],[-106.744811,34.742242],[-106.745265,34.741719],[-106.745209,34.740817],[-106.745073,34.739955],[-106.745537,34.739295],[-106.746117,34.740925],[-106.746286,34.741866],[-106.746424,34.742894],[-106.746268,34.743428],[-106.746171,34.744127],[-106.745933,34.747586],[-106.745197,34.751508],[-106.744272,34.756114],[-106.741722,34.759179],[-106.738268,34.763238],[-106.735295,34.766953],[-106.73495,34.768971],[-106.734507,34.772031],[-106.735482,34.776007],[-106.73553,34.77627],[-106.735519,34.776495],[-106.734009,34.78004],[-106.732494,34.784608],[-106.730611,34.788985],[-106.728731,34.793193],[-106.728207,34.794308],[-106.727415,34.795468],[-106.724617,34.799382],[-106.720649,34.804846]]]}},{"type":"Feature","properties":{"landuse":"forest"},"geometry":{"type":"Polygon","coordinates":[[[-106.731382,34.777166],[-106.731701,34.776697],[-106.731802,34.7759],[-106.732015,34.775439],[-106.732083,34.774765],[-106.732001,34.774345],[-106.732382,34.77373],[-106.732492,34.773269],[-106.732361,34.772665],[-106.732453,34.772467],[-106.73279,34.772133],[-106.732796,34.771159],[-106.732999,34.77012],[-106.732859,34.769684],[-106.733053,34.769079],[-106.732991,34.768419],[-106.733375,34.767578],[-106.733002,34.766558],[-106.733113,34.766142],[-106.73279,34.765672],[-106.73266,34.765198],[-106.732564,34.764197],[-106.733358,34.762681],[-106.73428,34.761394],[-106.736424,34.758871],[-106.736936,34.75856],[-106.737119,34.758222],[-106.73749,34.757961],[-106.737757,34.7579],[-106.737888,34.757925],[-106.737971,34.758044],[-106.738493,34.757885],[-106.738616,34.757613],[-106.738973,34.757005],[-106.739298,34.75609],[-106.73952,34.75602],[-106.739755,34.755653],[-106.739994,34.755001],[-106.740482,34.754889],[-106.740752,34.754357],[-106.740914,34.754229],[-106.741119,34.753527],[-106.741326,34.753341],[-106.741432,34.753068],[-106.74162,34.752985],[-106.741815,34.752051],[-106.742281,34.751382],[-106.742261,34.750857],[-106.742547,34.750202],[-106.742665,34.749554],[-106.74281,34.749378],[-106.742676,34.748738],[-106.74287,34.748355],[-106.742789,34.747704],[-106.74248,34.747412],[-106.742288,34.746721],[-106.743292,34.743111],[-106.744068,34.742055],[-106.744001,34.741494],[-106.744147,34.74116],[-106.744505,34.740691],[-106.744621,34.740101],[-106.744047,34.738777],[-106.743723,34.738495],[-106.743202,34.738078],[-106.742543,34.737624],[-106.742324,34.736705],[-106.742432,34.736616],[-106.742249,34.736228],[-106.741626,34.735371],[-106.741336,34.735071],[-106.741269,34.734867],[-106.740389,34.734091],[-106.739707,34.733429],[-106.739313,34.732684],[-106.739006,34.732436],[-106.738671,34.731499],[-106.738023,34.728411],[-106.738149,34.72651],[-106.73845,34.726364],[-106.738578,34.726156],[-106.7386,34.725648],[-106.738621,34.725504],[-106.738911,34.725336],[-106.738969,34.725197],[-106.73897,34.724972],[-106.739313,34.724267],[-106.739463,34.724125],[-106.739663,34.724088],[-106.739882,34.723725],[-106.739955,34.72344],[-106.740067,34.722733],[-106.740234,34.722096],[-106.740382,34.721842],[-106.740571,34.721717],[-106.740646,34.721504],[-106.740614,34.721346],[-106.740607,34.721215],[-106.740894,34.720625],[-106.741213,34.720417],[-106.741684,34.720296],[-106.741898,34.720146],[-106.742272,34.720018],[-106.742557,34.719646],[-106.742728,34.71933],[-106.743199,34.718917],[-106.743543,34.718545],[-106.743691,34.717943],[-106.743745,34.717456],[-106.744153,34.716983],[-106.7445,34.716302],[-106.744894,34.715978],[-106.744715,34.715],[-106.745908,34.713831],[-106.747479,34.712123],[-106.747834,34.712037],[-106.748034,34.712125],[-106.748907,34.712044],[-106.749435,34.711448],[-106.749479,34.710875],[-106.749979,34.709978],[-106.750324,34.709783],[-106.750596,34.708624],[-106.750366,34.707549],[-106.750851,34.706537],[-106.750436,34.705578],[-106.750501,34.705337],[-106.750788,34.705155],[-106.751013,34.704598],[-106.750627,34.703983],[-106.75039,34.702732],[-106.747227,34.703911],[-106.74825,34.706342],[-106.748667,34.707915],[-106.748592,34.708943],[-106.747909,34.709831],[-106.745863,34.71237],[-106.742641,34.716654],[-106.739344,34.720891],[-106.736918,34.724084],[-106.736558,34.72494],[-106.736331,34.726233],[-106.736501,34.727354],[-106.736937,34.728631],[-106.738586,34.734643],[-106.739818,34.742274],[-106.741182,34.746307],[-106.741258,34.747817],[-106.741011,34.748938],[-106.740216,34.750339],[-106.738283,34.752799],[-106.730911,34.762328],[-106.730456,34.763137],[-106.729831,34.765504],[-106.728599,34.769738],[-106.727638,34.776857],[-106.731382,34.777166]]]}},{"type":"Feature","properties":{"landuse":"forest"},"geometry":{"type":"Polygon","coordinates":[[[-106.721473,34.857248],[-106.720745,34.85704],[-106.720618,34.856601],[-106.720106,34.855153],[-106.718855,34.853523],[-106.71843,34.853322],[-106.718247,34.853049],[-106.717678,34.852633],[-106.717041,34.850858],[-106.716748,34.850611],[-106.716467,34.848911],[-106.716392,34.848124],[-106.715177,34.844026],[-106.714966,34.842899],[-106.714538,34.841979],[-106.714541,34.840611],[-106.714726,34.840285],[-106.714819,34.839652],[-106.714518,34.838546],[-106.71483,34.836958],[-106.714861,34.836459],[-106.715128,34.835453],[-106.715028,34.835073],[-106.715572,34.833311],[-106.715399,34.833099],[-106.715349,34.832619],[-106.715199,34.83248],[-106.715206,34.832297],[-106.715976,34.831761],[-106.71612,34.831271],[-106.716029,34.830107],[-106.715593,34.829767],[-106.715594,34.82907],[-106.716058,34.827783],[-106.715837,34.826964],[-106.719858,34.827608],[-106.720094,34.8276],[-106.720217,34.827926],[-106.720309,34.828234],[-106.720303,34.828591],[-106.72026,34.828811],[-106.720147,34.829207],[-106.718898,34.832025],[-106.718361,34.833126],[-106.718238,34.833892],[-106.718104,34.835882],[-106.717964,34.837419],[-106.717374,34.841774],[-106.717299,34.842698],[-106.717326,34.843552],[-106.717476,34.84401],[-106.718055,34.846295],[-106.718474,34.848686],[-106.718619,34.849121],[-106.71915,34.850072],[-106.719364,34.850715],[-106.719729,34.85138],[-106.719853,34.851741],[-106.72041,34.852652],[-106.720861,34.853616],[-106.721065,34.854475],[-106.721258,34.85602],[-106.721473,34.857248]]]}},{"type":"Feature","properties":{"landuse":"forest"},"geometry":{"type":"Polygon","coordinates":[[[-106.745073,34.739955],[-106.74443,34.738456],[-106.742692,34.735582],[-106.741868,34.734566],[-106.740503,34.731773],[-106.739454,34.729763],[-106.739482,34.729267],[-106.738497,34.727805],[-106.738567,34.727436],[-106.738687,34.727291],[-106.739752,34.726412],[-106.74016,34.725724],[-106.740331,34.724649],[-106.740825,34.723591],[-106.741469,34.722479],[-106.741812,34.721315],[-106.744752,34.717294],[-106.746683,34.715372],[-106.747625,34.713822],[-106.748908,34.712765],[-106.750095,34.711156],[-106.751275,34.708739],[-106.751682,34.706482],[-106.751468,34.704647],[-106.75106,34.702654],[-106.749966,34.700219],[-106.748206,34.697061],[-106.746618,34.692615],[-106.746013,34.691502],[-106.74556,34.69113],[-106.745516,34.690803],[-106.745183,34.690255],[-106.744048,34.688935],[-106.744,34.688597],[-106.743752,34.688079],[-106.743312,34.687545],[-106.743266,34.687197],[-106.742942,34.685699],[-106.742934,34.685062],[-106.742958,34.684376],[-106.742853,34.684158],[-106.742846,34.683993],[-106.742919,34.683644],[-106.742902,34.682197],[-106.743113,34.681215],[-106.743014,34.679612],[-106.743443,34.678094],[-106.74428,34.677053],[-106.744988,34.675359],[-106.746425,34.672518],[-106.746876,34.671282],[-106.746668,34.669489],[-106.746493,34.669302],[-106.746082,34.66912],[-106.745765,34.668815],[-106.74548,34.668637],[-106.745381,34.66844],[-106.745373,34.668268],[-106.745439,34.668048],[-106.745523,34.667599],[-106.7457,34.667225],[-106.745672,34.666783],[-106.745786,34.666484],[-106.745845,34.666277],[-106.745874,34.665715],[-106.745923,34.665399],[-106.74583,34.665154],[-106.745841,34.664399],[-106.745702,34.66408],[-106.745505,34.663509],[-106.745493,34.662832],[-106.745626,34.662522],[-106.745689,34.661996],[-106.745677,34.661519],[-106.745792,34.661132],[-106.745588,34.660729],[-106.744716,34.659646],[-106.744141,34.65925],[-106.743931,34.659244],[-106.743401,34.659143],[-106.742875,34.65892],[-106.742516,34.658698],[-106.742403,34.658676],[-106.742072,34.65838],[-106.74191,34.657994],[-106.741602,34.657586],[-106.741183,34.657085],[-106.740557,34.656072],[-106.74031,34.655771],[-106.739853,34.655091],[-106.739816,34.654943],[-106.738808,34.653492],[-106.73851,34.652923],[-106.740373,34.652982],[-106.740823,34.653466],[-106.742788,34.655381],[-106.743146,34.655789],[-106.744022,34.656794],[-106.745457,34.658572],[-106.745889,34.659036],[-106.746955,34.660345],[-106.747745,34.661246],[-106.748541,34.662227],[-106.748863,34.662682],[-106.749221,34.663024],[-106.750788,34.663872],[-106.751157,34.664142],[-106.751353,34.664341],[-106.751515,34.664545],[-106.751941,34.667186],[-106.751947,34.667655],[-106.751785,34.667926],[-106.75035,34.669855],[-106.74827,34.672486],[-106.748039,34.672984],[-106.747757,34.674206],[-106.747255,34.676136],[-106.747128,34.676491],[-106.746886,34.67696],[-106.746275,34.677686],[-106.746091,34.678027],[-106.745987,34.678515],[-106.745895,34.681146],[-106.745076,34.684307],[-106.745088,34.684862],[-106.745192,34.685383],[-106.745578,34.686222],[-106.746016,34.686786],[-106.746437,34.687146],[-106.746656,34.687378],[-106.7468,34.687629],[-106.747809,34.690265],[-106.74952,34.696132],[-106.749878,34.6967],[-106.750235,34.697098],[-106.750765,34.697468],[-106.75144,34.697894],[-106.751751,34.698174],[-106.751843,34.698397],[-106.752079,34.699335],[-106.753342,34.704818],[-106.754299,34.707556],[-106.754979,34.71166],[-106.754777,34.712124],[-106.752079,34.714408],[-106.750471,34.715886],[-106.74933,34.716739],[-106.748823,34.71725],[-106.747578,34.718766],[-106.746293,34.720263],[-106.743036,34.724243],[-106.742684,34.724826],[-106.741872,34.726877],[-106.741612,34.728113],[-106.741647,34.729349],[-106.741837,34.730325],[-106.742598,34.73277],[-106.743105,34.734589],[-106.743336,34.735219],[-106.743722,34.735834],[-106.744996,34.737781],[-106.745203,34.738193],[-106.745537,34.739295],[-106.745073,34.739955]]]}},{"type":"Feature","properties":{"natural":"water"},"geometry":{"type":"Polygon","coordinates":[[[-106.802555,34.819643],[-106.80185,34.819191],[-106.802205,34.818823],[-106.802901,34.819295],[-106.802555,34.819643]]]}},{"type":"Feature","properties":{"natural":"water"},"geometry":{"type":"Polygon","coordinates":[[[-106.811423,34.826237],[-106.811174,34.824878],[-106.811417,34.824908],[-106.811656,34.826208],[-106.811423,34.826237]]]}},{"type":"Feature","properties":{"natural":"water"},"geometry":{"type":"Polygon","coordinates":[[[-106.806004,34.816509],[-106.805979,34.816433],[-106.806026,34.816344],[-106.806086,34.816332],[-106.806165,34.816376],[-106.806342,34.816627],[-106.806315,34.816659],[-106.806169,34.816611],[-106.806004,34.816509]]]}},{"type":"Feature","properties":{"natural":"water"},"geometry":{"type":"Polygon","coordinates":[[[-106.811772,34.823093],[-106.811833,34.823059],[-106.811808,34.823017],[-106.811781,34.823004],[-106.811521,34.823032],[-106.811484,34.823058],[-106.811477,34.823084],[-106.811487,34.823109],[-106.811515,34.823119],[-106.811772,34.823093]]]}},{"type":"Feature","properties":{"natural":"water"},"geometry":{"type":"Polygon","coordinates":[[[-106.804199,34.816052],[-106.803964,34.816034],[-106.803859,34.81598],[-106.803824,34.815888],[-106.803816,34.815805],[-106.803827,34.81577],[-106.803849,34.815746],[-106.803989,34.815722],[-106.804192,34.815732],[-106.80431,34.815757],[-106.804414,34.815801],[-106.804514,34.815872],[-106.804514,34.815937],[-106.804453,34.815994],[-106.804199,34.816052]]]}},{"type":"Feature","properties":{"natural":"water"},"geometry":{"type":"Polygon","coordinates":[[[-106.800971,34.818307],[-106.800941,34.818358],[-106.800901,34.818379],[-106.800857,34.818375],[-106.800382,34.818132],[-106.799909,34.817921],[-106.799481,34.817767],[-106.798957,34.817639],[-106.798933,34.817617],[-106.798939,34.817574],[-106.798963,34.817555],[-106.79903,34.817544],[-106.799433,34.817561],[-106.799725,34.817593],[-106.800037,34.817667],[-106.800343,34.817768],[-106.800446,34.817832],[-106.800485,34.817886],[-106.800558,34.81794],[-106.801005,34.818151],[-106.801035,34.818204],[-106.800971,34.818307]]]}},{"type":"Feature","properties":{"natural":"water"},"geometry":{"type":"Polygon","coordinates":[[[-106.80405,34.820037],[-106.804188,34.820077],[-106.804129,34.820233],[-106.804099,34.820247],[-106.804053,34.820252],[-106.803545,34.820092],[-106.803302,34.819993],[-106.803052,34.819857],[-106.803033,34.819791],[-106.803167,34.819651],[-106.803348,34.819503],[-106.803417,34.81953],[-106.80383,34.819888],[-106.80405,34.820037]]]}},{"type":"Feature","properties":{"natural":"water"},"geometry":{"type":"Polygon","coordinates":[[[-106.79696,34.817313],[-106.7968,34.817285],[-106.796684,34.817244],[-106.796547,34.8171],[-106.796556,34.817054],[-106.796683,34.817021],[-106.796797,34.816963],[-106.796848,34.81696],[-106.796909,34.816982],[-106.79703,34.817062],[-106.797058,34.817098],[-106.797053,34.817227],[-106.797033,34.817283],[-106.79696,34.817313]]]}},{"type":"Feature","properties":{"natural":"water"},"geometry":{"type":"Polygon","coordinates":[[[-106.782387,34.815385],[-106.782491,34.815395],[-106.782533,34.815345],[-106.782564,34.815259],[-106.782538,34.815229],[-106.782082,34.815095],[-106.782024,34.815093],[-106.781984,34.815145],[-106.781964,34.815218],[-106.78199,34.815267],[-106.782387,34.815385]]]}},{"type":"Feature","properties":{"natural":"water"},"geometry":{"type":"Polygon","coordinates":[[[-106.795661,34.816051],[-106.795562,34.816026],[-106.795412,34.815933],[-106.795323,34.81581],[-106.795321,34.815721],[-106.79538,34.815631],[-106.795499,34.815576],[-106.795701,34.815615],[-106.795825,34.815653],[-106.795877,34.81573],[-106.795781,34.815978],[-106.795732,34.816032],[-106.795661,34.816051]]]}},{"type":"Feature","properties":{"natural":"water"},"geometry":{"type":"Polygon","coordinates":[[[-106.776587,34.824993],[-106.776069,34.824993],[-106.775625,34.8252],[-106.774947,34.824806],[-106.774917,34.824173],[-106.775323,34.824315],[-106.775317,34.824047],[-106.776556,34.824179],[-106.776587,34.824993]]]}},{"type":"Feature","properties":{"natural":"water"},"geometry":{"type":"Polygon","coordinates":[[[-106.761724,34.816601],[-106.761298,34.817253],[-106.76108,34.817211],[-106.761416,34.816731],[-106.761724,34.816601]]]}},{"type":"Feature","properties":{"natural":"water"},"geometry":{"type":"Polygon","coordinates":[[[-106.762931,34.815513],[-106.761952,34.815826],[-106.761925,34.815663],[-106.762338,34.815333],[-106.762494,34.815304],[-106.762875,34.815405],[-106.762931,34.815513]]]}},{"type":"Feature","properties":{"natural":"water"},"geometry":{"type":"Polygon","coordinates":[[[-106.799832,34.813169],[-106.79962,34.813348],[-106.799373,34.813424],[-106.79945,34.813546],[-106.799724,34.813497],[-106.799866,34.813369],[-106.799832,34.813169]]]}},{"type":"Feature","properties":{"natural":"water"},"geometry":{"type":"Polygon","coordinates":[[[-106.744834,34.812262],[-106.744522,34.81256],[-106.744438,34.812494],[-106.744387,34.812511],[-106.744273,34.812442],[-106.744231,34.812328],[-106.744692,34.812153],[-106.744834,34.812262]]]}},{"type":"Feature","properties":{"natural":"water"},"geometry":{"type":"Polygon","coordinates":[[[-106.771845,34.812195],[-106.77178,34.812392],[-106.771414,34.812344],[-106.771259,34.812012],[-106.771845,34.812195]]]}},{"type":"Feature","properties":{"natural":"water"},"geometry":{"type":"Polygon","coordinates":[[[-106.767662,34.806927],[-106.76764,34.80734],[-106.767917,34.807322],[-106.767881,34.806939],[-106.767662,34.806927]]]}},{"type":"Feature","properties":{"natural":"water"},"geometry":{"type":"Polygon","coordinates":[[[-106.76792,34.797086],[-106.767774,34.797102],[-106.767715,34.796814],[-106.767925,34.796822],[-106.76792,34.797086]]]}},{"type":"Feature","properties":{"natural":"water"},"geometry":{"type":"Polygon","coordinates":[[[-106.714568,34.785103],[-106.714794,34.78566],[-106.715635,34.785448],[-106.715447,34.784917],[-106.714568,34.785103]]]}},{"type":"Feature","properties":{"natural":"water"},"geometry":{"type":"Polygon","coordinates":[[[-106.714117,34.781042],[-106.713797,34.781088],[-106.714048,34.781666],[-106.714317,34.781568],[-106.714117,34.781042]]]}},{"type":"Feature","properties":{"leisure":"park","name":"La Bonitas Park"},"geometry":{"type":"Polygon","coordinates":[[[-106.668907,34.733147],[-106.66849,34.733243],[-106.668277,34.732854],[-106.668273,34.73281],[-106.668286,34.732776],[-106.66835,34.732718],[-106.668965,34.732262],[-106.669069,34.732246],[-106.669249,34.732364],[-106.669523,34.73249],[-106.669375,34.73282],[-106.669111,34.732951],[-106.668968,34.733134],[-106.668907,34.733147]]]}},{"type":"Feature","properties":{"ele":"1521","leisure":"park","name":"Cypress Estates Park"},"geometry":{"type":"Polygon","coordinates":[[[-106.662661,34.790074],[-106.663005,34.789245],[-106.663114,34.789257],[-106.663486,34.789987],[-106.662661,34.790074]]]}},{"type":"Feature","properties":{"ele":"1478","leisure":"park","name":"Heritage Park"},"geometry":{"type":"Polygon","coordinates":[[[-106.700809,34.807657],[-106.699929,34.807424],[-106.697971,34.806744],[-106.69838,34.806353],[-106.698622,34.806239],[-106.698713,34.805618],[-106.69882,34.805115],[-106.701304,34.805926],[-106.701379,34.806058],[-106.701332,34.806325],[-106.700809,34.807657]]]}},{"type":"Feature","properties":{"natural":"water"},"geometry":{"type":"Polygon","coordinates":[[[-106.692014,34.846242],[-106.692046,34.846246],[-106.692062,34.846214],[-106.692027,34.846185],[-106.691758,34.846179],[-106.691729,34.846197],[-106.691727,34.84622],[-106.691756,34.846236],[-106.692014,34.846242]]]}},{"type":"Feature","properties":{"natural":"water"},"geometry":{"type":"Polygon","coordinates":[[[-106.709949,34.742962],[-106.709815,34.742979],[-106.709803,34.742899],[-106.709226,34.738222],[-106.70914,34.737264],[-106.709199,34.73725],[-106.709242,34.737278],[-106.709257,34.737326],[-106.709949,34.742962]]]}},{"type":"Feature","properties":{"natural":"water"},"geometry":{"type":"Polygon","coordinates":[[[-106.709216,34.737147],[-106.709184,34.737163],[-106.709145,34.737152],[-106.709112,34.737075],[-106.70891,34.73549],[-106.708927,34.735034],[-106.708965,34.734961],[-106.709024,34.73496],[-106.709075,34.735],[-106.709003,34.735295],[-106.709216,34.737147]]]}},{"type":"Feature","properties":{"natural":"water"},"geometry":{"type":"Polygon","coordinates":[[[-106.6903,34.83447],[-106.690287,34.834446],[-106.690246,34.834447],[-106.690233,34.8345],[-106.690241,34.834721],[-106.690225,34.834872],[-106.690252,34.834918],[-106.690305,34.834931],[-106.690317,34.834899],[-106.690273,34.834883],[-106.690256,34.834814],[-106.6903,34.83447]]]}},{"type":"Feature","properties":{"natural":"water"},"geometry":{"type":"Polygon","coordinates":[[[-106.673219,34.771244],[-106.673723,34.771107],[-106.67388,34.771017],[-106.673963,34.770913],[-106.673993,34.770803],[-106.673992,34.77069],[-106.673958,34.77058],[-106.673591,34.770137],[-106.672917,34.770425],[-106.673219,34.771244]]]}},{"type":"Feature","properties":{"natural":"water"},"geometry":{"type":"Polygon","coordinates":[[[-106.674454,34.767832],[-106.674647,34.767801],[-106.674776,34.767704],[-106.674862,34.767522],[-106.674856,34.767462],[-106.674733,34.767354],[-106.674623,34.767321],[-106.674524,34.767334],[-106.674398,34.767422],[-106.674272,34.767658],[-106.674285,34.767773],[-106.674454,34.767832]]]}},{"type":"Feature","properties":{"natural":"water"},"geometry":{"type":"Polygon","coordinates":[[[-106.674435,34.764496],[-106.674703,34.764928],[-106.6748,34.765012],[-106.674886,34.765016],[-106.675084,34.763557],[-106.675073,34.763439],[-106.674945,34.763439],[-106.67487,34.763456],[-106.674518,34.764238],[-106.674435,34.764496]]]}},{"type":"Feature","properties":{"natural":"water"},"geometry":{"type":"Polygon","coordinates":[[[-106.67359,34.766351],[-106.673655,34.766272],[-106.673716,34.766129],[-106.673738,34.765999],[-106.673738,34.765724],[-106.673633,34.765468],[-106.67355,34.765358],[-106.673396,34.765201],[-106.672115,34.766347],[-106.673067,34.766244],[-106.673298,34.766268],[-106.67359,34.766351]]]}},{"type":"Feature","properties":{"natural":"water"},"geometry":{"type":"Polygon","coordinates":[[[-106.671847,34.767588],[-106.671836,34.767125],[-106.670235,34.767314],[-106.670119,34.767367],[-106.670068,34.76746],[-106.670066,34.767583],[-106.671847,34.767588]]]}},{"type":"Feature","properties":{"natural":"water"},"geometry":{"type":"Polygon","coordinates":[[[-106.698583,34.84506],[-106.698489,34.845108],[-106.698309,34.845106],[-106.69824,34.844925],[-106.698295,34.844849],[-106.698464,34.844897],[-106.698548,34.844932],[-106.698583,34.84506]]]}},{"type":"Feature","properties":{"natural":"water"},"geometry":{"type":"Polygon","coordinates":[[[-106.703394,34.826935],[-106.703189,34.827217],[-106.703377,34.827275],[-106.703311,34.82752],[-106.703177,34.827712],[-106.70318,34.82782],[-106.70315,34.827834],[-106.703094,34.827642],[-106.702984,34.827648],[-106.702933,34.82762],[-106.703111,34.827384],[-106.703048,34.827197],[-106.702999,34.827141],[-106.703033,34.827069],[-106.703163,34.827077],[-106.703182,34.826993],[-106.70315,34.826941],[-106.703184,34.826863],[-106.703258,34.826831],[-106.703367,34.826847],[-106.703394,34.826935]]]}},{"type":"Feature","properties":{"leisure":"park"},"geometry":{"type":"Polygon","coordinates":[[[-106.537272,34.809323],[-106.535311,34.809421],[-106.535295,34.808741],[-106.534642,34.808276],[-106.531373,34.80842],[-106.530951,34.810946],[-106.537272,34.811071],[-106.537272,34.809323]]]}},{"type":"Feature","properties":{"natural":"wood"},"geometry":{"type":"Polygon","coordinates":[[[-106.448569,34.797841],[-106.464426,34.797893],[-106.464242,34.811105],[-106.448527,34.811084],[-106.448569,34.797841]]]}},{"type":"Feature","properties":{"natural":"water"},"geometry":{"type":"Polygon","coordinates":[[[-106.236131,34.843954],[-106.236284,34.843985],[-106.23638,34.844064],[-106.236627,34.844178],[-106.236586,34.844268],[-106.236547,34.844318],[-106.236246,34.844423],[-106.236105,34.844442],[-106.236046,34.844318],[-106.23607,34.844084],[-106.236131,34.843954]]]}},{"type":"Feature","properties":{"natural":"water"},"geometry":{"type":"Polygon","coordinates":[[[-106.255541,34.843515],[-106.256809,34.843636],[-106.256806,34.843803],[-106.255786,34.843982],[-106.255448,34.843959],[-106.255541,34.843515]]]}},{"type":"Feature","properties":{"natural":"water"},"geometry":{"type":"Polygon","coordinates":[[[-106.261671,34.843897],[-106.261567,34.844634],[-106.261928,34.844643],[-106.262297,34.84457],[-106.262986,34.844647],[-106.263073,34.844378],[-106.262465,34.844091],[-106.261671,34.843897]]]}},{"type":"Feature","properties":{"natural":"water"},"geometry":{"type":"Polygon","coordinates":[[[-106.258992,34.84368],[-106.260475,34.844092],[-106.260437,34.844275],[-106.258909,34.844279],[-106.258714,34.844227],[-106.258822,34.843774],[-106.258992,34.84368]]]}},{"type":"Feature","properties":{"natural":"water"},"geometry":{"type":"Polygon","coordinates":[[[-106.272566,34.845694],[-106.272734,34.845649],[-106.272823,34.845654],[-106.272853,34.845734],[-106.272856,34.845789],[-106.272792,34.84583],[-106.272653,34.845879],[-106.272553,34.845879],[-106.272528,34.845777],[-106.272566,34.845694]]]}},{"type":"Feature","properties":{"natural":"water"},"geometry":{"type":"Polygon","coordinates":[[[-106.251148,34.840397],[-106.250828,34.840531],[-106.251274,34.840846],[-106.251457,34.840846],[-106.25148,34.840735],[-106.251359,34.840556],[-106.251148,34.840397]]]}},{"type":"Feature","properties":{"natural":"water"},"geometry":{"type":"Polygon","coordinates":[[[-106.273916,34.776303],[-106.273541,34.776858],[-106.27447,34.776967],[-106.273916,34.776303]]]}},{"type":"Feature","properties":{"natural":"water"},"geometry":{"type":"Polygon","coordinates":[[[-107.059997,34.863697],[-107.059922,34.863151],[-107.059085,34.863305],[-107.05923,34.863812],[-107.059997,34.863697]]]}},{"type":"Feature","properties":{"natural":"water"},"geometry":{"type":"Polygon","coordinates":[[[-107.065426,34.851156],[-107.065147,34.851588],[-107.064654,34.851394],[-107.065018,34.850905],[-107.065426,34.851156]]]}},{"type":"Feature","properties":{"natural":"water"},"geometry":{"type":"Polygon","coordinates":[[[-106.721714,34.857162],[-106.721715,34.857254],[-106.721663,34.857273],[-106.721391,34.855677],[-106.721136,34.853874],[-106.721068,34.853553],[-106.720807,34.853009],[-106.719878,34.851203],[-106.719636,34.850805],[-106.719634,34.850772],[-106.719689,34.85076],[-106.719768,34.850878],[-106.721043,34.853265],[-106.721256,34.854011],[-106.721465,34.855612],[-106.721714,34.857162]]]}},{"type":"Feature","properties":{"natural":"water"},"geometry":{"type":"Polygon","coordinates":[[[-106.724385,34.857558],[-106.724356,34.857642],[-106.724319,34.857653],[-106.724272,34.857616],[-106.724635,34.856084],[-106.724746,34.855477],[-106.724817,34.85521],[-106.724852,34.855143],[-106.724915,34.855153],[-106.724912,34.855324],[-106.724385,34.857558]]]}},{"type":"Feature","properties":{"natural":"water"},"geometry":{"type":"Polygon","coordinates":[[[-106.722839,34.857859],[-106.722933,34.857884],[-106.722955,34.857865],[-106.722952,34.857839],[-106.722891,34.857811],[-106.721553,34.857319],[-106.721062,34.857169],[-106.720877,34.857146],[-106.720798,34.857172],[-106.720849,34.857197],[-106.720926,34.857195],[-106.721148,34.857242],[-106.72218,34.857631],[-106.722839,34.857859]]]}},{"type":"Feature","properties":{"natural":"water"},"geometry":{"type":"Polygon","coordinates":[[[-106.723034,34.85792],[-106.724433,34.858273],[-106.724448,34.858262],[-106.724455,34.858198],[-106.723935,34.858056],[-106.723661,34.858003],[-106.723389,34.857924],[-106.723054,34.857867],[-106.723034,34.85792]]]}},{"type":"Feature","properties":{"natural":"water"},"geometry":{"type":"Polygon","coordinates":[[[-106.724505,34.858283],[-106.724638,34.858348],[-106.724739,34.858343],[-106.724747,34.858287],[-106.724517,34.858214],[-106.724505,34.858283]]]}},{"type":"Feature","properties":{"natural":"water"},"geometry":{"type":"Polygon","coordinates":[[[-106.72487,34.858368],[-106.725008,34.858439],[-106.725008,34.858485],[-106.724956,34.858582],[-106.725021,34.858603],[-106.725072,34.858469],[-106.725181,34.858526],[-106.725386,34.858702],[-106.72543,34.858714],[-106.725517,34.858623],[-106.725312,34.858503],[-106.726585,34.857311],[-106.726827,34.857015],[-106.726916,34.856803],[-106.727012,34.856308],[-106.727171,34.85576],[-106.727195,34.855591],[-106.727257,34.85552],[-106.727251,34.855491],[-106.727194,34.855494],[-106.727157,34.855555],[-106.727002,34.856028],[-106.72688,34.856598],[-106.726849,34.856816],[-106.726769,34.857016],[-106.726186,34.857614],[-106.725642,34.858082],[-106.725253,34.85844],[-106.725229,34.858456],[-106.725058,34.858368],[-106.72487,34.858309],[-106.72487,34.858368]]]}},{"type":"Feature","properties":{"name":"McCoy Dam","natural":"water"},"geometry":{"type":"Polygon","coordinates":[[[-106.724465,34.963265],[-106.723745,34.962926],[-106.723377,34.962734],[-106.722594,34.962668],[-106.721956,34.962661],[-106.721821,34.962579],[-106.72157,34.962019],[-106.720994,34.961268],[-106.72032,34.960634],[-106.72023,34.960421],[-106.720302,34.96017],[-106.7205,34.960037],[-106.721021,34.959971],[-106.722837,34.959337],[-106.722945,34.960479],[-106.724231,34.962506],[-106.724465,34.963265]]]}},{"type":"Feature","properties":{"natural":"water"},"geometry":{"type":"Polygon","coordinates":[[[-106.728392,34.960631],[-106.727681,34.960599],[-106.727633,34.961323],[-106.728344,34.961355],[-106.728392,34.960631]]]}},{"type":"Feature","properties":{"natural":"water"},"geometry":{"type":"Polygon","coordinates":[[[-106.729421,34.961789],[-106.728501,34.961759],[-106.728553,34.960702],[-106.729473,34.960733],[-106.729421,34.961789]]]}},{"type":"Feature","properties":{"landuse":"forest"},"geometry":{"type":"Polygon","coordinates":[[[-106.721893,34.870056],[-106.721183,34.870055],[-106.721513,34.869243],[-106.721706,34.867888],[-106.72177,34.866514],[-106.721685,34.864226],[-106.72147,34.863293],[-106.721684,34.862297],[-106.721605,34.861571],[-106.721487,34.861316],[-106.72121,34.86115],[-106.721061,34.860695],[-106.720608,34.86029],[-106.720652,34.859624],[-106.720585,34.859437],[-106.720237,34.859183],[-106.720156,34.858872],[-106.72021,34.858579],[-106.720704,34.857481],[-106.720707,34.857285],[-106.720637,34.8571],[-106.720654,34.856997],[-106.720789,34.857205],[-106.721491,34.857432],[-106.721626,34.858004],[-106.722097,34.858587],[-106.722504,34.859032],[-106.723323,34.859772],[-106.72379,34.860669],[-106.723778,34.860948],[-106.722454,34.867258],[-106.721893,34.870056]]]}},{"type":"Feature","properties":{"landuse":"forest"},"geometry":{"type":"Polygon","coordinates":[[[-106.723842,34.860574],[-106.72352,34.859852],[-106.723354,34.859082],[-106.723118,34.858474],[-106.722994,34.858016],[-106.723059,34.858012],[-106.724368,34.858355],[-106.723842,34.860574]]]}},{"type":"Feature","properties":{"landuse":"forest"},"geometry":{"type":"Polygon","coordinates":[[[-106.723311,34.859434],[-106.723053,34.859262],[-106.723043,34.859139],[-106.722984,34.859011],[-106.722168,34.858113],[-106.721911,34.857712],[-106.721884,34.857611],[-106.722898,34.857972],[-106.723096,34.858707],[-106.723209,34.858958],[-106.723338,34.859332],[-106.723311,34.859434]]]}},{"type":"Feature","properties":{"landuse":"forest"},"geometry":{"type":"Polygon","coordinates":[[[-106.724264,34.861283],[-106.72432,34.862048],[-106.724264,34.862766],[-106.72405,34.863492],[-106.723528,34.864845],[-106.723575,34.864432],[-106.723714,34.863706],[-106.724264,34.861283]]]}},{"type":"Feature","properties":{"landuse":"forest"},"geometry":{"type":"Polygon","coordinates":[[[-106.72337,34.866504],[-106.723454,34.865808],[-106.723575,34.865694],[-106.72363,34.865548],[-106.723677,34.865296],[-106.723882,34.864723],[-106.724134,34.863897],[-106.724348,34.863293],[-106.724506,34.862674],[-106.724469,34.86097],[-106.724543,34.860733],[-106.724665,34.860909],[-106.725,34.861933],[-106.724925,34.862315],[-106.725186,34.863217],[-106.725102,34.864066],[-106.724832,34.864616],[-106.72337,34.866504]]]}},{"type":"Feature","properties":{"landuse":"forest"},"geometry":{"type":"Polygon","coordinates":[[[-106.720211,34.871124],[-106.720153,34.871226],[-106.719672,34.871715],[-106.718775,34.87361],[-106.717055,34.875968],[-106.715469,34.877451],[-106.713131,34.879233],[-106.712141,34.879697],[-106.710368,34.881053],[-106.707749,34.882538],[-106.706626,34.883442],[-106.703223,34.885378],[-106.702255,34.886548],[-106.700906,34.887073],[-106.700044,34.887713],[-106.698122,34.888972],[-106.695984,34.891619],[-106.691329,34.898655],[-106.689852,34.900187],[-106.686323,34.903135],[-106.686105,34.903416],[-106.685719,34.90383],[-106.685473,34.904004],[-106.68511,34.904314],[-106.684842,34.904002],[-106.684499,34.901755],[-106.684298,34.901154],[-106.684658,34.900845],[-106.684775,34.900773],[-106.686842,34.901556],[-106.688629,34.898762],[-106.687591,34.898402],[-106.687269,34.898093],[-106.687654,34.89753],[-106.688989,34.89659],[-106.690599,34.895602],[-106.691026,34.895286],[-106.69152,34.894802],[-106.692022,34.894171],[-106.693541,34.892143],[-106.694428,34.890996],[-106.695503,34.889308],[-106.69631,34.887891],[-106.696854,34.886895],[-106.698691,34.883782],[-106.700155,34.881201],[-106.70031,34.880964],[-106.700406,34.880865],[-106.700687,34.880735],[-106.703285,34.880168],[-106.703787,34.88],[-106.704151,34.879918],[-106.704653,34.879818],[-106.705084,34.87978],[-106.705515,34.879688],[-106.705808,34.879653],[-106.706055,34.879571],[-106.708193,34.879132],[-106.710896,34.878548],[-106.711163,34.878469],[-106.711628,34.87825],[-106.71195,34.878047],[-106.712239,34.877724],[-106.71259,34.877107],[-106.713264,34.875847],[-106.713916,34.87467],[-106.714092,34.874433],[-106.714532,34.87398],[-106.715766,34.872843],[-106.717046,34.871721],[-106.717582,34.871199],[-106.717631,34.871125],[-106.720211,34.871124]]]}},{"type":"Feature","properties":{"landuse":"forest"},"geometry":{"type":"Polygon","coordinates":[[[-106.686757,34.905486],[-106.687206,34.905462],[-106.68732,34.905284],[-106.687457,34.905163],[-106.688277,34.904981],[-106.688499,34.904837],[-106.689759,34.903163],[-106.690115,34.902619],[-106.690484,34.90223],[-106.692801,34.900847],[-106.6948,34.899619],[-106.695221,34.899169],[-106.696908,34.89716],[-106.697183,34.897168],[-106.699817,34.897091],[-106.705283,34.892167],[-106.706845,34.890822],[-106.707844,34.889877],[-106.713925,34.883598],[-106.714642,34.883062],[-106.717266,34.881865],[-106.718943,34.88051],[-106.719493,34.879502],[-106.720185,34.877402],[-106.720838,34.874482],[-106.721893,34.870056],[-106.721183,34.870071],[-106.721062,34.870352],[-106.720633,34.872022],[-106.719788,34.874222],[-106.717744,34.87673],[-106.71605,34.87844],[-106.715687,34.878748],[-106.713578,34.879624],[-106.709918,34.88214],[-106.709365,34.88278],[-106.7084,34.883661],[-106.705945,34.884807],[-106.704981,34.885548],[-106.70411,34.88649],[-106.70313,34.886888],[-106.69861,34.891131],[-106.697928,34.892113],[-106.697163,34.892293],[-106.696946,34.892657],[-106.696553,34.892952],[-106.695987,34.893538],[-106.69513,34.894949],[-106.694848,34.896549],[-106.693677,34.89831],[-106.692335,34.899862],[-106.690924,34.901174],[-106.687913,34.904226],[-106.687608,34.904404],[-106.686878,34.905349],[-106.686757,34.905486]]]}},{"type":"Feature","properties":{"leisure":"park","name":"Vietnam Veterans Park"},"geometry":{"type":"Polygon","coordinates":[[[-106.718165,34.903434],[-106.717664,34.903463],[-106.717659,34.902939],[-106.718147,34.902895],[-106.718165,34.903434]]]}},{"type":"Feature","properties":{"natural":"water"},"geometry":{"type":"Polygon","coordinates":[[[-106.719767,34.94217],[-106.719764,34.942104],[-106.719803,34.942072],[-106.719883,34.942074],[-106.719919,34.942109],[-106.719922,34.942155],[-106.719889,34.942192],[-106.719835,34.942204],[-106.719767,34.94217]]]}},{"type":"Feature","properties":{"natural":"water"},"geometry":{"type":"Polygon","coordinates":[[[-106.725824,34.963971],[-106.725372,34.963965],[-106.725364,34.964356],[-106.725817,34.964361],[-106.725824,34.963971]]]}},{"type":"Feature","properties":{"natural":"water"},"geometry":{"type":"Polygon","coordinates":[[[-106.72524,34.963959],[-106.725225,34.964444],[-106.724796,34.964435],[-106.724811,34.96395],[-106.72524,34.963959]]]}},{"type":"Feature","properties":{"natural":"water"},"geometry":{"type":"Polygon","coordinates":[[[-106.717312,34.895939],[-106.716936,34.896115],[-106.71645,34.896224],[-106.716302,34.896002],[-106.716374,34.89567],[-106.716854,34.895549],[-106.717031,34.895537],[-106.717288,34.895759],[-106.717312,34.895939]]]}},{"type":"Feature","properties":{"natural":"water"},"geometry":{"type":"Polygon","coordinates":[[[-106.684566,34.904834],[-106.684523,34.904629],[-106.684653,34.904599],[-106.6847,34.904669],[-106.684566,34.904834]]]}},{"type":"Feature","properties":{"natural":"water"},"geometry":{"type":"Polygon","coordinates":[[[-106.686412,34.905918],[-106.68658,34.905889],[-106.686867,34.905746],[-106.687009,34.905735],[-106.687562,34.905618],[-106.687543,34.905515],[-106.687409,34.905559],[-106.686661,34.905615],[-106.686412,34.905918]]]}},{"type":"Feature","properties":{"name":"Rio Grande","natural":"water"},"geometry":{"type":"Polygon","coordinates":[[[-106.683383,34.909078],[-106.683662,34.90848],[-106.683845,34.907992],[-106.684022,34.907209],[-106.684284,34.906289],[-106.684478,34.905823],[-106.684542,34.905563],[-106.684537,34.905427],[-106.684451,34.904978],[-106.684549,34.904857],[-106.685228,34.905665],[-106.686412,34.905918],[-106.686232,34.906118],[-106.686193,34.906179],[-106.686135,34.906338],[-106.685942,34.906632],[-106.684944,34.907649],[-106.68481,34.907921],[-106.684746,34.908269],[-106.684311,34.909373],[-106.683383,34.909078]]]}},{"type":"Feature","properties":{"landuse":"forest"},"geometry":{"type":"Polygon","coordinates":[[[-106.688326,34.978999],[-106.686002,34.978094],[-106.686474,34.973716],[-106.685122,34.969268],[-106.68392,34.965505],[-106.681817,34.962111],[-106.681453,34.958348],[-106.68278,34.955537],[-106.683641,34.956038],[-106.684304,34.957255],[-106.684924,34.958926],[-106.684997,34.960193],[-106.686689,34.963976],[-106.689202,34.973414],[-106.689207,34.975171],[-106.68905,34.976952],[-106.688326,34.978999]]]}},{"type":"Feature","properties":{"landuse":"forest"},"geometry":{"type":"Polygon","coordinates":[[[-106.686012,34.958028],[-106.687225,34.958031],[-106.689306,34.965364],[-106.690261,34.967911],[-106.69089,34.969997],[-106.691298,34.972221],[-106.691489,34.973892],[-106.691513,34.976463],[-106.691336,34.979155],[-106.69115,34.980105],[-106.690919,34.980858],[-106.69068,34.981751],[-106.689221,34.981735],[-106.690595,34.976812],[-106.690922,34.974735],[-106.690638,34.973154],[-106.689918,34.971298],[-106.689391,34.970661],[-106.689333,34.969547],[-106.687591,34.964011],[-106.685831,34.959579],[-106.68626,34.958524],[-106.686012,34.958028]]]}},{"type":"Feature","properties":{"natural":"water"},"geometry":{"type":"Polygon","coordinates":[[[-106.666885,34.941863],[-106.666849,34.941671],[-106.666864,34.941633],[-106.666939,34.941616],[-106.666995,34.941643],[-106.66702,34.941676],[-106.667025,34.941781],[-106.666997,34.941869],[-106.666941,34.94188],[-106.666885,34.941863]]]}},{"type":"Feature","properties":{"natural":"water"},"geometry":{"type":"Polygon","coordinates":[[[-106.677047,34.932779],[-106.677064,34.932752],[-106.67706,34.932703],[-106.677011,34.932621],[-106.676927,34.932607],[-106.676777,34.932627],[-106.676658,34.932586],[-106.676617,34.932557],[-106.676574,34.932509],[-106.676561,34.932461],[-106.676574,34.932275],[-106.676501,34.93224],[-106.676416,34.932253],[-106.676361,34.93239],[-106.676318,34.932436],[-106.676256,34.932466],[-106.676139,34.932498],[-106.67607,34.9325],[-106.675906,34.932466],[-106.675836,34.932491],[-106.675828,34.932548],[-106.675892,34.932686],[-106.675911,34.932763],[-106.675905,34.932844],[-106.675878,34.932924],[-106.675818,34.933018],[-106.675771,34.933063],[-106.675632,34.933128],[-106.675409,34.933116],[-106.675349,34.933133],[-106.675323,34.933166],[-106.675357,34.933326],[-106.675357,34.933417],[-106.675291,34.93368],[-106.675262,34.933722],[-106.675265,34.93378],[-106.675303,34.933923],[-106.67531,34.934045],[-106.675471,34.934319],[-106.675481,34.934384],[-106.675393,34.934809],[-106.675345,34.934923],[-106.675299,34.934957],[-106.675235,34.934974],[-106.675053,34.934998],[-106.674989,34.935021],[-106.674947,34.935058],[-106.674938,34.93523],[-106.675038,34.93533],[-106.675389,34.93538],[-106.675458,34.935362],[-106.67553,34.935303],[-106.675757,34.935272],[-106.675773,34.935257],[-106.675727,34.935192],[-106.675616,34.935137],[-106.675591,34.935101],[-106.675595,34.935056],[-106.675699,34.934986],[-106.675714,34.934946],[-106.6757,34.93491],[-106.675615,34.934862],[-106.675603,34.934803],[-106.675614,34.934756],[-106.675672,34.934695],[-106.675853,34.934633],[-106.675977,34.934502],[-106.676027,34.934483],[-106.676271,34.934491],[-106.67633,34.934477],[-106.676374,34.934444],[-106.676441,34.934344],[-106.676444,34.934296],[-106.676423,34.934244],[-106.676395,34.934216],[-106.676334,34.934199],[-106.676186,34.93418],[-106.67594,34.934265],[-106.67586,34.934265],[-106.675762,34.934254],[-106.675696,34.934226],[-106.675643,34.934165],[-106.675596,34.934081],[-106.675575,34.933993],[-106.675584,34.933942],[-106.675715,34.93378],[-106.67575,34.933704],[-106.675789,34.933516],[-106.675842,34.933458],[-106.675902,34.933424],[-106.675973,34.933408],[-106.676125,34.933437],[-106.67618,34.933469],[-106.676268,34.933579],[-106.676308,34.933824],[-106.676348,34.933882],[-106.676423,34.933926],[-106.676499,34.933944],[-106.676633,34.933924],[-106.676682,34.933875],[-106.676701,34.933831],[-106.67671,34.933667],[-106.676691,34.933614],[-106.676542,34.933448],[-106.676521,34.93338],[-106.676521,34.933302],[-106.676613,34.933131],[-106.676702,34.933039],[-106.677047,34.932779]]]}},{"type":"Feature","properties":{"natural":"water"},"geometry":{"type":"Polygon","coordinates":[[[-106.670427,34.933801],[-106.670447,34.933757],[-106.670433,34.933705],[-106.67038,34.933671],[-106.670287,34.93364],[-106.670219,34.933636],[-106.670161,34.933672],[-106.670057,34.9339],[-106.66996,34.933961],[-106.669874,34.934061],[-106.669881,34.934173],[-106.669903,34.934219],[-106.66995,34.934271],[-106.670028,34.934306],[-106.67017,34.934308],[-106.670242,34.934278],[-106.67032,34.934178],[-106.670312,34.933947],[-106.670427,34.933801]]]}},{"type":"Feature","properties":{"natural":"water"},"geometry":{"type":"Polygon","coordinates":[[[-106.674159,34.937949],[-106.67411,34.937876],[-106.674094,34.93781],[-106.674104,34.937722],[-106.674171,34.937617],[-106.674159,34.937551],[-106.674115,34.937486],[-106.674043,34.937444],[-106.673817,34.937396],[-106.6737,34.937398],[-106.673652,34.937419],[-106.673631,34.937544],[-106.673561,34.93764],[-106.673545,34.937699],[-106.673572,34.937864],[-106.673606,34.93794],[-106.673589,34.937983],[-106.673523,34.93805],[-106.67342,34.938125],[-106.673321,34.938163],[-106.673284,34.938204],[-106.673297,34.938322],[-106.673289,34.938413],[-106.673253,34.938472],[-106.673119,34.938607],[-106.673044,34.938865],[-106.673032,34.938946],[-106.673055,34.938988],[-106.673112,34.939018],[-106.67322,34.939014],[-106.673355,34.938931],[-106.673402,34.938876],[-106.673692,34.938804],[-106.67374,34.938772],[-106.673786,34.938628],[-106.673787,34.938522],[-106.673764,34.938397],[-106.673777,34.938332],[-106.673821,34.93826],[-106.673858,34.938231],[-106.674046,34.938169],[-106.674147,34.938092],[-106.674188,34.938012],[-106.674159,34.937949]]]}},{"type":"Feature","properties":{"natural":"water"},"geometry":{"type":"Polygon","coordinates":[[[-106.672206,34.940383],[-106.672077,34.940097],[-106.672027,34.940023],[-106.671898,34.939915],[-106.671787,34.939907],[-106.671716,34.939939],[-106.671644,34.940003],[-106.671636,34.940052],[-106.671654,34.940097],[-106.671771,34.94018],[-106.671789,34.940215],[-106.67177,34.940257],[-106.671588,34.940355],[-106.67157,34.94039],[-106.671588,34.940434],[-106.671656,34.940495],[-106.671707,34.940502],[-106.671779,34.940484],[-106.671835,34.940502],[-106.671894,34.940618],[-106.671896,34.940701],[-106.671808,34.940823],[-106.671914,34.940926],[-106.671932,34.940971],[-106.671926,34.941022],[-106.671914,34.941056],[-106.671737,34.941171],[-106.671738,34.941214],[-106.671798,34.941281],[-106.671811,34.941324],[-106.671736,34.941644],[-106.671757,34.941695],[-106.671836,34.941747],[-106.67193,34.941755],[-106.671981,34.941727],[-106.672062,34.941663],[-106.672119,34.941516],[-106.672166,34.941473],[-106.672398,34.941386],[-106.672446,34.941345],[-106.67246,34.941307],[-106.672458,34.941259],[-106.67233,34.941124],[-106.672282,34.941028],[-106.672284,34.940779],[-106.672332,34.940624],[-106.672401,34.940546],[-106.672392,34.940507],[-106.672256,34.940442],[-106.672206,34.940383]]]}},{"type":"Feature","properties":{"natural":"water"},"geometry":{"type":"Polygon","coordinates":[[[-106.682407,34.950308],[-106.680895,34.951237],[-106.681055,34.950618],[-106.68142,34.950459],[-106.681398,34.949694],[-106.68099,34.948683],[-106.680787,34.947592],[-106.68025,34.946678],[-106.681387,34.94141],[-106.682417,34.937663],[-106.683158,34.935825],[-106.682514,34.932896],[-106.681559,34.931867],[-106.681033,34.930178],[-106.680604,34.929554],[-106.679403,34.928595],[-106.67863,34.927487],[-106.677525,34.922305],[-106.678866,34.919385],[-106.680357,34.917265],[-106.681602,34.914493],[-106.682074,34.912584],[-106.682256,34.911088],[-106.682857,34.910341],[-106.683383,34.909078],[-106.684311,34.909373],[-106.683898,34.910209],[-106.683565,34.912065],[-106.683233,34.912602],[-106.68334,34.913218],[-106.681731,34.917335],[-106.680229,34.919438],[-106.679048,34.921232],[-106.678598,34.922147],[-106.678523,34.922983],[-106.678898,34.923801],[-106.678619,34.924681],[-106.678802,34.926237],[-106.679317,34.927082],[-106.680282,34.92739],[-106.681044,34.928401],[-106.681527,34.928498],[-106.681978,34.928956],[-106.683126,34.930592],[-106.684209,34.933591],[-106.684542,34.936397],[-106.683694,34.940126],[-106.682922,34.941287],[-106.682256,34.943899],[-106.681334,34.945816],[-106.681602,34.946854],[-106.681484,34.947522],[-106.682246,34.94885],[-106.682407,34.949387],[-106.682407,34.950308]]]}},{"type":"Feature","properties":{"natural":"water"},"geometry":{"type":"Polygon","coordinates":[[[-106.69174,34.866288],[-106.691685,34.866292],[-106.691571,34.866258],[-106.691539,34.866218],[-106.691567,34.866167],[-106.691526,34.866174],[-106.691533,34.866118],[-106.691574,34.866061],[-106.691609,34.866055],[-106.691648,34.866072],[-106.691681,34.866134],[-106.69173,34.866144],[-106.69174,34.866288]]]}},{"type":"Feature","properties":{"natural":"water"},"geometry":{"type":"Polygon","coordinates":[[[-106.702518,34.897037],[-106.701949,34.897569],[-106.700876,34.896764],[-106.701327,34.896416],[-106.702518,34.897037]]]}},{"type":"Feature","properties":{"natural":"water"},"geometry":{"type":"Polygon","coordinates":[[[-106.701515,34.899184],[-106.699771,34.897846],[-106.698082,34.899303],[-106.69909,34.899272],[-106.69946,34.898955],[-106.70004,34.899386],[-106.701515,34.899184]]]}},{"type":"Feature","properties":{"natural":"water"},"geometry":{"type":"Polygon","coordinates":[[[-106.701617,34.898995],[-106.701863,34.897688],[-106.701804,34.897618],[-106.70085,34.896918],[-106.700672,34.896975],[-106.699954,34.897675],[-106.69997,34.897838],[-106.701477,34.899008],[-106.701617,34.898995]]]}},{"type":"Feature","properties":{"natural":"water"},"geometry":{"type":"Polygon","coordinates":[[[-106.703542,34.898277],[-106.703467,34.898181],[-106.702056,34.897728],[-106.701965,34.897807],[-106.701713,34.89907],[-106.701837,34.89914],[-106.703076,34.898968],[-106.703183,34.898898],[-106.703542,34.898277]]]}},{"type":"Feature","properties":{"natural":"water"},"geometry":{"type":"Polygon","coordinates":[[[-106.704438,34.896535],[-106.703618,34.898154],[-106.702126,34.897675],[-106.702105,34.8976],[-106.702604,34.897138],[-106.70284,34.897068],[-106.703714,34.89628],[-106.703864,34.896249],[-106.704438,34.896535]]]}},{"type":"Feature","properties":{"natural":"water"},"geometry":{"type":"Polygon","coordinates":[[[-106.672614,34.919789],[-106.672167,34.919801],[-106.672519,34.920375],[-106.672772,34.920327],[-106.672614,34.919789]]]}},{"type":"Feature","properties":{"landuse":"forest"},"geometry":{"type":"Polygon","coordinates":[[[-106.681453,34.958348],[-106.681405,34.957993],[-106.681107,34.957307],[-106.678543,34.951915],[-106.678189,34.951077],[-106.678115,34.950726],[-106.681414,34.950269],[-106.68142,34.950459],[-106.681055,34.950618],[-106.680895,34.951237],[-106.681325,34.952817],[-106.682163,34.954832],[-106.68278,34.955537],[-106.681453,34.958348]]]}},{"type":"Feature","properties":{"landuse":"forest"},"geometry":{"type":"Polygon","coordinates":[[[-106.686012,34.958028],[-106.682976,34.951959],[-106.682407,34.950308],[-106.682407,34.950168],[-106.684776,34.949866],[-106.684845,34.950479],[-106.685115,34.951208],[-106.685485,34.952681],[-106.685794,34.954015],[-106.686044,34.954391],[-106.686753,34.956511],[-106.687225,34.958031],[-106.686012,34.958028]]]}},{"type":"Feature","properties":{"landuse":"forest"},"geometry":{"type":"Polygon","coordinates":[[[-106.681398,34.949694],[-106.678133,34.950182],[-106.678104,34.949897],[-106.678148,34.94954],[-106.678322,34.949172],[-106.6788,34.948352],[-106.678945,34.947627],[-106.678989,34.946522],[-106.679626,34.935971],[-106.678979,34.935014],[-106.678302,34.933623],[-106.678206,34.932809],[-106.677699,34.930516],[-106.676437,34.924407],[-106.675727,34.921055],[-106.675466,34.919593],[-106.675466,34.918334],[-106.675529,34.917666],[-106.675721,34.917015],[-106.679203,34.910528],[-106.68161,34.909184],[-106.682289,34.908564],[-106.683095,34.908123],[-106.683351,34.90764],[-106.683415,34.9072],[-106.683262,34.906559],[-106.684199,34.906593],[-106.684008,34.90727],[-106.683845,34.907992],[-106.683662,34.90848],[-106.683383,34.909078],[-106.682857,34.910341],[-106.682256,34.911088],[-106.682074,34.912584],[-106.681602,34.914493],[-106.680357,34.917265],[-106.678866,34.919385],[-106.677525,34.922305],[-106.678675,34.927551],[-106.679403,34.928595],[-106.680604,34.929554],[-106.681033,34.930178],[-106.681559,34.931867],[-106.682514,34.932896],[-106.683158,34.935825],[-106.682417,34.937663],[-106.68025,34.946678],[-106.680787,34.947592],[-106.68099,34.948683],[-106.681398,34.949694]]]}},{"type":"Feature","properties":{"landuse":"forest"},"geometry":{"type":"Polygon","coordinates":[[[-106.6849,34.949283],[-106.682407,34.949661],[-106.682407,34.949387],[-106.682246,34.94885],[-106.681484,34.947522],[-106.681602,34.946854],[-106.681334,34.945816],[-106.682256,34.943899],[-106.682922,34.941287],[-106.683694,34.940126],[-106.684542,34.936397],[-106.684209,34.933591],[-106.683126,34.930592],[-106.681978,34.928956],[-106.681527,34.928498],[-106.681044,34.928401],[-106.680282,34.92739],[-106.679317,34.927082],[-106.678802,34.926237],[-106.678619,34.924681],[-106.678898,34.923801],[-106.678523,34.922983],[-106.678598,34.922147],[-106.679048,34.921232],[-106.681731,34.917335],[-106.68334,34.913218],[-106.683233,34.912602],[-106.683565,34.912065],[-106.683898,34.910209],[-106.684311,34.909373],[-106.684746,34.908269],[-106.68481,34.907921],[-106.684944,34.907649],[-106.685942,34.906632],[-106.686112,34.906373],[-106.686488,34.906345],[-106.686782,34.90646],[-106.686706,34.906849],[-106.687064,34.907311],[-106.687192,34.90773],[-106.687205,34.908119],[-106.684952,34.921388],[-106.683031,34.926447],[-106.682993,34.926982],[-106.681956,34.928378],[-106.682442,34.928882],[-106.683249,34.929879],[-106.685182,34.932346],[-106.68522,34.933374],[-106.685118,34.936334],[-106.684952,34.942358],[-106.6849,34.949283]]]}},{"type":"Feature","properties":{"landuse":"forest"},"geometry":{"type":"Polygon","coordinates":[[[-106.684178,34.906267],[-106.683263,34.906313],[-106.68324,34.906165],[-106.683704,34.905683],[-106.684269,34.904997],[-106.684451,34.904978],[-106.684537,34.905427],[-106.684542,34.905563],[-106.684478,34.905823],[-106.684284,34.906289],[-106.684178,34.906267]]]}},{"type":"Feature","properties":{"leisure":"park"},"geometry":{"type":"Polygon","coordinates":[[[-106.668566,34.867966],[-106.667793,34.867909],[-106.667876,34.867356],[-106.668689,34.867422],[-106.668612,34.867972],[-106.668566,34.867966]]]}},{"type":"Feature","properties":{"leisure":"park","name":"Purple Heart Memorial Park"},"geometry":{"type":"Polygon","coordinates":[[[-106.704902,34.902552],[-106.704722,34.902797],[-106.703889,34.902399],[-106.704115,34.902172],[-106.704909,34.902543],[-106.704902,34.902552]]]}},{"type":"Feature","properties":{"natural":"water"},"geometry":{"type":"Polygon","coordinates":[[[-106.643846,34.932363],[-106.643833,34.932343],[-106.643846,34.932313],[-106.643871,34.932305],[-106.643905,34.932319],[-106.64391,34.932349],[-106.643895,34.932365],[-106.643846,34.932363]]]}},{"type":"Feature","properties":{"natural":"water"},"geometry":{"type":"Polygon","coordinates":[[[-106.671622,34.930392],[-106.671742,34.930382],[-106.671798,34.930307],[-106.671726,34.930217],[-106.67158,34.930212],[-106.671448,34.930304],[-106.67128,34.930343],[-106.671234,34.930414],[-106.671321,34.930447],[-106.671427,34.93045],[-106.671622,34.930392]]]}},{"type":"Feature","properties":{"leisure":"park"},"geometry":{"type":"Polygon","coordinates":[[[-106.700995,34.901199],[-106.700652,34.901563],[-106.700322,34.901405],[-106.699722,34.901897],[-106.699269,34.901619],[-106.698875,34.900673],[-106.699049,34.899866],[-106.700116,34.899795],[-106.699919,34.900545],[-106.700995,34.901199]]]}},{"type":"Feature","properties":{"natural":"water"},"geometry":{"type":"Polygon","coordinates":[[[-106.66041,34.959097],[-106.660258,34.959079],[-106.660348,34.958777],[-106.66041,34.959097]]]}},{"type":"Feature","properties":{"natural":"water"},"geometry":{"type":"Polygon","coordinates":[[[-106.663816,34.941959],[-106.663844,34.942098],[-106.663813,34.942613],[-106.663712,34.942901],[-106.663573,34.942984],[-106.663326,34.942898],[-106.662991,34.942699],[-106.662787,34.942482],[-106.662636,34.942292],[-106.662722,34.94211],[-106.662929,34.942131],[-106.663431,34.94203],[-106.663591,34.941924],[-106.663708,34.941916],[-106.663816,34.941959]]]}},{"type":"Feature","properties":{"leisure":"park"},"geometry":{"type":"Polygon","coordinates":[[[-106.692462,34.910114],[-106.692261,34.910165],[-106.691872,34.910006],[-106.691898,34.909651],[-106.692465,34.909613],[-106.692462,34.910114]]]}},{"type":"Feature","properties":{"leisure":"park"},"geometry":{"type":"Polygon","coordinates":[[[-106.696698,34.958751],[-106.696707,34.958348],[-106.697475,34.958368],[-106.697677,34.958528],[-106.697775,34.958831],[-106.696698,34.958751]]]}},{"type":"Feature","properties":{"natural":"water"},"geometry":{"type":"Polygon","coordinates":[[[-106.486382,34.965618],[-106.48636,34.965951],[-106.485765,34.965925],[-106.485786,34.965593],[-106.486382,34.965618]]]}},{"type":"Feature","properties":{"natural":"wood"},"geometry":{"type":"Polygon","coordinates":[[[-106.416749,34.865071],[-106.416391,34.864857],[-106.416171,34.864691],[-106.41596,34.864577],[-106.415838,34.864324],[-106.415952,34.864164],[-106.416179,34.864304],[-106.416488,34.864224],[-106.416781,34.86399],[-106.416984,34.863677],[-106.417082,34.863363],[-106.417163,34.863223],[-106.417594,34.863096],[-106.417789,34.862896],[-106.417976,34.863016],[-106.418635,34.863149],[-106.418708,34.863617],[-106.41879,34.863957],[-106.418765,34.86413],[-106.418261,34.863977],[-106.418155,34.864671],[-106.417985,34.864684],[-106.417822,34.864524],[-106.417415,34.864484],[-106.417293,34.864537],[-106.417115,34.864751],[-106.416944,34.865004],[-106.416749,34.865071]]]}},{"type":"Feature","properties":{"natural":"water"},"geometry":{"type":"Polygon","coordinates":[[[-106.2629,34.851632],[-106.262962,34.851793],[-106.262921,34.851849],[-106.262872,34.851853],[-106.262777,34.851753],[-106.262712,34.851655],[-106.262727,34.851618],[-106.262822,34.851577],[-106.262864,34.851589],[-106.2629,34.851632]]]}},{"type":"Feature","properties":{"leisure":"park","name":"Hockett Park"},"geometry":{"type":"Polygon","coordinates":[[[-106.295247,34.939232],[-106.293731,34.939187],[-106.293916,34.937156],[-106.29492,34.937115],[-106.295296,34.938186],[-106.295247,34.939232]]]}},{"type":"Feature","properties":{"natural":"wood"},"geometry":{"type":"Polygon","coordinates":[[[-106.236791,34.956338],[-106.23681,34.956456],[-106.23674,34.956659],[-106.236642,34.956816],[-106.236478,34.956892],[-106.236385,34.956973],[-106.2361,34.957042],[-106.236179,34.957088],[-106.236362,34.957103],[-106.236478,34.957218],[-106.236749,34.957287],[-106.236969,34.957229],[-106.237197,34.957225],[-106.237183,34.957329],[-106.237076,34.957405],[-106.236927,34.957467],[-106.236796,34.957612],[-106.236777,34.957678],[-106.237347,34.957678],[-106.237339,34.956338],[-106.236791,34.956338]]]}},{"type":"Feature","properties":{"natural":"water"},"geometry":{"type":"Polygon","coordinates":[[[-106.269431,34.869851],[-106.269331,34.869801],[-106.269291,34.869697],[-106.269361,34.869573],[-106.26945,34.869509],[-106.269641,34.869498],[-106.269795,34.869527],[-106.269864,34.869585],[-106.269874,34.869693],[-106.269801,34.869781],[-106.269572,34.869855],[-106.269431,34.869851]]]}},{"type":"Feature","properties":{"natural":"wood"},"geometry":{"type":"Polygon","coordinates":[[[-106.334491,34.853072],[-106.333724,34.853072],[-106.333439,34.852772],[-106.333136,34.852508],[-106.332939,34.852084],[-106.332806,34.851879],[-106.333332,34.851791],[-106.333626,34.851527],[-106.333813,34.851118],[-106.333983,34.850971],[-106.334598,34.851081],[-106.335178,34.851249],[-106.335543,34.851242],[-106.335838,34.850978],[-106.335989,34.850752],[-106.336427,34.850605],[-106.336828,34.850525],[-106.337193,34.850539],[-106.338709,34.850883],[-106.338451,34.851454],[-106.338174,34.85163],[-106.33772,34.851637],[-106.337488,34.851718],[-106.337149,34.851959],[-106.336899,34.852281],[-106.336828,34.852427],[-106.336756,34.852647],[-106.337051,34.852559],[-106.337211,34.852237],[-106.337532,34.851974],[-106.337809,34.851952],[-106.337595,34.852303],[-106.337327,34.852574],[-106.337095,34.852984],[-106.33681,34.853225],[-106.336516,34.853291],[-106.336302,34.853269],[-106.336221,34.853211],[-106.335927,34.853233],[-106.335847,34.853357],[-106.335668,34.853437],[-106.33524,34.853394],[-106.334848,34.853254],[-106.334625,34.853218],[-106.334491,34.853072]]]}},{"type":"Feature","properties":{"natural":"water"},"geometry":{"type":"Polygon","coordinates":[[[-106.27527,34.908854],[-106.27516,34.908884],[-106.275063,34.90908],[-106.27527,34.908854]]]}},{"type":"Feature","properties":{"natural":"water"},"geometry":{"type":"Polygon","coordinates":[[[-106.281296,34.957574],[-106.28167,34.957523],[-106.281797,34.957673],[-106.281684,34.957777],[-106.281537,34.957807],[-106.281343,34.957788],[-106.281296,34.957574]]]}},{"type":"Feature","properties":{"landuse":"forest","name":"Isleta Rectangle"},"geometry":{"type":"Polygon","coordinates":[[[-106.322956,34.938425],[-106.322884,34.942112],[-106.316388,34.942114],[-106.316396,34.938424],[-106.322956,34.938425]]]}},{"type":"Feature","properties":{"natural":"wood"},"geometry":{"type":"Polygon","coordinates":[[[-106.152093,34.917994],[-106.152144,34.91781],[-106.152293,34.917603],[-106.152378,34.917357],[-106.152341,34.91726],[-106.152619,34.917245],[-106.152954,34.91708],[-106.153025,34.916938],[-106.153251,34.916832],[-106.153477,34.916805],[-106.153664,34.916604],[-106.153896,34.916292],[-106.154006,34.916054],[-106.154051,34.915853],[-106.154219,34.915816],[-106.154399,34.915847],[-106.154387,34.916012],[-106.154399,34.916229],[-106.154258,34.916557],[-106.154032,34.916848],[-106.15378,34.917022],[-106.153625,34.917155],[-106.153431,34.917139],[-106.15327,34.917335],[-106.15307,34.917472],[-106.152889,34.917488],[-106.152676,34.917578],[-106.152664,34.9178],[-106.152741,34.917853],[-106.152657,34.917954],[-106.152573,34.917954],[-106.152444,34.918112],[-106.152328,34.918118],[-106.152205,34.918044],[-106.152128,34.918049],[-106.152093,34.917994]]]}},{"type":"Feature","properties":{"natural":"wood"},"geometry":{"type":"Polygon","coordinates":[[[-106.133029,34.944781],[-106.133096,34.94456],[-106.133292,34.944261],[-106.133434,34.944156],[-106.133461,34.944011],[-106.132265,34.944056],[-106.13215,34.943878],[-106.132407,34.943657],[-106.132596,34.943552],[-106.13288,34.943707],[-106.133171,34.943729],[-106.133434,34.943662],[-106.133414,34.943291],[-106.133083,34.943103],[-106.133022,34.94287],[-106.132887,34.942726],[-106.132711,34.942615],[-106.132515,34.942338],[-106.132434,34.942172],[-106.132251,34.941978],[-106.132285,34.941685],[-106.132414,34.94159],[-106.132616,34.941784],[-106.132819,34.941906],[-106.133009,34.942155],[-106.133069,34.942388],[-106.133225,34.942283],[-106.133259,34.941884],[-106.133678,34.941967],[-106.134171,34.942023],[-106.134725,34.941867],[-106.134705,34.941718],[-106.135347,34.941629],[-106.135658,34.941402],[-106.135874,34.941142],[-106.136273,34.941053],[-106.136449,34.941097],[-106.136334,34.941252],[-106.136246,34.941407],[-106.13628,34.941557],[-106.136638,34.941535],[-106.136929,34.941352],[-106.137125,34.940959],[-106.13707,34.940499],[-106.136969,34.940189],[-106.137314,34.94],[-106.137956,34.939684],[-106.138267,34.939302],[-106.13847,34.939208],[-106.138578,34.938975],[-106.13878,34.938859],[-106.138868,34.938404],[-106.139078,34.938465],[-106.139112,34.938787],[-106.139396,34.938931],[-106.13947,34.939053],[-106.139247,34.939313],[-106.139112,34.939424],[-106.138672,34.939518],[-106.138591,34.939651],[-106.138882,34.939795],[-106.138922,34.939989],[-106.138361,34.940094],[-106.138172,34.940371],[-106.13774,34.940427],[-106.137753,34.941114],[-106.137517,34.941286],[-106.137496,34.941657],[-106.137226,34.941756],[-106.136746,34.941834],[-106.136584,34.941973],[-106.136726,34.942117],[-106.136962,34.942233],[-106.137064,34.94225],[-106.137226,34.942172],[-106.137354,34.942083],[-106.137557,34.942133],[-106.137746,34.942255],[-106.137855,34.942366],[-106.137713,34.942543],[-106.137429,34.94261],[-106.137233,34.942776],[-106.136935,34.942876],[-106.135773,34.94302],[-106.135712,34.943452],[-106.135361,34.943568],[-106.135205,34.943577],[-106.13498,34.943806],[-106.134808,34.943773],[-106.134747,34.943664],[-106.134302,34.943643],[-106.134024,34.943818],[-106.133976,34.944008],[-106.133866,34.944209],[-106.133905,34.944373],[-106.13375,34.944495],[-106.133592,34.944558],[-106.133547,34.944736],[-106.133392,34.944812],[-106.133143,34.944823],[-106.133029,34.944781]]]}},{"type":"Feature","properties":{"natural":"wood"},"geometry":{"type":"Polygon","coordinates":[[[-106.140975,34.939523],[-106.140786,34.938645],[-106.140892,34.938501],[-106.141163,34.938597],[-106.141469,34.938771],[-106.141387,34.938925],[-106.141198,34.939041],[-106.141269,34.939349],[-106.141151,34.939475],[-106.140975,34.939523]]]}},{"type":"Feature","properties":{"natural":"wood"},"geometry":{"type":"Polygon","coordinates":[[[-106.132514,34.941298],[-106.132396,34.940642],[-106.13269,34.940478],[-106.13269,34.940005],[-106.132985,34.940005],[-106.133079,34.94069],[-106.133126,34.941279],[-106.132808,34.941356],[-106.132514,34.941298]]]}},{"type":"Feature","properties":{"natural":"wood"},"geometry":{"type":"Polygon","coordinates":[[[-106.131019,34.939832],[-106.130831,34.939378],[-106.130243,34.93933],[-106.13036,34.939137],[-106.131019,34.939002],[-106.131314,34.939253],[-106.13149,34.939311],[-106.131537,34.939475],[-106.131384,34.939591],[-106.131255,34.939803],[-106.131172,34.939841],[-106.131019,34.939832]]]}},{"type":"Feature","properties":{"natural":"wood"},"geometry":{"type":"Polygon","coordinates":[[[-106.134761,34.938134],[-106.134997,34.937825],[-106.135008,34.93741],[-106.134385,34.937449],[-106.133702,34.937449],[-106.133843,34.937189],[-106.134903,34.937025],[-106.135467,34.937034],[-106.135679,34.93716],[-106.135362,34.937324],[-106.135373,34.937787],[-106.13535,34.938153],[-106.135056,34.938192],[-106.134761,34.938134]]]}},{"type":"Feature","properties":{"natural":"wood"},"geometry":{"type":"Polygon","coordinates":[[[-106.14181,34.935867],[-106.141987,34.935481],[-106.142363,34.935298],[-106.14254,34.935153],[-106.142716,34.935385],[-106.14261,34.935606],[-106.142422,34.935732],[-106.142375,34.935896],[-106.14214,34.935954],[-106.141928,34.935954],[-106.14181,34.935867]]]}},{"type":"Feature","properties":{"natural":"wood"},"geometry":{"type":"Polygon","coordinates":[[[-106.133571,34.93418],[-106.133448,34.933408],[-106.133427,34.933004],[-106.133079,34.93292],[-106.133284,34.932652],[-106.133612,34.932534],[-106.133775,34.932349],[-106.134144,34.932568],[-106.134411,34.933021],[-106.134493,34.933525],[-106.134226,34.93371],[-106.133796,34.93418],[-106.133571,34.93418]]]}},{"type":"Feature","properties":{"natural":"wood"},"geometry":{"type":"Polygon","coordinates":[[[-106.139799,34.932954],[-106.139861,34.932517],[-106.140168,34.932265],[-106.140598,34.932517],[-106.140557,34.932702],[-106.140311,34.933004],[-106.139983,34.933139],[-106.139799,34.932954]]]}},{"type":"Feature","properties":{"natural":"wood"},"geometry":{"type":"Polygon","coordinates":[[[-106.139717,34.932332],[-106.139225,34.93156],[-106.13984,34.931526],[-106.140147,34.931812],[-106.139943,34.932131],[-106.139717,34.932332]]]}},{"type":"Feature","properties":{"natural":"wood"},"geometry":{"type":"Polygon","coordinates":[[[-106.135312,34.930317],[-106.135271,34.929813],[-106.135845,34.929527],[-106.136275,34.929813],[-106.136029,34.930014],[-106.135947,34.93025],[-106.135558,34.930334],[-106.135312,34.930317]]]}},{"type":"Feature","properties":{"natural":"wood"},"geometry":{"type":"Polygon","coordinates":[[[-106.144635,34.934327],[-106.14443,34.933838],[-106.144645,34.933549],[-106.144831,34.93306],[-106.145007,34.932771],[-106.144508,34.931977],[-106.144479,34.931336],[-106.144645,34.930959],[-106.145046,34.930935],[-106.145281,34.931352],[-106.14577,34.93156],[-106.145858,34.93217],[-106.146014,34.932579],[-106.145955,34.932891],[-106.145799,34.933388],[-106.145545,34.933533],[-106.145545,34.93403],[-106.145349,34.934367],[-106.145007,34.934399],[-106.144635,34.934327]]]}},{"type":"Feature","properties":{"natural":"wood"},"geometry":{"type":"Polygon","coordinates":[[[-106.148303,34.934046],[-106.148107,34.933621],[-106.148469,34.933493],[-106.148831,34.933637],[-106.149271,34.933693],[-106.149457,34.933797],[-106.14936,34.933958],[-106.148792,34.934046],[-106.14846,34.93407],[-106.148303,34.934046]]]}},{"type":"Feature","properties":{"natural":"wood"},"geometry":{"type":"Polygon","coordinates":[[[-106.141759,34.930309],[-106.142904,34.930245],[-106.143177,34.930437],[-106.144029,34.930437],[-106.144752,34.930301],[-106.145046,34.930141],[-106.145378,34.929692],[-106.145682,34.929643],[-106.145965,34.929379],[-106.146347,34.929066],[-106.146924,34.928785],[-106.14709,34.928633],[-106.147031,34.928208],[-106.146591,34.927991],[-106.146415,34.928184],[-106.145995,34.928408],[-106.145907,34.928737],[-106.145124,34.929315],[-106.144743,34.929251],[-106.14442,34.929507],[-106.143715,34.929547],[-106.143246,34.929635],[-106.142405,34.9297],[-106.14217,34.929972],[-106.141759,34.930084],[-106.141642,34.930237],[-106.141759,34.930309]]]}},{"type":"Feature","properties":{"natural":"water"},"geometry":{"type":"Polygon","coordinates":[[[-106.991548,35.062597],[-106.991087,35.062948],[-106.990626,35.062922],[-106.990572,35.062518],[-106.990679,35.062448],[-106.991076,35.062342],[-106.99127,35.062342],[-106.991548,35.062597]]]}},{"type":"Feature","properties":{"natural":"water"},"geometry":{"type":"Polygon","coordinates":[[[-106.982773,35.057108],[-106.981797,35.056915],[-106.981969,35.056397],[-106.982956,35.05659],[-106.982773,35.057108]]]}},{"type":"Feature","properties":{"natural":"water"},"geometry":{"type":"Polygon","coordinates":[[[-106.982924,35.056494],[-106.98198,35.056292],[-106.982119,35.055844],[-106.983074,35.056046],[-106.982924,35.056494]]]}},{"type":"Feature","properties":{"natural":"water"},"geometry":{"type":"Polygon","coordinates":[[[-107.057522,35.005071],[-107.057181,35.005137],[-107.05711,35.004888],[-107.057451,35.004823],[-107.057522,35.005071]]]}},{"type":"Feature","properties":{"natural":"water"},"geometry":{"type":"Polygon","coordinates":[[[-107.046123,35.006403],[-107.045746,35.006256],[-107.045915,35.005965],[-107.046292,35.006111],[-107.046123,35.006403]]]}},{"type":"Feature","properties":{"natural":"water"},"geometry":{"type":"Polygon","coordinates":[[[-106.93901,35.062156],[-106.938957,35.062231],[-106.938951,35.062284],[-106.939,35.062345],[-106.939096,35.062376],[-106.939284,35.062347],[-106.9393,35.062264],[-106.939292,35.062205],[-106.939257,35.062172],[-106.939252,35.062126],[-106.939195,35.062101],[-106.939134,35.062143],[-106.93901,35.062156]]]}},{"type":"Feature","properties":{"natural":"water"},"geometry":{"type":"Polygon","coordinates":[[[-106.862524,35.071807],[-106.862307,35.071502],[-106.86301,35.071168],[-106.863226,35.071472],[-106.862524,35.071807]]]}},{"type":"Feature","properties":{"natural":"water"},"geometry":{"type":"Polygon","coordinates":[[[-106.859561,35.004964],[-106.859563,35.005351],[-106.858959,35.005353],[-106.858958,35.004965],[-106.859561,35.004964]]]}},{"type":"Feature","properties":{"natural":"water"},"geometry":{"type":"Polygon","coordinates":[[[-106.85956,35.004608],[-106.859561,35.004923],[-106.859069,35.004925],[-106.859067,35.00461],[-106.85956,35.004608]]]}},{"type":"Feature","properties":{"natural":"water"},"geometry":{"type":"Polygon","coordinates":[[[-106.856046,35.004738],[-106.855829,35.004737],[-106.855828,35.005183],[-106.856045,35.005184],[-106.856046,35.004738]]]}},{"type":"Feature","properties":{"natural":"water"},"geometry":{"type":"Polygon","coordinates":[[[-106.948669,35.022722],[-106.94716,35.022731],[-106.947152,35.021803],[-106.948661,35.021794],[-106.948669,35.022722]]]}},{"type":"Feature","properties":{"natural":"water"},"geometry":{"type":"Polygon","coordinates":[[[-106.947959,35.02436],[-106.946844,35.024373],[-106.946832,35.023739],[-106.947947,35.023725],[-106.947959,35.02436]]]}},{"type":"Feature","properties":{"natural":"water"},"geometry":{"type":"Polygon","coordinates":[[[-106.940402,35.032235],[-106.939621,35.03226],[-106.93959,35.031728],[-106.940301,35.031678],[-106.940402,35.032235]]]}},{"type":"Feature","properties":{"natural":"water"},"geometry":{"type":"Polygon","coordinates":[[[-106.939858,35.037515],[-106.940298,35.037481],[-106.940257,35.037125],[-106.939817,35.037158],[-106.939858,35.037515]]]}},{"type":"Feature","properties":{"natural":"water"},"geometry":{"type":"Polygon","coordinates":[[[-106.884557,35.010123],[-106.884455,35.009894],[-106.885469,35.009591],[-106.885571,35.00982],[-106.884557,35.010123]]]}},{"type":"Feature","properties":{"leisure":"park","name":"Truman Middle School Park"},"geometry":{"type":"Polygon","coordinates":[[[-106.735682,35.050501],[-106.735783,35.050505],[-106.736307,35.051106],[-106.736512,35.051154],[-106.736619,35.051155],[-106.737128,35.050877],[-106.737205,35.050753],[-106.737241,35.050637],[-106.737047,35.050417],[-106.737067,35.050345],[-106.738019,35.049813],[-106.737659,35.049219],[-106.73761,35.049209],[-106.7367,35.049568],[-106.736459,35.049629],[-106.736215,35.049657],[-106.736069,35.049653],[-106.735843,35.049611],[-106.735682,35.050501]]]}},{"type":"Feature","properties":{"leisure":"park","name":"Anderson Highlands Park"},"geometry":{"type":"Polygon","coordinates":[[[-106.745819,35.027341],[-106.745825,35.027884],[-106.745165,35.027887],[-106.745168,35.028331],[-106.74465,35.028336],[-106.744588,35.028138],[-106.74458,35.027466],[-106.744596,35.027451],[-106.744618,35.027433],[-106.744712,35.027427],[-106.744738,35.027449],[-106.744822,35.027455],[-106.744859,35.027453],[-106.744883,35.027429],[-106.745235,35.027418],[-106.745374,35.02735],[-106.745819,35.027341]]]}},{"type":"Feature","properties":{"leisure":"park","name":"Lavaland Park"},"geometry":{"type":"Polygon","coordinates":[[[-106.710412,35.083611],[-106.709852,35.083741],[-106.710267,35.084956],[-106.710409,35.084921],[-106.710412,35.083611]]]}},{"type":"Feature","properties":{"leisure":"park","name":"Lazy Day Park"},"geometry":{"type":"Polygon","coordinates":[[[-106.736432,35.025074],[-106.736362,35.025077],[-106.737016,35.027286],[-106.737202,35.027269],[-106.737307,35.027234],[-106.737674,35.027275],[-106.737738,35.027236],[-106.737754,35.027196],[-106.73779,35.0269],[-106.737786,35.026481],[-106.736853,35.026485],[-106.736432,35.025074]]]}},{"type":"Feature","properties":{"leisure":"park","name":"Carlos Rey Park"},"geometry":{"type":"Polygon","coordinates":[[[-106.751398,35.051716],[-106.751876,35.051096],[-106.751994,35.050753],[-106.752026,35.049942],[-106.749671,35.04997],[-106.749665,35.050177],[-106.749054,35.050455],[-106.751398,35.051716]]]}},{"type":"Feature","properties":{"leisure":"park","name":"Atrisco Village Park"},"geometry":{"type":"Polygon","coordinates":[[[-106.751342,35.045772],[-106.749295,35.04663],[-106.748743,35.045633],[-106.75114,35.04548],[-106.751342,35.045772]]]}},{"type":"Feature","properties":{"leisure":"park","name":"Tower Park"},"geometry":{"type":"Polygon","coordinates":[[[-106.730311,35.063602],[-106.729925,35.060713],[-106.726552,35.061006],[-106.726975,35.063848],[-106.730311,35.063602]]]}},{"type":"Feature","properties":{"leisure":"park","name":"Anderson Mesa Park"},"geometry":{"type":"Polygon","coordinates":[[[-106.730371,35.027479],[-106.73043,35.027523],[-106.73043,35.027833],[-106.73039,35.027875],[-106.730237,35.027883],[-106.730079,35.027914],[-106.729172,35.028193],[-106.728874,35.028228],[-106.728869,35.027508],[-106.728917,35.027468],[-106.7291,35.027468],[-106.729266,35.027488],[-106.730371,35.027479]]]}},{"type":"Feature","properties":{"leisure":"park","name":"Avalon Park"},"geometry":{"type":"Polygon","coordinates":[[[-106.736049,35.079203],[-106.737322,35.079209],[-106.737317,35.080195],[-106.736381,35.080188],[-106.736195,35.080201],[-106.736158,35.080181],[-106.736099,35.080045],[-106.736048,35.07987],[-106.736016,35.079672],[-106.736011,35.079508],[-106.736049,35.079203]]]}},{"type":"Feature","properties":{"name":"Amole Dam","natural":"water"},"geometry":{"type":"Polygon","coordinates":[[[-106.723665,35.033189],[-106.723692,35.034521],[-106.723603,35.034949],[-106.722131,35.034798],[-106.721606,35.034726],[-106.717904,35.0343],[-106.71772,35.034259],[-106.717611,35.034211],[-106.71754,35.034077],[-106.717718,35.033265],[-106.717839,35.033198],[-106.717998,35.033149],[-106.723538,35.033099],[-106.723665,35.033189]]]}},{"type":"Feature","properties":{"ele":"1522","leisure":"park","name":"Tom Tenorio Park"},"geometry":{"type":"Polygon","coordinates":[[[-106.714902,35.047301],[-106.714054,35.052058],[-106.711313,35.051727],[-106.711329,35.050702],[-106.709816,35.050492],[-106.710005,35.049573],[-106.710432,35.047204],[-106.71062,35.046766],[-106.714902,35.047301]]]}},{"type":"Feature","properties":{"leisure":"park"},"geometry":{"type":"Polygon","coordinates":[[[-106.756075,35.057389],[-106.756078,35.056828],[-106.755119,35.056824],[-106.75511,35.057384],[-106.756075,35.057389]]]}},{"type":"Feature","properties":{"leisure":"park"},"geometry":{"type":"Polygon","coordinates":[[[-106.713924,35.056663],[-106.714227,35.056798],[-106.714254,35.056752],[-106.714484,35.056663],[-106.715318,35.056499],[-106.715351,35.056475],[-106.715363,35.056431],[-106.715327,35.056281],[-106.71533,35.056192],[-106.715367,35.056102],[-106.715268,35.055765],[-106.715351,35.05531],[-106.715242,35.055301],[-106.715148,35.055359],[-106.71505,35.055366],[-106.714968,35.055327],[-106.714929,35.055272],[-106.714979,35.055121],[-106.714667,35.055025],[-106.713924,35.056663]]]}},{"type":"Feature","properties":{"leisure":"park","name":"Sunrise Terrace Park"},"geometry":{"type":"Polygon","coordinates":[[[-106.746031,35.058414],[-106.746024,35.059736],[-106.745279,35.059749],[-106.745256,35.058497],[-106.745677,35.058487],[-106.746031,35.058414]]]}},{"type":"Feature","properties":{"leisure":"park"},"geometry":{"type":"Polygon","coordinates":[[[-106.747743,35.057388],[-106.74863,35.057394],[-106.748639,35.056715],[-106.747744,35.056701],[-106.747743,35.057388]]]}},{"type":"Feature","properties":{"natural":"water"},"geometry":{"type":"Polygon","coordinates":[[[-106.745534,35.075256],[-106.744619,35.072518],[-106.74438,35.072576],[-106.744253,35.072547],[-106.744169,35.072626],[-106.743274,35.07282],[-106.744185,35.075566],[-106.745534,35.075256]]]}},{"type":"Feature","properties":{"name":"Snow Vista Pond","natural":"water"},"geometry":{"type":"Polygon","coordinates":[[[-106.74478,35.067035],[-106.74598,35.067039],[-106.745981,35.065951],[-106.74453,35.066266],[-106.74478,35.067035]]]}},{"type":"Feature","properties":{"natural":"water"},"geometry":{"type":"Polygon","coordinates":[[[-106.711678,35.066032],[-106.712846,35.069768],[-106.712241,35.069727],[-106.710724,35.066225],[-106.711678,35.066032]]]}},{"type":"Feature","properties":{"name":"Hubbel Dam","natural":"water"},"geometry":{"type":"Polygon","coordinates":[[[-106.720392,35.01948],[-106.715757,35.018971],[-106.716078,35.016194],[-106.718804,35.016194],[-106.719362,35.016633],[-106.719555,35.017266],[-106.720263,35.017951],[-106.721078,35.019111],[-106.722033,35.02086],[-106.721799,35.023336],[-106.720964,35.023214],[-106.721292,35.020942],[-106.720392,35.01948]]]}},{"type":"Feature","properties":{"name":"Borrega Dam","natural":"water"},"geometry":{"type":"Polygon","coordinates":[[[-106.72982,35.018434],[-106.729269,35.018421],[-106.728955,35.018362],[-106.728718,35.018414],[-106.728508,35.018432],[-106.728352,35.018414],[-106.728197,35.018363],[-106.728052,35.018343],[-106.727909,35.018292],[-106.727844,35.018224],[-106.727813,35.018057],[-106.727884,35.017782],[-106.727814,35.017577],[-106.727763,35.017324],[-106.727801,35.017189],[-106.727903,35.016985],[-106.727951,35.016778],[-106.727955,35.015687],[-106.72796,35.015529],[-106.727991,35.015472],[-106.728179,35.015443],[-106.7286,35.01547],[-106.729052,35.015425],[-106.729379,35.015467],[-106.729756,35.015475],[-106.730076,35.015393],[-106.73004,35.015515],[-106.729976,35.015916],[-106.729958,35.018216],[-106.729932,35.018373],[-106.72982,35.018434]]]}},{"type":"Feature","properties":{"name":"Don Felipe Dam","natural":"water"},"geometry":{"type":"Polygon","coordinates":[[[-106.726955,35.001526],[-106.724833,35.00054],[-106.725166,34.997299],[-106.727558,34.996526],[-106.726955,35.001526]]]}},{"type":"Feature","properties":{"name":"Raymac Dam","natural":"water"},"geometry":{"type":"Polygon","coordinates":[[[-106.72566,34.981735],[-106.725238,34.981727],[-106.725013,34.981654],[-106.724797,34.981374],[-106.724617,34.981197],[-106.724307,34.980772],[-106.724182,34.980454],[-106.723765,34.978617],[-106.723741,34.978402],[-106.723744,34.978276],[-106.723802,34.978119],[-106.724069,34.977816],[-106.724429,34.977479],[-106.724475,34.977491],[-106.724653,34.977904],[-106.725229,34.978074],[-106.725598,34.980092],[-106.72566,34.981735]]]}},{"type":"Feature","properties":{"name":"Westgate Dam","natural":"water"},"geometry":{"type":"Polygon","coordinates":[[[-106.764932,35.041379],[-106.76488,35.046701],[-106.764593,35.046947],[-106.763326,35.047321],[-106.764083,35.048004],[-106.764958,35.048143],[-106.765493,35.048058],[-106.766028,35.047748],[-106.766694,35.046808],[-106.76719,35.045889],[-106.76749,35.045098],[-106.768626,35.04498],[-106.768704,35.043815],[-106.767373,35.042298],[-106.76612,35.042276],[-106.765245,35.042074],[-106.764932,35.041379]]]}},{"type":"Feature","properties":{"name":"Ladera Dam 0","natural":"water"},"geometry":{"type":"Polygon","coordinates":[[[-106.768194,35.085305],[-106.767836,35.084997],[-106.767774,35.084862],[-106.76803,35.08453],[-106.768165,35.084491],[-106.768306,35.084664],[-106.768585,35.084759],[-106.768575,35.084997],[-106.768194,35.085305]]]}},{"type":"Feature","properties":{"name":"East Amole Surge Pond","natural":"water"},"geometry":{"type":"Polygon","coordinates":[[[-106.7727,35.075146],[-106.772565,35.075324],[-106.771768,35.075471],[-106.771546,35.075613],[-106.771193,35.075672],[-106.770933,35.075676],[-106.770604,35.075811],[-106.770121,35.075913],[-106.769839,35.076088],[-106.769488,35.076273],[-106.769155,35.076336],[-106.768952,35.076356],[-106.76873,35.076289],[-106.768508,35.076087],[-106.768464,35.075818],[-106.768551,35.075593],[-106.768749,35.075467],[-106.769054,35.075427],[-106.769339,35.075312],[-106.769599,35.07502],[-106.770044,35.074945],[-106.77028,35.074795],[-106.770532,35.07466],[-106.770875,35.07451],[-106.771188,35.074348],[-106.771536,35.074225],[-106.771787,35.074016],[-106.771995,35.07396],[-106.77229,35.073992],[-106.772469,35.074107],[-106.772613,35.074463],[-106.772758,35.075008],[-106.7727,35.075146]]]}},{"type":"Feature","properties":{"name":"98th Street Dam","natural":"water"},"geometry":{"type":"Polygon","coordinates":[[[-106.749002,35.084927],[-106.747043,35.086095],[-106.746967,35.086172],[-106.747156,35.086724],[-106.747314,35.086736],[-106.747676,35.086647],[-106.747988,35.086499],[-106.748324,35.086246],[-106.749296,35.085247],[-106.749482,35.084981],[-106.749486,35.084879],[-106.749464,35.08483],[-106.749432,35.084805],[-106.749293,35.084782],[-106.749207,35.084796],[-106.749145,35.084825],[-106.749002,35.084927]]]}},{"type":"Feature","properties":{"leisure":"park","name":"Sun Chaser Park"},"geometry":{"type":"Polygon","coordinates":[[[-106.740633,35.038567],[-106.740047,35.038751],[-106.739892,35.038658],[-106.739957,35.038243],[-106.740234,35.038266],[-106.740268,35.038282],[-106.740384,35.038414],[-106.740579,35.038472],[-106.740633,35.038567]]]}},{"type":"Feature","properties":{"leisure":"park","name":"Morning Sun Park"},"geometry":{"type":"Polygon","coordinates":[[[-106.739439,35.039322],[-106.739251,35.03958],[-106.738955,35.039437],[-106.739143,35.039178],[-106.739439,35.039322]]]}},{"type":"Feature","properties":{"name":"Ladera Dam 1","natural":"water"},"geometry":{"type":"Polygon","coordinates":[[[-106.759457,35.090619],[-106.759522,35.090475],[-106.759477,35.090299],[-106.759366,35.090112],[-106.759255,35.08985],[-106.759372,35.089877],[-106.759418,35.089679],[-106.75917,35.08954],[-106.759052,35.089412],[-106.759033,35.089289],[-106.758928,35.089166],[-106.758628,35.089305],[-106.758308,35.089492],[-106.758178,35.089642],[-106.758119,35.089936],[-106.758178,35.090064],[-106.758563,35.09055],[-106.758746,35.09071],[-106.758941,35.09079],[-106.759085,35.090827],[-106.759294,35.090758],[-106.759457,35.090619]]]}},{"type":"Feature","properties":{"natural":"water"},"geometry":{"type":"Polygon","coordinates":[[[-106.800566,35.058104],[-106.800529,35.057986],[-106.800146,35.058044],[-106.800179,35.058165],[-106.800566,35.058104]]]}},{"type":"Feature","properties":{"leisure":"park","name":"Tierra West Park"},"geometry":{"type":"Polygon","coordinates":[[[-106.785439,35.056151],[-106.785582,35.055444],[-106.783499,35.055466],[-106.783265,35.056697],[-106.784079,35.056656],[-106.784152,35.056373],[-106.784834,35.056367],[-106.784897,35.056072],[-106.785439,35.056151]]]}},{"type":"Feature","properties":{"natural":"water"},"geometry":{"type":"Polygon","coordinates":[[[-106.740082,35.089939],[-106.740156,35.090356],[-106.739386,35.090587],[-106.739184,35.090302],[-106.740082,35.089939]]]}},{"type":"Feature","properties":{"natural":"water"},"geometry":{"type":"Polygon","coordinates":[[[-106.715291,35.002954],[-106.715281,35.0034],[-106.714681,35.003374],[-106.714776,35.002948],[-106.715291,35.002954]]]}},{"type":"Feature","properties":{"leisure":"park","name":"Desert Sands Park"},"geometry":{"type":"Polygon","coordinates":[[[-106.743394,35.03181],[-106.742847,35.03181],[-106.742846,35.0311],[-106.743394,35.0311],[-106.743394,35.03181]]]}},{"type":"Feature","properties":{"natural":"water"},"geometry":{"type":"Polygon","coordinates":[[[-106.745827,35.029747],[-106.746441,35.029811],[-106.746319,35.030873],[-106.745832,35.03089],[-106.745512,35.030659],[-106.745827,35.029747]]]}},{"type":"Feature","properties":{"leisure":"park","name":"West Mesa Memorial Park"},"geometry":{"type":"Polygon","coordinates":[[[-106.752515,35.037076],[-106.752505,35.036493],[-106.751094,35.036508],[-106.751103,35.037092],[-106.752515,35.037076]]]}},{"type":"Feature","properties":{"leisure":"park","name":"The Orchards Park"},"geometry":{"type":"Polygon","coordinates":[[[-106.753187,35.031922],[-106.752083,35.031921],[-106.752093,35.031414],[-106.752304,35.031332],[-106.752199,35.031127],[-106.751964,35.03121],[-106.751943,35.030983],[-106.752949,35.030978],[-106.753187,35.031922]]]}},{"type":"Feature","properties":{"leisure":"park","name":"Anderson Heights Park"},"geometry":{"type":"Polygon","coordinates":[[[-106.751582,35.028543],[-106.751581,35.029128],[-106.750175,35.02913],[-106.750174,35.028547],[-106.751582,35.028543]]]}},{"type":"Feature","properties":{"leisure":"park","name":"Westgate Community Park"},"geometry":{"type":"Polygon","coordinates":[[[-106.743223,35.044305],[-106.74522,35.044332],[-106.745247,35.046179],[-106.743106,35.046185],[-106.743111,35.04577],[-106.743194,35.045482],[-106.743223,35.044305]]]}},{"type":"Feature","properties":{"leisure":"park","name":"Sierra Sunset Park"},"geometry":{"type":"Polygon","coordinates":[[[-106.748227,35.037287],[-106.748377,35.037412],[-106.748379,35.037788],[-106.748218,35.037906],[-106.747205,35.038099],[-106.746367,35.038644],[-106.745465,35.037893],[-106.745323,35.037598],[-106.74529,35.037377],[-106.748227,35.037287]]]}},{"type":"Feature","properties":{"natural":"water"},"geometry":{"type":"Polygon","coordinates":[[[-106.71898,35.012077],[-106.719771,35.012076],[-106.719771,35.012783],[-106.718981,35.012783],[-106.71898,35.012077]]]}},{"type":"Feature","properties":{"natural":"water"},"geometry":{"type":"Polygon","coordinates":[[[-106.818806,35.060743],[-106.81874,35.060792],[-106.818649,35.060777],[-106.818649,35.060723],[-106.81874,35.060674],[-106.818806,35.060743]]]}},{"type":"Feature","properties":{"leisure":"park","name":"Desert Springs Park"},"geometry":{"type":"Polygon","coordinates":[[[-106.720508,35.047237],[-106.721727,35.047391],[-106.721515,35.048057],[-106.721078,35.048825],[-106.72058,35.048634],[-106.720341,35.048609],[-106.720339,35.048414],[-106.720278,35.048278],[-106.720349,35.048232],[-106.72045,35.04809],[-106.720505,35.047831],[-106.720503,35.047714],[-106.720479,35.04765],[-106.720408,35.047564],[-106.720459,35.047522],[-106.720508,35.047237]]]}},{"type":"Feature","properties":{"natural":"water"},"geometry":{"type":"Polygon","coordinates":[[[-106.72706,35.04397],[-106.726885,35.043865],[-106.727474,35.042319],[-106.727439,35.043908],[-106.72706,35.04397]]]}},{"type":"Feature","properties":{"natural":"water"},"geometry":{"type":"Polygon","coordinates":[[[-106.758854,35.06418],[-106.759383,35.064056],[-106.759302,35.06386],[-106.758853,35.063958],[-106.758806,35.064021],[-106.758854,35.06418]]]}},{"type":"Feature","properties":{"natural":"water"},"geometry":{"type":"Polygon","coordinates":[[[-106.732904,35.086366],[-106.732805,35.086403],[-106.73273,35.086355],[-106.732707,35.086224],[-106.73265,35.086183],[-106.732644,35.085963],[-106.73269,35.08592],[-106.732829,35.08593],[-106.732869,35.085984],[-106.732886,35.086317],[-106.732904,35.086366]]]}},{"type":"Feature","properties":{"name":"Pajarito Diversion Sedimentation Basin","natural":"water"},"geometry":{"type":"Polygon","coordinates":[[[-106.731103,34.990377],[-106.729321,34.990308],[-106.729305,34.989603],[-106.729644,34.989309],[-106.729983,34.989198],[-106.730987,34.989175],[-106.731103,34.990377]]]}},{"type":"Feature","properties":{"name":"Los Indios Diversion Sedimentation Basin","natural":"water"},"geometry":{"type":"Polygon","coordinates":[[[-106.734001,34.975518],[-106.733214,34.975465],[-106.73274,34.975351],[-106.732411,34.975098],[-106.73237,34.974742],[-106.732505,34.973254],[-106.732579,34.973167],[-106.732788,34.973204],[-106.733288,34.973708],[-106.733399,34.973785],[-106.733948,34.973839],[-106.733944,34.973916],[-106.733505,34.974003],[-106.733497,34.974591],[-106.733956,34.974709],[-106.734001,34.975518]]]}},{"type":"Feature","properties":{"natural":"water"},"geometry":{"type":"Polygon","coordinates":[[[-106.759897,35.063818],[-106.759842,35.063929],[-106.759767,35.063967],[-106.759685,35.063931],[-106.759519,35.063444],[-106.759541,35.063411],[-106.759676,35.06339],[-106.75973,35.063397],[-106.759758,35.063423],[-106.759897,35.063818]]]}},{"type":"Feature","properties":{"natural":"water"},"geometry":{"type":"Polygon","coordinates":[[[-106.744732,35.075917],[-106.744923,35.075865],[-106.744854,35.075693],[-106.744662,35.075745],[-106.744732,35.075917]]]}},{"type":"Feature","properties":{"natural":"water"},"geometry":{"type":"Polygon","coordinates":[[[-106.72875,35.090321],[-106.728665,35.089982],[-106.728481,35.090042],[-106.72875,35.090321]]]}},{"type":"Feature","properties":{"natural":"water"},"geometry":{"type":"Polygon","coordinates":[[[-106.724926,35.088466],[-106.724698,35.088551],[-106.724534,35.088344],[-106.724741,35.088249],[-106.724926,35.088466]]]}},{"type":"Feature","properties":{"leisure":"park","name":"Vista Nueva Park"},"geometry":{"type":"Polygon","coordinates":[[[-106.725512,35.050467],[-106.725136,35.050432],[-106.724386,35.050153],[-106.723886,35.051059],[-106.724274,35.051171],[-106.724445,35.051327],[-106.725512,35.050467]]]}},{"type":"Feature","properties":{"natural":"water"},"geometry":{"type":"Polygon","coordinates":[[[-106.722825,34.974332],[-106.722745,34.974585],[-106.722565,34.974618],[-106.722445,34.974454],[-106.722683,34.974337],[-106.722825,34.974332]]]}},{"type":"Feature","properties":{"natural":"water"},"geometry":{"type":"Polygon","coordinates":[[[-106.776588,35.06229],[-106.776718,35.062565],[-106.77666,35.062754],[-106.776478,35.062789],[-106.776396,35.062628],[-106.776319,35.062345],[-106.776415,35.062271],[-106.776588,35.06229]]]}},{"type":"Feature","properties":{"natural":"water"},"geometry":{"type":"Polygon","coordinates":[[[-106.722106,35.07612],[-106.721632,35.076136],[-106.721513,35.076047],[-106.721566,35.075979],[-106.721987,35.075955],[-106.722128,35.076029],[-106.722106,35.07612]]]}},{"type":"Feature","properties":{"leisure":"park","name":"Aspiration Park"},"geometry":{"type":"Polygon","coordinates":[[[-106.750114,35.035057],[-106.750119,35.03555],[-106.748818,35.035552],[-106.748814,35.035059],[-106.750114,35.035057]]]}},{"type":"Feature","properties":{"access":"permissive","leisure":"park","name":"Blossom Ridge Park"},"geometry":{"type":"Polygon","coordinates":[[[-106.735595,35.02707],[-106.73567,35.027108],[-106.735717,35.027296],[-106.735703,35.02731],[-106.735135,35.027459],[-106.734805,35.027511],[-106.734774,35.027179],[-106.73484,35.027141],[-106.735595,35.02707]]]}},{"type":"Feature","properties":{"natural":"water"},"geometry":{"type":"Polygon","coordinates":[[[-106.737657,35.039713],[-106.737629,35.039804],[-106.737553,35.039834],[-106.737544,35.039978],[-106.737444,35.039948],[-106.73749,35.0397],[-106.737657,35.039713]]]}},{"type":"Feature","properties":{"leisure":"park","name":"Silver Tree Park"},"geometry":{"type":"Polygon","coordinates":[[[-106.732973,35.041225],[-106.733134,35.041518],[-106.732303,35.041839],[-106.731957,35.041232],[-106.731936,35.040905],[-106.732128,35.040854],[-106.732416,35.040588],[-106.732786,35.04068],[-106.732848,35.040854],[-106.732453,35.041005],[-106.732668,35.041344],[-106.732973,35.041225]]]}},{"type":"Feature","properties":{"leisure":"park","name":"Westgate Heights Park"},"geometry":{"type":"Polygon","coordinates":[[[-106.732521,35.053975],[-106.731968,35.054409],[-106.731599,35.054529],[-106.730985,35.054601],[-106.730578,35.054625],[-106.730541,35.054461],[-106.73041,35.054257],[-106.729902,35.053829],[-106.731109,35.052809],[-106.732521,35.053975]]]}},{"type":"Feature","properties":{"natural":"water"},"geometry":{"type":"Polygon","coordinates":[[[-106.750235,35.065262],[-106.750256,35.065632],[-106.750094,35.065686],[-106.750015,35.065673],[-106.749961,35.065405],[-106.749986,35.065265],[-106.750048,35.065177],[-106.750169,35.065177],[-106.750235,35.065262]]]}},{"type":"Feature","properties":{"leisure":"park","name":"Playground"},"geometry":{"type":"Polygon","coordinates":[[[-106.731972,35.054126],[-106.731773,35.054154],[-106.731746,35.054021],[-106.731899,35.053965],[-106.731996,35.054042],[-106.731972,35.054126]]]}},{"type":"Feature","properties":{"natural":"water"},"geometry":{"type":"Polygon","coordinates":[[[-106.738521,35.08224],[-106.738716,35.082894],[-106.738687,35.083143],[-106.738602,35.082943],[-106.738387,35.082277],[-106.738521,35.08224]]]}},{"type":"Feature","properties":{"natural":"water"},"geometry":{"type":"Polygon","coordinates":[[[-106.713589,35.018058],[-106.713651,35.018284],[-106.713544,35.01822],[-106.713542,35.018064],[-106.713589,35.018058]]]}},{"type":"Feature","properties":{"natural":"water"},"geometry":{"type":"Polygon","coordinates":[[[-106.739688,35.030011],[-106.739653,35.030163],[-106.739487,35.03017],[-106.739466,35.030045],[-106.739497,35.029989],[-106.739558,35.029977],[-106.739688,35.030011]]]}},{"type":"Feature","properties":{"natural":"water"},"geometry":{"type":"Polygon","coordinates":[[[-106.739106,35.056517],[-106.738976,35.056606],[-106.738817,35.056488],[-106.738962,35.056333],[-106.739106,35.056517]]]}},{"type":"Feature","properties":{"leisure":"park"},"geometry":{"type":"Polygon","coordinates":[[[-106.733783,35.028792],[-106.733385,35.029089],[-106.733401,35.02914],[-106.73379,35.029125],[-106.733783,35.028792]]]}},{"type":"Feature","properties":{"natural":"water"},"geometry":{"type":"Polygon","coordinates":[[[-106.710966,35.049406],[-106.710627,35.049157],[-106.710549,35.049547],[-106.710966,35.049406]]]}},{"type":"Feature","properties":{"natural":"water"},"geometry":{"type":"Polygon","coordinates":[[[-106.711674,35.051143],[-106.711567,35.051172],[-106.711514,35.051452],[-106.71186,35.051546],[-106.711926,35.051336],[-106.711674,35.051143]]]}},{"type":"Feature","properties":{"ele":"1523","leisure":"park","name":"Dennis Chavez Park"},"geometry":{"type":"Polygon","coordinates":[[[-106.639622,35.067718],[-106.639258,35.065838],[-106.641146,35.065821],[-106.64121,35.067665],[-106.639622,35.067718]]]}},{"type":"Feature","properties":{"ele":"1510","leisure":"park","name":"Robinson Park"},"geometry":{"type":"Polygon","coordinates":[[[-106.656293,35.086103],[-106.656434,35.0854],[-106.656483,35.085388],[-106.658083,35.086335],[-106.656293,35.086103]]]}},{"type":"Feature","properties":{"leisure":"park","name":"Rio Grande Triangle Dog Park"},"geometry":{"type":"Polygon","coordinates":[[[-106.66637,35.080781],[-106.666257,35.080845],[-106.666427,35.080941],[-106.665971,35.081303],[-106.66719,35.08147],[-106.66721,35.081447],[-106.66637,35.080781]]]}},{"type":"Feature","properties":{"name":"Duck Pond","natural":"water"},"geometry":{"type":"Polygon","coordinates":[[[-106.622251,35.08502],[-106.622177,35.085024],[-106.622131,35.085046],[-106.622091,35.08508],[-106.622083,35.085155],[-106.622126,35.085171],[-106.622143,35.085228],[-106.622163,35.085244],[-106.62237,35.085284],[-106.622438,35.085285],[-106.622544,35.085259],[-106.622575,35.085211],[-106.622624,35.0852],[-106.622674,35.085155],[-106.622733,35.085034],[-106.622725,35.084996],[-106.622512,35.084873],[-106.622504,35.08483],[-106.622429,35.084752],[-106.622377,35.084658],[-106.622309,35.084644],[-106.622268,35.084652],[-106.622221,35.084688],[-106.622186,35.084741],[-106.622175,35.08479],[-106.622182,35.084808],[-106.62222,35.084795],[-106.622302,35.08481],[-106.622351,35.084856],[-106.622478,35.085028],[-106.622469,35.085081],[-106.622441,35.085121],[-106.622359,35.085141],[-106.622308,35.085108],[-106.622279,35.085036],[-106.622251,35.08502]]]}},{"type":"Feature","properties":{"leisure":"park","name":"Eunice Kalloch Park"},"geometry":{"type":"Polygon","coordinates":[[[-106.590581,35.063738],[-106.589589,35.063734],[-106.589556,35.063708],[-106.589574,35.063005],[-106.589593,35.062979],[-106.589636,35.062986],[-106.590605,35.063696],[-106.590603,35.063721],[-106.590581,35.063738]]]}},{"type":"Feature","properties":{"leisure":"park","name":"Monroe Green Park"},"geometry":{"type":"Polygon","coordinates":[[[-106.59358,35.062132],[-106.593528,35.062125],[-106.593301,35.061959],[-106.593285,35.061925],[-106.593551,35.061675],[-106.593579,35.061672],[-106.593609,35.061684],[-106.593618,35.061707],[-106.593611,35.062104],[-106.59358,35.062132]]]}},{"type":"Feature","properties":{"leisure":"park","name":"Ross Park"},"geometry":{"type":"Polygon","coordinates":[[[-106.589573,35.0592],[-106.590732,35.059209],[-106.590766,35.059227],[-106.590777,35.059257],[-106.590277,35.059718],[-106.590235,35.059736],[-106.589545,35.059259],[-106.589538,35.059229],[-106.589573,35.0592]]]}},{"type":"Feature","properties":{"leisure":"park","name":"Vail Park"},"geometry":{"type":"Polygon","coordinates":[[[-106.594665,35.060608],[-106.594618,35.060632],[-106.594594,35.060623],[-106.59399,35.060196],[-106.593974,35.060151],[-106.593997,35.06012],[-106.594644,35.060128],[-106.594678,35.060173],[-106.594665,35.060608]]]}},{"type":"Feature","properties":{"leisure":"park","name":"Hyder Park"},"geometry":{"type":"Polygon","coordinates":[[[-106.608587,35.069255],[-106.608592,35.069843],[-106.610639,35.070888],[-106.610713,35.070912],[-106.610754,35.070886],[-106.610776,35.070853],[-106.610786,35.070142],[-106.610751,35.070078],[-106.610369,35.069669],[-106.610014,35.069354],[-106.609982,35.069334],[-106.609949,35.069343],[-106.609563,35.069635],[-106.609507,35.069661],[-106.609392,35.069674],[-106.609303,35.06965],[-106.609201,35.069582],[-106.608818,35.069244],[-106.608632,35.069238],[-106.608587,35.069255]]]}},{"type":"Feature","properties":{"leisure":"park","name":"Ridgecrest Park"},"geometry":{"type":"Polygon","coordinates":[[[-106.600666,35.069213],[-106.600637,35.069224],[-106.600601,35.069213],[-106.599623,35.068476],[-106.599615,35.068445],[-106.599628,35.068421],[-106.599935,35.06816],[-106.60019,35.068313],[-106.600587,35.067942],[-106.60065,35.067961],[-106.601167,35.068365],[-106.60077,35.06876],[-106.600948,35.068891],[-106.600955,35.068937],[-106.600666,35.069213]]]}},{"type":"Feature","properties":{"leisure":"park","name":"Burton Park"},"geometry":{"type":"Polygon","coordinates":[[[-106.607675,35.066847],[-106.60764,35.06686],[-106.605197,35.066838],[-106.604708,35.066821],[-106.604668,35.066801],[-106.604684,35.066287],[-106.604357,35.065661],[-106.604373,35.065633],[-106.607669,35.065644],[-106.607709,35.065688],[-106.607696,35.066816],[-106.607675,35.066847]]]}},{"type":"Feature","properties":{"ele":"1582","leisure":"park","name":"Bataan Park"},"geometry":{"type":"Polygon","coordinates":[[[-106.606495,35.089227],[-106.606463,35.089241],[-106.605266,35.089237],[-106.605207,35.089203],[-106.605175,35.089163],[-106.605167,35.089105],[-106.605218,35.088464],[-106.605293,35.088251],[-106.605425,35.088048],[-106.605484,35.088021],[-106.605545,35.087807],[-106.605537,35.087623],[-106.605556,35.087601],[-106.60646,35.087592],[-106.606492,35.08761],[-106.606508,35.087643],[-106.606495,35.089227]]]}},{"type":"Feature","properties":{"leisure":"park","name":"McDuffie Park"},"geometry":{"type":"Polygon","coordinates":[[[-106.602471,35.08831],[-106.602477,35.090852],[-106.602933,35.091005],[-106.602944,35.088306],[-106.602471,35.08831]]]}},{"type":"Feature","properties":{"ele":"1622","leisure":"park","name":"Hermosa Green"},"geometry":{"type":"Polygon","coordinates":[[[-106.603217,35.067001],[-106.603035,35.066685],[-106.602928,35.066575],[-106.602702,35.066368],[-106.602305,35.06618],[-106.602324,35.066117],[-106.603003,35.066118],[-106.603228,35.066223],[-106.603244,35.066307],[-106.603252,35.066929],[-106.603217,35.067001]]]}},{"type":"Feature","properties":{"ele":"1591","leisure":"park","name":"Wellesley Park"},"geometry":{"type":"Polygon","coordinates":[[[-106.60823,35.077213],[-106.607723,35.077218],[-106.607726,35.076771],[-106.608276,35.076778],[-106.60827,35.07716],[-106.60823,35.077213]]]}},{"type":"Feature","properties":{"leisure":"park","name":"Morningside Park"},"geometry":{"type":"Polygon","coordinates":[[[-106.601058,35.077753],[-106.60102,35.077836],[-106.600033,35.077836],[-106.600039,35.077185],[-106.600052,35.077171],[-106.600212,35.077225],[-106.600583,35.077298],[-106.601071,35.077331],[-106.601058,35.077753]]]}},{"type":"Feature","properties":{"leisure":"park","name":"Kirtland Park"},"geometry":{"type":"Polygon","coordinates":[[[-106.63093,35.052229],[-106.631492,35.052231],[-106.634224,35.053617],[-106.63355,35.054573],[-106.632658,35.054136],[-106.632274,35.054],[-106.632056,35.053975],[-106.631161,35.053975],[-106.630918,35.05399],[-106.630909,35.053762],[-106.630658,35.053855],[-106.630633,35.052754],[-106.630776,35.052669],[-106.630889,35.052506],[-106.630928,35.052369],[-106.63093,35.052229]]]}},{"type":"Feature","properties":{"ele":"1546","leisure":"park","name":"Roosevelt Park"},"geometry":{"type":"Polygon","coordinates":[[[-106.631052,35.076588],[-106.630989,35.076462],[-106.630934,35.076144],[-106.630875,35.075915],[-106.630892,35.07576],[-106.630939,35.075656],[-106.631059,35.075623],[-106.631171,35.075483],[-106.631343,35.075119],[-106.631395,35.07487],[-106.631492,35.074673],[-106.631577,35.074611],[-106.631719,35.074614],[-106.63233,35.074833],[-106.632577,35.075088],[-106.632764,35.075342],[-106.632979,35.075522],[-106.633611,35.075902],[-106.633664,35.076007],[-106.633634,35.076133],[-106.633435,35.076469],[-106.633466,35.076656],[-106.633481,35.077455],[-106.633455,35.077744],[-106.633386,35.078131],[-106.632311,35.07801],[-106.632386,35.077579],[-106.632384,35.077366],[-106.632354,35.076881],[-106.632322,35.076732],[-106.632292,35.07669],[-106.632121,35.076618],[-106.631993,35.0766],[-106.631052,35.076588]]]}},{"type":"Feature","properties":{"leisure":"park","name":"Hiland Soccer Park"},"geometry":{"type":"Polygon","coordinates":[[[-106.593202,35.077011],[-106.591845,35.077011],[-106.591847,35.075771],[-106.593207,35.075764],[-106.593231,35.075775],[-106.593255,35.075808],[-106.59325,35.076958],[-106.593233,35.077004],[-106.593202,35.077011]]]}},{"type":"Feature","properties":{"leisure":"park","name":"Spruce Park"},"geometry":{"type":"Polygon","coordinates":[[[-106.630579,35.086555],[-106.630563,35.086583],[-106.630104,35.086559],[-106.629569,35.08643],[-106.629546,35.086416],[-106.629548,35.086396],[-106.629853,35.086096],[-106.629969,35.086063],[-106.630565,35.086069],[-106.630579,35.086555]]]}},{"type":"Feature","properties":{"leisure":"park","name":"Korean War Veterans Park"},"geometry":{"type":"Polygon","coordinates":[[[-106.621871,35.064961],[-106.620751,35.064961],[-106.620754,35.065118],[-106.619613,35.065116],[-106.619617,35.065606],[-106.619269,35.065603],[-106.619272,35.062921],[-106.621316,35.062923],[-106.621313,35.06304],[-106.621877,35.063045],[-106.621871,35.064961]]]}},{"type":"Feature","properties":{"leisure":"park"},"geometry":{"type":"Polygon","coordinates":[[[-106.590903,35.084647],[-106.590898,35.085215],[-106.59295,35.085213],[-106.592957,35.084636],[-106.590903,35.084647]]]}},{"type":"Feature","properties":{"leisure":"park","name":"Sunport Pool"},"geometry":{"type":"Polygon","coordinates":[[[-106.617412,35.059722],[-106.616244,35.059724],[-106.61624,35.058647],[-106.617406,35.058649],[-106.617412,35.059722]]]}},{"type":"Feature","properties":{"ele":"1529","leisure":"park","name":"Alamosa Park"},"geometry":{"type":"Polygon","coordinates":[[[-106.708167,35.071843],[-106.707099,35.072102],[-106.706501,35.070158],[-106.707477,35.069951],[-106.707526,35.069971],[-106.707551,35.070004],[-106.708097,35.071703],[-106.708151,35.071749],[-106.708167,35.071843]]]}},{"type":"Feature","properties":{"name":"Rio Grande","natural":"water"},"geometry":{"type":"Polygon","coordinates":[[[-106.660738,35.069526],[-106.65895,35.069664],[-106.659093,35.070009],[-106.659264,35.070109],[-106.659295,35.070213],[-106.659462,35.070224],[-106.659565,35.070212],[-106.660447,35.070669],[-106.661037,35.071051],[-106.661296,35.071263],[-106.661453,35.071444],[-106.661605,35.071581],[-106.661765,35.07165],[-106.661873,35.071661],[-106.661978,35.071722],[-106.662094,35.071828],[-106.662145,35.07194],[-106.662235,35.072],[-106.662329,35.072113],[-106.662333,35.072144],[-106.662288,35.072169],[-106.662376,35.072312],[-106.66254,35.072469],[-106.662488,35.072597],[-106.662516,35.072724],[-106.662582,35.07281],[-106.662681,35.073001],[-106.662809,35.073094],[-106.662972,35.073156],[-106.663099,35.073238],[-106.663436,35.073409],[-106.6638,35.07366],[-106.664077,35.073785],[-106.664392,35.074005],[-106.664791,35.074412],[-106.665308,35.074839],[-106.665458,35.074905],[-106.665749,35.075194],[-106.665938,35.075239],[-106.665985,35.075352],[-106.666296,35.075521],[-106.666325,35.075605],[-106.666447,35.075753],[-106.666595,35.075817],[-106.666911,35.076088],[-106.667078,35.07614],[-106.667541,35.076399],[-106.668193,35.076868],[-106.668215,35.076964],[-106.668492,35.077148],[-106.668915,35.077325],[-106.669259,35.077675],[-106.669285,35.077751],[-106.669393,35.07791],[-106.669758,35.078207],[-106.670018,35.078389],[-106.670351,35.078694],[-106.670657,35.078864],[-106.671076,35.078954],[-106.671564,35.079236],[-106.671919,35.07937],[-106.672144,35.079579],[-106.672359,35.079739],[-106.672987,35.080057],[-106.672977,35.080087],[-106.67301,35.080104],[-106.672994,35.080131],[-106.673116,35.080206],[-106.673462,35.080497],[-106.67347,35.080523],[-106.673821,35.080851],[-106.673827,35.08088],[-106.674116,35.08114],[-106.674212,35.08127],[-106.674287,35.081341],[-106.674327,35.081416],[-106.674396,35.081484],[-106.674487,35.081633],[-106.674737,35.081857],[-106.67512,35.082245],[-106.675206,35.082364],[-106.675207,35.082385],[-106.67532,35.082518],[-106.675379,35.082643],[-106.675384,35.082743],[-106.675275,35.083076],[-106.675274,35.083211],[-106.675226,35.083492],[-106.67523,35.083652],[-106.67526,35.083709],[-106.675287,35.084006],[-106.675347,35.084185],[-106.675496,35.084322],[-106.675529,35.084374],[-106.675579,35.084404],[-106.675586,35.084491],[-106.675705,35.084591],[-106.67607,35.085112],[-106.67625,35.085332],[-106.676366,35.085431],[-106.676505,35.085594],[-106.676571,35.085696],[-106.676655,35.085749],[-106.677143,35.086368],[-106.67726,35.086557],[-106.677437,35.086735],[-106.677852,35.08724],[-106.677985,35.087365],[-106.678031,35.087591],[-106.678196,35.087924],[-106.678516,35.088312],[-106.67917,35.088583],[-106.679319,35.088663],[-106.679669,35.088746],[-106.679805,35.088814],[-106.679873,35.088857],[-106.679891,35.088894],[-106.679988,35.088971],[-106.680011,35.089042],[-106.680078,35.089097],[-106.680358,35.089255],[-106.680531,35.089374],[-106.680974,35.088879],[-106.680371,35.088275],[-106.679519,35.087538],[-106.678943,35.087113],[-106.678531,35.08654],[-106.677803,35.084693],[-106.676775,35.082937],[-106.671668,35.077178],[-106.66566,35.073174],[-106.663386,35.07198],[-106.662441,35.070961],[-106.662098,35.070294],[-106.66178,35.070133],[-106.661659,35.070155],[-106.661491,35.070102],[-106.661204,35.07005],[-106.661028,35.069951],[-106.660857,35.069896],[-106.660756,35.069884],[-106.660738,35.069526]]]}},{"type":"Feature","properties":{"name":"Rio Grande","natural":"water"},"geometry":{"type":"Polygon","coordinates":[[[-106.680766,35.089587],[-106.68094,35.089648],[-106.681222,35.089781],[-106.681564,35.09013],[-106.681757,35.09023],[-106.681926,35.090277],[-106.682225,35.090419],[-106.682621,35.090522],[-106.682882,35.09056],[-106.68319,35.090584],[-106.683326,35.09057],[-106.683566,35.090573],[-106.683638,35.090604],[-106.683942,35.090636],[-106.684167,35.090718],[-106.684801,35.090863],[-106.68487,35.090918],[-106.685308,35.091053],[-106.68559,35.09121],[-106.685788,35.091349],[-106.685889,35.09155],[-106.686121,35.091861],[-106.686226,35.092071],[-106.686287,35.092252],[-106.686315,35.092356],[-106.686314,35.092485],[-106.686778,35.093103],[-106.68745,35.094214],[-106.687538,35.094454],[-106.687792,35.094857],[-106.687997,35.095079],[-106.688275,35.095464],[-106.688667,35.095898],[-106.688824,35.095978],[-106.689248,35.09608],[-106.689624,35.096143],[-106.689915,35.096236],[-106.690358,35.09627],[-106.690464,35.096368],[-106.69055,35.096415],[-106.690696,35.096462],[-106.69101,35.096612],[-106.691336,35.096796],[-106.691551,35.096863],[-106.692237,35.09724],[-106.69265,35.09762],[-106.692781,35.097794],[-106.692921,35.098097],[-106.69284,35.098629],[-106.692746,35.098963],[-106.692744,35.099484],[-106.692755,35.09991],[-106.692901,35.10045],[-106.692921,35.100475],[-106.692915,35.10052],[-106.692931,35.100559],[-106.692907,35.100624],[-106.692976,35.100911],[-106.693021,35.100986],[-106.693406,35.10132],[-106.693554,35.101419],[-106.693706,35.101639],[-106.693747,35.101747],[-106.693734,35.101776],[-106.693912,35.102066],[-106.694009,35.102265],[-106.694082,35.102514],[-106.694085,35.102624],[-106.694154,35.102872],[-106.694144,35.1029],[-106.694181,35.103046],[-106.694221,35.103403],[-106.694213,35.103515],[-106.694109,35.103751],[-106.694031,35.103862],[-106.693939,35.103957],[-106.693731,35.104268],[-106.693646,35.104346],[-106.693434,35.104614],[-106.693326,35.104727],[-106.693179,35.105078],[-106.693053,35.10532],[-106.693037,35.105612],[-106.692994,35.105947],[-106.692934,35.106109],[-106.693446,35.106252],[-106.693485,35.105987],[-106.693537,35.105789],[-106.693551,35.105632],[-106.693643,35.105341],[-106.693748,35.105076],[-106.693787,35.104912],[-106.693902,35.10477],[-106.694118,35.104573],[-106.694327,35.104419],[-106.694465,35.104296],[-106.694533,35.104204],[-106.694605,35.103668],[-106.694658,35.103415],[-106.694617,35.103352],[-106.694654,35.103227],[-106.69462,35.103165],[-106.694668,35.102897],[-106.694638,35.102544],[-106.694586,35.102455],[-106.694554,35.102015],[-106.694524,35.101912],[-106.694499,35.101512],[-106.694471,35.101461],[-106.694419,35.100507],[-106.694364,35.099952],[-106.694368,35.099441],[-106.694061,35.098967],[-106.693859,35.098484],[-106.693788,35.098402],[-106.693573,35.097962],[-106.693469,35.097697],[-106.693497,35.097584],[-106.69344,35.097449],[-106.693265,35.097252],[-106.693194,35.097264],[-106.6931,35.097193],[-106.693032,35.097164],[-106.692933,35.097018],[-106.692817,35.096981],[-106.692745,35.096978],[-106.692652,35.096799],[-106.692511,35.096679],[-106.692445,35.096561],[-106.692358,35.096535],[-106.692318,35.096473],[-106.692204,35.09637],[-106.692075,35.096307],[-106.692023,35.096216],[-106.691943,35.096233],[-106.691877,35.096171],[-106.691771,35.096136],[-106.691656,35.096135],[-106.691574,35.096058],[-106.691376,35.095994],[-106.691083,35.095847],[-106.69095,35.095818],[-106.690611,35.095547],[-106.690182,35.095243],[-106.689641,35.095107],[-106.689374,35.095061],[-106.689023,35.094827],[-106.688913,35.0948],[-106.688702,35.094674],[-106.6882,35.094326],[-106.688088,35.0941],[-106.687865,35.093828],[-106.687688,35.093372],[-106.687663,35.093119],[-106.687616,35.092976],[-106.687484,35.092835],[-106.68742,35.092847],[-106.687393,35.092775],[-106.687375,35.092641],[-106.687395,35.092537],[-106.687379,35.092412],[-106.687455,35.092143],[-106.687378,35.092015],[-106.687226,35.0918],[-106.686988,35.091616],[-106.686887,35.091496],[-106.686712,35.091397],[-106.686525,35.091201],[-106.686403,35.091099],[-106.686277,35.091],[-106.686054,35.090875],[-106.685897,35.090748],[-106.685821,35.090705],[-106.685756,35.090624],[-106.685621,35.090572],[-106.685499,35.090577],[-106.684295,35.090034],[-106.68383,35.089881],[-106.682683,35.08941],[-106.682546,35.089392],[-106.682215,35.089266],[-106.682067,35.089282],[-106.681245,35.08905],[-106.680974,35.088879],[-106.680531,35.089374],[-106.680766,35.089587]]]}},{"type":"Feature","properties":{"ele":"1509","leisure":"park","name":"Tingley Field"},"geometry":{"type":"Polygon","coordinates":[[[-106.657559,35.077405],[-106.657798,35.077361],[-106.659453,35.077345],[-106.659696,35.077365],[-106.659726,35.079439],[-106.659701,35.07948],[-106.65968,35.079491],[-106.658743,35.079378],[-106.65859,35.079387],[-106.658478,35.079368],[-106.658484,35.078969],[-106.658444,35.078921],[-106.658406,35.07891],[-106.657564,35.078932],[-106.657521,35.077411],[-106.657559,35.077405]]]}},{"type":"Feature","properties":{"leisure":"park","name":"Soldiers and Sailors Park"},"geometry":{"type":"Polygon","coordinates":[[[-106.662527,35.088641],[-106.661874,35.088538],[-106.661862,35.088508],[-106.661913,35.088278],[-106.661972,35.088282],[-106.662557,35.088596],[-106.662561,35.088621],[-106.662527,35.088641]]]}},{"type":"Feature","properties":{"ele":"1509","leisure":"park","name":"Rio Grande Park"},"geometry":{"type":"Polygon","coordinates":[[[-106.66766,35.081581],[-106.668368,35.081195],[-106.668665,35.081266],[-106.669275,35.081774],[-106.670841,35.084509],[-106.672087,35.085923],[-106.671745,35.086136],[-106.66766,35.081581]]]}},{"type":"Feature","properties":{"leisure":"park","name":"Atrisco Park"},"geometry":{"type":"Polygon","coordinates":[[[-106.683989,35.081994],[-106.684029,35.08164],[-106.688259,35.081862],[-106.688248,35.082586],[-106.688034,35.082718],[-106.688002,35.083043],[-106.688098,35.083047],[-106.688087,35.083341],[-106.683871,35.083091],[-106.683989,35.081994]]]}},{"type":"Feature","properties":{"leisure":"fishing","name":"Children's Pond (Tingley Beach)","natural":"water"},"geometry":{"type":"Polygon","coordinates":[[[-106.67624,35.087673],[-106.676169,35.087658],[-106.676111,35.087677],[-106.67597,35.087784],[-106.675928,35.087894],[-106.675978,35.087991],[-106.676059,35.088067],[-106.676194,35.088112],[-106.676217,35.088137],[-106.676257,35.088253],[-106.676333,35.088341],[-106.676516,35.088441],[-106.676586,35.088448],[-106.676685,35.088424],[-106.676711,35.088394],[-106.676736,35.088243],[-106.676725,35.088156],[-106.676671,35.088048],[-106.676492,35.087877],[-106.676401,35.087758],[-106.676335,35.087703],[-106.67624,35.087673]]]}},{"type":"Feature","properties":{"leisure":"fishing","name":"Catch & Release Pond (Tingley Beach)","natural":"water"},"geometry":{"type":"Polygon","coordinates":[[[-106.671497,35.08395],[-106.671695,35.083756],[-106.67174,35.083665],[-106.671734,35.083549],[-106.671695,35.083458],[-106.670959,35.082756],[-106.670865,35.082707],[-106.670708,35.082682],[-106.670672,35.082746],[-106.670676,35.082867],[-106.671223,35.08383],[-106.671299,35.083942],[-106.671366,35.083986],[-106.671497,35.08395]]]}},{"type":"Feature","properties":{"natural":"water"},"geometry":{"type":"Polygon","coordinates":[[[-106.672308,35.084133],[-106.672414,35.084149],[-106.673326,35.084915],[-106.673476,35.085319],[-106.673453,35.085403],[-106.673292,35.085554],[-106.673519,35.085705],[-106.673661,35.085647],[-106.67373,35.08566],[-106.674651,35.086408],[-106.674998,35.086549],[-106.67498,35.086645],[-106.674889,35.086717],[-106.674779,35.08675],[-106.674656,35.086759],[-106.673517,35.086074],[-106.673004,35.085723],[-106.672348,35.085246],[-106.672106,35.085017],[-106.671845,35.08474],[-106.671735,35.084529],[-106.671743,35.084417],[-106.672077,35.084301],[-106.672184,35.084199],[-106.672308,35.084133]]]}},{"type":"Feature","properties":{"landuse":"forest"},"geometry":{"type":"Polygon","coordinates":[[[-106.662803,35.069752],[-106.663556,35.070399],[-106.664307,35.070873],[-106.665337,35.071347],[-106.666989,35.072032],[-106.668427,35.072805],[-106.669994,35.073982],[-106.671024,35.075018],[-106.675573,35.081146],[-106.679699,35.0856],[-106.680315,35.086168],[-106.682124,35.08748],[-106.681913,35.087782],[-106.681851,35.0879],[-106.680974,35.088879],[-106.680371,35.088275],[-106.679519,35.087538],[-106.678943,35.087113],[-106.678531,35.08654],[-106.677803,35.084693],[-106.676775,35.082937],[-106.671668,35.077178],[-106.66566,35.073174],[-106.663386,35.07198],[-106.662441,35.070961],[-106.662098,35.070294],[-106.66178,35.070133],[-106.661659,35.070155],[-106.661491,35.070102],[-106.661204,35.07005],[-106.661028,35.069951],[-106.660857,35.069896],[-106.660756,35.069884],[-106.662803,35.069752]]]}},{"type":"Feature","properties":{"name":"Youth Pond","natural":"water"},"geometry":{"type":"Polygon","coordinates":[[[-106.675725,35.08717],[-106.675345,35.086816],[-106.675127,35.086767],[-106.674939,35.086807],[-106.674877,35.086844],[-106.674887,35.086906],[-106.674984,35.086995],[-106.675008,35.086985],[-106.675486,35.087418],[-106.675665,35.087373],[-106.675721,35.087304],[-106.675745,35.087234],[-106.675725,35.08717]]]}},{"type":"Feature","properties":{"landuse":"forest","name":"Rio Grande Bosque"},"geometry":{"type":"Polygon","coordinates":[[[-106.681245,35.08905],[-106.682067,35.089282],[-106.682215,35.089266],[-106.682546,35.089392],[-106.682683,35.08941],[-106.68383,35.089881],[-106.684295,35.090034],[-106.685499,35.090577],[-106.685621,35.090572],[-106.685756,35.090624],[-106.685821,35.090705],[-106.685897,35.090748],[-106.686054,35.090875],[-106.686277,35.091],[-106.686403,35.091099],[-106.686525,35.091201],[-106.686712,35.091397],[-106.686887,35.091496],[-106.686988,35.091616],[-106.687226,35.0918],[-106.687378,35.092015],[-106.687455,35.092143],[-106.687379,35.092412],[-106.687395,35.092537],[-106.687375,35.092641],[-106.687393,35.092775],[-106.68742,35.092847],[-106.687484,35.092835],[-106.687616,35.092976],[-106.687663,35.093119],[-106.687688,35.093372],[-106.687865,35.093828],[-106.688088,35.0941],[-106.6882,35.094326],[-106.688702,35.094674],[-106.688913,35.0948],[-106.689023,35.094827],[-106.689374,35.095061],[-106.689641,35.095107],[-106.690182,35.095243],[-106.690611,35.095547],[-106.69095,35.095818],[-106.691083,35.095847],[-106.691376,35.095994],[-106.691574,35.096058],[-106.691656,35.096135],[-106.691771,35.096136],[-106.691877,35.096171],[-106.691943,35.096233],[-106.692023,35.096216],[-106.692075,35.096307],[-106.692204,35.09637],[-106.692318,35.096473],[-106.692358,35.096535],[-106.692445,35.096561],[-106.692511,35.096679],[-106.692652,35.096799],[-106.692745,35.096978],[-106.692817,35.096981],[-106.692933,35.097018],[-106.693032,35.097164],[-106.6931,35.097193],[-106.693194,35.097264],[-106.693265,35.097252],[-106.69344,35.097449],[-106.693497,35.097584],[-106.693469,35.097697],[-106.693573,35.097962],[-106.693788,35.098402],[-106.693859,35.098484],[-106.694061,35.098967],[-106.694368,35.099441],[-106.694364,35.099952],[-106.694419,35.100507],[-106.694471,35.101461],[-106.694499,35.101512],[-106.694524,35.101912],[-106.694554,35.102015],[-106.694586,35.102455],[-106.694638,35.102544],[-106.694668,35.102897],[-106.69462,35.103165],[-106.694654,35.103227],[-106.694617,35.103352],[-106.694658,35.103415],[-106.694605,35.103668],[-106.694533,35.104204],[-106.694465,35.104296],[-106.694327,35.104419],[-106.694118,35.104573],[-106.693902,35.10477],[-106.693787,35.104912],[-106.693748,35.105076],[-106.693643,35.105341],[-106.693551,35.105632],[-106.693537,35.105789],[-106.693485,35.105987],[-106.693446,35.106252],[-106.694084,35.1063],[-106.694526,35.10514],[-106.694998,35.10407],[-106.695292,35.10311],[-106.69555,35.102092],[-106.695593,35.100986],[-106.695378,35.099827],[-106.695013,35.098879],[-106.694927,35.098405],[-106.694756,35.098072],[-106.693275,35.095965],[-106.693217,35.095064],[-106.693082,35.093911],[-106.692417,35.093174],[-106.69158,35.093665],[-106.690936,35.093209],[-106.689434,35.091997],[-106.687696,35.090961],[-106.684993,35.089276],[-106.683232,35.088209],[-106.682526,35.087755],[-106.682123,35.088064],[-106.681245,35.08905]]]}},{"type":"Feature","properties":{"landuse":"forest","name":"Rio Grande Bosque"},"geometry":{"type":"Polygon","coordinates":[[[-106.680766,35.089587],[-106.679857,35.090608],[-106.680272,35.090803],[-106.68025,35.091277],[-106.679956,35.091552],[-106.680315,35.091839],[-106.686902,35.095438],[-106.690101,35.100493],[-106.690257,35.100828],[-106.690307,35.101043],[-106.690192,35.104719],[-106.690106,35.105702],[-106.690354,35.105993],[-106.69258,35.106182],[-106.692718,35.106115],[-106.692934,35.106109],[-106.692994,35.105947],[-106.693037,35.105612],[-106.693053,35.10532],[-106.693179,35.105078],[-106.693326,35.104727],[-106.693434,35.104614],[-106.693646,35.104346],[-106.693731,35.104268],[-106.693939,35.103957],[-106.694031,35.103862],[-106.694109,35.103751],[-106.694213,35.103515],[-106.694221,35.103403],[-106.694181,35.103046],[-106.694144,35.1029],[-106.694154,35.102872],[-106.694085,35.102624],[-106.694082,35.102514],[-106.694009,35.102265],[-106.693912,35.102066],[-106.693734,35.101776],[-106.693747,35.101747],[-106.693706,35.101639],[-106.693554,35.101419],[-106.693406,35.10132],[-106.693021,35.100986],[-106.692976,35.100911],[-106.692965,35.100827],[-106.692938,35.10077],[-106.692907,35.100624],[-106.692931,35.100559],[-106.692915,35.10052],[-106.692921,35.100475],[-106.692901,35.10045],[-106.692755,35.09991],[-106.692746,35.098963],[-106.69284,35.098629],[-106.692921,35.098097],[-106.692781,35.097794],[-106.69265,35.09762],[-106.692237,35.09724],[-106.691551,35.096863],[-106.691336,35.096796],[-106.69101,35.096612],[-106.690696,35.096462],[-106.69055,35.096415],[-106.690464,35.096368],[-106.690358,35.09627],[-106.689915,35.096236],[-106.689624,35.096143],[-106.689248,35.09608],[-106.688824,35.095978],[-106.688667,35.095898],[-106.688275,35.095464],[-106.687997,35.095079],[-106.687792,35.094857],[-106.687538,35.094454],[-106.68745,35.094214],[-106.686778,35.093103],[-106.686314,35.092485],[-106.686315,35.092356],[-106.686287,35.092252],[-106.686226,35.092071],[-106.686121,35.091861],[-106.685889,35.09155],[-106.685788,35.091349],[-106.68559,35.09121],[-106.685308,35.091053],[-106.68487,35.090918],[-106.684801,35.090863],[-106.684167,35.090718],[-106.683942,35.090636],[-106.683638,35.090604],[-106.683566,35.090573],[-106.683326,35.09057],[-106.68319,35.090584],[-106.682882,35.09056],[-106.682621,35.090522],[-106.682225,35.090419],[-106.681926,35.090277],[-106.681757,35.09023],[-106.681564,35.09013],[-106.681222,35.089781],[-106.68094,35.089648],[-106.680766,35.089587]]]}},{"type":"Feature","properties":{"landuse":"forest"},"geometry":{"type":"Polygon","coordinates":[[[-106.662636,35.06941],[-106.660738,35.069526],[-106.660768,35.069029],[-106.660403,35.068187],[-106.660066,35.067969],[-106.659961,35.067884],[-106.659887,35.067753],[-106.659858,35.067593],[-106.659353,35.067086],[-106.659298,35.066972],[-106.659223,35.066875],[-106.659157,35.066844],[-106.659201,35.066255],[-106.659228,35.066179],[-106.659255,35.066136],[-106.65936,35.066044],[-106.659501,35.065846],[-106.659617,35.065833],[-106.659709,35.065776],[-106.659706,35.065614],[-106.659774,35.065343],[-106.659921,35.065271],[-106.659372,35.059328],[-106.659404,35.059186],[-106.659377,35.058794],[-106.659475,35.058313],[-106.659435,35.058242],[-106.659511,35.058162],[-106.659659,35.057812],[-106.659843,35.057054],[-106.659886,35.056747],[-106.659866,35.056644],[-106.659918,35.056488],[-106.660038,35.055646],[-106.660116,35.055457],[-106.660065,35.055353],[-106.6602,35.055163],[-106.660191,35.05505],[-106.660404,35.054355],[-106.660803,35.053533],[-106.660896,35.053214],[-106.661064,35.05285],[-106.661216,35.052606],[-106.661303,35.052412],[-106.66139,35.052292],[-106.6615,35.051983],[-106.662118,35.050581],[-106.662097,35.05045],[-106.662149,35.050249],[-106.662139,35.049791],[-106.662097,35.04954],[-106.661873,35.049205],[-106.661836,35.049106],[-106.661861,35.048999],[-106.661941,35.048899],[-106.661942,35.048813],[-106.662139,35.048509],[-106.662374,35.048223],[-106.662953,35.047716],[-106.663049,35.04757],[-106.663242,35.047403],[-106.663305,35.047304],[-106.663489,35.047151],[-106.663886,35.046703],[-106.664018,35.046604],[-106.664197,35.046384],[-106.66474,35.046048],[-106.664936,35.045879],[-106.665072,35.045696],[-106.665224,35.045312],[-106.665834,35.044949],[-106.665908,35.044859],[-106.665915,35.044741],[-106.666014,35.044622],[-106.666248,35.044434],[-106.66654,35.044247],[-106.667114,35.043706],[-106.667287,35.043473],[-106.667422,35.043331],[-106.667702,35.043132],[-106.667842,35.043],[-106.667896,35.04293],[-106.667881,35.042851],[-106.668029,35.042681],[-106.668327,35.042514],[-106.668358,35.042412],[-106.668519,35.042305],[-106.668616,35.042262],[-106.66877,35.04213],[-106.668953,35.042021],[-106.669089,35.041886],[-106.669185,35.041691],[-106.66967,35.041384],[-106.670077,35.040965],[-106.67016,35.040863],[-106.670191,35.040758],[-106.670301,35.040593],[-106.670519,35.040345],[-106.670674,35.040206],[-106.670755,35.04008],[-106.670954,35.039848],[-106.671214,35.039505],[-106.671517,35.038547],[-106.671783,35.037992],[-106.67204,35.037541],[-106.672414,35.036652],[-106.672507,35.036203],[-106.672946,35.035264],[-106.67317,35.03467],[-106.673234,35.034108],[-106.673256,35.0336],[-106.673251,35.032821],[-106.673286,35.031523],[-106.673514,35.027406],[-106.674132,35.027413],[-106.673556,35.036919],[-106.673105,35.037844],[-106.670916,35.040743],[-106.666153,35.04732],[-106.662634,35.052221],[-106.662054,35.053181],[-106.660231,35.058123],[-106.660059,35.059071],[-106.66023,35.060417],[-106.660831,35.062543],[-106.662636,35.06941]]]}},{"type":"Feature","properties":{"natural":"water"},"geometry":{"type":"Polygon","coordinates":[[[-106.660738,35.069526],[-106.65895,35.069664],[-106.658706,35.069217],[-106.658536,35.068151],[-106.657699,35.06348],[-106.657484,35.06023],[-106.657742,35.05821],[-106.657999,35.057508],[-106.657999,35.056911],[-106.659244,35.052414],[-106.660982,35.04934],[-106.666754,35.042085],[-106.669544,35.03829],[-106.670896,35.035338],[-106.671939,35.031696],[-106.671969,35.030686],[-106.67214,35.029979],[-106.672011,35.02882],[-106.672054,35.027959],[-106.672143,35.027477],[-106.672133,35.027404],[-106.673514,35.027406],[-106.673286,35.031523],[-106.673251,35.032821],[-106.673256,35.0336],[-106.673234,35.034108],[-106.67317,35.03467],[-106.672946,35.035264],[-106.672507,35.036203],[-106.672414,35.036652],[-106.67204,35.037541],[-106.671783,35.037992],[-106.671517,35.038547],[-106.671214,35.039505],[-106.670954,35.039848],[-106.670755,35.04008],[-106.670674,35.040206],[-106.670519,35.040345],[-106.670301,35.040593],[-106.670191,35.040758],[-106.67016,35.040863],[-106.670077,35.040965],[-106.66967,35.041384],[-106.669185,35.041691],[-106.669089,35.041886],[-106.668953,35.042021],[-106.66877,35.04213],[-106.668616,35.042262],[-106.668519,35.042305],[-106.668358,35.042412],[-106.668327,35.042514],[-106.668029,35.042681],[-106.667881,35.042851],[-106.667896,35.04293],[-106.667842,35.043],[-106.667702,35.043132],[-106.667422,35.043331],[-106.667287,35.043473],[-106.667114,35.043706],[-106.66654,35.044247],[-106.666248,35.044434],[-106.666014,35.044622],[-106.665915,35.044741],[-106.665908,35.044859],[-106.665834,35.044949],[-106.665224,35.045312],[-106.665072,35.045696],[-106.664936,35.045879],[-106.66474,35.046048],[-106.664197,35.046384],[-106.664018,35.046604],[-106.663886,35.046703],[-106.663489,35.047151],[-106.663305,35.047304],[-106.663242,35.047403],[-106.663049,35.04757],[-106.662953,35.047716],[-106.662374,35.048223],[-106.662139,35.048509],[-106.661942,35.048813],[-106.661941,35.048899],[-106.661861,35.048999],[-106.661836,35.049106],[-106.661873,35.049205],[-106.662097,35.04954],[-106.662139,35.049791],[-106.662149,35.050249],[-106.662097,35.05045],[-106.662118,35.050581],[-106.6615,35.051983],[-106.66139,35.052292],[-106.661303,35.052412],[-106.661216,35.052606],[-106.661064,35.05285],[-106.660896,35.053214],[-106.660803,35.053533],[-106.660404,35.054355],[-106.660191,35.05505],[-106.6602,35.055163],[-106.660065,35.055353],[-106.660116,35.055457],[-106.660038,35.055646],[-106.659918,35.056488],[-106.659866,35.056644],[-106.659886,35.056747],[-106.659843,35.057054],[-106.659659,35.057812],[-106.659511,35.058162],[-106.659435,35.058242],[-106.659475,35.058313],[-106.659377,35.058794],[-106.659404,35.059186],[-106.659372,35.059328],[-106.659921,35.065271],[-106.659774,35.065343],[-106.659706,35.065614],[-106.659709,35.065776],[-106.659617,35.065833],[-106.659501,35.065846],[-106.65936,35.066044],[-106.659255,35.066136],[-106.659228,35.066179],[-106.659201,35.066255],[-106.659157,35.066844],[-106.659223,35.066875],[-106.659298,35.066972],[-106.659353,35.067086],[-106.659858,35.067593],[-106.659887,35.067753],[-106.659961,35.067884],[-106.660066,35.067969],[-106.660403,35.068187],[-106.660768,35.069029],[-106.660738,35.069526]]]}},{"type":"Feature","properties":{"landuse":"forest","name":"Rio Grande Bosque"},"geometry":{"type":"Polygon","coordinates":[[[-106.672133,35.027404],[-106.672143,35.027477],[-106.672054,35.027959],[-106.672011,35.02882],[-106.67214,35.029979],[-106.671969,35.030686],[-106.671939,35.031696],[-106.670896,35.035338],[-106.669544,35.03829],[-106.666754,35.042085],[-106.660982,35.04934],[-106.659244,35.052414],[-106.657999,35.056911],[-106.657999,35.057508],[-106.657742,35.05821],[-106.657484,35.06023],[-106.657699,35.06348],[-106.658536,35.068151],[-106.658706,35.069217],[-106.65895,35.069664],[-106.658149,35.069726],[-106.657828,35.069592],[-106.657398,35.06955],[-106.654609,35.059703],[-106.654588,35.058755],[-106.657463,35.050833],[-106.665531,35.040275],[-106.66654,35.039063],[-106.667033,35.037903],[-106.668256,35.032966],[-106.669113,35.02971],[-106.66938,35.027419],[-106.672133,35.027404]]]}},{"type":"Feature","properties":{"landuse":"forest"},"geometry":{"type":"Polygon","coordinates":[[[-106.688469,35.002775],[-106.688191,35.003593],[-106.687825,35.004324],[-106.685047,35.004309],[-106.685745,35.003673],[-106.686108,35.0024],[-106.687848,35.000087],[-106.688148,34.996325],[-106.687631,34.995141],[-106.687397,34.994016],[-106.68731,34.992644],[-106.686546,34.991486],[-106.68698,34.990528],[-106.686857,34.989306],[-106.686817,34.98811],[-106.68699,34.985602],[-106.689221,34.981735],[-106.69068,34.981751],[-106.690186,34.984969],[-106.689392,34.990682],[-106.688919,34.993928],[-106.688813,34.995745],[-106.68877,34.999172],[-106.688726,35.001363],[-106.688469,35.002775]]]}},{"type":"Feature","properties":{"landuse":"forest"},"geometry":{"type":"Polygon","coordinates":[[[-106.682846,35.004737],[-106.681303,35.004726],[-106.678765,35.006488],[-106.675273,35.006984],[-106.67442,35.007473],[-106.675058,35.008171],[-106.676747,35.010412],[-106.677143,35.010241],[-106.677346,35.010111],[-106.677534,35.009936],[-106.67779,35.009557],[-106.677874,35.009518],[-106.67808,35.009498],[-106.678304,35.009265],[-106.678447,35.009089],[-106.678508,35.008829],[-106.678624,35.008695],[-106.678849,35.008118],[-106.679246,35.007619],[-106.67978,35.006866],[-106.680071,35.006664],[-106.680544,35.006223],[-106.681196,35.005966],[-106.681696,35.005427],[-106.682846,35.004737]]]}},{"type":"Feature","properties":{"landuse":"forest"},"geometry":{"type":"Polygon","coordinates":[[[-106.683922,35.004091],[-106.682074,35.004017],[-106.682826,35.00318],[-106.683032,35.002722],[-106.684071,34.995041],[-106.683555,34.99295],[-106.683491,34.991807],[-106.683877,34.990611],[-106.68465,34.988819],[-106.684843,34.987342],[-106.685445,34.987149],[-106.685684,34.994248],[-106.686326,34.995454],[-106.686944,34.996937],[-106.687105,34.998073],[-106.686818,34.999384],[-106.684792,35.003056],[-106.684208,35.003982],[-106.683922,35.004091]]]}},{"type":"Feature","properties":{"leisure":"park","name":"Pat Hurley Park"},"geometry":{"type":"Polygon","coordinates":[[[-106.70038,35.088244],[-106.699701,35.088407],[-106.698906,35.088463],[-106.698447,35.088437],[-106.698338,35.088402],[-106.697174,35.088336],[-106.697115,35.089076],[-106.697162,35.089351],[-106.697213,35.089513],[-106.697795,35.090854],[-106.697772,35.090958],[-106.697381,35.091301],[-106.69805,35.091839],[-106.699992,35.090312],[-106.700314,35.090163],[-106.700542,35.090106],[-106.700556,35.090069],[-106.700474,35.088583],[-106.70038,35.088244]]]}},{"type":"Feature","properties":{"leisure":"park","name":"South San Jose Park"},"geometry":{"type":"Polygon","coordinates":[[[-106.651022,35.05484],[-106.651092,35.054447],[-106.651062,35.054354],[-106.651062,35.054282],[-106.651084,35.054216],[-106.647334,35.054146],[-106.647197,35.054438],[-106.647243,35.054778],[-106.651022,35.05484]]]}},{"type":"Feature","properties":{"leisure":"park","name":"Barelas Railroad Park"},"geometry":{"type":"Polygon","coordinates":[[[-106.655091,35.063022],[-106.652624,35.062662],[-106.653186,35.060245],[-106.654259,35.060255],[-106.655091,35.063022]]]}},{"type":"Feature","properties":{"leisure":"park","name":"Highland Park"},"geometry":{"type":"Polygon","coordinates":[[[-106.637737,35.081707],[-106.637686,35.081679],[-106.637668,35.081637],[-106.637855,35.080827],[-106.637914,35.080795],[-106.639574,35.081022],[-106.639488,35.081462],[-106.638956,35.081395],[-106.638872,35.081842],[-106.637737,35.081707]]]}},{"type":"Feature","properties":{"leisure":"park","name":"Guadalupe Park"},"geometry":{"type":"Polygon","coordinates":[[[-106.647597,35.073836],[-106.647053,35.073851],[-106.647059,35.073603],[-106.647559,35.073586],[-106.647602,35.073615],[-106.647597,35.073836]]]}},{"type":"Feature","properties":{"ele":"1509","leisure":"park","name":"Hazeldine Park"},"geometry":{"type":"Polygon","coordinates":[[[-106.651648,35.077455],[-106.651677,35.077316],[-106.651365,35.077277],[-106.651341,35.077414],[-106.651648,35.077455]]]}},{"type":"Feature","properties":{"leisure":"park","name":"East San Jose Park"},"geometry":{"type":"Polygon","coordinates":[[[-106.649147,35.064678],[-106.647871,35.064603],[-106.647908,35.064471],[-106.647173,35.064436],[-106.647372,35.064098],[-106.647286,35.063505],[-106.648091,35.063545],[-106.648032,35.063887],[-106.649298,35.063966],[-106.649147,35.064678]]]}},{"type":"Feature","properties":{"leisure":"park","name":"William Castillo Park"},"geometry":{"type":"Polygon","coordinates":[[[-106.647299,35.072405],[-106.646897,35.07241],[-106.646853,35.072356],[-106.646379,35.072359],[-106.646346,35.071643],[-106.64737,35.071628],[-106.647363,35.072014],[-106.647275,35.072012],[-106.647299,35.072405]]]}},{"type":"Feature","properties":{"leisure":"park","name":"Martineztown Park"},"geometry":{"type":"Polygon","coordinates":[[[-106.641181,35.087854],[-106.641209,35.087832],[-106.641268,35.087502],[-106.640293,35.087389],[-106.640255,35.08744],[-106.640161,35.087453],[-106.640082,35.087417],[-106.638925,35.087296],[-106.638816,35.087722],[-106.638949,35.08763],[-106.639035,35.087592],[-106.639132,35.087588],[-106.641181,35.087854]]]}},{"type":"Feature","properties":{"leisure":"park"},"geometry":{"type":"Polygon","coordinates":[[[-106.601739,35.077173],[-106.601205,35.077171],[-106.601168,35.077136],[-106.60117,35.076923],[-106.601208,35.076881],[-106.601318,35.076895],[-106.601557,35.07707],[-106.601739,35.077173]]]}},{"type":"Feature","properties":{"leisure":"park","name":"Beyer Park"},"geometry":{"type":"Polygon","coordinates":[[[-106.602654,35.068283],[-106.603203,35.068967],[-106.603214,35.06863],[-106.603209,35.068265],[-106.603198,35.068243],[-106.603172,35.068232],[-106.602684,35.068227],[-106.602656,35.068252],[-106.602654,35.068283]]]}},{"type":"Feature","properties":{"leisure":"park","name":"Rio Grande Pool"},"geometry":{"type":"Polygon","coordinates":[[[-106.664559,35.080295],[-106.66441,35.081111],[-106.665322,35.081223],[-106.665471,35.080407],[-106.664559,35.080295]]]}},{"type":"Feature","properties":{"leisure":"park"},"geometry":{"type":"Polygon","coordinates":[[[-106.604038,35.072669],[-106.60392,35.072735],[-106.60352,35.072724],[-106.603539,35.072087],[-106.603568,35.07208],[-106.604038,35.072669]]]}},{"type":"Feature","properties":{"leisure":"park","name":"Fred Calkins Park"},"geometry":{"type":"Polygon","coordinates":[[[-106.643021,35.070021],[-106.642541,35.070023],[-106.642533,35.069868],[-106.642941,35.069859],[-106.643024,35.069938],[-106.643021,35.070021]]]}},{"type":"Feature","properties":{"leisure":"park","name":"Yale Park"},"geometry":{"type":"Polygon","coordinates":[[[-106.620733,35.081427],[-106.620731,35.081297],[-106.620634,35.081284],[-106.620642,35.08115],[-106.621829,35.081155],[-106.621909,35.081193],[-106.621929,35.081237],[-106.621929,35.081405],[-106.621912,35.081445],[-106.621878,35.08146],[-106.621629,35.081446],[-106.620759,35.081446],[-106.620733,35.081427]]]}},{"type":"Feature","properties":{"leisure":"park","name":"Triangle Park"},"geometry":{"type":"Polygon","coordinates":[[[-106.612741,35.08109],[-106.612207,35.081283],[-106.612177,35.081261],[-106.612183,35.080983],[-106.612735,35.081062],[-106.612741,35.08109]]]}},{"type":"Feature","properties":{"leisure":"park","name":"Edward L Romero Park"},"geometry":{"type":"Polygon","coordinates":[[[-106.665074,35.029746],[-106.665079,35.029476],[-106.665246,35.02946],[-106.665246,35.029355],[-106.665289,35.029342],[-106.665278,35.029008],[-106.664924,35.028997],[-106.664511,35.028914],[-106.664371,35.028947],[-106.664221,35.028951],[-106.6642,35.029215],[-106.664082,35.029381],[-106.663931,35.029474],[-106.663744,35.0295],[-106.663492,35.029445],[-106.663282,35.029265],[-106.663234,35.029026],[-106.663239,35.028907],[-106.663089,35.028907],[-106.662767,35.028969],[-106.662585,35.028947],[-106.662558,35.028995],[-106.662521,35.029702],[-106.665074,35.029746]]]}},{"type":"Feature","properties":{"ele":"1508","leisure":"park","name":"Eddie Garcia Park"},"geometry":{"type":"Polygon","coordinates":[[[-106.657561,35.07367],[-106.657321,35.07367],[-106.657293,35.073426],[-106.657312,35.073411],[-106.65761,35.073408],[-106.657553,35.073527],[-106.657561,35.07367]]]}},{"type":"Feature","properties":{"leisure":"park"},"geometry":{"type":"Polygon","coordinates":[[[-106.669357,35.055621],[-106.669351,35.055677],[-106.669315,35.055709],[-106.669084,35.055754],[-106.668908,35.055842],[-106.668853,35.055918],[-106.668798,35.05595],[-106.668732,35.055946],[-106.668617,35.055844],[-106.668689,35.055506],[-106.669074,35.055287],[-106.669213,35.055264],[-106.669275,35.055299],[-106.669357,35.055621]]]}},{"type":"Feature","properties":{"leisure":"park"},"geometry":{"type":"Polygon","coordinates":[[[-106.600079,35.071322],[-106.600028,35.0713],[-106.599958,35.071188],[-106.600111,35.071078],[-106.60015,35.071072],[-106.600178,35.071089],[-106.600275,35.071221],[-106.600256,35.07126],[-106.600125,35.07132],[-106.600079,35.071322]]]}},{"type":"Feature","properties":{"leisure":"park","name":"Tight Grove"},"geometry":{"type":"Polygon","coordinates":[[[-106.625719,35.081885],[-106.625747,35.081754],[-106.625507,35.08173],[-106.625549,35.081372],[-106.626505,35.08149],[-106.626599,35.081559],[-106.626489,35.082178],[-106.626352,35.08216],[-106.626324,35.082087],[-106.626201,35.081971],[-106.625713,35.081906],[-106.625719,35.081885]]]}},{"type":"Feature","properties":{"leisure":"park"},"geometry":{"type":"Polygon","coordinates":[[[-106.618048,34.989306],[-106.618079,34.989253],[-106.618127,34.988989],[-106.618127,34.988893],[-106.618084,34.988749],[-106.618025,34.988671],[-106.617942,34.988632],[-106.617863,34.988632],[-106.617735,34.988684],[-106.617668,34.988674],[-106.617619,34.988819],[-106.617683,34.988835],[-106.617719,34.988868],[-106.617732,34.988905],[-106.617724,34.988954],[-106.617754,34.989022],[-106.617745,34.989062],[-106.617856,34.989167],[-106.617858,34.989201],[-106.617832,34.989233],[-106.617915,34.989284],[-106.618048,34.989306]]]}},{"type":"Feature","properties":{"natural":"water"},"geometry":{"type":"Polygon","coordinates":[[[-106.63213,35.035564],[-106.632115,35.035662],[-106.632078,35.03572],[-106.632028,35.035737],[-106.631982,35.035726],[-106.631925,35.035686],[-106.631888,35.035602],[-106.631899,35.035356],[-106.631928,35.035149],[-106.631816,35.034843],[-106.631764,35.034633],[-106.63179,35.034554],[-106.631858,35.034487],[-106.632082,35.034498],[-106.632131,35.034529],[-106.632191,35.034623],[-106.632096,35.03491],[-106.632096,35.034996],[-106.632134,35.035109],[-106.632265,35.035178],[-106.632288,35.035195],[-106.632288,35.035215],[-106.632154,35.035362],[-106.632133,35.035435],[-106.63213,35.035564]]]}},{"type":"Feature","properties":{"ele":"1501","leisure":"park","name":"Valley Gardens Park"},"geometry":{"type":"Polygon","coordinates":[[[-106.706917,35.008905],[-106.706426,35.008319],[-106.706659,35.008013],[-106.706802,35.007769],[-106.706895,35.007468],[-106.706911,35.007208],[-106.70696,35.007178],[-106.707177,35.007176],[-106.707258,35.007211],[-106.707914,35.007217],[-106.707952,35.007191],[-106.708175,35.007172],[-106.708242,35.007213],[-106.708256,35.007273],[-106.70825,35.00744],[-106.708111,35.008015],[-106.708043,35.008184],[-106.707898,35.008373],[-106.707652,35.00854],[-106.706917,35.008905]]]}},{"type":"Feature","properties":{"natural":"water"},"geometry":{"type":"Polygon","coordinates":[[[-106.661378,35.079094],[-106.661302,35.079144],[-106.661237,35.079147],[-106.661183,35.07917],[-106.661151,35.079241],[-106.66118,35.079304],[-106.661252,35.079312],[-106.661333,35.079202],[-106.661417,35.079124],[-106.661378,35.079094]]]}},{"type":"Feature","properties":{"name":"BioPark Duck Pond","natural":"water"},"geometry":{"type":"Polygon","coordinates":[[[-106.662774,35.077659],[-106.662656,35.077514],[-106.662575,35.077443],[-106.662528,35.077416],[-106.662453,35.077415],[-106.662392,35.077468],[-106.662353,35.077472],[-106.662333,35.077385],[-106.662264,35.077337],[-106.662204,35.077319],[-106.662132,35.077321],[-106.662102,35.077346],[-106.662079,35.077411],[-106.662047,35.077419],[-106.661963,35.077379],[-106.661761,35.077419],[-106.661749,35.077439],[-106.661777,35.077471],[-106.661906,35.077527],[-106.661918,35.077628],[-106.66187,35.077694],[-106.661854,35.077772],[-106.661801,35.077816],[-106.661828,35.077884],[-106.661806,35.077965],[-106.661856,35.078021],[-106.661896,35.078033],[-106.662008,35.078011],[-106.662034,35.077951],[-106.662072,35.07794],[-106.662334,35.077898],[-106.662564,35.077896],[-106.662607,35.077857],[-106.662581,35.077746],[-106.662589,35.077696],[-106.662656,35.077672],[-106.66269,35.077703],[-106.662735,35.077706],[-106.662774,35.077659]]]}},{"type":"Feature","properties":{"leisure":"park"},"geometry":{"type":"Polygon","coordinates":[[[-106.599356,35.087316],[-106.599057,35.087316],[-106.599057,35.087035],[-106.599358,35.087036],[-106.599356,35.087316]]]}},{"type":"Feature","properties":{"leisure":"park"},"geometry":{"type":"Polygon","coordinates":[[[-106.60562,35.085668],[-106.605447,35.085669],[-106.605448,35.085881],[-106.605494,35.085881],[-106.60562,35.085668]]]}},{"type":"Feature","properties":{"leisure":"park","name":"Dolores Huerta Gateway Park","ref":"Gateway Park"},"geometry":{"type":"Polygon","coordinates":[[[-106.665931,35.068429],[-106.665597,35.068209],[-106.665536,35.0682],[-106.664905,35.067698],[-106.664737,35.067504],[-106.664621,35.067307],[-106.665053,35.066587],[-106.666692,35.067331],[-106.666437,35.067766],[-106.666349,35.06795],[-106.66633,35.068097],[-106.666349,35.06825],[-106.666313,35.068311],[-106.665931,35.068429]]]}},{"type":"Feature","properties":{"leisure":"park"},"geometry":{"type":"Polygon","coordinates":[[[-106.613634,35.051939],[-106.613604,35.051955],[-106.613667,35.052057],[-106.613731,35.052126],[-106.61387,35.052254],[-106.613922,35.052274],[-106.613979,35.052272],[-106.6143,35.052139],[-106.614518,35.052083],[-106.614745,35.052046],[-106.614934,35.051972],[-106.615034,35.051891],[-106.615099,35.051797],[-106.615134,35.051693],[-106.615134,35.05163],[-106.615056,35.051613],[-106.61494,35.051752],[-106.614822,35.051839],[-106.614746,35.051872],[-106.614663,35.051902],[-106.61433,35.051969],[-106.613992,35.052091],[-106.613893,35.0521],[-106.613752,35.052063],[-106.613678,35.052007],[-106.613634,35.051939]]]}},{"type":"Feature","properties":{"leisure":"park"},"geometry":{"type":"Polygon","coordinates":[[[-106.674161,35.054188],[-106.674694,35.054037],[-106.674578,35.053242],[-106.674164,35.053158],[-106.673715,35.053024],[-106.673369,35.053461],[-106.67324,35.053462],[-106.672672,35.054008],[-106.672598,35.054012],[-106.672596,35.054094],[-106.672338,35.054103],[-106.672342,35.054353],[-106.672457,35.054357],[-106.672684,35.054175],[-106.672788,35.054168],[-106.673316,35.05468],[-106.673527,35.054467],[-106.673737,35.054337],[-106.673687,35.054267],[-106.673797,35.054197],[-106.674045,35.054204],[-106.674161,35.054188]]]}},{"type":"Feature","properties":{"leisure":"park"},"geometry":{"type":"Polygon","coordinates":[[[-106.597346,35.054781],[-106.595834,35.054783],[-106.595718,35.054754],[-106.595649,35.054714],[-106.595581,35.054641],[-106.595544,35.054513],[-106.59554,35.053356],[-106.595611,35.053356],[-106.597346,35.054764],[-106.597346,35.054781]]]}},{"type":"Feature","properties":{"leisure":"park"},"geometry":{"type":"Polygon","coordinates":[[[-106.624558,35.084373],[-106.624387,35.084358],[-106.624374,35.084395],[-106.6243,35.084381],[-106.624342,35.084189],[-106.624585,35.084219],[-106.624558,35.084373]]]}},{"type":"Feature","properties":{"leisure":"park"},"geometry":{"type":"Polygon","coordinates":[[[-106.625042,35.084546],[-106.62497,35.084537],[-106.624994,35.084431],[-106.625063,35.084439],[-106.625042,35.084546]]]}},{"type":"Feature","properties":{"leisure":"park"},"geometry":{"type":"Polygon","coordinates":[[[-106.619298,35.089819],[-106.61921,35.089886],[-106.619061,35.090068],[-106.618746,35.09008],[-106.618796,35.089805],[-106.619298,35.089819]]]}},{"type":"Feature","properties":{"leisure":"park"},"geometry":{"type":"Polygon","coordinates":[[[-106.622272,35.086048],[-106.622225,35.08607],[-106.622172,35.086064],[-106.622133,35.086033],[-106.622133,35.085969],[-106.622202,35.085932],[-106.622257,35.085943],[-106.622294,35.086005],[-106.622272,35.086048]]]}},{"type":"Feature","properties":{"leisure":"park"},"geometry":{"type":"Polygon","coordinates":[[[-106.624893,35.085159],[-106.624711,35.085144],[-106.624729,35.085026],[-106.624915,35.085046],[-106.624893,35.085159]]]}},{"type":"Feature","properties":{"leisure":"park"},"geometry":{"type":"Polygon","coordinates":[[[-106.619097,35.086523],[-106.61878,35.086591],[-106.618645,35.086396],[-106.618785,35.086175],[-106.619095,35.086245],[-106.619097,35.086523]]]}},{"type":"Feature","properties":{"leisure":"park","name":"Hokona Courtyard"},"geometry":{"type":"Polygon","coordinates":[[[-106.618042,35.0861],[-106.61779,35.0861],[-106.617694,35.085841],[-106.617964,35.085705],[-106.618193,35.085898],[-106.618042,35.0861]]]}},{"type":"Feature","properties":{"leisure":"park"},"geometry":{"type":"Polygon","coordinates":[[[-106.681624,35.023474],[-106.681816,35.023071],[-106.68285,35.023394],[-106.682384,35.024341],[-106.68196,35.024229],[-106.682007,35.024119],[-106.68154,35.024112],[-106.681299,35.024131],[-106.681624,35.023474]]]}},{"type":"Feature","properties":{"leisure":"park","name":"Parsons Grove"},"geometry":{"type":"Polygon","coordinates":[[[-106.624118,35.081713],[-106.624214,35.081201],[-106.622384,35.081151],[-106.62221,35.081473],[-106.622253,35.081554],[-106.622869,35.081644],[-106.623053,35.081635],[-106.623474,35.081713],[-106.624118,35.081713]]]}},{"type":"Feature","properties":{"natural":"water"},"geometry":{"type":"Polygon","coordinates":[[[-106.671531,35.080574],[-106.671671,35.080424],[-106.671628,35.080359],[-106.671392,35.08028],[-106.671269,35.0801],[-106.671059,35.079964],[-106.670957,35.079691],[-106.670662,35.079705],[-106.670496,35.079634],[-106.670426,35.079696],[-106.670523,35.079805],[-106.670598,35.080095],[-106.671172,35.080604],[-106.671092,35.080758],[-106.671252,35.080762],[-106.671531,35.080653],[-106.671521,35.080609],[-106.671531,35.080574]]]}},{"type":"Feature","properties":{"natural":"water"},"geometry":{"type":"Polygon","coordinates":[[[-106.63083,35.046017],[-106.630803,35.045978],[-106.63076,35.045959],[-106.63075,35.04585],[-106.630342,35.045838],[-106.630219,35.04585],[-106.630026,35.045899],[-106.629874,35.045975],[-106.629743,35.046065],[-106.629699,35.046113],[-106.629707,35.046139],[-106.6304,35.046814],[-106.630597,35.04667],[-106.630754,35.04667],[-106.630759,35.046026],[-106.63083,35.046017]]]}},{"type":"Feature","properties":{"leisure":"park"},"geometry":{"type":"Polygon","coordinates":[[[-106.621446,35.001934],[-106.621502,35.001668],[-106.62146,35.001501],[-106.621023,35.00146],[-106.620938,35.001512],[-106.62082,35.001471],[-106.62064,35.001449],[-106.620147,35.001469],[-106.620015,35.001524],[-106.620039,35.001987],[-106.620132,35.001985],[-106.620183,35.001911],[-106.621271,35.001908],[-106.621292,35.002007],[-106.621423,35.002035],[-106.621446,35.001934]]]}},{"type":"Feature","properties":{"leisure":"park"},"geometry":{"type":"Polygon","coordinates":[[[-106.61979,35.002007],[-106.619708,35.002002],[-106.619665,35.001922],[-106.619056,35.001926],[-106.618889,35.001958],[-106.617415,35.002368],[-106.616452,35.002559],[-106.616345,35.002248],[-106.618391,35.001706],[-106.618102,35.000677],[-106.618598,35.000666],[-106.61882,35.001387],[-106.618831,35.001537],[-106.619247,35.001489],[-106.619832,35.001516],[-106.61979,35.002007]]]}},{"type":"Feature","properties":{"landuse":"forest"},"geometry":{"type":"Polygon","coordinates":[[[-106.669098,35.027071],[-106.669221,35.023507],[-106.670103,35.014064],[-106.670574,35.013286],[-106.672162,35.009173],[-106.673744,35.008506],[-106.676747,35.010412],[-106.676473,35.010533],[-106.676218,35.010808],[-106.675713,35.011201],[-106.675336,35.011423],[-106.675236,35.0116],[-106.675104,35.011992],[-106.674762,35.012247],[-106.674629,35.012534],[-106.674622,35.012641],[-106.674572,35.012705],[-106.674268,35.012947],[-106.674019,35.013059],[-106.673799,35.013118],[-106.673663,35.013321],[-106.673612,35.013487],[-106.673562,35.013552],[-106.673487,35.013591],[-106.673432,35.013527],[-106.673264,35.013539],[-106.673032,35.013694],[-106.672726,35.013801],[-106.672496,35.014068],[-106.672383,35.014111],[-106.672155,35.014427],[-106.671981,35.014507],[-106.671917,35.014622],[-106.671603,35.01502],[-106.671524,35.015148],[-106.671496,35.015305],[-106.671441,35.015974],[-106.671347,35.016062],[-106.671303,35.01632],[-106.671464,35.017447],[-106.671154,35.018435],[-106.671198,35.019478],[-106.671357,35.020005],[-106.671371,35.020558],[-106.671532,35.02109],[-106.671798,35.021347],[-106.671977,35.021718],[-106.672069,35.02186],[-106.672125,35.022012],[-106.672155,35.022149],[-106.672128,35.022207],[-106.672126,35.022445],[-106.672351,35.023243],[-106.672394,35.023329],[-106.672373,35.023422],[-106.672424,35.023607],[-106.672506,35.023768],[-106.672556,35.023927],[-106.672506,35.023986],[-106.672504,35.024064],[-106.672529,35.024165],[-106.672518,35.024255],[-106.672472,35.024326],[-106.672504,35.024422],[-106.672478,35.024486],[-106.672492,35.024571],[-106.672468,35.02478],[-106.672341,35.024963],[-106.672307,35.025115],[-106.672313,35.025537],[-106.672176,35.025798],[-106.672095,35.026068],[-106.672088,35.026219],[-106.672227,35.026476],[-106.672355,35.026666],[-106.67231,35.027047],[-106.669098,35.027071]]]}},{"type":"Feature","properties":{"landuse":"forest"},"geometry":{"type":"Polygon","coordinates":[[[-106.673639,35.025048],[-106.673554,35.027101],[-106.674127,35.027097],[-106.674887,35.016554],[-106.683062,35.008857],[-106.687624,35.004788],[-106.68456,35.004753],[-106.68393,35.005266],[-106.683327,35.0058],[-106.682718,35.006174],[-106.682573,35.006385],[-106.682214,35.006536],[-106.68107,35.007423],[-106.680661,35.0079],[-106.67977,35.008401],[-106.679652,35.008542],[-106.679805,35.008854],[-106.679741,35.009104],[-106.679265,35.010105],[-106.679274,35.010504],[-106.679196,35.010816],[-106.679051,35.011041],[-106.678906,35.011224],[-106.678153,35.011778],[-106.67742,35.012566],[-106.674459,35.013831],[-106.673439,35.014628],[-106.672914,35.015624],[-106.672613,35.017065],[-106.673643,35.018927],[-106.673815,35.021845],[-106.673639,35.025048]]]}},{"type":"Feature","properties":{"leisure":"park"},"geometry":{"type":"Polygon","coordinates":[[[-106.607118,35.05438],[-106.605955,35.05439],[-106.605961,35.054928],[-106.607125,35.054918],[-106.607118,35.05438]]]}},{"type":"Feature","properties":{"natural":"water"},"geometry":{"type":"Polygon","coordinates":[[[-106.601427,35.088582],[-106.601398,35.088566],[-106.601399,35.088543],[-106.601429,35.08854],[-106.601495,35.088588],[-106.60148,35.088614],[-106.601452,35.088616],[-106.601427,35.088582]]]}},{"type":"Feature","properties":{"natural":"water"},"geometry":{"type":"Polygon","coordinates":[[[-106.602349,35.089957],[-106.602448,35.089958],[-106.602448,35.089986],[-106.602349,35.089986],[-106.602349,35.089957]]]}},{"type":"Feature","properties":{"natural":"water"},"geometry":{"type":"Polygon","coordinates":[[[-106.612619,35.062719],[-106.612787,35.062668],[-106.612853,35.062631],[-106.612885,35.06257],[-106.612871,35.06251],[-106.612835,35.062468],[-106.61273,35.062399],[-106.612696,35.062357],[-106.612683,35.062282],[-106.612629,35.062211],[-106.612567,35.062183],[-106.612505,35.062179],[-106.612447,35.062196],[-106.61221,35.062384],[-106.61218,35.062435],[-106.612191,35.062483],[-106.612323,35.062538],[-106.612334,35.062567],[-106.612266,35.062658],[-106.612255,35.0627],[-106.612287,35.062736],[-106.612476,35.062747],[-106.612619,35.062719]]]}},{"type":"Feature","properties":{"leisure":"park","name":"Durand Open Space"},"geometry":{"type":"Polygon","coordinates":[[[-106.690098,35.003832],[-106.689389,35.003522],[-106.689032,35.003448],[-106.68905,35.003408],[-106.688959,35.003296],[-106.689213,35.001535],[-106.689466,34.999105],[-106.689504,34.999056],[-106.689715,34.999051],[-106.689782,34.999155],[-106.68969,35.001584],[-106.69048,35.001664],[-106.690628,35.001839],[-106.690475,35.002552],[-106.690251,35.003251],[-106.690098,35.003832]]]}},{"type":"Feature","properties":{"natural":"water"},"geometry":{"type":"Polygon","coordinates":[[[-106.61031,35.056081],[-106.610133,35.056079],[-106.610136,35.055861],[-106.610313,35.055863],[-106.61031,35.056081]]]}},{"type":"Feature","properties":{"natural":"water"},"geometry":{"type":"Polygon","coordinates":[[[-106.613103,35.05193],[-106.612805,35.051921],[-106.612814,35.051742],[-106.613111,35.051751],[-106.613103,35.05193]]]}},{"type":"Feature","properties":{"natural":"water"},"geometry":{"type":"Polygon","coordinates":[[[-106.612903,35.054814],[-106.612739,35.054809],[-106.612743,35.054727],[-106.612907,35.054733],[-106.612903,35.054814]]]}},{"type":"Feature","properties":{"natural":"water"},"geometry":{"type":"Polygon","coordinates":[[[-106.611926,35.056678],[-106.611896,35.056721],[-106.611641,35.056705],[-106.611602,35.056663],[-106.611605,35.056161],[-106.611682,35.056121],[-106.611934,35.056152],[-106.611975,35.056218],[-106.611926,35.056678]]]}},{"type":"Feature","properties":{"name":"Raven Pond","natural":"water"},"geometry":{"type":"Polygon","coordinates":[[[-106.696833,35.045524],[-106.696051,35.045223],[-106.696095,35.04495],[-106.69541,35.044837],[-106.695586,35.043629],[-106.694469,35.043537],[-106.694508,35.04247],[-106.697845,35.042405],[-106.698121,35.042728],[-106.698003,35.044167],[-106.697095,35.045105],[-106.696833,35.045524]]]}},{"type":"Feature","properties":{"name":"Laguna de Cuervo","natural":"water"},"geometry":{"type":"Polygon","coordinates":[[[-106.696684,35.048198],[-106.696624,35.048194],[-106.695667,35.04779],[-106.695424,35.047739],[-106.695341,35.047696],[-106.695312,35.047648],[-106.695323,35.047609],[-106.695648,35.047189],[-106.695709,35.047032],[-106.695747,35.046977],[-106.695813,35.04697],[-106.695851,35.046991],[-106.696204,35.047317],[-106.69638,35.04745],[-106.696949,35.047741],[-106.696982,35.047783],[-106.696992,35.047838],[-106.696804,35.048161],[-106.696684,35.048198]]]}},{"type":"Feature","properties":{"leisure":"park"},"geometry":{"type":"Polygon","coordinates":[[[-106.62232,35.085732],[-106.62277,35.085535],[-106.622944,35.085406],[-106.623039,35.085217],[-106.623053,35.085104],[-106.623046,35.08495],[-106.623012,35.08476],[-106.622995,35.08469],[-106.622939,35.08461],[-106.622605,35.084491],[-106.622457,35.08446],[-106.622332,35.084455],[-106.62221,35.084485],[-106.622063,35.084563],[-106.621968,35.084657],[-106.621827,35.084759],[-106.621783,35.084829],[-106.621642,35.084743],[-106.621613,35.084764],[-106.621613,35.084837],[-106.621582,35.084932],[-106.621577,35.085081],[-106.621604,35.085087],[-106.621606,35.085217],[-106.621351,35.085223],[-106.621343,35.085387],[-106.620886,35.085388],[-106.620882,35.085617],[-106.621215,35.085797],[-106.622021,35.085751],[-106.622163,35.085731],[-106.62232,35.085732]]]}},{"type":"Feature","properties":{"natural":"water"},"geometry":{"type":"Polygon","coordinates":[[[-106.63715,35.022895],[-106.637109,35.022953],[-106.637017,35.022994],[-106.636801,35.022989],[-106.636627,35.022913],[-106.636581,35.022875],[-106.636514,35.022782],[-106.636485,35.022677],[-106.636498,35.022564],[-106.636554,35.022461],[-106.636648,35.022378],[-106.636836,35.022311],[-106.636974,35.02231],[-106.637111,35.022352],[-106.63716,35.022426],[-106.63715,35.022895]]]}},{"type":"Feature","properties":{"natural":"water"},"geometry":{"type":"Polygon","coordinates":[[[-106.611977,35.054789],[-106.611734,35.054784],[-106.611741,35.054565],[-106.611984,35.05457],[-106.611977,35.054789]]]}},{"type":"Feature","properties":{"natural":"water"},"geometry":{"type":"Polygon","coordinates":[[[-106.610215,35.053126],[-106.609972,35.05312],[-106.609979,35.052901],[-106.610222,35.052906],[-106.610215,35.053126]]]}},{"type":"Feature","properties":{"leisure":"park","name":"Sprayground"},"geometry":{"type":"Polygon","coordinates":[[[-106.651179,35.086934],[-106.651152,35.08709],[-106.650923,35.087055],[-106.650913,35.087111],[-106.650847,35.087102],[-106.650786,35.087338],[-106.650026,35.08724],[-106.650089,35.086795],[-106.651179,35.086934]]]}},{"type":"Feature","properties":{"natural":"water"},"geometry":{"type":"Polygon","coordinates":[[[-106.662472,35.078023],[-106.662343,35.078086],[-106.6623,35.078147],[-106.662301,35.078185],[-106.662278,35.0782],[-106.662249,35.078198],[-106.662211,35.078169],[-106.662194,35.078104],[-106.662206,35.078051],[-106.662243,35.078008],[-106.662352,35.077962],[-106.662401,35.077957],[-106.662459,35.077969],[-106.662476,35.077986],[-106.662472,35.078023]]]}},{"type":"Feature","properties":{"natural":"water"},"geometry":{"type":"Polygon","coordinates":[[[-106.664538,35.078379],[-106.664601,35.078409],[-106.66464,35.078402],[-106.664676,35.078371],[-106.664691,35.07833],[-106.664659,35.078275],[-106.664601,35.078269],[-106.66455,35.078283],[-106.66449,35.078254],[-106.664357,35.078238],[-106.664284,35.078242],[-106.664255,35.07829],[-106.664264,35.078361],[-106.664361,35.078401],[-106.664465,35.078407],[-106.664538,35.078379]]]}},{"type":"Feature","properties":{"natural":"water"},"geometry":{"type":"Polygon","coordinates":[[[-106.663682,35.077022],[-106.663618,35.077038],[-106.663551,35.077022],[-106.663556,35.076986],[-106.6636,35.07696],[-106.663647,35.076965],[-106.663682,35.077022]]]}},{"type":"Feature","properties":{"natural":"water"},"geometry":{"type":"Polygon","coordinates":[[[-106.663587,35.076887],[-106.663515,35.076899],[-106.663464,35.076931],[-106.663453,35.077031],[-106.663506,35.077025],[-106.663519,35.076941],[-106.66358,35.076931],[-106.663587,35.076887]]]}},{"type":"Feature","properties":{"name":"Tijeras Sediment Retention Facility","natural":"water"},"geometry":{"type":"Polygon","coordinates":[[[-106.648155,35.003333],[-106.648163,35.002236],[-106.648019,35.002136],[-106.646049,35.002768],[-106.645795,35.00469],[-106.64587,35.004875],[-106.646012,35.004923],[-106.648012,35.003477],[-106.648155,35.003333]]]}},{"type":"Feature","properties":{"natural":"water"},"geometry":{"type":"Polygon","coordinates":[[[-106.614211,34.982551],[-106.614128,34.982617],[-106.614,34.982665],[-106.613833,34.982702],[-106.613686,34.982696],[-106.613557,34.982641],[-106.613385,34.982515],[-106.613203,34.982293],[-106.613133,34.982135],[-106.613141,34.982021],[-106.61319,34.981949],[-106.613361,34.981834],[-106.613528,34.981771],[-106.613616,34.981749],[-106.613764,34.981764],[-106.613887,34.981803],[-106.614271,34.982149],[-106.614297,34.982217],[-106.614297,34.982333],[-106.614273,34.982445],[-106.614211,34.982551]]]}},{"type":"Feature","properties":{"landuse":"forest"},"geometry":{"type":"Polygon","coordinates":[[[-106.684843,34.987342],[-106.685294,34.984588],[-106.685862,34.979932],[-106.686002,34.978094],[-106.688326,34.978999],[-106.685445,34.987149],[-106.684843,34.987342]]]}},{"type":"Feature","properties":{"leisure":"park","name":"Central Parq"},"geometry":{"type":"Polygon","coordinates":[[[-106.662814,35.077624],[-106.662659,35.077449],[-106.662401,35.077294],[-106.662419,35.077226],[-106.662371,35.077161],[-106.662587,35.076971],[-106.662694,35.076922],[-106.662753,35.076926],[-106.662833,35.076969],[-106.662933,35.077056],[-106.663007,35.077084],[-106.663136,35.077096],[-106.663252,35.07707],[-106.663301,35.077088],[-106.663334,35.07712],[-106.663332,35.077179],[-106.663355,35.077235],[-106.663436,35.077285],[-106.663477,35.077292],[-106.663511,35.077326],[-106.663505,35.07735],[-106.663366,35.077486],[-106.66322,35.077569],[-106.66294,35.077674],[-106.662873,35.077592],[-106.662814,35.077624]]]}},{"type":"Feature","properties":{"natural":"water"},"geometry":{"type":"Polygon","coordinates":[[[-106.644518,35.015339],[-106.644575,35.015679],[-106.644425,35.015672],[-106.644417,35.015355],[-106.644518,35.015339]]]}},{"type":"Feature","properties":{"natural":"water"},"geometry":{"type":"Polygon","coordinates":[[[-106.662411,35.078916],[-106.662421,35.078902],[-106.662446,35.078927],[-106.662408,35.078973],[-106.662346,35.078947],[-106.662343,35.078917],[-106.662411,35.078916]]]}},{"type":"Feature","properties":{"leisure":"park"},"geometry":{"type":"Polygon","coordinates":[[[-106.618373,35.086079],[-106.618316,35.086077],[-106.618346,35.086031],[-106.618373,35.086079]]]}},{"type":"Feature","properties":{"natural":"water"},"geometry":{"type":"Polygon","coordinates":[[[-106.591516,35.053423],[-106.591468,35.053393],[-106.591436,35.053348],[-106.591437,35.053208],[-106.59147,35.053167],[-106.591536,35.05313],[-106.59169,35.053114],[-106.591888,35.053151],[-106.591932,35.053183],[-106.591951,35.053265],[-106.59191,35.053303],[-106.591856,35.053332],[-106.59175,35.053341],[-106.591729,35.053362],[-106.591516,35.053423]]]}},{"type":"Feature","properties":{"leisure":"park","name":"Rio Bravo County Park"},"geometry":{"type":"Polygon","coordinates":[[[-106.679013,35.01643],[-106.68304,35.016385],[-106.682122,35.017977],[-106.681643,35.019168],[-106.679148,35.018937],[-106.679304,35.017513],[-106.678955,35.01644],[-106.679013,35.01643]]]}},{"type":"Feature","properties":{"natural":"water"},"geometry":{"type":"Polygon","coordinates":[[[-106.643716,35.025632],[-106.643654,35.025669],[-106.643536,35.025674],[-106.642957,35.025647],[-106.642852,35.02561],[-106.642785,35.025564],[-106.642718,35.025402],[-106.642726,35.025314],[-106.642941,35.024872],[-106.643032,35.024815],[-106.643134,35.024784],[-106.643244,35.024793],[-106.644019,35.024951],[-106.644083,35.024993],[-106.644121,35.02507],[-106.644121,35.025116],[-106.644089,35.025173],[-106.643811,35.025375],[-106.643751,35.025574],[-106.643716,35.025632]]]}},{"type":"Feature","properties":{"leisure":"park","name":"Valle del Bosque Park"},"geometry":{"type":"Polygon","coordinates":[[[-106.672418,35.076469],[-106.671345,35.075072],[-106.671268,35.074782],[-106.671992,35.074869],[-106.672199,35.074769],[-106.672313,35.074733],[-106.674032,35.074886],[-106.675309,35.074969],[-106.675882,35.075029],[-106.676041,35.075022],[-106.676142,35.075185],[-106.67622,35.075445],[-106.676285,35.075897],[-106.67635,35.076183],[-106.675988,35.076253],[-106.67576,35.07626],[-106.675467,35.076103],[-106.675276,35.076083],[-106.674756,35.07623],[-106.674268,35.07634],[-106.672418,35.076469]]]}},{"type":"Feature","properties":{"natural":"water"},"geometry":{"type":"Polygon","coordinates":[[[-106.66518,35.018238],[-106.666265,35.018241],[-106.666268,35.017131],[-106.665184,35.017128],[-106.66518,35.018238]]]}},{"type":"Feature","properties":{"natural":"water"},"geometry":{"type":"Polygon","coordinates":[[[-106.665509,35.016904],[-106.666486,35.016903],[-106.666484,35.016066],[-106.665508,35.016067],[-106.665509,35.016904]]]}},{"type":"Feature","properties":{"natural":"water"},"geometry":{"type":"Polygon","coordinates":[[[-106.665589,35.015628],[-106.66654,35.015636],[-106.666546,35.015217],[-106.665594,35.015209],[-106.665589,35.015628]]]}},{"type":"Feature","properties":{"natural":"water"},"geometry":{"type":"Polygon","coordinates":[[[-106.666544,35.015088],[-106.666549,35.014695],[-106.665598,35.014687],[-106.665592,35.01508],[-106.666544,35.015088]]]}},{"type":"Feature","properties":{"natural":"water"},"geometry":{"type":"Polygon","coordinates":[[[-106.600989,35.038324],[-106.601163,35.038452],[-106.601312,35.038316],[-106.601138,35.038189],[-106.600989,35.038324]]]}},{"type":"Feature","properties":{"natural":"water"},"geometry":{"type":"Polygon","coordinates":[[[-106.621101,35.038471],[-106.621175,35.03849],[-106.6212,35.038423],[-106.621126,35.038405],[-106.621101,35.038471]]]}},{"type":"Feature","properties":{"natural":"water"},"geometry":{"type":"Polygon","coordinates":[[[-106.62136,35.03796],[-106.621296,35.037948],[-106.621315,35.037881],[-106.621379,35.037893],[-106.62136,35.03796]]]}},{"type":"Feature","properties":{"leisure":"track","natural":"water"},"geometry":{"type":"Polygon","coordinates":[[[-106.626575,35.067635],[-106.626576,35.067672],[-106.626539,35.067673],[-106.626538,35.067635],[-106.626575,35.067635]]]}},{"type":"Feature","properties":{"natural":"water"},"geometry":{"type":"Polygon","coordinates":[[[-106.631095,35.008799],[-106.631274,35.008896],[-106.631745,35.008311],[-106.631566,35.008214],[-106.631095,35.008799]]]}},{"type":"Feature","properties":{"natural":"water"},"geometry":{"type":"Polygon","coordinates":[[[-106.627369,35.043912],[-106.627419,35.044369],[-106.628387,35.044297],[-106.628337,35.04384],[-106.627369,35.043912]]]}},{"type":"Feature","properties":{"ele":"1510","leisure":"park","name":"Forest Park","surface":"grass"},"geometry":{"type":"Polygon","coordinates":[[[-106.66584,35.088053],[-106.665881,35.088135],[-106.665903,35.088332],[-106.665859,35.088787],[-106.665834,35.088861],[-106.66569,35.089114],[-106.665614,35.089126],[-106.665508,35.089013],[-106.665486,35.088967],[-106.665448,35.088703],[-106.665468,35.088542],[-106.665627,35.088081],[-106.665683,35.088033],[-106.665738,35.088019],[-106.665795,35.088024],[-106.66584,35.088053]]]}},{"type":"Feature","properties":{"natural":"water"},"geometry":{"type":"Polygon","coordinates":[[[-106.645011,35.08553],[-106.645011,35.085606],[-106.644951,35.0857],[-106.644908,35.085659],[-106.644941,35.085523],[-106.644967,35.085512],[-106.645011,35.08553]]]}},{"type":"Feature","properties":{"leisure":"park"},"geometry":{"type":"Polygon","coordinates":[[[-106.678826,35.032845],[-106.678658,35.032858],[-106.678475,35.032927],[-106.678016,35.03292],[-106.677858,35.032784],[-106.677842,35.032712],[-106.677693,35.032685],[-106.677536,35.032558],[-106.67749,35.032454],[-106.677524,35.032377],[-106.67771,35.032374],[-106.677823,35.032356],[-106.677863,35.031979],[-106.677973,35.031929],[-106.678654,35.031924],[-106.678727,35.031988],[-106.678736,35.032311],[-106.678817,35.032416],[-106.678826,35.032845]]]}},{"type":"Feature","properties":{"natural":"water"},"geometry":{"type":"Polygon","coordinates":[[[-106.647882,35.07602],[-106.647488,35.076281],[-106.646751,35.076212],[-106.64664,35.07602],[-106.646708,35.075893],[-106.646862,35.075965],[-106.64707,35.07599],[-106.647585,35.075844],[-106.647761,35.075915],[-106.647836,35.075737],[-106.648008,35.075826],[-106.647865,35.075937],[-106.647882,35.07602]]]}},{"type":"Feature","properties":{"natural":"water"},"geometry":{"type":"Polygon","coordinates":[[[-106.603856,35.035725],[-106.603277,35.036263],[-106.601712,35.036427],[-106.601055,35.03593],[-106.601456,35.035761],[-106.603422,35.03546],[-106.603856,35.035725]]]}},{"type":"Feature","properties":{"landuse":"forest"},"geometry":{"type":"Polygon","coordinates":[[[-106.602925,35.090994],[-106.602486,35.090846],[-106.602479,35.088315],[-106.602939,35.088313],[-106.602925,35.090994]]]}},{"type":"Feature","properties":{"landuse":"forest"},"geometry":{"type":"Polygon","coordinates":[[[-106.675956,35.090759],[-106.676163,35.090686],[-106.676357,35.090314],[-106.676378,35.090195],[-106.676388,35.08997],[-106.676008,35.089439],[-106.675888,35.089366],[-106.675775,35.089414],[-106.675747,35.08946],[-106.675724,35.089617],[-106.675732,35.089773],[-106.675821,35.090014],[-106.675842,35.090344],[-106.675875,35.090473],[-106.675969,35.090544],[-106.675933,35.090726],[-106.675932,35.090743],[-106.675956,35.090759]]]}},{"type":"Feature","properties":{"landuse":"forest"},"geometry":{"type":"Polygon","coordinates":[[[-106.671199,35.088626],[-106.671275,35.088674],[-106.671263,35.088759],[-106.671171,35.088845],[-106.671061,35.088876],[-106.67101,35.088966],[-106.670995,35.08905],[-106.671006,35.089077],[-106.671084,35.089129],[-106.671224,35.089367],[-106.67124,35.089515],[-106.671186,35.089582],[-106.671046,35.089592],[-106.670791,35.089557],[-106.670755,35.089523],[-106.670747,35.08948],[-106.670857,35.089027],[-106.670865,35.088695],[-106.670934,35.08863],[-106.671069,35.088617],[-106.671199,35.088626]]]}},{"type":"Feature","properties":{"landuse":"forest"},"geometry":{"type":"Polygon","coordinates":[[[-106.670832,35.089724],[-106.670847,35.090029],[-106.670832,35.090106],[-106.67077,35.090129],[-106.670673,35.090125],[-106.670581,35.090083],[-106.670561,35.089922],[-106.670569,35.089824],[-106.670689,35.089642],[-106.670714,35.089618],[-106.670781,35.08963],[-106.670832,35.089724]]]}},{"type":"Feature","properties":{"landuse":"forest"},"geometry":{"type":"Polygon","coordinates":[[[-106.672574,35.087554],[-106.672671,35.087579],[-106.67286,35.087734],[-106.672937,35.087854],[-106.673133,35.088092],[-106.673309,35.088424],[-106.673665,35.088753],[-106.673906,35.089028],[-106.674039,35.089123],[-106.674131,35.089223],[-106.674456,35.089486],[-106.674558,35.089636],[-106.674562,35.089699],[-106.674539,35.089723],[-106.674493,35.089713],[-106.674109,35.089432],[-106.673562,35.089029],[-106.673432,35.088909],[-106.673158,35.088599],[-106.673098,35.088435],[-106.672623,35.087744],[-106.672563,35.087583],[-106.672574,35.087554]]]}},{"type":"Feature","properties":{"landuse":"forest"},"geometry":{"type":"Polygon","coordinates":[[[-106.67469,35.089188],[-106.674749,35.08895],[-106.674749,35.088741],[-106.674713,35.088634],[-106.67463,35.088472],[-106.674377,35.088203],[-106.674089,35.087935],[-106.673699,35.087616],[-106.673554,35.087424],[-106.673295,35.087137],[-106.67314,35.087069],[-106.673085,35.087072],[-106.673039,35.087105],[-106.673028,35.087226],[-106.673067,35.087376],[-106.673208,35.087601],[-106.673389,35.087802],[-106.67389,35.088439],[-106.674208,35.088714],[-106.67432,35.088859],[-106.674464,35.088983],[-106.6746,35.089152],[-106.674652,35.08919],[-106.67469,35.089188]]]}},{"type":"Feature","properties":{"natural":"water"},"geometry":{"type":"Polygon","coordinates":[[[-106.653133,35.059341],[-106.653088,35.059536],[-106.652979,35.059522],[-106.653058,35.059458],[-106.653021,35.059313],[-106.653133,35.059341]]]}},{"type":"Feature","properties":{"natural":"water"},"geometry":{"type":"Polygon","coordinates":[[[-106.659442,34.987019],[-106.659196,34.986915],[-106.65924,34.986055],[-106.659517,34.986041],[-106.65956,34.986809],[-106.659442,34.987019]]]}},{"type":"Feature","properties":{"natural":"water"},"geometry":{"type":"Polygon","coordinates":[[[-106.617734,35.087091],[-106.617801,35.087087],[-106.617767,35.086974],[-106.617707,35.086898],[-106.617261,35.086676],[-106.617251,35.086691],[-106.617671,35.086945],[-106.617734,35.087091]]]}},{"type":"Feature","properties":{"natural":"water"},"geometry":{"type":"Polygon","coordinates":[[[-106.634382,35.067497],[-106.634376,35.0677],[-106.634007,35.067709],[-106.633944,35.067672],[-106.634007,35.0676],[-106.634382,35.067497]]]}},{"type":"Feature","properties":{"natural":"water"},"geometry":{"type":"Polygon","coordinates":[[[-106.607763,34.987069],[-106.60748,34.986873],[-106.607379,34.986851],[-106.60731,34.986884],[-106.60727,34.986961],[-106.607136,34.987505],[-106.607149,34.987557],[-106.607211,34.987574],[-106.607289,34.987559],[-106.60773,34.987248],[-106.607786,34.987193],[-106.607795,34.98713],[-106.607763,34.987069]]]}},{"type":"Feature","properties":{"natural":"water"},"geometry":{"type":"Polygon","coordinates":[[[-106.61825,34.999974],[-106.618058,35.000032],[-106.618082,35.000212],[-106.618195,35.000321],[-106.618372,35.000318],[-106.61838,35.000138],[-106.61825,34.999974]]]}},{"type":"Feature","properties":{"natural":"water"},"geometry":{"type":"Polygon","coordinates":[[[-106.617858,34.998978],[-106.618042,34.999399],[-106.617929,34.999434],[-106.617744,34.999328],[-106.617693,34.999145],[-106.617744,34.999068],[-106.617858,34.998978]]]}},{"type":"Feature","properties":{"natural":"water"},"geometry":{"type":"Polygon","coordinates":[[[-106.643453,35.028702],[-106.643213,35.028689],[-106.643193,35.02863],[-106.643261,35.028595],[-106.643413,35.028606],[-106.643471,35.028649],[-106.643453,35.028702]]]}},{"type":"Feature","properties":{"natural":"water"},"geometry":{"type":"Polygon","coordinates":[[[-106.658001,35.03122],[-106.657762,35.031236],[-106.657667,35.03131],[-106.657746,35.031407],[-106.65797,35.031419],[-106.658035,35.031404],[-106.658057,35.031295],[-106.658001,35.03122]]]}},{"type":"Feature","properties":{"natural":"water"},"geometry":{"type":"Polygon","coordinates":[[[-106.661021,35.008029],[-106.660939,35.008426],[-106.660847,35.008527],[-106.660611,35.008561],[-106.660608,35.008608],[-106.660912,35.008628],[-106.661001,35.0086],[-106.661114,35.008037],[-106.661056,35.007992],[-106.661021,35.008029]]]}},{"type":"Feature","properties":{"natural":"water"},"geometry":{"type":"Polygon","coordinates":[[[-106.661514,35.006141],[-106.661319,35.006388],[-106.661121,35.006548],[-106.661018,35.006556],[-106.660946,35.006497],[-106.660936,35.006169],[-106.660994,35.006083],[-106.661124,35.00608],[-106.661196,35.006113],[-106.661274,35.006225],[-106.66135,35.006223],[-106.661479,35.006102],[-106.661514,35.006141]]]}},{"type":"Feature","properties":{"natural":"water"},"geometry":{"type":"Polygon","coordinates":[[[-106.630309,35.045992],[-106.629932,35.046109],[-106.630036,35.046167],[-106.630309,35.046482],[-106.630411,35.046469],[-106.630215,35.046191],[-106.630315,35.046044],[-106.630309,35.045992]]]}},{"type":"Feature","properties":{"natural":"water"},"geometry":{"type":"Polygon","coordinates":[[[-106.699234,35.066426],[-106.698746,35.066593],[-106.698537,35.066791],[-106.698832,35.066887],[-106.699004,35.066791],[-106.699234,35.066426]]]}},{"type":"Feature","properties":{"leisure":"park"},"geometry":{"type":"Polygon","coordinates":[[[-106.681178,35.061966],[-106.68052,35.061976],[-106.680712,35.062413],[-106.681029,35.06241],[-106.681096,35.062324],[-106.680905,35.062122],[-106.681006,35.062054],[-106.681223,35.062058],[-106.681178,35.061966]]]}},{"type":"Feature","properties":{"natural":"water"},"geometry":{"type":"Polygon","coordinates":[[[-106.615854,34.985876],[-106.615883,34.985889],[-106.615911,34.985954],[-106.615926,34.986176],[-106.615835,34.986348],[-106.615783,34.986413],[-106.615757,34.986423],[-106.615709,34.986423],[-106.615148,34.986283],[-106.615105,34.986264],[-106.615045,34.986185],[-106.615028,34.98608],[-106.615077,34.985926],[-106.615183,34.985793],[-106.615244,34.985751],[-106.615347,34.985745],[-106.615854,34.985876]]]}},{"type":"Feature","properties":{"natural":"water"},"geometry":{"type":"Polygon","coordinates":[[[-106.616887,34.986202],[-106.617154,34.986266],[-106.617336,34.98628],[-106.617475,34.986312],[-106.61757,34.986376],[-106.617586,34.98641],[-106.617588,34.986478],[-106.617559,34.986546],[-106.617453,34.986672],[-106.617412,34.986691],[-106.617253,34.986716],[-106.617187,34.986712],[-106.61686,34.986618],[-106.616599,34.98648],[-106.616572,34.986433],[-106.616577,34.986408],[-106.616633,34.986281],[-106.616664,34.986244],[-106.616729,34.986215],[-106.616887,34.986202]]]}},{"type":"Feature","properties":{"natural":"water"},"geometry":{"type":"Polygon","coordinates":[[[-106.642879,35.028685],[-106.642798,35.028742],[-106.642469,35.028749],[-106.642175,35.028644],[-106.642338,35.028635],[-106.642606,35.028442],[-106.642853,35.02842],[-106.642911,35.028508],[-106.642934,35.02858],[-106.642879,35.028685]]]}},{"type":"Feature","properties":{"natural":"water"},"geometry":{"type":"Polygon","coordinates":[[[-106.636675,35.030894],[-106.63663,35.03087],[-106.63657,35.030807],[-106.63645,35.030834],[-106.636391,35.030818],[-106.636376,35.03078],[-106.636402,35.030731],[-106.636446,35.03071],[-106.636605,35.03076],[-106.636697,35.030772],[-106.636754,35.030815],[-106.636787,35.030866],[-106.636772,35.030899],[-106.636744,35.030911],[-106.636675,35.030894]]]}},{"type":"Feature","properties":{"natural":"water"},"geometry":{"type":"Polygon","coordinates":[[[-106.65556,35.068002],[-106.655532,35.068013],[-106.655522,35.068036],[-106.655539,35.068059],[-106.655566,35.068064],[-106.655587,35.068056],[-106.655598,35.068029],[-106.65556,35.068002]]]}},{"type":"Feature","properties":{"natural":"water"},"geometry":{"type":"Polygon","coordinates":[[[-106.635244,35.036302],[-106.635237,35.036251],[-106.63519,35.03619],[-106.635124,35.036157],[-106.634952,35.036019],[-106.634914,35.035955],[-106.634915,35.035866],[-106.63495,35.035815],[-106.635,35.03577],[-106.635287,35.035606],[-106.635365,35.035523],[-106.635387,35.035421],[-106.635386,35.035304],[-106.63534,35.035116],[-106.635279,35.035009],[-106.635237,35.034981],[-106.635185,35.03498],[-106.635137,35.034995],[-106.635099,35.035059],[-106.635078,35.035412],[-106.635047,35.035465],[-106.634939,35.035574],[-106.634756,35.035664],[-106.634663,35.035798],[-106.634665,35.035878],[-106.634677,35.035958],[-106.634726,35.036025],[-106.634977,35.036256],[-106.635051,35.036367],[-106.635112,35.03639],[-106.635173,35.036385],[-106.635217,35.036353],[-106.635244,35.036302]]]}},{"type":"Feature","properties":{"leisure":"park","name":"Aperture Center Dog Park"},"geometry":{"type":"Polygon","coordinates":[[[-106.614352,34.986174],[-106.614062,34.986256],[-106.614188,34.986512],[-106.614425,34.986443],[-106.614352,34.986174]]]}},{"type":"Feature","properties":{"natural":"water"},"geometry":{"type":"Polygon","coordinates":[[[-106.672128,34.979669],[-106.672156,34.979597],[-106.672133,34.979526],[-106.672087,34.979475],[-106.671951,34.979466],[-106.671749,34.979513],[-106.671667,34.979506],[-106.671574,34.979472],[-106.671494,34.979482],[-106.671495,34.97961],[-106.671538,34.979635],[-106.671579,34.97964],[-106.671547,34.979584],[-106.671633,34.979547],[-106.671679,34.979624],[-106.671861,34.979657],[-106.672097,34.979654],[-106.672095,34.979683],[-106.672128,34.979669]]]}},{"type":"Feature","properties":{"landuse":"forest"},"geometry":{"type":"Polygon","coordinates":[[[-106.68284,34.978739],[-106.682879,34.983909],[-106.68284,34.984591],[-106.6829,34.984932],[-106.682826,34.985258],[-106.682606,34.985433],[-106.682072,34.98556],[-106.681526,34.985604],[-106.681344,34.985646],[-106.681323,34.985741],[-106.68135,34.98585],[-106.683024,34.985853],[-106.683145,34.985766],[-106.683189,34.985608],[-106.683212,34.979501],[-106.683227,34.978883],[-106.683212,34.978772],[-106.683127,34.978731],[-106.682966,34.978712],[-106.68284,34.978739]]]}},{"type":"Feature","properties":{"natural":"water"},"geometry":{"type":"Polygon","coordinates":[[[-106.619219,34.98679],[-106.618488,34.986595],[-106.618296,34.986559],[-106.618037,34.986616],[-106.618002,34.986641],[-106.617951,34.986765],[-106.61796,34.986817],[-106.617993,34.98687],[-106.618107,34.986977],[-106.618273,34.987018],[-106.618439,34.987083],[-106.619017,34.987154],[-106.619111,34.987127],[-106.619202,34.987062],[-106.619268,34.986979],[-106.619284,34.986909],[-106.619277,34.986851],[-106.619265,34.986811],[-106.619219,34.98679]]]}},{"type":"Feature","properties":{"natural":"water"},"geometry":{"type":"Polygon","coordinates":[[[-106.620237,34.987115],[-106.620141,34.98714],[-106.620039,34.987196],[-106.61999,34.987256],[-106.619981,34.98734],[-106.620008,34.987461],[-106.620076,34.987529],[-106.620243,34.987625],[-106.620326,34.987655],[-106.620705,34.987731],[-106.621284,34.987885],[-106.621435,34.987902],[-106.621534,34.98788],[-106.621697,34.987625],[-106.621694,34.987526],[-106.621657,34.987466],[-106.621531,34.987385],[-106.621287,34.987337],[-106.620988,34.987229],[-106.620776,34.987213],[-106.620542,34.987135],[-106.620391,34.987153],[-106.620237,34.987115]]]}},{"type":"Feature","properties":{"natural":"water"},"geometry":{"type":"Polygon","coordinates":[[[-106.612147,34.990168],[-106.612269,34.990308],[-106.612454,34.990423],[-106.612472,34.990488],[-106.612464,34.990541],[-106.612395,34.990573],[-106.612342,34.990576],[-106.612233,34.990443],[-106.611985,34.990327],[-106.611952,34.99028],[-106.611944,34.990228],[-106.611983,34.990183],[-106.612046,34.990148],[-106.612147,34.990168]]]}},{"type":"Feature","properties":{"natural":"water"},"geometry":{"type":"Polygon","coordinates":[[[-106.611335,34.990551],[-106.611388,34.990564],[-106.611402,34.990597],[-106.611391,34.990637],[-106.611112,34.990812],[-106.610978,34.990933],[-106.610825,34.991103],[-106.610766,34.991125],[-106.61072,34.991107],[-106.610704,34.991074],[-106.610734,34.991037],[-106.611276,34.990571],[-106.611335,34.990551]]]}},{"type":"Feature","properties":{"name":"Arroyo","natural":"water"},"geometry":{"type":"Polygon","coordinates":[[[-106.610262,34.991382],[-106.610353,34.99133],[-106.610399,34.991338],[-106.610431,34.991376],[-106.610426,34.99142],[-106.610171,34.991589],[-106.609819,34.991903],[-106.609653,34.992017],[-106.609518,34.992194],[-106.609271,34.992577],[-106.609107,34.992774],[-106.608933,34.993035],[-106.608893,34.993058],[-106.608844,34.99305],[-106.608817,34.993017],[-106.608825,34.992976],[-106.609249,34.992438],[-106.609372,34.992198],[-106.609495,34.99204],[-106.609587,34.991956],[-106.610021,34.991637],[-106.610106,34.991527],[-106.610262,34.991382]]]}},{"type":"Feature","properties":{"natural":"water"},"geometry":{"type":"Polygon","coordinates":[[[-106.608557,34.993333],[-106.608611,34.993319],[-106.608646,34.993328],[-106.608675,34.993364],[-106.608681,34.99339],[-106.608624,34.993487],[-106.6082,34.994012],[-106.608029,34.994256],[-106.60798,34.994379],[-106.60795,34.99441],[-106.607865,34.994409],[-106.607836,34.994376],[-106.607846,34.994324],[-106.608353,34.993704],[-106.608557,34.993333]]]}},{"type":"Feature","properties":{"natural":"water"},"geometry":{"type":"Polygon","coordinates":[[[-106.645492,35.048518],[-106.645576,35.048511],[-106.645603,35.04848],[-106.645652,35.048298],[-106.645649,35.048258],[-106.645628,35.048232],[-106.645262,35.048141],[-106.645138,35.048046],[-106.644537,35.04789],[-106.644474,35.04789],[-106.644423,35.047937],[-106.644404,35.04821],[-106.64442,35.048245],[-106.644537,35.048338],[-106.644962,35.048378],[-106.645032,35.048378],[-106.645173,35.048336],[-106.645238,35.04834],[-106.645325,35.048482],[-106.645492,35.048518]]]}},{"type":"Feature","properties":{"natural":"water"},"geometry":{"type":"Polygon","coordinates":[[[-106.644301,35.023972],[-106.644284,35.024103],[-106.644213,35.0242],[-106.644181,35.024168],[-106.644233,35.024032],[-106.644273,35.023946],[-106.644301,35.023972]]]}},{"type":"Feature","properties":{"leisure":"park"},"geometry":{"type":"Polygon","coordinates":[[[-106.657338,35.077647],[-106.657365,35.078291],[-106.656395,35.078304],[-106.656386,35.078071],[-106.656642,35.078069],[-106.656625,35.07761],[-106.657334,35.077604],[-106.657338,35.077647]]]}},{"type":"Feature","properties":{"natural":"water"},"geometry":{"type":"Polygon","coordinates":[[[-106.647263,35.046977],[-106.647208,35.047245],[-106.647278,35.047255],[-106.647333,35.046987],[-106.647263,35.046977]]]}},{"type":"Feature","properties":{"natural":"water"},"geometry":{"type":"Polygon","coordinates":[[[-106.648145,35.05708],[-106.648142,35.057217],[-106.648309,35.05722],[-106.648312,35.057083],[-106.648145,35.05708]]]}},{"type":"Feature","properties":{"natural":"water"},"geometry":{"type":"Polygon","coordinates":[[[-106.637499,35.068656],[-106.637791,35.068557],[-106.638008,35.068534],[-106.638014,35.068392],[-106.637741,35.068481],[-106.637543,35.068564],[-106.637499,35.068656]]]}},{"type":"Feature","properties":{"natural":"wood"},"geometry":{"type":"Polygon","coordinates":[[[-106.619289,35.051468],[-106.619309,35.051936],[-106.619198,35.051915],[-106.6191,35.051944],[-106.619032,35.051994],[-106.619021,35.052074],[-106.618996,35.052123],[-106.618719,35.052136],[-106.618677,35.052063],[-106.618713,35.051947],[-106.618892,35.051791],[-106.619049,35.051758],[-106.619045,35.051604],[-106.619193,35.051568],[-106.61924,35.051441],[-106.619289,35.051468]]]}},{"type":"Feature","properties":{"natural":"water"},"geometry":{"type":"Polygon","coordinates":[[[-106.636075,35.065387],[-106.636107,35.065626],[-106.636034,35.065741],[-106.635969,35.06568],[-106.635889,35.065661],[-106.635889,35.065576],[-106.635996,35.065456],[-106.636027,35.065396],[-106.636075,35.065387]]]}},{"type":"Feature","properties":{"natural":"water"},"geometry":{"type":"Polygon","coordinates":[[[-106.641872,35.045578],[-106.641965,35.045721],[-106.641877,35.045807],[-106.641427,35.045788],[-106.641439,35.045538],[-106.641872,35.045578]]]}},{"type":"Feature","properties":{"leisure":"park"},"geometry":{"type":"Polygon","coordinates":[[[-106.684985,35.017794],[-106.684806,35.018687],[-106.683956,35.01845],[-106.684221,35.017749],[-106.684985,35.017794]]]}},{"type":"Feature","properties":{"natural":"water"},"geometry":{"type":"Polygon","coordinates":[[[-106.629653,35.075852],[-106.629661,35.075918],[-106.629527,35.07593],[-106.629519,35.075863],[-106.629653,35.075852]]]}},{"type":"Feature","properties":{"natural":"water"},"geometry":{"type":"Polygon","coordinates":[[[-106.666118,35.006988],[-106.66612,35.007035],[-106.666052,35.007084],[-106.665997,35.007064],[-106.665942,35.007084],[-106.665915,35.007055],[-106.665915,35.007001],[-106.665981,35.006971],[-106.666031,35.006955],[-106.666118,35.006988]]]}},{"type":"Feature","properties":{"natural":"water"},"geometry":{"type":"Polygon","coordinates":[[[-106.616391,34.995289],[-106.61619,34.995358],[-106.616328,34.995692],[-106.616527,34.995581],[-106.616391,34.995289]]]}},{"type":"Feature","properties":{"natural":"water"},"geometry":{"type":"Polygon","coordinates":[[[-106.610551,34.988413],[-106.610445,34.988504],[-106.610478,34.98853],[-106.610584,34.988439],[-106.610551,34.988413]]]}},{"type":"Feature","properties":{"natural":"water"},"geometry":{"type":"Polygon","coordinates":[[[-106.618404,34.994155],[-106.618359,34.994229],[-106.618224,34.994195],[-106.617979,34.993857],[-106.618002,34.993783],[-106.618118,34.993757],[-106.618404,34.994155]]]}},{"type":"Feature","properties":{"natural":"water"},"geometry":{"type":"Polygon","coordinates":[[[-106.630587,35.004336],[-106.630359,35.004287],[-106.630148,35.005011],[-106.630377,35.005035],[-106.630587,35.004336]]]}},{"type":"Feature","properties":{"natural":"water"},"geometry":{"type":"Polygon","coordinates":[[[-106.629357,35.028388],[-106.6292,35.028296],[-106.62904,35.028444],[-106.629269,35.028455],[-106.629294,35.028421],[-106.629357,35.028388]]]}},{"type":"Feature","properties":{"natural":"water"},"geometry":{"type":"Polygon","coordinates":[[[-106.637895,35.003887],[-106.637251,35.003899],[-106.637258,35.00415],[-106.637902,35.004138],[-106.637895,35.003887]]]}},{"type":"Feature","properties":{"natural":"water"},"geometry":{"type":"Polygon","coordinates":[[[-106.632479,34.997559],[-106.632342,34.998525],[-106.632321,34.998963],[-106.632611,34.998997],[-106.632638,34.997693],[-106.632479,34.997559]]]}},{"type":"Feature","properties":{"natural":"water"},"geometry":{"type":"Polygon","coordinates":[[[-106.622501,34.992183],[-106.622648,34.992446],[-106.622687,34.99286],[-106.622554,34.993501],[-106.622475,34.99345],[-106.622569,34.993074],[-106.622567,34.992456],[-106.622501,34.992183]]]}},{"type":"Feature","properties":{"natural":"water"},"geometry":{"type":"Polygon","coordinates":[[[-106.598769,35.016351],[-106.598268,35.016458],[-106.59832,35.016622],[-106.598821,35.016515],[-106.598769,35.016351]]]}},{"type":"Feature","properties":{"leisure":"park","name":"Barelas Community Garden"},"geometry":{"type":"Polygon","coordinates":[[[-106.652963,35.078049],[-106.652939,35.078178],[-106.65328,35.078221],[-106.653304,35.078091],[-106.652963,35.078049]]]}},{"type":"Feature","properties":{"natural":"water"},"geometry":{"type":"Polygon","coordinates":[[[-106.667388,35.08053],[-106.66734,35.080566],[-106.667208,35.080448],[-106.667255,35.080412],[-106.667388,35.08053]]]}},{"type":"Feature","properties":{"natural":"water"},"geometry":{"type":"Polygon","coordinates":[[[-106.671256,35.049189],[-106.671161,35.049225],[-106.67113,35.049288],[-106.670927,35.049317],[-106.67103,35.049058],[-106.671166,35.048913],[-106.671256,35.049189]]]}},{"type":"Feature","properties":{"natural":"water"},"geometry":{"type":"Polygon","coordinates":[[[-106.674788,35.040658],[-106.67488,35.04073],[-106.674797,35.0408],[-106.674705,35.040727],[-106.674788,35.040658]]]}},{"type":"Feature","properties":{"natural":"water"},"geometry":{"type":"Polygon","coordinates":[[[-106.612668,34.992978],[-106.612629,34.993179],[-106.612734,34.993375],[-106.612737,34.993426],[-106.612686,34.993416],[-106.612602,34.993291],[-106.612572,34.993188],[-106.612602,34.993029],[-106.612668,34.992978]]]}},{"type":"Feature","properties":{"leisure":"park","name":"Supper Rock Park"},"geometry":{"type":"Polygon","coordinates":[[[-106.492595,35.074137],[-106.492649,35.073812],[-106.491968,35.073422],[-106.49178,35.073246],[-106.491179,35.073444],[-106.49097,35.073474],[-106.490734,35.073479],[-106.490337,35.073307],[-106.490112,35.073066],[-106.489988,35.072899],[-106.489639,35.073053],[-106.489425,35.073364],[-106.489414,35.074142],[-106.492595,35.074137]]]}},{"type":"Feature","properties":{"leisure":"park","name":"Embudo Hills Park"},"geometry":{"type":"Polygon","coordinates":[[[-106.490273,35.08986],[-106.490193,35.090404],[-106.490129,35.090606],[-106.48993,35.091115],[-106.48986,35.09115],[-106.489335,35.09101],[-106.489056,35.09097],[-106.488671,35.09098],[-106.48861,35.090926],[-106.488589,35.090891],[-106.488576,35.090333],[-106.488529,35.090011],[-106.489431,35.089807],[-106.489345,35.089719],[-106.489233,35.089447],[-106.489876,35.089798],[-106.490273,35.08986]]]}},{"type":"Feature","properties":{"leisure":"park","name":"Tramway Linear"},"geometry":{"type":"Polygon","coordinates":[[[-106.498024,35.082772],[-106.497647,35.08276],[-106.497568,35.082812],[-106.497586,35.084857],[-106.497709,35.084819],[-106.497799,35.084823],[-106.497885,35.084874],[-106.497908,35.084949],[-106.497933,35.08495],[-106.498024,35.082772]]]}},{"type":"Feature","properties":{"leisure":"park","name":"Bianchetti Park"},"geometry":{"type":"Polygon","coordinates":[[[-106.504956,35.089453],[-106.503888,35.090098],[-106.503787,35.090138],[-106.503576,35.090154],[-106.503413,35.090122],[-106.503281,35.090042],[-106.503204,35.089968],[-106.50316,35.089899],[-106.503132,35.089686],[-106.50315,35.089612],[-106.503226,35.089497],[-106.503304,35.089427],[-106.504249,35.088858],[-106.504639,35.088799],[-106.504833,35.088847],[-106.504934,35.088903],[-106.504988,35.088952],[-106.505058,35.089067],[-106.50508,35.089196],[-106.505043,35.089341],[-106.504956,35.089453]]]}},{"type":"Feature","properties":{"leisure":"park","name":"Dale Bellemah Park"},"geometry":{"type":"Polygon","coordinates":[[[-106.515241,35.084983],[-106.516164,35.085448],[-106.516914,35.084443],[-106.51724,35.083661],[-106.517034,35.083668],[-106.516003,35.083641],[-106.516003,35.08362],[-106.515272,35.083612],[-106.515241,35.084983]]]}},{"type":"Feature","properties":{"leisure":"park","name":"Sandia Vista Park"},"geometry":{"type":"Polygon","coordinates":[[[-106.517843,35.075949],[-106.517819,35.076387],[-106.517939,35.076409],[-106.518943,35.076443],[-106.518946,35.076749],[-106.519433,35.076747],[-106.51943,35.076092],[-106.519414,35.076073],[-106.518607,35.076036],[-106.518461,35.07608],[-106.518382,35.07606],[-106.518316,35.075979],[-106.517843,35.075949]]]}},{"type":"Feature","properties":{"leisure":"park","name":"Fox Memorial Park"},"geometry":{"type":"Polygon","coordinates":[[[-106.581714,35.084919],[-106.581068,35.084919],[-106.581064,35.083791],[-106.581703,35.083793],[-106.581714,35.084919]]]}},{"type":"Feature","properties":{"leisure":"park"},"geometry":{"type":"Polygon","coordinates":[[[-106.58938,35.065537],[-106.588285,35.06554],[-106.588283,35.065318],[-106.588317,35.065319],[-106.588323,35.065006],[-106.589399,35.065002],[-106.58938,35.065537]]]}},{"type":"Feature","properties":{"leisure":"park","name":"Wilson Park"},"geometry":{"type":"Polygon","coordinates":[[[-106.579695,35.063659],[-106.577654,35.06364],[-106.577662,35.06307],[-106.57913,35.063084],[-106.579139,35.062426],[-106.579713,35.062431],[-106.579695,35.063659]]]}},{"type":"Feature","properties":{"leisure":"park","name":"Manzano Mesa Park"},"geometry":{"type":"Polygon","coordinates":[[[-106.528861,35.067024],[-106.528813,35.0652],[-106.528513,35.064533],[-106.52837,35.06411],[-106.528373,35.063852],[-106.528352,35.063602],[-106.527762,35.063654],[-106.526989,35.06275],[-106.526768,35.062592],[-106.526485,35.062503],[-106.526134,35.06253],[-106.525699,35.062604],[-106.525458,35.062915],[-106.524847,35.06326],[-106.525092,35.06363],[-106.525166,35.063772],[-106.525242,35.063979],[-106.525291,35.064212],[-106.525313,35.064421],[-106.525306,35.064643],[-106.525273,35.064838],[-106.525086,35.065561],[-106.525841,35.065473],[-106.526171,35.065377],[-106.526482,35.06526],[-106.526578,35.065401],[-106.526611,35.065945],[-106.526663,35.066155],[-106.526686,35.066612],[-106.526686,35.066981],[-106.528861,35.067024]]]}},{"type":"Feature","properties":{"leisure":"park","name":"City View Estates Park"},"geometry":{"type":"Polygon","coordinates":[[[-106.49313,35.082319],[-106.493912,35.082323],[-106.493911,35.081376],[-106.493664,35.081367],[-106.493654,35.080161],[-106.493455,35.080078],[-106.493444,35.079599],[-106.493596,35.079588],[-106.493592,35.079298],[-106.493136,35.079295],[-106.49313,35.082319]]]}},{"type":"Feature","properties":{"leisure":"park","name":"Lauren C. Bolles Park"},"geometry":{"type":"Polygon","coordinates":[[[-106.501808,35.074478],[-106.50109,35.073385],[-106.500625,35.073521],[-106.499446,35.073813],[-106.499537,35.074072],[-106.500519,35.074572],[-106.500781,35.074965],[-106.501803,35.07452],[-106.501808,35.074478]]]}},{"type":"Feature","properties":{"leisure":"park","name":"Singing Arrow Park"},"geometry":{"type":"Polygon","coordinates":[[[-106.502524,35.064281],[-106.502518,35.063947],[-106.502357,35.063585],[-106.501991,35.063031],[-106.501839,35.0631],[-106.501773,35.063104],[-106.501728,35.063092],[-106.501661,35.06303],[-106.501645,35.062942],[-106.501815,35.062757],[-106.501697,35.062601],[-106.501346,35.06275],[-106.501242,35.062814],[-106.50093,35.06294],[-106.500862,35.063004],[-106.500819,35.063106],[-106.500753,35.063071],[-106.500686,35.062977],[-106.500114,35.063008],[-106.499982,35.063156],[-106.499781,35.063152],[-106.499598,35.063056],[-106.499233,35.063084],[-106.499048,35.063167],[-106.498724,35.063227],[-106.498646,35.06361],[-106.498411,35.063615],[-106.498068,35.063786],[-106.498129,35.064164],[-106.498053,35.064314],[-106.498053,35.064735],[-106.502439,35.0648],[-106.502436,35.064412],[-106.502524,35.064281]]]}},{"type":"Feature","properties":{"leisure":"park","name":"Jack and Jill Park"},"geometry":{"type":"Polygon","coordinates":[[[-106.577407,35.071365],[-106.577409,35.071005],[-106.576413,35.070995],[-106.576416,35.071358],[-106.577407,35.071365]]]}},{"type":"Feature","properties":{"leisure":"park","name":"Mesa Verde Park"},"geometry":{"type":"Polygon","coordinates":[[[-106.559229,35.083578],[-106.559145,35.082004],[-106.559077,35.081921],[-106.556987,35.081891],[-106.556922,35.083517],[-106.556986,35.083587],[-106.559229,35.083578]]]}},{"type":"Feature","properties":{"leisure":"park","name":"Phil Chacon Park"},"geometry":{"type":"Polygon","coordinates":[[[-106.563311,35.067094],[-106.559391,35.067039],[-106.559391,35.065467],[-106.564345,35.065434],[-106.564795,35.064415],[-106.564911,35.063379],[-106.565357,35.06341],[-106.565195,35.064829],[-106.565022,35.06492],[-106.564242,35.066163],[-106.563809,35.066255],[-106.563613,35.066387],[-106.56339,35.066623],[-106.563329,35.06683],[-106.563311,35.067094]]]}},{"type":"Feature","properties":{"leisure":"park","name":"USS Bullhead Memorial Park"},"geometry":{"type":"Polygon","coordinates":[[[-106.577786,35.053958],[-106.577813,35.053988],[-106.578048,35.054021],[-106.579437,35.054458],[-106.579514,35.054448],[-106.579556,35.054421],[-106.579579,35.054363],[-106.57956,35.052496],[-106.581357,35.052499],[-106.58136,35.051337],[-106.571368,35.051329],[-106.571371,35.051992],[-106.572562,35.052079],[-106.573029,35.052077],[-106.573027,35.052022],[-106.574065,35.052018],[-106.574066,35.052176],[-106.574169,35.052209],[-106.574172,35.052278],[-106.577566,35.053508],[-106.57779,35.053504],[-106.577786,35.053958]]]}},{"type":"Feature","properties":{"leisure":"park","name":"Four Hills Ravine Park"},"geometry":{"type":"Polygon","coordinates":[[[-106.490575,35.063308],[-106.49054,35.0632],[-106.490819,35.062944],[-106.490991,35.062994],[-106.490996,35.062821],[-106.491069,35.062667],[-106.491396,35.062215],[-106.491562,35.062059],[-106.491688,35.061969],[-106.491954,35.061565],[-106.492075,35.061352],[-106.492217,35.060037],[-106.491488,35.060906],[-106.491638,35.061099],[-106.49134,35.061537],[-106.490986,35.061677],[-106.490664,35.062106],[-106.490444,35.062302],[-106.490457,35.062311],[-106.490213,35.062694],[-106.490182,35.062683],[-106.4901,35.062803],[-106.490063,35.062906],[-106.490084,35.062911],[-106.489788,35.063578],[-106.489945,35.063798],[-106.490071,35.063831],[-106.490275,35.0634],[-106.490575,35.063308]]]}},{"type":"Feature","properties":{"leisure":"park","name":"Wade Circle Park"},"geometry":{"type":"Polygon","coordinates":[[[-106.533831,35.08921],[-106.533786,35.089211],[-106.533761,35.089194],[-106.533764,35.088245],[-106.533785,35.088207],[-106.533837,35.088188],[-106.534958,35.0882],[-106.53499,35.088224],[-106.534995,35.088262],[-106.533831,35.08921]]]}},{"type":"Feature","properties":{"leisure":"park"},"geometry":{"type":"Polygon","coordinates":[[[-106.495596,35.071852],[-106.495191,35.07185],[-106.495199,35.070237],[-106.495628,35.070234],[-106.495596,35.071852]]]}},{"type":"Feature","properties":{"leisure":"park","name":"Trumbull Children's Park"},"geometry":{"type":"Polygon","coordinates":[[[-106.555555,35.069142],[-106.555554,35.06952],[-106.555004,35.069516],[-106.555025,35.069206],[-106.555082,35.069147],[-106.555555,35.069142]]]}},{"type":"Feature","properties":{"leisure":"park","name":"Ted Hobbs Park"},"geometry":{"type":"Polygon","coordinates":[[[-106.525567,35.057931],[-106.525575,35.057976],[-106.526617,35.057991],[-106.526791,35.05812],[-106.526925,35.059051],[-106.527434,35.058965],[-106.527306,35.058751],[-106.527177,35.05843],[-106.527099,35.058173],[-106.527056,35.057916],[-106.526957,35.057569],[-106.526908,35.057525],[-106.526839,35.05751],[-106.525983,35.05783],[-106.525567,35.057931]]]}},{"type":"Feature","properties":{"leisure":"park","name":"Trumbull Park"},"geometry":{"type":"Polygon","coordinates":[[[-106.560009,35.070123],[-106.559431,35.070118],[-106.55947,35.069018],[-106.559486,35.069001],[-106.56,35.069003],[-106.560027,35.069016],[-106.560009,35.070123]]]}},{"type":"Feature","properties":{"leisure":"park","name":"Lassetter Park"},"geometry":{"type":"Polygon","coordinates":[[[-106.57397,35.054776],[-106.574367,35.054372],[-106.574353,35.05432],[-106.57273,35.0538],[-106.57272,35.05446],[-106.573225,35.054504],[-106.573477,35.054578],[-106.57397,35.054776]]]}},{"type":"Feature","properties":{"leisure":"park","name":"ORBIT Park"},"geometry":{"type":"Polygon","coordinates":[[[-106.525243,35.05537],[-106.524766,35.055556],[-106.524751,35.054211],[-106.524958,35.054213],[-106.524945,35.054518],[-106.524985,35.054798],[-106.52509,35.0551],[-106.525243,35.05537]]]}},{"type":"Feature","properties":{"natural":"water"},"geometry":{"type":"Polygon","coordinates":[[[-106.528855,35.022552],[-106.528806,35.022539],[-106.528759,35.022473],[-106.528702,35.022282],[-106.528711,35.022253],[-106.528735,35.022241],[-106.52879,35.022259],[-106.528912,35.022479],[-106.528908,35.022528],[-106.528855,35.022552]]]}},{"type":"Feature","properties":{"natural":"water"},"geometry":{"type":"Polygon","coordinates":[[[-106.528358,35.023476],[-106.528159,35.02363],[-106.527926,35.023752],[-106.527901,35.023775],[-106.527908,35.02384],[-106.528055,35.023866],[-106.528128,35.023859],[-106.528191,35.023843],[-106.528343,35.02376],[-106.528437,35.023655],[-106.528491,35.02355],[-106.528479,35.023497],[-106.52845,35.023491],[-106.528437,35.023466],[-106.528358,35.023476]]]}},{"type":"Feature","properties":{"natural":"water"},"geometry":{"type":"Polygon","coordinates":[[[-106.525665,35.019806],[-106.525738,35.019876],[-106.525751,35.019915],[-106.525736,35.019956],[-106.525664,35.020047],[-106.525656,35.020089],[-106.52574,35.020288],[-106.525808,35.020326],[-106.525918,35.020326],[-106.526084,35.02031],[-106.526133,35.020298],[-106.526148,35.020269],[-106.526164,35.020281],[-106.526186,35.02027],[-106.526207,35.02024],[-106.526206,35.020202],[-106.52618,35.020147],[-106.526038,35.019998],[-106.525719,35.019759],[-106.525678,35.019747],[-106.525653,35.019759],[-106.525645,35.019775],[-106.525665,35.019806]]]}},{"type":"Feature","properties":{"natural":"water"},"geometry":{"type":"Polygon","coordinates":[[[-106.527238,35.021276],[-106.526804,35.020886],[-106.526618,35.020745],[-106.5265,35.020701],[-106.526441,35.020705],[-106.526355,35.020762],[-106.52636,35.020795],[-106.526384,35.020813],[-106.526512,35.02087],[-106.526564,35.020914],[-106.52666,35.021114],[-106.526818,35.021272],[-106.52693,35.021351],[-106.527111,35.0214],[-106.527175,35.021395],[-106.52724,35.021356],[-106.527251,35.021303],[-106.527238,35.021276]]]}},{"type":"Feature","properties":{"natural":"water"},"geometry":{"type":"Polygon","coordinates":[[[-106.528002,35.02452],[-106.527957,35.024429],[-106.52795,35.024373],[-106.528065,35.024135],[-106.528062,35.024094],[-106.528031,35.024047],[-106.527945,35.024031],[-106.527862,35.024093],[-106.52779,35.024205],[-106.527572,35.02462],[-106.527607,35.02466],[-106.527821,35.02462],[-106.527991,35.024679],[-106.528032,35.024668],[-106.528054,35.024643],[-106.528045,35.024576],[-106.528002,35.02452]]]}},{"type":"Feature","properties":{"leisure":"park","name":"East Tijeras Arroyo Open Space"},"geometry":{"type":"Polygon","coordinates":[[[-106.502001,35.060335],[-106.502612,35.06109],[-106.504394,35.060063],[-106.50773,35.05886],[-106.507897,35.057441],[-106.508869,35.057181],[-106.506142,35.057209],[-106.50612,35.057394],[-106.507387,35.057402],[-106.502001,35.060335]]]}},{"type":"Feature","properties":{"leisure":"park"},"geometry":{"type":"Polygon","coordinates":[[[-106.531033,35.075732],[-106.531032,35.075742],[-106.531542,35.075731],[-106.531542,35.075651],[-106.53152,35.075651],[-106.531528,35.075137],[-106.531788,35.075138],[-106.531787,35.075029],[-106.531528,35.075029],[-106.531545,35.074482],[-106.531205,35.074474],[-106.531205,35.074458],[-106.531039,35.074453],[-106.531038,35.074467],[-106.530363,35.074446],[-106.530286,35.074333],[-106.530289,35.074244],[-106.530232,35.074273],[-106.530218,35.074305],[-106.530337,35.074496],[-106.530374,35.07461],[-106.530385,35.074728],[-106.53037,35.075255],[-106.530461,35.075572],[-106.53047,35.075751],[-106.530531,35.07573],[-106.531033,35.075732]]]}},{"type":"Feature","properties":{"leisure":"park"},"geometry":{"type":"Polygon","coordinates":[[[-106.526333,35.07515],[-106.525279,35.075148],[-106.525281,35.074885],[-106.525018,35.074885],[-106.525019,35.074858],[-106.524998,35.074856],[-106.525008,35.074803],[-106.525301,35.074685],[-106.525759,35.074285],[-106.525928,35.074188],[-106.526102,35.074136],[-106.526277,35.074116],[-106.526416,35.074127],[-106.52647,35.074164],[-106.526502,35.07421],[-106.526395,35.074353],[-106.526328,35.074489],[-106.526333,35.07515]]]}},{"type":"Feature","properties":{"leisure":"park"},"geometry":{"type":"Polygon","coordinates":[[[-106.550716,35.059284],[-106.550797,35.059285],[-106.550796,35.05935],[-106.551355,35.059356],[-106.551395,35.059344],[-106.551425,35.059305],[-106.55142,35.058161],[-106.551399,35.058129],[-106.55079,35.058123],[-106.550733,35.058162],[-106.550716,35.059284]]]}},{"type":"Feature","properties":{"leisure":"park","name":"Four Hills Village Park"},"geometry":{"type":"Polygon","coordinates":[[[-106.504178,35.055545],[-106.504195,35.054842],[-106.503273,35.054847],[-106.503332,35.054943],[-106.503324,35.055529],[-106.504178,35.055545]]]}},{"type":"Feature","properties":{"leisure":"park","name":"Marquez Park"},"geometry":{"type":"Polygon","coordinates":[[[-106.557104,35.056579],[-106.556795,35.056729],[-106.556797,35.057363],[-106.556879,35.057398],[-106.556966,35.057471],[-106.557009,35.057598],[-106.557418,35.057838],[-106.557569,35.057904],[-106.557889,35.058009],[-106.558153,35.058062],[-106.558378,35.058088],[-106.558411,35.058011],[-106.558461,35.057963],[-106.558472,35.05722],[-106.558345,35.057218],[-106.558305,35.057262],[-106.55825,35.057288],[-106.558122,35.057291],[-106.558059,35.057252],[-106.558022,35.057203],[-106.55801,35.057161],[-106.558021,35.057024],[-106.557672,35.056964],[-106.55754,35.056911],[-106.557309,35.05677],[-106.557104,35.056579]]]}},{"type":"Feature","properties":{"leisure":"park","name":"Pershing Park"},"geometry":{"type":"Polygon","coordinates":[[[-106.550932,35.063851],[-106.550686,35.063927],[-106.550636,35.063904],[-106.550668,35.062059],[-106.550712,35.061989],[-106.55077,35.06196],[-106.551329,35.061966],[-106.551406,35.06202],[-106.55152,35.062284],[-106.551655,35.062656],[-106.551786,35.063166],[-106.551024,35.063429],[-106.55102,35.063551],[-106.550916,35.063559],[-106.550932,35.063851]]]}},{"type":"Feature","properties":{"leisure":"park","name":"La Luz de Amistad Park"},"geometry":{"type":"Polygon","coordinates":[[[-106.495356,35.068012],[-106.496459,35.068581],[-106.496947,35.068911],[-106.496994,35.068924],[-106.497236,35.068479],[-106.497247,35.068435],[-106.49724,35.068337],[-106.497086,35.068233],[-106.496302,35.068134],[-106.495458,35.067943],[-106.495384,35.067936],[-106.495356,35.068012]]]}},{"type":"Feature","properties":{"landuse":"reservoir"},"geometry":{"type":"Polygon","coordinates":[[[-106.536247,34.989],[-106.535757,34.989312],[-106.535509,34.989051],[-106.535999,34.988739],[-106.536247,34.989]]]}},{"type":"Feature","properties":{"leisure":"park","name":"New Mexico Veterans Memorial Park"},"geometry":{"type":"Polygon","coordinates":[[[-106.56862,35.060948],[-106.568646,35.059487],[-106.568671,35.059416],[-106.568675,35.059316],[-106.568168,35.059312],[-106.567555,35.059374],[-106.567293,35.058655],[-106.567045,35.058726],[-106.566826,35.058816],[-106.566527,35.058964],[-106.566242,35.059143],[-106.565876,35.059465],[-106.565692,35.059666],[-106.565481,35.059972],[-106.565339,35.060269],[-106.565198,35.060854],[-106.564911,35.063379],[-106.565841,35.063449],[-106.566015,35.062527],[-106.566166,35.062215],[-106.566314,35.061991],[-106.566415,35.061864],[-106.566699,35.06158],[-106.567039,35.061343],[-106.567205,35.061251],[-106.567391,35.061164],[-106.567697,35.061053],[-106.567854,35.061006],[-106.56786,35.061024],[-106.568201,35.060973],[-106.56862,35.060948]]]}},{"type":"Feature","properties":{"natural":"water"},"geometry":{"type":"Polygon","coordinates":[[[-106.501244,35.060475],[-106.501233,35.060451],[-106.501179,35.06043],[-106.501186,35.0604],[-106.501266,35.060389],[-106.50134,35.06043],[-106.501322,35.060471],[-106.501235,35.060553],[-106.501104,35.060566],[-106.501083,35.060616],[-106.501054,35.06064],[-106.500955,35.060666],[-106.500942,35.060656],[-106.500984,35.06061],[-106.500991,35.060541],[-106.501054,35.060478],[-106.501111,35.060454],[-106.501219,35.060482],[-106.501244,35.060475]]]}},{"type":"Feature","properties":{"natural":"water"},"geometry":{"type":"Polygon","coordinates":[[[-106.500495,35.060786],[-106.5005,35.060755],[-106.500462,35.060709],[-106.500468,35.060692],[-106.500541,35.060678],[-106.500588,35.060733],[-106.500624,35.060744],[-106.500641,35.060717],[-106.500622,35.060658],[-106.50063,35.060632],[-106.50073,35.060609],[-106.500786,35.060558],[-106.500811,35.060553],[-106.500846,35.060572],[-106.500838,35.060625],[-106.500879,35.060648],[-106.50089,35.060687],[-106.500876,35.06071],[-106.500815,35.060726],[-106.500845,35.060677],[-106.500806,35.060639],[-106.500777,35.060641],[-106.500769,35.060655],[-106.500787,35.060687],[-106.500719,35.060725],[-106.500732,35.060775],[-106.500656,35.060809],[-106.500525,35.060835],[-106.500529,35.060893],[-106.500515,35.060909],[-106.500451,35.060912],[-106.500387,35.060876],[-106.500291,35.06085],[-106.500261,35.060789],[-106.500301,35.060736],[-106.500344,35.060714],[-106.500407,35.060726],[-106.500447,35.060794],[-106.500495,35.060786]]]}},{"type":"Feature","properties":{"natural":"water"},"geometry":{"type":"Polygon","coordinates":[[[-106.586566,35.024279],[-106.586621,35.024289],[-106.587338,35.024265],[-106.58737,35.024231],[-106.587355,35.023941],[-106.58737,35.023922],[-106.58735,35.023778],[-106.587331,35.023281],[-106.587312,35.023264],[-106.587237,35.023247],[-106.586469,35.023272],[-106.586504,35.024241],[-106.586566,35.024279]]]}},{"type":"Feature","properties":{"natural":"water"},"geometry":{"type":"Polygon","coordinates":[[[-106.584869,35.057271],[-106.584904,35.057225],[-106.584912,35.057163],[-106.584789,35.056971],[-106.584745,35.056927],[-106.584582,35.056844],[-106.58447,35.056824],[-106.584149,35.056682],[-106.584028,35.056658],[-106.583902,35.056673],[-106.583581,35.056807],[-106.583541,35.056849],[-106.584869,35.057271]]]}},{"type":"Feature","properties":{"name":"Louisiana Gibson Regional Drainage Facility","natural":"water"},"geometry":{"type":"Polygon","coordinates":[[[-106.567473,35.057513],[-106.565577,35.057614],[-106.56526,35.057354],[-106.565039,35.056199],[-106.564854,35.055853],[-106.564934,35.055485],[-106.568073,35.054871],[-106.568099,35.056582],[-106.567473,35.057513]]]}},{"type":"Feature","properties":{"leisure":"park"},"geometry":{"type":"Polygon","coordinates":[[[-106.580595,35.054541],[-106.580318,35.054122],[-106.580799,35.053916],[-106.581083,35.054347],[-106.580595,35.054541]]]}},{"type":"Feature","properties":{"natural":"water"},"geometry":{"type":"Polygon","coordinates":[[[-106.546452,35.083407],[-106.546494,35.083383],[-106.546505,35.083351],[-106.546488,35.083338],[-106.546444,35.083338],[-106.54644,35.083366],[-106.546395,35.083387],[-106.546296,35.083376],[-106.546271,35.083344],[-106.546218,35.083341],[-106.54619,35.083362],[-106.546065,35.083357],[-106.545947,35.083391],[-106.545826,35.083382],[-106.545714,35.083437],[-106.545716,35.08348],[-106.545778,35.08348],[-106.545835,35.08351],[-106.54589,35.083518],[-106.54601,35.083494],[-106.546019,35.083453],[-106.545967,35.083432],[-106.545958,35.083408],[-106.546073,35.083376],[-106.546393,35.083401],[-106.546414,35.083408],[-106.546407,35.083444],[-106.546424,35.083464],[-106.546458,35.083467],[-106.54648,35.083456],[-106.546452,35.083407]]]}},{"type":"Feature","properties":{"natural":"water"},"geometry":{"type":"Polygon","coordinates":[[[-106.535602,35.081037],[-106.535602,35.081092],[-106.535576,35.081165],[-106.535522,35.081244],[-106.535477,35.081265],[-106.53538,35.081267],[-106.535284,35.081233],[-106.535213,35.081156],[-106.535194,35.081112],[-106.535208,35.081015],[-106.535275,35.08093],[-106.535415,35.080872],[-106.535507,35.080776],[-106.53564,35.080679],[-106.535775,35.080617],[-106.535866,35.080612],[-106.535936,35.080647],[-106.535961,35.080709],[-106.5359,35.080846],[-106.535828,35.08095],[-106.535738,35.081011],[-106.535623,35.081019],[-106.535602,35.081037]]]}},{"type":"Feature","properties":{"natural":"water"},"geometry":{"type":"Polygon","coordinates":[[[-106.536687,35.082332],[-106.536172,35.08225],[-106.536088,35.082211],[-106.53609,35.082079],[-106.536264,35.081987],[-106.536301,35.081905],[-106.536264,35.081696],[-106.536196,35.081652],[-106.535887,35.081671],[-106.535816,35.081604],[-106.535819,35.081516],[-106.53594,35.081447],[-106.536093,35.081435],[-106.536353,35.081487],[-106.536676,35.081596],[-106.536832,35.081742],[-106.536949,35.08193],[-106.536975,35.082073],[-106.536863,35.082263],[-106.536687,35.082332]]]}},{"type":"Feature","properties":{"leisure":"park"},"geometry":{"type":"Polygon","coordinates":[[[-106.526592,35.078102],[-106.526102,35.078099],[-106.525678,35.077958],[-106.525919,35.077557],[-106.526167,35.077637],[-106.526066,35.077825],[-106.526359,35.077924],[-106.526528,35.077863],[-106.526647,35.078063],[-106.526592,35.078102]]]}},{"type":"Feature","properties":{"natural":"water"},"geometry":{"type":"Polygon","coordinates":[[[-106.544394,35.03285],[-106.544192,35.032846],[-106.544192,35.032656],[-106.544401,35.03266],[-106.544394,35.03285]]]}},{"type":"Feature","properties":{"natural":"water"},"geometry":{"type":"Polygon","coordinates":[[[-106.502272,35.052106],[-106.50235,35.052082],[-106.502532,35.051866],[-106.502568,35.051797],[-106.502511,35.051675],[-106.502473,35.051642],[-106.502228,35.051521],[-106.502039,35.051376],[-106.501963,35.05134],[-106.501847,35.051307],[-106.501784,35.051313],[-106.501729,35.051341],[-106.501695,35.051395],[-106.501826,35.051528],[-106.501836,35.051561],[-106.50179,35.051738],[-106.501805,35.051798],[-106.501841,35.051838],[-106.501938,35.051874],[-106.502035,35.051935],[-106.502177,35.052077],[-106.502228,35.052105],[-106.502272,35.052106]]]}},{"type":"Feature","properties":{"leisure":"park","name":"Four Hills MHP Park"},"geometry":{"type":"Polygon","coordinates":[[[-106.517276,35.056262],[-106.517272,35.057189],[-106.516033,35.057169],[-106.515972,35.057127],[-106.516,35.057017],[-106.51604,35.056982],[-106.517276,35.056262]]]}},{"type":"Feature","properties":{"natural":"water"},"geometry":{"type":"Polygon","coordinates":[[[-106.490104,35.053249],[-106.490173,35.053238],[-106.490314,35.053107],[-106.490423,35.052962],[-106.49043,35.052934],[-106.490414,35.052904],[-106.490316,35.052874],[-106.490021,35.052841],[-106.489972,35.052852],[-106.489925,35.052935],[-106.489844,35.052964],[-106.489859,35.053005],[-106.490003,35.053083],[-106.490031,35.053173],[-106.490104,35.053249]]]}},{"type":"Feature","properties":{"natural":"water"},"geometry":{"type":"Polygon","coordinates":[[[-106.518862,35.050209],[-106.518816,35.050291],[-106.518411,35.05031],[-106.518329,35.050272],[-106.518294,35.050175],[-106.518477,35.050082],[-106.518623,35.050075],[-106.518862,35.050209]]]}},{"type":"Feature","properties":{"leisure":"park","name":"VA Park"},"geometry":{"type":"Polygon","coordinates":[[[-106.583266,35.055032],[-106.583295,35.055089],[-106.583251,35.055145],[-106.583233,35.055213],[-106.583261,35.055232],[-106.583325,35.05533],[-106.583351,35.055342],[-106.583627,35.055239],[-106.583712,35.055261],[-106.58375,35.055298],[-106.583815,35.055277],[-106.583997,35.055578],[-106.583921,35.055609],[-106.584023,35.055763],[-106.584493,35.055864],[-106.584744,35.05608],[-106.584807,35.05616],[-106.585215,35.056858],[-106.585249,35.05687],[-106.585289,35.056858],[-106.585604,35.056526],[-106.585646,35.05646],[-106.585705,35.056337],[-106.585722,35.056186],[-106.585718,35.055302],[-106.585664,35.055166],[-106.585584,35.055044],[-106.585435,35.054928],[-106.585313,35.054867],[-106.585124,35.054826],[-106.584999,35.05482],[-106.584812,35.054844],[-106.584693,35.054671],[-106.583948,35.054964],[-106.583929,35.054996],[-106.583689,35.055092],[-106.583631,35.055012],[-106.583552,35.055042],[-106.583476,35.054881],[-106.583315,35.054948],[-106.583266,35.055032]]]}},{"type":"Feature","properties":{"natural":"water"},"geometry":{"type":"Polygon","coordinates":[[[-106.516192,35.063809],[-106.516139,35.063837],[-106.515601,35.063839],[-106.51558,35.063809],[-106.515578,35.063766],[-106.515619,35.063735],[-106.515603,35.063108],[-106.516022,35.063071],[-106.516047,35.063353],[-106.516194,35.063362],[-106.516192,35.063809]]]}},{"type":"Feature","properties":{"natural":"water"},"geometry":{"type":"Polygon","coordinates":[[[-106.547056,35.054412],[-106.54699,35.054434],[-106.546776,35.054432],[-106.546686,35.054406],[-106.54661,35.054358],[-106.546559,35.054301],[-106.546543,35.054239],[-106.546571,35.054168],[-106.546687,35.054099],[-106.546775,35.054091],[-106.546907,35.054106],[-106.547061,35.054281],[-106.547056,35.054412]]]}},{"type":"Feature","properties":{"natural":"water"},"geometry":{"type":"Polygon","coordinates":[[[-106.536915,35.053752],[-106.537126,35.053725],[-106.537272,35.053619],[-106.537303,35.053452],[-106.537278,35.053336],[-106.537173,35.05304],[-106.537104,35.053001],[-106.536978,35.05303],[-106.536934,35.053104],[-106.536894,35.053249],[-106.536915,35.053752]]]}},{"type":"Feature","properties":{"natural":"water"},"geometry":{"type":"Polygon","coordinates":[[[-106.541524,35.053437],[-106.541449,35.053504],[-106.541186,35.053501],[-106.541135,35.053457],[-106.541139,35.052913],[-106.541197,35.05286],[-106.541513,35.052857],[-106.541554,35.052966],[-106.541524,35.053437]]]}},{"type":"Feature","properties":{"natural":"water"},"geometry":{"type":"Polygon","coordinates":[[[-106.54147,35.033486],[-106.541398,35.033601],[-106.541361,35.033611],[-106.541282,35.033582],[-106.541371,35.033415],[-106.541456,35.033449],[-106.54147,35.033486]]]}},{"type":"Feature","properties":{"natural":"water"},"geometry":{"type":"Polygon","coordinates":[[[-106.544104,35.03017],[-106.543807,35.030373],[-106.543484,35.030555],[-106.543288,35.030573],[-106.543237,35.030525],[-106.54322,35.030467],[-106.543267,35.030402],[-106.543655,35.030158],[-106.543917,35.030032],[-106.544009,35.030009],[-106.544104,35.03017]]]}},{"type":"Feature","properties":{"natural":"water"},"geometry":{"type":"Polygon","coordinates":[[[-106.527417,35.043597],[-106.527367,35.043594],[-106.527389,35.043253],[-106.527541,35.043289],[-106.527687,35.043385],[-106.527551,35.043477],[-106.527417,35.043597]]]}},{"type":"Feature","properties":{"natural":"water"},"geometry":{"type":"Polygon","coordinates":[[[-106.517647,35.049139],[-106.517608,35.048902],[-106.517435,35.048795],[-106.517163,35.0488],[-106.516933,35.04885],[-106.516816,35.049009],[-106.516891,35.049118],[-106.517033,35.049232],[-106.517543,35.049273],[-106.517647,35.049139]]]}},{"type":"Feature","properties":{"leisure":"park"},"geometry":{"type":"Polygon","coordinates":[[[-106.582334,35.057431],[-106.58223,35.057431],[-106.58223,35.057311],[-106.582335,35.057311],[-106.582334,35.057431]]]}},{"type":"Feature","properties":{"natural":"water"},"geometry":{"type":"Polygon","coordinates":[[[-106.559654,35.0357],[-106.559646,35.035801],[-106.559702,35.035804],[-106.55971,35.035703],[-106.559654,35.0357]]]}},{"type":"Feature","properties":{"leisure":"park","name":"Chelwood Park"},"geometry":{"type":"Polygon","coordinates":[[[-106.501814,35.084773],[-106.50179,35.0855],[-106.501775,35.085545],[-106.501763,35.085797],[-106.501744,35.085815],[-106.501704,35.085834],[-106.500254,35.085789],[-106.500223,35.085776],[-106.500211,35.085747],[-106.500254,35.084724],[-106.500265,35.084705],[-106.500299,35.084685],[-106.501753,35.084727],[-106.501796,35.084745],[-106.501814,35.084773]]]}},{"type":"Feature","properties":{"leisure":"park"},"geometry":{"type":"Polygon","coordinates":[[[-106.559597,35.061101],[-106.559613,35.063636],[-106.559547,35.063684],[-106.558273,35.063687],[-106.558051,35.063675],[-106.557712,35.063616],[-106.55769,35.063595],[-106.557679,35.063539],[-106.557867,35.063029],[-106.557883,35.06297],[-106.557881,35.06281],[-106.557817,35.062613],[-106.557714,35.062466],[-106.557652,35.062417],[-106.557739,35.062349],[-106.557949,35.06226],[-106.558024,35.06219],[-106.558116,35.062205],[-106.558218,35.062184],[-106.558289,35.062139],[-106.558319,35.062068],[-106.558518,35.062116],[-106.559047,35.061506],[-106.559102,35.061422],[-106.559084,35.061292],[-106.558883,35.061137],[-106.55916,35.061085],[-106.559411,35.06106],[-106.559544,35.061058],[-106.559586,35.061079],[-106.559597,35.061101]]]}},{"type":"Feature","properties":{"natural":"water"},"geometry":{"type":"Polygon","coordinates":[[[-106.53506,35.066931],[-106.535071,35.067022],[-106.534356,35.067059],[-106.534354,35.066921],[-106.53506,35.066931]]]}},{"type":"Feature","properties":{"natural":"water"},"geometry":{"type":"Polygon","coordinates":[[[-106.582928,35.054643],[-106.582884,35.054592],[-106.582919,35.054572],[-106.582963,35.054622],[-106.582928,35.054643]]]}},{"type":"Feature","properties":{"natural":"water"},"geometry":{"type":"Polygon","coordinates":[[[-106.539214,35.035153],[-106.538957,35.035434],[-106.539001,35.035056],[-106.539214,35.035153]]]}},{"type":"Feature","properties":{"natural":"water"},"geometry":{"type":"Polygon","coordinates":[[[-106.536175,34.997901],[-106.536174,34.99795],[-106.536055,34.997949],[-106.536055,34.9979],[-106.536175,34.997901]]]}},{"type":"Feature","properties":{"leisure":"park","name":"Millenium Park"},"geometry":{"type":"Polygon","coordinates":[[[-106.540533,35.06391],[-106.540531,35.064505],[-106.539825,35.064502],[-106.539826,35.064211],[-106.539489,35.06421],[-106.53949,35.063907],[-106.540533,35.06391]]]}},{"type":"Feature","properties":{"name":"North Water Dentention Basin","natural":"water"},"geometry":{"type":"Polygon","coordinates":[[[-106.563312,35.061042],[-106.563444,35.061346],[-106.563213,35.061604],[-106.562936,35.061642],[-106.562734,35.061511],[-106.563025,35.061192],[-106.563312,35.061042]]]}},{"type":"Feature","properties":{"natural":"water"},"geometry":{"type":"Polygon","coordinates":[[[-106.540877,35.045564],[-106.540784,35.045679],[-106.540606,35.045684],[-106.540637,35.045567],[-106.540787,35.045534],[-106.540877,35.045564]]]}},{"type":"Feature","properties":{"natural":"water"},"geometry":{"type":"Polygon","coordinates":[[[-106.537639,35.0529],[-106.537622,35.052938],[-106.537501,35.052873],[-106.537496,35.052846],[-106.537533,35.052799],[-106.537629,35.052849],[-106.537639,35.0529]]]}},{"type":"Feature","properties":{"natural":"water"},"geometry":{"type":"Polygon","coordinates":[[[-106.539813,35.053864],[-106.539789,35.053939],[-106.539476,35.053881],[-106.539813,35.053864]]]}},{"type":"Feature","properties":{"leisure":"park","name":"Open Space"},"geometry":{"type":"Polygon","coordinates":[[[-106.564929,35.08919],[-106.564554,35.089193],[-106.564554,35.088683],[-106.564591,35.088646],[-106.564925,35.088649],[-106.564929,35.08919]]]}},{"type":"Feature","properties":{"leisure":"park","name":"Daniel Webster Park"},"geometry":{"type":"Polygon","coordinates":[[[-106.548098,35.081652],[-106.548075,35.080194],[-106.546846,35.080196],[-106.546917,35.081639],[-106.548098,35.081652]]]}},{"type":"Feature","properties":{"natural":"water"},"geometry":{"type":"Polygon","coordinates":[[[-106.539599,35.08694],[-106.539777,35.08698],[-106.53981,35.087039],[-106.539781,35.087087],[-106.539631,35.087143],[-106.539554,35.087088],[-106.539548,35.087024],[-106.539599,35.08694]]]}},{"type":"Feature","properties":{"natural":"water"},"geometry":{"type":"Polygon","coordinates":[[[-106.540049,35.086956],[-106.540489,35.086863],[-106.540921,35.086818],[-106.541094,35.08685],[-106.541207,35.086894],[-106.541204,35.086962],[-106.54112,35.087012],[-106.540549,35.087034],[-106.540297,35.087062],[-106.540044,35.087054],[-106.540005,35.08704],[-106.539993,35.086981],[-106.540049,35.086956]]]}},{"type":"Feature","properties":{"natural":"water"},"geometry":{"type":"Polygon","coordinates":[[[-106.549216,35.082065],[-106.549175,35.082105],[-106.549066,35.082076],[-106.548919,35.082076],[-106.548801,35.082105],[-106.54876,35.082416],[-106.548829,35.082539],[-106.548769,35.08251],[-106.548728,35.082454],[-106.5487,35.08231],[-106.548751,35.082095],[-106.548815,35.082036],[-106.549109,35.082029],[-106.549216,35.082065]]]}},{"type":"Feature","properties":{"natural":"water"},"geometry":{"type":"Polygon","coordinates":[[[-106.542672,35.032836],[-106.542713,35.032837],[-106.542749,35.032861],[-106.542708,35.032893],[-106.542652,35.03291],[-106.542577,35.032911],[-106.542555,35.032865],[-106.542672,35.032836]]]}},{"type":"Feature","properties":{"natural":"water"},"geometry":{"type":"Polygon","coordinates":[[[-106.538677,35.046463],[-106.538669,35.046842],[-106.538622,35.046838],[-106.538649,35.04646],[-106.538677,35.046463]]]}},{"type":"Feature","properties":{"natural":"water"},"geometry":{"type":"Polygon","coordinates":[[[-106.511925,35.086065],[-106.511871,35.08601],[-106.511773,35.086063],[-106.511864,35.086174],[-106.51192,35.086149],[-106.511947,35.086114],[-106.511925,35.086065]]]}},{"type":"Feature","properties":{"natural":"water"},"geometry":{"type":"Polygon","coordinates":[[[-106.509328,35.084141],[-106.509364,35.08422],[-106.509305,35.084261],[-106.509131,35.084281],[-106.509,35.084256],[-106.508996,35.084158],[-106.509134,35.084119],[-106.509328,35.084141]]]}},{"type":"Feature","properties":{"natural":"water"},"geometry":{"type":"Polygon","coordinates":[[[-106.506043,35.085669],[-106.505898,35.085664],[-106.505899,35.085709],[-106.506036,35.085713],[-106.506043,35.085669]]]}},{"type":"Feature","properties":{"natural":"water"},"geometry":{"type":"Polygon","coordinates":[[[-106.560368,35.032352],[-106.560339,35.032406],[-106.560285,35.032387],[-106.560314,35.032333],[-106.560368,35.032352]]]}},{"type":"Feature","properties":{"natural":"water"},"geometry":{"type":"Polygon","coordinates":[[[-106.533393,35.038761],[-106.53336,35.03892],[-106.533257,35.038922],[-106.533238,35.038763],[-106.533393,35.038761]]]}},{"type":"Feature","properties":{"natural":"water"},"geometry":{"type":"Polygon","coordinates":[[[-106.570706,35.05002],[-106.570671,35.050043],[-106.570585,35.049982],[-106.570642,35.04995],[-106.570706,35.05002]]]}},{"type":"Feature","properties":{"natural":"water"},"geometry":{"type":"Polygon","coordinates":[[[-106.58527,35.050388],[-106.58527,35.050619],[-106.585335,35.050619],[-106.585399,35.050581],[-106.585404,35.050426],[-106.585343,35.050392],[-106.58527,35.050388]]]}},{"type":"Feature","properties":{"leisure":"park"},"geometry":{"type":"Polygon","coordinates":[[[-106.512264,35.062428],[-106.512244,35.063404],[-106.513243,35.062909],[-106.512882,35.062589],[-106.512652,35.062425],[-106.512264,35.062428]]]}},{"type":"Feature","properties":{"leisure":"park","name":"Piru Community Center"},"geometry":{"type":"Polygon","coordinates":[[[-106.513363,35.058725],[-106.513383,35.059274],[-106.513621,35.059285],[-106.513607,35.059496],[-106.51327,35.059616],[-106.513149,35.059526],[-106.512561,35.059504],[-106.512745,35.059373],[-106.512618,35.059225],[-106.513202,35.058872],[-106.513157,35.05882],[-106.513363,35.058725]]]}},{"type":"Feature","properties":{"leisure":"park","name":"Longford Tepin Park"},"geometry":{"type":"Polygon","coordinates":[[[-106.527053,35.067958],[-106.527523,35.067964],[-106.527567,35.068026],[-106.527551,35.06829],[-106.527565,35.068352],[-106.527523,35.068448],[-106.52743,35.068459],[-106.527278,35.068432],[-106.527174,35.068448],[-106.527049,35.068443],[-106.527006,35.068426],[-106.527007,35.068285],[-106.527065,35.068258],[-106.527057,35.06811],[-106.527025,35.06806],[-106.527015,35.06801],[-106.527053,35.067958]]]}},{"type":"Feature","properties":{"natural":"water"},"geometry":{"type":"Polygon","coordinates":[[[-106.527146,35.061415],[-106.52788,35.061451],[-106.527906,35.062558],[-106.528154,35.063195],[-106.528081,35.063498],[-106.527846,35.063518],[-106.527664,35.063377],[-106.527118,35.062373],[-106.526742,35.061936],[-106.526638,35.061754],[-106.526795,35.061559],[-106.527146,35.061415]]]}},{"type":"Feature","properties":{"leisure":"park","name":"Hawk Watch Open Space"},"geometry":{"type":"Polygon","coordinates":[[[-106.424985,35.066165],[-106.424698,35.066235],[-106.424189,35.066536],[-106.423809,35.066717],[-106.42299,35.067224],[-106.422748,35.067424],[-106.424966,35.070035],[-106.433294,35.069409],[-106.433295,35.068636],[-106.433181,35.068091],[-106.431693,35.06708],[-106.430522,35.067029],[-106.42923,35.067132],[-106.428242,35.067074],[-106.427193,35.067066],[-106.427023,35.066766],[-106.425234,35.066191],[-106.424985,35.066165]]]}},{"type":"Feature","properties":{"leisure":"park","name":"Tres Pistolas Open Space"},"geometry":{"type":"Polygon","coordinates":[[[-106.433181,35.068091],[-106.43502,35.06933],[-106.443535,35.075623],[-106.445922,35.07507],[-106.44592,35.075652],[-106.433223,35.075672],[-106.433295,35.068636],[-106.433181,35.068091]]]}},{"type":"Feature","properties":{"leisure":"park","name":"Luis Garcia Park"},"geometry":{"type":"Polygon","coordinates":[[[-106.390077,35.079614],[-106.39055,35.079499],[-106.390612,35.079571],[-106.390752,35.080081],[-106.390459,35.080011],[-106.390076,35.08],[-106.390077,35.079614]]]}},{"type":"Feature","properties":{"leisure":"park","name":"Carlito Springs Open Space"},"geometry":{"type":"Polygon","coordinates":[[[-106.404772,35.089709],[-106.404863,35.086466],[-106.400755,35.085983],[-106.400575,35.082527],[-106.396555,35.082346],[-106.396544,35.082776],[-106.392058,35.082739],[-106.391786,35.089331],[-106.40072,35.089455],[-106.404772,35.089709]]]}},{"type":"Feature","properties":{"natural":"water"},"geometry":{"type":"Polygon","coordinates":[[[-106.443376,35.061583],[-106.443357,35.061631],[-106.443292,35.061644],[-106.44326,35.061675],[-106.443258,35.061635],[-106.443278,35.061591],[-106.443328,35.061561],[-106.443369,35.061559],[-106.443376,35.061583]]]}},{"type":"Feature","properties":{"name":"David Canyon Pond","natural":"water"},"geometry":{"type":"Polygon","coordinates":[[[-106.357501,34.985755],[-106.357499,34.985579],[-106.357292,34.985593],[-106.357322,34.985766],[-106.357501,34.985755]]]}},{"type":"Feature","properties":{"natural":"water"},"geometry":{"type":"Polygon","coordinates":[[[-106.399591,35.08786],[-106.399564,35.087864],[-106.399545,35.08783],[-106.399621,35.087817],[-106.399626,35.087837],[-106.399605,35.087863],[-106.399591,35.08786]]]}},{"type":"Feature","properties":{"natural":"water"},"geometry":{"type":"Polygon","coordinates":[[[-106.399483,35.087829],[-106.399437,35.087848],[-106.39942,35.087825],[-106.399443,35.087809],[-106.399483,35.087829]]]}},{"type":"Feature","properties":{"natural":"water"},"geometry":{"type":"Polygon","coordinates":[[[-106.39971,35.087851],[-106.399678,35.087854],[-106.399693,35.087813],[-106.399715,35.087813],[-106.3997,35.087846],[-106.39971,35.087851]]]}},{"type":"Feature","properties":{"leisure":"park"},"geometry":{"type":"Polygon","coordinates":[[[-106.384137,35.074717],[-106.384291,35.07507],[-106.383739,35.076035],[-106.383393,35.076539],[-106.382571,35.076533],[-106.382177,35.07535],[-106.381895,35.074941],[-106.381951,35.073958],[-106.382597,35.073875],[-106.383288,35.073933],[-106.383851,35.074382],[-106.384137,35.074717]]]}},{"type":"Feature","properties":{"natural":"water"},"geometry":{"type":"Polygon","coordinates":[[[-106.397423,35.073412],[-106.397523,35.073046],[-106.39738,35.072597],[-106.396905,35.072316],[-106.396621,35.072321],[-106.396631,35.072515],[-106.396962,35.072556],[-106.397139,35.072904],[-106.397316,35.073445],[-106.397423,35.073412]]]}},{"type":"Feature","properties":{"leisure":"park"},"geometry":{"type":"Polygon","coordinates":[[[-106.379668,35.084913],[-106.37953,35.085174],[-106.379341,35.085392],[-106.37888,35.084902],[-106.379668,35.084913]]]}},{"type":"Feature","properties":{"natural":"wood"},"geometry":{"type":"Polygon","coordinates":[[[-106.338483,35.015662],[-106.338122,35.015346],[-106.337812,35.014969],[-106.337476,35.014483],[-106.337184,35.014585],[-106.337254,35.014774],[-106.337327,35.01476],[-106.337371,35.014914],[-106.337298,35.014928],[-106.337366,35.015191],[-106.337452,35.015403],[-106.337395,35.015447],[-106.337302,35.015451],[-106.337289,35.015429],[-106.337251,35.015424],[-106.337051,35.015472],[-106.336965,35.015454],[-106.336828,35.015309],[-106.336813,35.015267],[-106.33677,35.015037],[-106.336769,35.014799],[-106.3366,35.014798],[-106.336593,35.014774],[-106.33665,35.014621],[-106.336652,35.014547],[-106.336454,35.014406],[-106.336436,35.014337],[-106.336278,35.014236],[-106.33616,35.014199],[-106.336116,35.014103],[-106.336137,35.013881],[-106.335958,35.013815],[-106.335874,35.013754],[-106.335804,35.013749],[-106.335733,35.013695],[-106.335701,35.013482],[-106.335448,35.013335],[-106.335325,35.013421],[-106.335294,35.013485],[-106.335282,35.01356],[-106.335311,35.013882],[-106.335354,35.013988],[-106.335502,35.014118],[-106.336101,35.01452],[-106.336217,35.014618],[-106.336299,35.014751],[-106.336336,35.014845],[-106.336364,35.015336],[-106.33644,35.015519],[-106.3367,35.015779],[-106.336808,35.015847],[-106.336927,35.015874],[-106.337418,35.015833],[-106.337512,35.015853],[-106.337707,35.015945],[-106.337837,35.015971],[-106.338148,35.015963],[-106.338328,35.015825],[-106.338483,35.015662]]]}},{"type":"Feature","properties":{"leisure":"park","name":"Sabino Canyon Open Space"},"geometry":{"type":"Polygon","coordinates":[[[-106.348724,35.041724],[-106.344848,35.041756],[-106.344839,35.040003],[-106.339979,35.039992],[-106.339997,35.035573],[-106.339946,35.034524],[-106.340891,35.034528],[-106.340909,35.034337],[-106.341008,35.034174],[-106.341292,35.034197],[-106.341639,35.034365],[-106.34212,35.034776],[-106.342559,35.035359],[-106.34329,35.035706],[-106.344027,35.036004],[-106.344514,35.036317],[-106.345507,35.036529],[-106.3457,35.036511],[-106.346362,35.036337],[-106.34673,35.036163],[-106.348267,35.035607],[-106.348933,35.03531],[-106.348724,35.041724]]]}},{"type":"Feature","properties":{"leisure":"park","name":"Oak Flat"},"geometry":{"type":"Polygon","coordinates":[[[-106.323338,34.995118],[-106.323327,34.999756],[-106.319358,34.999749],[-106.31937,34.995112],[-106.323338,34.995118]]]}},{"type":"Feature","properties":{"leisure":"park","name":"Sedillo Ridge Open Space"},"geometry":{"type":"Polygon","coordinates":[[[-106.313847,35.056057],[-106.296747,35.056084],[-106.29675,35.055457],[-106.29631,35.055454],[-106.296161,35.044734],[-106.297268,35.044781],[-106.297284,35.045676],[-106.299453,35.045755],[-106.299465,35.043932],[-106.298354,35.043887],[-106.298318,35.041371],[-106.300482,35.041449],[-106.30055,35.045001],[-106.304932,35.045046],[-106.304881,35.043309],[-106.31381,35.043393],[-106.313847,35.056057]]]}},{"type":"Feature","properties":{"leisure":"park","name":"Loma Ponderosa Open Space"},"geometry":{"type":"Polygon","coordinates":[[[-106.313845,35.056058],[-106.296309,35.056089],[-106.296153,35.07732],[-106.304955,35.077396],[-106.304943,35.075602],[-106.307154,35.075617],[-106.307158,35.074738],[-106.30826,35.074745],[-106.308291,35.07385],[-106.30939,35.073859],[-106.309337,35.076545],[-106.30714,35.076523],[-106.307124,35.077414],[-106.304956,35.077397],[-106.304834,35.084546],[-106.313689,35.08458],[-106.313714,35.082804],[-106.309231,35.082773],[-106.309303,35.079212],[-106.312617,35.07924],[-106.312589,35.081022],[-106.313739,35.081026],[-106.313845,35.056058]]]}},{"type":"Feature","properties":{"natural":"wood"},"geometry":{"type":"Polygon","coordinates":[[[-106.201813,35.041112],[-106.20326,35.040593],[-106.204496,35.040446],[-106.205439,35.039794],[-106.206903,35.039008],[-106.208106,35.038862],[-106.209553,35.038542],[-106.211229,35.038369],[-106.212725,35.038515],[-106.214204,35.038755],[-106.215245,35.038475],[-106.215018,35.037623],[-106.214026,35.03745],[-106.213489,35.036825],[-106.213212,35.036105],[-106.212546,35.035426],[-106.212367,35.034747],[-106.212058,35.034334],[-106.21144,35.033669],[-106.211863,35.033323],[-106.213342,35.033229],[-106.215554,35.034201],[-106.21692,35.034508],[-106.216058,35.033828],[-106.216042,35.033376],[-106.217717,35.033283],[-106.219538,35.033309],[-106.22053,35.033203],[-106.221913,35.033123],[-106.222612,35.033256],[-106.223246,35.033749],[-106.223864,35.034042],[-106.225523,35.033948],[-106.225197,35.03307],[-106.224677,35.032803],[-106.224677,35.032164],[-106.224953,35.032124],[-106.225051,35.031591],[-106.225051,35.031046],[-106.225093,35.030166],[-106.224964,35.029692],[-106.224707,35.02913],[-106.224814,35.027882],[-106.224878,35.0266],[-106.225479,35.026055],[-106.2249,35.025036],[-106.225136,35.024456],[-106.225758,35.023946],[-106.225908,35.023085],[-106.225543,35.022751],[-106.225629,35.022347],[-106.226492,35.022343],[-106.226852,35.022962],[-106.227184,35.023297],[-106.227518,35.023454],[-106.22859,35.023665],[-106.229449,35.02377],[-106.230922,35.024116],[-106.233054,35.025282],[-106.233483,35.026055],[-106.232474,35.026371],[-106.233912,35.026916],[-106.233311,35.027443],[-106.233032,35.028603],[-106.23271,35.029551],[-106.232024,35.030535],[-106.232174,35.031256],[-106.232582,35.032451],[-106.232517,35.033434],[-106.232968,35.034559],[-106.231981,35.035912],[-106.232431,35.037265],[-106.23153,35.037686],[-106.229985,35.038196],[-106.229342,35.039074],[-106.230157,35.040076],[-106.231401,35.04048],[-106.232496,35.041218],[-106.233182,35.04171],[-106.233011,35.043062],[-106.232968,35.043853],[-106.233011,35.044889],[-106.233161,35.046137],[-106.232453,35.046927],[-106.231316,35.047612],[-106.230886,35.048192],[-106.231938,35.048139],[-106.232388,35.048684],[-106.232667,35.049457],[-106.233418,35.049878],[-106.23374,35.050686],[-106.233375,35.052004],[-106.233354,35.053023],[-106.233311,35.053831],[-106.232925,35.055148],[-106.232388,35.056255],[-106.231895,35.057713],[-106.231831,35.059557],[-106.229574,35.058691],[-106.227836,35.058304],[-106.226827,35.058585],[-106.226055,35.059551],[-106.224446,35.059569],[-106.223051,35.060254],[-106.220497,35.06043],[-106.22024,35.062432],[-106.219489,35.063187],[-106.219167,35.063907],[-106.218534,35.06461],[-106.218299,35.058875],[-106.213101,35.054779],[-106.20904,35.054727],[-106.20876,35.051489],[-106.205713,35.050189],[-106.202151,35.048116],[-106.201271,35.048397],[-106.201143,35.047519],[-106.201657,35.045991],[-106.200821,35.045024],[-106.201893,35.043988],[-106.202108,35.042776],[-106.202065,35.042196],[-106.201813,35.041112]]]}},{"type":"Feature","properties":{"leisure":"park","name":"Sunflower Meadow Park"},"geometry":{"type":"Polygon","coordinates":[[[-106.34133,34.986127],[-106.342269,34.986221],[-106.342803,34.985759],[-106.343005,34.985208],[-106.342093,34.984844],[-106.34133,34.986127]]]}},{"type":"Feature","properties":{"natural":"water"},"geometry":{"type":"Polygon","coordinates":[[[-106.247381,35.015104],[-106.247191,35.015359],[-106.247213,35.015557],[-106.247479,35.015592],[-106.247528,35.015352],[-106.247531,35.015169],[-106.247381,35.015104]]]}},{"type":"Feature","properties":{"natural":"water"},"geometry":{"type":"Polygon","coordinates":[[[-106.203676,35.072864],[-106.203616,35.072933],[-106.203451,35.072954],[-106.203354,35.072932],[-106.203292,35.072898],[-106.203258,35.072816],[-106.203194,35.072763],[-106.203097,35.072743],[-106.203009,35.072798],[-106.202936,35.072725],[-106.202902,35.07263],[-106.202896,35.0725],[-106.20302,35.072418],[-106.203072,35.07241],[-106.203104,35.072446],[-106.203165,35.072455],[-106.20327,35.072445],[-106.203332,35.072414],[-106.203359,35.072352],[-106.20343,35.072364],[-106.20341,35.072401],[-106.203452,35.072482],[-106.20332,35.072562],[-106.203259,35.072529],[-106.203173,35.072529],[-106.203119,35.072599],[-106.203138,35.072714],[-106.203184,35.072742],[-106.203225,35.072743],[-106.203268,35.072792],[-106.203339,35.072829],[-106.203339,35.07286],[-106.203392,35.072868],[-106.203551,35.072832],[-106.203621,35.072871],[-106.203676,35.072864]]]}},{"type":"Feature","properties":{"leisure":"park"},"geometry":{"type":"Polygon","coordinates":[[[-106.193957,35.087586],[-106.191704,35.087615],[-106.191693,35.089633],[-106.192977,35.0896],[-106.193013,35.088699],[-106.193942,35.088695],[-106.193957,35.087586]]]}},{"type":"Feature","properties":{"natural":"water"},"geometry":{"type":"Polygon","coordinates":[[[-106.19304,35.058419],[-106.192858,35.058529],[-106.192876,35.058572],[-106.192947,35.058584],[-106.193023,35.058551],[-106.193054,35.058478],[-106.19304,35.058419]]]}},{"type":"Feature","properties":{"natural":"water"},"geometry":{"type":"Polygon","coordinates":[[[-106.191157,35.059769],[-106.191171,35.059627],[-106.191217,35.0596],[-106.19126,35.059593],[-106.191282,35.059607],[-106.191287,35.059764],[-106.191235,35.059781],[-106.191157,35.059769]]]}},{"type":"Feature","properties":{"name":"Douglas National Forset","natural":"wood"},"geometry":{"type":"Polygon","coordinates":[[[-106.143058,35.03578],[-106.143154,35.035755],[-106.143276,35.035757],[-106.143383,35.035816],[-106.143603,35.035889],[-106.143731,35.035833],[-106.143834,35.035824],[-106.143911,35.035774],[-106.143857,35.035629],[-106.143913,35.035384],[-106.143553,35.035153],[-106.143273,35.035122],[-106.143005,35.035191],[-106.143002,35.035285],[-106.142951,35.035328],[-106.143028,35.035428],[-106.142932,35.035535],[-106.14296,35.035625],[-106.142974,35.035755],[-106.143058,35.03578]]]}},{"type":"Feature","properties":{"natural":"wood"},"geometry":{"type":"Polygon","coordinates":[[[-106.145843,35.03468],[-106.145501,35.034644],[-106.145411,35.034498],[-106.145196,35.034364],[-106.145353,35.034246],[-106.145307,35.034067],[-106.145356,35.033958],[-106.145381,35.033827],[-106.145325,35.033716],[-106.14519,35.033567],[-106.145103,35.0333],[-106.145356,35.033338],[-106.145405,35.033418],[-106.145491,35.03364],[-106.145615,35.033582],[-106.145652,35.033451],[-106.145984,35.03331],[-106.146607,35.033252],[-106.146893,35.033146],[-106.147001,35.033237],[-106.147084,35.033189],[-106.147198,35.033237],[-106.147248,35.033305],[-106.147383,35.033184],[-106.147506,35.033151],[-106.147627,35.033239],[-106.147608,35.033297],[-106.147697,35.033386],[-106.147596,35.033481],[-106.147574,35.033608],[-106.147491,35.033696],[-106.147402,35.033731],[-106.147257,35.033623],[-106.147158,35.033698],[-106.14702,35.033539],[-106.146893,35.033481],[-106.146702,35.033537],[-106.146437,35.033572],[-106.146243,35.033673],[-106.146074,35.033615],[-106.145917,35.033653],[-106.145735,35.033744],[-106.145627,35.033862],[-106.145556,35.034051],[-106.145507,35.034251],[-106.145544,35.034402],[-106.145883,35.034627],[-106.145843,35.03468]]]}},{"type":"Feature","properties":{"natural":"water"},"geometry":{"type":"Polygon","coordinates":[[[-106.190384,35.06573],[-106.190515,35.065853],[-106.190513,35.066085],[-106.19028,35.066112],[-106.190238,35.065928],[-106.190248,35.065879],[-106.190384,35.06573]]]}},{"type":"Feature","properties":{"natural":"water"},"geometry":{"type":"Polygon","coordinates":[[[-106.196928,35.064738],[-106.197318,35.0649],[-106.196983,35.065062],[-106.19656,35.064941],[-106.196928,35.064738]]]}},{"type":"Feature","properties":{"leisure":"park","name":"ECHO Ridge Park"},"geometry":{"type":"Polygon","coordinates":[[[-106.173858,35.047695],[-106.173908,35.040318],[-106.188622,35.040256],[-106.18864,35.043984],[-106.182652,35.043986],[-106.182534,35.047665],[-106.173858,35.047695]]]}},{"type":"Feature","properties":{"leisure":"park"},"geometry":{"type":"Polygon","coordinates":[[[-106.19175,35.084111],[-106.193541,35.084113],[-106.193538,35.08624],[-106.191747,35.086239],[-106.19175,35.084111]]]}},{"type":"Feature","properties":{"natural":"wood"},"geometry":{"type":"Polygon","coordinates":[[[-106.193976,35.040412],[-106.193785,35.040847],[-106.19336,35.041287],[-106.192659,35.041768],[-106.192065,35.042029],[-106.191591,35.042371],[-106.191074,35.042539],[-106.190847,35.042353],[-106.190699,35.042121],[-106.1905,35.04204],[-106.190182,35.042359],[-106.18992,35.042469],[-106.189587,35.042956],[-106.189672,35.043159],[-106.189481,35.043425],[-106.18917,35.043576],[-106.189007,35.043808],[-106.188419,35.044289],[-106.188129,35.044486],[-106.187952,35.044799],[-106.187754,35.045007],[-106.186869,35.045303],[-106.186367,35.045216],[-106.186211,35.045089],[-106.185779,35.045112],[-106.185673,35.045332],[-106.18488,35.04528],[-106.18459,35.045761],[-106.183839,35.0464],[-106.183161,35.046895],[-106.182742,35.047127],[-106.182409,35.047177],[-106.181818,35.046955],[-106.181436,35.046895],[-106.181038,35.047155],[-106.181098,35.047592],[-106.181033,35.047657],[-106.180954,35.047621],[-106.180914,35.047632],[-106.180935,35.047745],[-106.18079,35.047724],[-106.180617,35.047724],[-106.180596,35.047624],[-106.180494,35.047521],[-106.180428,35.047259],[-106.180305,35.047208],[-106.180171,35.047213],[-106.180118,35.047332],[-106.179604,35.047592],[-106.179409,35.047848],[-106.180124,35.048024],[-106.180088,35.048154],[-106.179661,35.048054],[-106.179356,35.047941],[-106.179271,35.048134],[-106.179429,35.048277],[-106.179726,35.04846],[-106.179744,35.048522],[-106.179634,35.048633],[-106.179406,35.048707],[-106.179203,35.04885],[-106.178885,35.049266],[-106.178706,35.049426],[-106.178462,35.049492],[-106.178205,35.049522],[-106.177998,35.049512],[-106.177417,35.049732],[-106.176917,35.049805],[-106.176799,35.049572],[-106.177039,35.049455],[-106.177299,35.049452],[-106.17736,35.049562],[-106.177567,35.049429],[-106.177559,35.049392],[-106.177661,35.049296],[-106.177392,35.049139],[-106.177323,35.04881],[-106.177356,35.04856],[-106.177132,35.048354],[-106.176463,35.047967],[-106.1765,35.047428],[-106.1763,35.047111],[-106.175819,35.047118],[-106.175758,35.047891],[-106.175183,35.048579],[-106.17439,35.049244],[-106.173983,35.049638],[-106.173395,35.050005],[-106.173171,35.049783],[-106.172923,35.049944],[-106.172353,35.050441],[-106.171961,35.050624],[-106.171862,35.050699],[-106.17146,35.050602],[-106.171242,35.05051],[-106.171074,35.050371],[-106.171109,35.050191],[-106.171314,35.050251],[-106.171758,35.050294],[-106.171907,35.050108],[-106.17233,35.049959],[-106.172461,35.049599],[-106.172505,35.049149],[-106.17248,35.048984],[-106.172516,35.048727],[-106.172511,35.048404],[-106.172538,35.047902],[-106.171812,35.047835],[-106.169819,35.04781],[-106.169011,35.047933],[-106.168507,35.047893],[-106.168067,35.048135],[-106.167983,35.048623],[-106.168013,35.048991],[-106.168093,35.04932],[-106.167933,35.049518],[-106.167557,35.049347],[-106.167423,35.049039],[-106.167621,35.048569],[-106.167444,35.048293],[-106.167165,35.048139],[-106.166924,35.047959],[-106.167165,35.047766],[-106.167519,35.048012],[-106.167873,35.047779],[-106.168389,35.047748],[-106.168608,35.047551],[-106.168555,35.046808],[-106.169499,35.046826],[-106.169638,35.046725],[-106.169494,35.046558],[-106.169488,35.046005],[-106.170363,35.045627],[-106.171044,35.045135],[-106.171076,35.044687],[-106.170684,35.04441],[-106.170642,35.044103],[-106.170969,35.043927],[-106.171387,35.0442],[-106.171698,35.044309],[-106.172085,35.044244],[-106.17246,35.044112],[-106.172916,35.043875],[-106.172921,35.043616],[-106.173216,35.043734],[-106.173469,35.043677],[-106.173624,35.043541],[-106.173678,35.043409],[-106.174118,35.043387],[-106.174424,35.043444],[-106.174836,35.043194],[-106.174874,35.042676],[-106.174804,35.042469],[-106.174739,35.041961],[-106.174621,35.041615],[-106.175012,35.041514],[-106.174932,35.041219],[-106.175136,35.040855],[-106.175205,35.040639],[-106.175211,35.040385],[-106.175677,35.040165],[-106.176149,35.040139],[-106.176418,35.040222],[-106.176616,35.040126],[-106.176686,35.040025],[-106.176959,35.039959],[-106.176959,35.039858],[-106.177185,35.039906],[-106.177389,35.039985],[-106.177507,35.040126],[-106.178065,35.040191],[-106.178199,35.040183],[-106.178263,35.039941],[-106.178639,35.040007],[-106.179057,35.040016],[-106.179433,35.039924],[-106.17984,35.040051],[-106.180033,35.039959],[-106.180441,35.039827],[-106.180881,35.039989],[-106.181283,35.040433],[-106.181643,35.040771],[-106.181948,35.041008],[-106.181905,35.041158],[-106.182238,35.041114],[-106.182474,35.041206],[-106.182383,35.041061],[-106.182158,35.040912],[-106.182077,35.04071],[-106.181938,35.040459],[-106.18219,35.040235],[-106.182785,35.040165],[-106.182989,35.040042],[-106.183483,35.040055],[-106.183821,35.040209],[-106.184378,35.040139],[-106.184244,35.039814],[-106.184464,35.039612],[-106.184786,35.039511],[-106.185119,35.039151],[-106.185441,35.038905],[-106.185795,35.039353],[-106.185639,35.039721],[-106.185618,35.039924],[-106.18565,35.040095],[-106.186111,35.040126],[-106.186562,35.040068],[-106.18668,35.039937],[-106.186841,35.039678],[-106.187211,35.039757],[-106.18734,35.039572],[-106.187495,35.039401],[-106.18779,35.039471],[-106.187812,35.039656],[-106.188166,35.039726],[-106.188777,35.040055],[-106.18919,35.04024],[-106.189678,35.040161],[-106.189995,35.039792],[-106.190269,35.039594],[-106.190768,35.039823],[-106.191245,35.040099],[-106.191401,35.040108],[-106.191599,35.039928],[-106.191878,35.039845],[-106.192055,35.039735],[-106.192168,35.039919],[-106.192484,35.039946],[-106.192731,35.039774],[-106.193031,35.039664],[-106.193342,35.03966],[-106.193761,35.039818],[-106.193637,35.040077],[-106.193729,35.040402],[-106.193976,35.040412]]]}},{"type":"Feature","properties":{"natural":"wood"},"geometry":{"type":"Polygon","coordinates":[[[-106.130753,35.002116],[-106.131305,35.001455],[-106.132084,35.000771],[-106.133556,35.000076],[-106.13425,34.999589],[-106.135623,34.998893],[-106.136628,34.998649],[-106.137109,34.998348],[-106.13735,34.997884],[-106.137676,34.997176],[-106.137916,34.99713],[-106.138313,34.997165],[-106.138511,34.997165],[-106.13912,34.997095],[-106.140082,34.99713],[-106.140705,34.997234],[-106.141456,34.997513],[-106.141824,34.997803],[-106.142149,34.998116],[-106.142588,34.998452],[-106.142899,34.998846],[-106.142871,34.999415],[-106.142687,34.999728],[-106.142376,34.999948],[-106.142008,35.000029],[-106.141795,34.999832],[-106.141031,35.000076],[-106.140408,35.000052],[-106.140125,35.00025],[-106.139898,35.000574],[-106.139601,35.000957],[-106.139431,35.001618],[-106.139105,35.001873],[-106.138638,35.001757],[-106.138384,35.00178],[-106.138256,35.001606],[-106.137888,35.001745],[-106.137676,35.001977],[-106.137492,35.002058],[-106.137237,35.001873],[-106.136996,35.001792],[-106.136982,35.00156],[-106.136812,35.001467],[-106.136798,35.001896],[-106.13677,35.002093],[-106.136571,35.002256],[-106.136359,35.002348],[-106.13592,35.002418],[-106.135595,35.002488],[-106.135241,35.002418],[-106.135,35.002302],[-106.134957,35.002093],[-106.134943,35.001838],[-106.134816,35.001664],[-106.134646,35.001618],[-106.134335,35.001722],[-106.134207,35.001908],[-106.133896,35.002035],[-106.133613,35.002198],[-106.133273,35.002325],[-106.132876,35.002348],[-106.132707,35.00243],[-106.132466,35.002314],[-106.132183,35.002406],[-106.131871,35.002441],[-106.131277,35.002441],[-106.130965,35.002383],[-106.130753,35.002116]]]}},{"type":"Feature","properties":{"natural":"wood"},"geometry":{"type":"Polygon","coordinates":[[[-106.134034,34.999218],[-106.13492,34.998838],[-106.135139,34.998685],[-106.134822,34.998525],[-106.134936,34.998179],[-106.135139,34.997692],[-106.135676,34.996713],[-106.1357,34.995641],[-106.135798,34.995308],[-106.135156,34.995221],[-106.133838,34.994928],[-106.133481,34.994915],[-106.133359,34.995181],[-106.132773,34.995115],[-106.132196,34.995075],[-106.13157,34.995002],[-106.130984,34.994862],[-106.130765,34.994775],[-106.130497,34.994902],[-106.130261,34.995035],[-106.130115,34.995155],[-106.130009,34.994988],[-106.129749,34.994842],[-106.129498,34.994795],[-106.129491,34.995867],[-106.129806,34.995854],[-106.130131,34.995728],[-106.130302,34.995641],[-106.130423,34.995641],[-106.130285,34.995841],[-106.130432,34.995994],[-106.130692,34.996074],[-106.130887,34.995934],[-106.131017,34.996034],[-106.130903,34.996174],[-106.130724,34.996227],[-106.13061,34.996314],[-106.130773,34.9965],[-106.131025,34.996467],[-106.131253,34.99648],[-106.131033,34.99662],[-106.131196,34.996733],[-106.131399,34.996813],[-106.131464,34.99706],[-106.131521,34.997493],[-106.131611,34.997826],[-106.132017,34.998019],[-106.132237,34.998172],[-106.132196,34.998372],[-106.132269,34.998372],[-106.132554,34.998565],[-106.132651,34.998672],[-106.132798,34.998792],[-106.13279,34.998911],[-106.132977,34.998931],[-106.133155,34.998858],[-106.133302,34.998732],[-106.133448,34.998785],[-106.133351,34.999031],[-106.133538,34.999051],[-106.13366,34.999038],[-106.13379,34.999171],[-106.134034,34.999218]]]}},{"type":"Feature","properties":{"natural":"wood"},"geometry":{"type":"Polygon","coordinates":[[[-106.128227,35.003844],[-106.128227,35.003308],[-106.128675,35.003033],[-106.129086,35.002926],[-106.129273,35.002559],[-106.129198,35.001947],[-106.129758,35.001885],[-106.130188,35.001763],[-106.130692,35.001243],[-106.131234,35.000768],[-106.131738,35.00011],[-106.132168,34.99982],[-106.132,34.999315],[-106.131626,34.999223],[-106.131346,34.99881],[-106.131215,34.998152],[-106.130804,34.997968],[-106.130506,34.997708],[-106.130244,34.99731],[-106.130157,34.996923],[-106.129465,34.996921],[-106.12947,34.997467],[-106.129406,34.998341],[-106.129347,34.998587],[-106.129384,34.998886],[-106.12925,34.999572],[-106.128951,35.000138],[-106.128858,35.000414],[-106.128559,35.000582],[-106.128652,35.000873],[-106.128391,35.001164],[-106.1277,35.001225],[-106.127644,35.0015],[-106.127681,35.001822],[-106.128615,35.002235],[-106.128111,35.002755],[-106.12798,35.003061],[-106.12798,35.003444],[-106.128092,35.00378],[-106.128227,35.003844]]]}},{"type":"Feature","properties":{"natural":"wood"},"geometry":{"type":"Polygon","coordinates":[[[-106.129993,35.005414],[-106.129463,35.004829],[-106.129968,35.004607],[-106.129783,35.004102],[-106.129586,35.004092],[-106.129734,35.003718],[-106.129993,35.003466],[-106.129808,35.003304],[-106.129599,35.003244],[-106.129648,35.002779],[-106.129919,35.002668],[-106.130375,35.002739],[-106.130486,35.00285],[-106.130942,35.002779],[-106.131755,35.002618],[-106.131706,35.002507],[-106.132002,35.002517],[-106.132088,35.002628],[-106.132322,35.002618],[-106.132507,35.002557],[-106.132593,35.002709],[-106.132828,35.00284],[-106.132975,35.003012],[-106.132963,35.003234],[-106.133012,35.003345],[-106.132495,35.003658],[-106.1321,35.00393],[-106.131755,35.004102],[-106.131361,35.004273],[-106.131028,35.004586],[-106.130326,35.005071],[-106.130202,35.005303],[-106.129993,35.005414]]]}},{"type":"Feature","properties":{"natural":"wood"},"geometry":{"type":"Polygon","coordinates":[[[-106.129298,35.010175],[-106.128916,35.009989],[-106.128548,35.009676],[-106.128378,35.00956],[-106.128307,35.009178],[-106.128916,35.008899],[-106.12927,35.009062],[-106.129949,35.009062],[-106.130119,35.009131],[-106.130346,35.009398],[-106.130275,35.00963],[-106.130048,35.009862],[-106.129793,35.00992],[-106.129595,35.010059],[-106.129298,35.010175]]]}},{"type":"Feature","properties":{"natural":"wood"},"geometry":{"type":"Polygon","coordinates":[[[-106.133303,35.009979],[-106.133124,35.00944],[-106.133278,35.009233],[-106.133555,35.009213],[-106.133782,35.009307],[-106.133856,35.009673],[-106.13388,35.009973],[-106.133539,35.010066],[-106.133303,35.009979]]]}},{"type":"Feature","properties":{"natural":"wood"},"geometry":{"type":"Polygon","coordinates":[[[-106.135563,35.009773],[-106.135474,35.00944],[-106.135246,35.009293],[-106.135132,35.0092],[-106.135392,35.009067],[-106.135644,35.009067],[-106.135807,35.009207],[-106.1361,35.00932],[-106.136254,35.009473],[-106.136677,35.0095],[-106.136888,35.00962],[-106.136701,35.009726],[-106.135774,35.009846],[-106.135563,35.009773]]]}},{"type":"Feature","properties":{"natural":"wood"},"geometry":{"type":"Polygon","coordinates":[[[-106.131183,35.016619],[-106.131078,35.016407],[-106.131263,35.016231],[-106.131503,35.01613],[-106.13167,35.015983],[-106.131873,35.015882],[-106.132539,35.015751],[-106.132668,35.01563],[-106.1326,35.015115],[-106.132717,35.014934],[-106.132896,35.014747],[-106.133457,35.014601],[-106.133488,35.014247],[-106.13366,35.014091],[-106.133968,35.014015],[-106.134104,35.013864],[-106.134467,35.013733],[-106.134763,35.013728],[-106.134923,35.013677],[-106.135034,35.013566],[-106.135028,35.01295],[-106.135188,35.01288],[-106.135459,35.01292],[-106.13565,35.013016],[-106.135829,35.013026],[-106.136119,35.012814],[-106.13631,35.012552],[-106.136803,35.01241],[-106.136901,35.012274],[-106.137123,35.012133],[-106.137259,35.011936],[-106.1374,35.0118],[-106.137462,35.011436],[-106.137832,35.011017],[-106.138054,35.011174],[-106.138405,35.01134],[-106.138491,35.011477],[-106.138688,35.011446],[-106.138719,35.011108],[-106.138707,35.010775],[-106.138904,35.010568],[-106.138966,35.010129],[-106.13912,35.010109],[-106.139335,35.010275],[-106.139594,35.010321],[-106.139933,35.010356],[-106.139945,35.010492],[-106.139557,35.010821],[-106.139409,35.010896],[-106.13936,35.011578],[-106.139175,35.011815],[-106.138947,35.011956],[-106.138276,35.012072],[-106.138121,35.012254],[-106.137622,35.01241],[-106.137598,35.012582],[-106.137881,35.012733],[-106.1379,35.012996],[-106.137752,35.013243],[-106.137444,35.013531],[-106.137444,35.013697],[-106.137598,35.013748],[-106.137733,35.013889],[-106.137826,35.014676],[-106.137629,35.014833],[-106.137487,35.015055],[-106.137283,35.015035],[-106.137179,35.014803],[-106.137333,35.01454],[-106.137438,35.014399],[-106.13737,35.014247],[-106.13716,35.014242],[-106.137012,35.013601],[-106.136877,35.013526],[-106.136747,35.013627],[-106.136618,35.013813],[-106.13647,35.013899],[-106.136507,35.014071],[-106.136747,35.014131],[-106.136729,35.014283],[-106.136458,35.014394],[-106.136242,35.014439],[-106.136106,35.014631],[-106.135952,35.014641],[-106.135848,35.01451],[-106.135805,35.014343],[-106.135681,35.014237],[-106.135509,35.014126],[-106.135422,35.014015],[-106.135281,35.01395],[-106.134985,35.01398],[-106.134856,35.014035],[-106.134819,35.014187],[-106.1348,35.014459],[-106.134812,35.014707],[-106.134948,35.014742],[-106.135108,35.014873],[-106.135312,35.014989],[-106.135706,35.014989],[-106.135848,35.015095],[-106.136113,35.015186],[-106.136341,35.015383],[-106.136562,35.015519],[-106.136587,35.015661],[-106.135811,35.015812],[-106.135644,35.015948],[-106.135583,35.016029],[-106.135459,35.016074],[-106.135373,35.015968],[-106.13517,35.015888],[-106.134843,35.015867],[-106.134517,35.015878],[-106.134381,35.015978],[-106.134289,35.01612],[-106.134135,35.016221],[-106.134116,35.016362],[-106.134128,35.016917],[-106.133925,35.017094],[-106.133851,35.017513],[-106.13366,35.017674],[-106.133531,35.017826],[-106.133414,35.017916],[-106.133315,35.018083],[-106.132693,35.018249],[-106.132354,35.018164],[-106.132304,35.017947],[-106.132341,35.017725],[-106.132711,35.017664],[-106.132859,35.017593],[-106.132884,35.01723],[-106.133099,35.017043],[-106.133278,35.016852],[-106.133438,35.01672],[-106.133426,35.016221],[-106.133334,35.015822],[-106.133223,35.015756],[-106.133093,35.015782],[-106.132995,35.015862],[-106.133019,35.016211],[-106.13289,35.016276],[-106.132631,35.016089],[-106.132372,35.016049],[-106.132144,35.016095],[-106.132033,35.016286],[-106.131873,35.016387],[-106.131762,35.016574],[-106.131639,35.016695],[-106.131331,35.016705],[-106.131183,35.016619]]]}},{"type":"Feature","properties":{"natural":"wood"},"geometry":{"type":"Polygon","coordinates":[[[-106.129844,35.016743],[-106.12972,35.016158],[-106.129455,35.016001],[-106.129363,35.015855],[-106.129301,35.015618],[-106.129018,35.015481],[-106.128913,35.015214],[-106.128987,35.015032],[-106.129215,35.015027],[-106.129314,35.015174],[-106.129498,35.015259],[-106.129609,35.015365],[-106.129671,35.015663],[-106.129813,35.015794],[-106.129979,35.015885],[-106.130065,35.016137],[-106.130041,35.016486],[-106.130047,35.016768],[-106.129844,35.016743]]]}},{"type":"Feature","properties":{"natural":"wood"},"geometry":{"type":"Polygon","coordinates":[[[-106.135432,35.01847],[-106.13529,35.018134],[-106.13544,35.017957],[-106.135627,35.017834],[-106.135721,35.017691],[-106.135863,35.017704],[-106.135904,35.017818],[-106.135944,35.018044],[-106.136005,35.018264],[-106.135969,35.018397],[-106.135831,35.018497],[-106.135619,35.018523],[-106.135432,35.01847]]]}},{"type":"Feature","properties":{"natural":"wood"},"geometry":{"type":"Polygon","coordinates":[[[-106.138848,35.006813],[-106.138789,35.006492],[-106.139089,35.006325],[-106.139384,35.006228],[-106.139513,35.006057],[-106.139958,35.005934],[-106.139985,35.00571],[-106.139948,35.005468],[-106.139647,35.00545],[-106.13939,35.005503],[-106.139266,35.005657],[-106.139132,35.005732],[-106.13903,35.005683],[-106.138977,35.005534],[-106.138971,35.005349],[-106.139127,35.005226],[-106.139341,35.004972],[-106.139524,35.00487],[-106.139567,35.00455],[-106.139658,35.004391],[-106.140248,35.004299],[-106.140425,35.004251],[-106.140441,35.003798],[-106.140361,35.003451],[-106.140452,35.003249],[-106.140972,35.003245],[-106.141015,35.003394],[-106.141026,35.003622],[-106.140897,35.003803],[-106.140784,35.003855],[-106.140795,35.00415],[-106.141074,35.004343],[-106.14116,35.00458],[-106.141267,35.004734],[-106.141423,35.004739],[-106.141546,35.004629],[-106.141648,35.004492],[-106.141761,35.004444],[-106.141798,35.004132],[-106.141782,35.004014],[-106.14146,35.003961],[-106.141246,35.003943],[-106.141085,35.003847],[-106.141171,35.003732],[-106.14131,35.003653],[-106.14145,35.003447],[-106.141616,35.003354],[-106.141691,35.003179],[-106.141654,35.002713],[-106.141664,35.002625],[-106.141836,35.002599],[-106.141975,35.002757],[-106.142147,35.002818],[-106.142308,35.002911],[-106.142442,35.003042],[-106.142624,35.003029],[-106.142635,35.00259],[-106.14278,35.002515],[-106.143054,35.002484],[-106.143268,35.002344],[-106.143343,35.002194],[-106.143477,35.002115],[-106.143558,35.001975],[-106.143697,35.001896],[-106.144062,35.00183],[-106.144186,35.001948],[-106.144202,35.002401],[-106.144314,35.002788],[-106.144818,35.003113],[-106.144974,35.003012],[-106.145044,35.002911],[-106.145156,35.002845],[-106.145307,35.002928],[-106.145376,35.003192],[-106.145231,35.003324],[-106.144534,35.003442],[-106.144459,35.003482],[-106.144336,35.003649],[-106.144223,35.003732],[-106.144148,35.003754],[-106.14403,35.003908],[-106.143917,35.003978],[-106.143735,35.003895],[-106.143665,35.003816],[-106.143456,35.003833],[-106.143343,35.004058],[-106.143123,35.004167],[-106.143064,35.004317],[-106.142614,35.004387],[-106.142329,35.004449],[-106.142249,35.004492],[-106.142163,35.004891],[-106.14194,35.005071],[-106.141895,35.005487],[-106.141655,35.005521],[-106.14159,35.005381],[-106.141395,35.005351],[-106.141265,35.005531],[-106.141098,35.005557],[-106.14096,35.005477],[-106.140822,35.005424],[-106.140712,35.005454],[-106.140651,35.005551],[-106.1407,35.005983],[-106.140655,35.006157],[-106.140505,35.006273],[-106.140358,35.00645],[-106.139952,35.006533],[-106.139838,35.006616],[-106.139712,35.006779],[-106.139114,35.006863],[-106.138848,35.006813]]]}},{"type":"Feature","properties":{"natural":"wood"},"geometry":{"type":"Polygon","coordinates":[[[-106.143285,35.010497],[-106.143058,35.010625],[-106.142895,35.010811],[-106.142414,35.010956],[-106.142315,35.011129],[-106.14143,35.011269],[-106.141409,35.011715],[-106.14102,35.011831],[-106.140559,35.011558],[-106.140425,35.011425],[-106.140184,35.011286],[-106.140121,35.011158],[-106.140347,35.011071],[-106.140616,35.011071],[-106.140765,35.011228],[-106.140991,35.011251],[-106.14109,35.011066],[-106.141529,35.010973],[-106.141749,35.010735],[-106.142442,35.01059],[-106.142676,35.010399],[-106.142945,35.010271],[-106.143235,35.0103],[-106.143285,35.010497]]]}},{"type":"Feature","properties":{"natural":"wood"},"geometry":{"type":"Polygon","coordinates":[[[-106.144873,34.9966],[-106.144649,34.995684],[-106.144732,34.995597],[-106.144943,34.995848],[-106.145108,34.996253],[-106.14572,34.996166],[-106.145814,34.995771],[-106.146014,34.995935],[-106.146038,34.996417],[-106.145849,34.996542],[-106.145308,34.996638],[-106.144873,34.9966]]]}},{"type":"Feature","properties":{"natural":"wood"},"geometry":{"type":"Polygon","coordinates":[[[-106.14692,34.994575],[-106.14672,34.994113],[-106.146544,34.993968],[-106.14672,34.993688],[-106.146732,34.99338],[-106.146932,34.99312],[-106.14705,34.993496],[-106.147203,34.994402],[-106.147109,34.994595],[-106.14692,34.994575]]]}},{"type":"Feature","properties":{"natural":"wood"},"geometry":{"type":"Polygon","coordinates":[[[-106.147591,34.99203],[-106.147132,34.991664],[-106.147285,34.991385],[-106.14765,34.991221],[-106.147662,34.990864],[-106.148074,34.990555],[-106.148332,34.99043],[-106.148803,34.990594],[-106.149274,34.99069],[-106.149533,34.990883],[-106.149992,34.990893],[-106.149921,34.991124],[-106.149262,34.991172],[-106.148991,34.99097],[-106.14878,34.99096],[-106.148568,34.991307],[-106.14825,34.991413],[-106.147885,34.9915],[-106.147885,34.991751],[-106.147909,34.991915],[-106.147815,34.992108],[-106.147591,34.99203]]]}},{"type":"Feature","properties":{"natural":"wood"},"geometry":{"type":"Polygon","coordinates":[[[-106.148662,34.990334],[-106.148803,34.990015],[-106.149392,34.989678],[-106.149862,34.989321],[-106.150109,34.989312],[-106.150345,34.989476],[-106.150521,34.989196],[-106.150545,34.988917],[-106.150768,34.988685],[-106.150957,34.988415],[-106.151321,34.988299],[-106.151792,34.988203],[-106.151969,34.987924],[-106.152075,34.987644],[-106.15231,34.98775],[-106.152357,34.988377],[-106.152416,34.988859],[-106.152298,34.989013],[-106.152122,34.989167],[-106.152145,34.989543],[-106.15178,34.989611],[-106.151463,34.989456],[-106.15131,34.989427],[-106.151298,34.990044],[-106.150968,34.990237],[-106.149909,34.990334],[-106.149109,34.990372],[-106.148662,34.990334]]]}},{"type":"Feature","properties":{"natural":"wood"},"geometry":{"type":"Polygon","coordinates":[[[-106.148813,34.993797],[-106.148676,34.993476],[-106.149312,34.993204],[-106.149292,34.992539],[-106.149439,34.992515],[-106.149683,34.992683],[-106.149997,34.992819],[-106.150065,34.993204],[-106.149762,34.99322],[-106.149635,34.993516],[-106.149243,34.993604],[-106.149077,34.993733],[-106.14894,34.993869],[-106.148813,34.993797]]]}},{"type":"Feature","properties":{"natural":"wood"},"geometry":{"type":"Polygon","coordinates":[[[-106.153885,34.989371],[-106.153696,34.988966],[-106.153461,34.988763],[-106.153837,34.988561],[-106.154155,34.98832],[-106.154838,34.988156],[-106.155108,34.988301],[-106.154885,34.988503],[-106.154814,34.988908],[-106.154673,34.989091],[-106.154379,34.989294],[-106.154132,34.9894],[-106.153885,34.989371]]]}},{"type":"Feature","properties":{"natural":"wood"},"geometry":{"type":"Polygon","coordinates":[[[-106.152237,34.990248],[-106.152308,34.989911],[-106.152461,34.989737],[-106.152837,34.989834],[-106.153014,34.989949],[-106.153779,34.989959],[-106.153943,34.990075],[-106.153837,34.990181],[-106.153237,34.990287],[-106.152602,34.990325],[-106.152237,34.990248]]]}},{"type":"Feature","properties":{"natural":"wood"},"geometry":{"type":"Polygon","coordinates":[[[-106.144929,34.999811],[-106.145212,34.999474],[-106.145377,34.999136],[-106.145753,34.998982],[-106.146012,34.99904],[-106.146153,34.999127],[-106.145953,34.999271],[-106.145965,34.999609],[-106.146165,34.999657],[-106.146071,34.999782],[-106.145482,34.999869],[-106.145153,34.999879],[-106.144929,34.999811]]]}},{"type":"Feature","properties":{"natural":"wood"},"geometry":{"type":"Polygon","coordinates":[[[-106.145368,34.997651],[-106.145278,34.997485],[-106.14579,34.997345],[-106.145945,34.997172],[-106.146701,34.997072],[-106.147652,34.996905],[-106.148124,34.996925],[-106.148165,34.997072],[-106.147978,34.997238],[-106.147864,34.997405],[-106.147628,34.997478],[-106.147343,34.997591],[-106.147238,34.997745],[-106.147026,34.997825],[-106.146758,34.997825],[-106.146669,34.998051],[-106.146408,34.998084],[-106.146286,34.997805],[-106.146197,34.997685],[-106.145831,34.997691],[-106.145368,34.997651]]]}},{"type":"Feature","properties":{"natural":"wood"},"geometry":{"type":"Polygon","coordinates":[[[-106.150129,35.003157],[-106.14967,35.002906],[-106.149882,35.002559],[-106.149941,35.002144],[-106.150494,35.002077],[-106.150529,35.001952],[-106.150235,35.001759],[-106.150082,35.001238],[-106.150246,35.000939],[-106.150341,35.000718],[-106.150258,35.000062],[-106.150258,34.999735],[-106.150623,34.999667],[-106.150788,34.999426],[-106.150788,34.998925],[-106.150682,34.998385],[-106.150647,34.997893],[-106.150352,34.997691],[-106.150246,34.997334],[-106.150211,34.996968],[-106.150505,34.997035],[-106.150682,34.997238],[-106.150964,34.997363],[-106.151212,34.997585],[-106.151011,34.997816],[-106.151164,34.998028],[-106.151353,34.99824],[-106.151435,34.998684],[-106.151235,34.998819],[-106.151106,34.998983],[-106.151376,34.999089],[-106.151494,34.999349],[-106.151459,34.999551],[-106.151317,34.999667],[-106.151282,34.999985],[-106.151011,35.00013],[-106.150976,35.000486],[-106.151011,35.000862],[-106.150764,35.001113],[-106.150941,35.002077],[-106.150941,35.002569],[-106.150847,35.002858],[-106.150435,35.003195],[-106.150129,35.003157]]]}},{"type":"Feature","properties":{"natural":"wood"},"geometry":{"type":"Polygon","coordinates":[[[-106.14349,34.988644],[-106.143266,34.98822],[-106.143031,34.988085],[-106.143384,34.98767],[-106.143596,34.987304],[-106.143654,34.987102],[-106.144055,34.987246],[-106.144313,34.986995],[-106.144678,34.986745],[-106.145655,34.986591],[-106.145973,34.986851],[-106.147008,34.986764],[-106.147302,34.986523],[-106.147738,34.98633],[-106.147808,34.985935],[-106.148209,34.9858],[-106.148409,34.985569],[-106.148844,34.985627],[-106.148962,34.986089],[-106.149244,34.986301],[-106.150021,34.986186],[-106.15055,34.986533],[-106.150774,34.986822],[-106.150892,34.987487],[-106.150915,34.987757],[-106.150456,34.987719],[-106.150186,34.987632],[-106.149785,34.987863],[-106.149538,34.988143],[-106.148585,34.988268],[-106.148491,34.988471],[-106.148103,34.988268],[-106.148115,34.988085],[-106.148585,34.987844],[-106.148644,34.987555],[-106.148314,34.987439],[-106.148126,34.987719],[-106.146961,34.987815],[-106.146432,34.987892],[-106.146267,34.988104],[-106.145467,34.98822],[-106.14529,34.9885],[-106.144937,34.988249],[-106.144666,34.988509],[-106.144208,34.988673],[-106.14349,34.988644]]]}},{"type":"Feature","properties":{"natural":"wood"},"geometry":{"type":"Polygon","coordinates":[[[-106.139979,35.002393],[-106.140215,35.001969],[-106.140156,35.001082],[-106.141156,35.000909],[-106.141415,35.001111],[-106.141686,35.001381],[-106.141992,35.001497],[-106.142086,35.001584],[-106.141815,35.001873],[-106.141486,35.002008],[-106.141144,35.001979],[-106.141086,35.001613],[-106.140862,35.001661],[-106.140827,35.002336],[-106.140838,35.002596],[-106.140368,35.00276],[-106.140203,35.002509],[-106.139979,35.002393]]]}},{"type":"Feature","properties":{"natural":"wood"},"geometry":{"type":"Polygon","coordinates":[[[-106.142451,35.002287],[-106.142192,35.002114],[-106.142192,35.001786],[-106.142462,35.00169],[-106.142674,35.001738],[-106.142898,35.001892],[-106.143074,35.001979],[-106.143145,35.002123],[-106.142639,35.002297],[-106.142451,35.002287]]]}},{"type":"Feature","properties":{"natural":"wood"},"geometry":{"type":"Polygon","coordinates":[[[-106.145334,35.002692],[-106.14511,35.002056],[-106.144898,35.001931],[-106.145039,35.001651],[-106.145369,35.001439],[-106.145675,35.002046],[-106.145863,35.002066],[-106.145734,35.002268],[-106.145581,35.002393],[-106.145581,35.002731],[-106.145475,35.002846],[-106.145334,35.002692]]]}},{"type":"Feature","properties":{"natural":"water"},"geometry":{"type":"Polygon","coordinates":[[[-106.189113,35.062331],[-106.188839,35.062229],[-106.188809,35.06231],[-106.189052,35.062387],[-106.189113,35.062331]]]}},{"type":"Feature","properties":{"natural":"water"},"geometry":{"type":"Polygon","coordinates":[[[-107.002946,35.160416],[-107.002802,35.160456],[-107.002561,35.160492],[-107.002481,35.160669],[-107.002413,35.160697],[-107.002238,35.160669],[-107.002209,35.160652],[-107.002177,35.160599],[-107.002192,35.160477],[-107.002183,35.160418],[-107.002201,35.160392],[-107.002279,35.160384],[-107.002805,35.160427],[-107.002946,35.160416]]]}},{"type":"Feature","properties":{"natural":"water"},"geometry":{"type":"Polygon","coordinates":[[[-106.960665,35.160224],[-106.960735,35.160278],[-106.96072,35.160369],[-106.960754,35.160417],[-106.960699,35.160432],[-106.960562,35.160564],[-106.96044,35.160537],[-106.960089,35.160371],[-106.960074,35.160329],[-106.960081,35.160287],[-106.960203,35.160125],[-106.960297,35.160068],[-106.960324,35.160066],[-106.960665,35.160224]]]}},{"type":"Feature","properties":{"natural":"water"},"geometry":{"type":"Polygon","coordinates":[[[-107.010068,35.16229],[-107.010181,35.162361],[-107.01011,35.162376],[-107.010065,35.162403],[-107.009992,35.162412],[-107.009924,35.162537],[-107.009902,35.16263],[-107.009851,35.162712],[-107.009797,35.162729],[-107.009743,35.162728],[-107.009722,35.162713],[-107.009726,35.16259],[-107.009676,35.162272],[-107.009688,35.162187],[-107.009966,35.162165],[-107.010068,35.16229]]]}},{"type":"Feature","properties":{"natural":"water"},"geometry":{"type":"Polygon","coordinates":[[[-106.95158,35.181412],[-106.952018,35.18183],[-106.951444,35.183425],[-106.950661,35.184108],[-106.950421,35.183605],[-106.950045,35.183425],[-106.949461,35.183715],[-106.949221,35.183468],[-106.948887,35.183511],[-106.948741,35.183186],[-106.948981,35.182726],[-106.948908,35.18241],[-106.949252,35.181958],[-106.94993,35.181804],[-106.950515,35.181523],[-106.95158,35.181412]]]}},{"type":"Feature","properties":{"natural":"water"},"geometry":{"type":"Polygon","coordinates":[[[-107.029407,35.132449],[-107.029935,35.13267],[-107.030233,35.132288],[-107.029677,35.132024],[-107.029407,35.132449]]]}},{"type":"Feature","properties":{"natural":"water"},"geometry":{"type":"Polygon","coordinates":[[[-107.024901,35.143282],[-107.024973,35.142872],[-107.02445,35.142705],[-107.024226,35.143103],[-107.024292,35.143178],[-107.024624,35.143303],[-107.024901,35.143282]]]}},{"type":"Feature","properties":{"natural":"water"},"geometry":{"type":"Polygon","coordinates":[[[-107.042553,35.126064],[-107.042603,35.125968],[-107.042548,35.125752],[-107.042483,35.125726],[-107.042254,35.125807],[-107.042174,35.125862],[-107.04214,35.125967],[-107.042136,35.126035],[-107.042346,35.126144],[-107.042553,35.126064]]]}},{"type":"Feature","properties":{"natural":"water"},"geometry":{"type":"Polygon","coordinates":[[[-106.940597,35.177892],[-106.940666,35.177936],[-106.940697,35.178006],[-106.940739,35.178191],[-106.940727,35.178233],[-106.94069,35.178261],[-106.940494,35.178273],[-106.940374,35.178207],[-106.94028,35.178113],[-106.940241,35.17796],[-106.940256,35.177922],[-106.94032,35.177858],[-106.940415,35.177828],[-106.940467,35.177824],[-106.940597,35.177892]]]}},{"type":"Feature","properties":{"leisure":"park","name":"Country Hills Park"},"geometry":{"type":"Polygon","coordinates":[[[-106.731311,35.192938],[-106.731419,35.192449],[-106.73081,35.192273],[-106.730576,35.192142],[-106.730354,35.191976],[-106.730014,35.192266],[-106.729633,35.192386],[-106.729718,35.192769],[-106.730221,35.19278],[-106.730659,35.192822],[-106.731311,35.192938]]]}},{"type":"Feature","properties":{"leisure":"park","name":"Calle De Vida Park"},"geometry":{"type":"Polygon","coordinates":[[[-106.723961,35.201317],[-106.723574,35.201877],[-106.72418,35.202131],[-106.724861,35.20213],[-106.725108,35.201895],[-106.724631,35.201533],[-106.72447,35.201698],[-106.724363,35.201715],[-106.72427,35.201688],[-106.724238,35.201623],[-106.724221,35.201536],[-106.723961,35.201317]]]}},{"type":"Feature","properties":{"leisure":"park","name":"Ventana West Park"},"geometry":{"type":"Polygon","coordinates":[[[-106.751566,35.198447],[-106.751376,35.198301],[-106.751226,35.198143],[-106.751125,35.197913],[-106.750643,35.198052],[-106.749859,35.198378],[-106.74972,35.198602],[-106.749601,35.198676],[-106.749287,35.198661],[-106.748817,35.198896],[-106.748953,35.19908],[-106.748947,35.199255],[-106.749253,35.199238],[-106.749478,35.199466],[-106.750229,35.199115],[-106.750991,35.198686],[-106.751407,35.198603],[-106.751566,35.198447]]]}},{"type":"Feature","properties":{"leisure":"park","name":"Tuscorora Park"},"geometry":{"type":"Polygon","coordinates":[[[-106.7553,35.196325],[-106.755307,35.196272],[-106.7549,35.195777],[-106.754825,35.195767],[-106.754166,35.196154],[-106.753841,35.196393],[-106.754167,35.196714],[-106.754171,35.197006],[-106.754286,35.196981],[-106.7553,35.196325]]]}},{"type":"Feature","properties":{"leisure":"park","name":"Briar Ridge Park"},"geometry":{"type":"Polygon","coordinates":[[[-106.742185,35.192575],[-106.742146,35.192562],[-106.742106,35.192516],[-106.741998,35.192269],[-106.741862,35.192031],[-106.74173,35.19186],[-106.74229,35.191514],[-106.742698,35.191365],[-106.742985,35.191322],[-106.743295,35.191322],[-106.743306,35.191361],[-106.743304,35.191774],[-106.742833,35.19177],[-106.742756,35.191789],[-106.742645,35.191849],[-106.742588,35.191927],[-106.742565,35.192033],[-106.742638,35.192441],[-106.742623,35.192478],[-106.742588,35.192508],[-106.742185,35.192575]]]}},{"type":"Feature","properties":{"leisure":"park","name":"Piñon Pointe Park"},"geometry":{"type":"Polygon","coordinates":[[[-106.742788,35.200465],[-106.742794,35.199904],[-106.742494,35.199887],[-106.742005,35.199684],[-106.741399,35.200281],[-106.741121,35.200465],[-106.741308,35.200815],[-106.741876,35.200517],[-106.742788,35.200465]]]}},{"type":"Feature","properties":{"leisure":"park","name":"Country Meadows Park"},"geometry":{"type":"Polygon","coordinates":[[[-106.72784,35.196622],[-106.72832,35.196621],[-106.728804,35.196746],[-106.729436,35.194969],[-106.728997,35.19485],[-106.728673,35.194797],[-106.727863,35.194796],[-106.72784,35.196622]]]}},{"type":"Feature","properties":{"leisure":"park","name":"Ventana Ranch Park"},"geometry":{"type":"Polygon","coordinates":[[[-106.727416,35.196623],[-106.727414,35.19367],[-106.727368,35.193671],[-106.724641,35.194445],[-106.722847,35.194453],[-106.722767,35.194391],[-106.722676,35.194403],[-106.722631,35.194439],[-106.722612,35.19451],[-106.722662,35.194565],[-106.722663,35.194672],[-106.72271,35.194707],[-106.72267,35.196364],[-106.722675,35.197184],[-106.72293,35.197075],[-106.723809,35.196821],[-106.724632,35.196611],[-106.725063,35.196525],[-106.725627,35.196471],[-106.726153,35.19655],[-106.726839,35.196623],[-106.727416,35.196623]]]}},{"type":"Feature","properties":{"leisure":"park","name":"Terrazas Park"},"geometry":{"type":"Polygon","coordinates":[[[-106.734699,35.198229],[-106.734516,35.197983],[-106.734495,35.197712],[-106.734516,35.197405],[-106.733508,35.197536],[-106.733862,35.198167],[-106.734162,35.19858],[-106.734699,35.198229]]]}},{"type":"Feature","properties":{"leisure":"park","name":"Seville Park"},"geometry":{"type":"Polygon","coordinates":[[[-106.723348,35.205345],[-106.722991,35.204997],[-106.72287,35.204953],[-106.722769,35.204984],[-106.722071,35.205401],[-106.721956,35.205399],[-106.721687,35.205512],[-106.721467,35.205431],[-106.72139,35.205425],[-106.721289,35.205329],[-106.720983,35.20527],[-106.720453,35.205272],[-106.720404,35.205313],[-106.720422,35.206186],[-106.722449,35.206195],[-106.722436,35.205884],[-106.723002,35.205894],[-106.723364,35.205413],[-106.723348,35.205345]]]}},{"type":"Feature","properties":{"leisure":"park","name":"Hailey Ratliff Trails Park"},"geometry":{"type":"Polygon","coordinates":[[[-106.740295,35.184521],[-106.740241,35.184584],[-106.739238,35.184221],[-106.739078,35.184513],[-106.738312,35.184245],[-106.738495,35.183766],[-106.738563,35.183484],[-106.738605,35.183075],[-106.738561,35.182527],[-106.738391,35.182],[-106.738262,35.181728],[-106.738594,35.181589],[-106.740295,35.184521]]]}},{"type":"Feature","properties":{"leisure":"park","name":"Parkway Park"},"geometry":{"type":"Polygon","coordinates":[[[-106.736952,35.096865],[-106.736931,35.097089],[-106.73688,35.097308],[-106.736778,35.097594],[-106.736568,35.097941],[-106.736069,35.097713],[-106.735221,35.097137],[-106.735084,35.09699],[-106.734969,35.096774],[-106.734939,35.096663],[-106.73493,35.096256],[-106.735372,35.09643],[-106.73537,35.096856],[-106.736952,35.096865]]]}},{"type":"Feature","properties":{"leisure":"park","name":"Sundoro South Park"},"geometry":{"type":"Polygon","coordinates":[[[-106.745503,35.091295],[-106.745439,35.091102],[-106.745246,35.090918],[-106.745002,35.090852],[-106.743626,35.090833],[-106.743633,35.091353],[-106.74418,35.091704],[-106.744287,35.091941],[-106.744667,35.091857],[-106.744602,35.09162],[-106.745503,35.091295]]]}},{"type":"Feature","properties":{"leisure":"park","name":"Parkwest Park"},"geometry":{"type":"Polygon","coordinates":[[[-106.735259,35.112541],[-106.734922,35.112398],[-106.734599,35.112318],[-106.734254,35.112285],[-106.733796,35.112277],[-106.73373,35.112564],[-106.733726,35.112925],[-106.733742,35.11308],[-106.734795,35.113192],[-106.735259,35.112541]]]}},{"type":"Feature","properties":{"leisure":"park","name":"Paradise Hills Park"},"geometry":{"type":"Polygon","coordinates":[[[-106.712416,35.196204],[-106.711847,35.194954],[-106.710044,35.195445],[-106.710688,35.196966],[-106.712416,35.196204]]]}},{"type":"Feature","properties":{"leisure":"park","name":"Paradise Skies Park"},"geometry":{"type":"Polygon","coordinates":[[[-106.710533,35.209803],[-106.710682,35.209192],[-106.710638,35.209133],[-106.710637,35.209045],[-106.710729,35.208962],[-106.708762,35.208598],[-106.708764,35.209748],[-106.710146,35.209751],[-106.710533,35.209803]]]}},{"type":"Feature","properties":{"leisure":"park"},"geometry":{"type":"Polygon","coordinates":[[[-106.734157,35.1812],[-106.734089,35.181312],[-106.734088,35.181662],[-106.733612,35.181689],[-106.733055,35.181756],[-106.732208,35.181893],[-106.732195,35.18184],[-106.732457,35.181799],[-106.732469,35.181634],[-106.732454,35.181534],[-106.732352,35.181282],[-106.732579,35.181192],[-106.732834,35.181125],[-106.733077,35.181087],[-106.733323,35.181071],[-106.733564,35.181077],[-106.73382,35.181114],[-106.734157,35.1812]]]}},{"type":"Feature","properties":{"leisure":"park"},"geometry":{"type":"Polygon","coordinates":[[[-106.733948,35.184232],[-106.733816,35.184089],[-106.733751,35.183968],[-106.73368,35.183548],[-106.732331,35.18376],[-106.732396,35.184077],[-106.732042,35.18411],[-106.732125,35.184158],[-106.732154,35.184215],[-106.732468,35.18418],[-106.732497,35.184328],[-106.732485,35.184422],[-106.733395,35.184431],[-106.733428,35.18423],[-106.733948,35.184232]]]}},{"type":"Feature","properties":{"leisure":"park","name":"Santa Fe Village Park"},"geometry":{"type":"Polygon","coordinates":[[[-106.71866,35.15146],[-106.717521,35.149745],[-106.716889,35.150028],[-106.716282,35.149113],[-106.716257,35.149037],[-106.716271,35.148951],[-106.716356,35.148853],[-106.716807,35.14864],[-106.71648,35.148197],[-106.716244,35.148021],[-106.716073,35.147952],[-106.715917,35.147911],[-106.715753,35.147894],[-106.715605,35.147902],[-106.715441,35.147935],[-106.714841,35.148183],[-106.714818,35.148204],[-106.714813,35.148283],[-106.714799,35.148292],[-106.717383,35.152074],[-106.71866,35.15146]]]}},{"type":"Feature","properties":{"leisure":"park","name":"East Atrisco Kimbar Park"},"geometry":{"type":"Polygon","coordinates":[[[-106.713437,35.109385],[-106.713424,35.108359],[-106.712716,35.108351],[-106.712726,35.109385],[-106.713437,35.109385]]]}},{"type":"Feature","properties":{"leisure":"park","name":"Laurelwood Park"},"geometry":{"type":"Polygon","coordinates":[[[-106.721261,35.101337],[-106.721267,35.100565],[-106.719014,35.100547],[-106.718885,35.100661],[-106.71888,35.1011],[-106.720071,35.1011],[-106.720067,35.101408],[-106.720403,35.101403],[-106.72065,35.1015],[-106.720666,35.101324],[-106.721261,35.101337]]]}},{"type":"Feature","properties":{"leisure":"park","name":"East Atrisco Park"},"geometry":{"type":"Polygon","coordinates":[[[-106.715026,35.102274],[-106.715035,35.103383],[-106.714883,35.103505],[-106.71484,35.103663],[-106.714722,35.103558],[-106.712877,35.103523],[-106.712611,35.103392],[-106.715026,35.102274]]]}},{"type":"Feature","properties":{"leisure":"park","name":"Presidio Park"},"geometry":{"type":"Polygon","coordinates":[[[-106.717188,35.130454],[-106.717187,35.129943],[-106.71616,35.129944],[-106.71616,35.130452],[-106.717188,35.130454]]]}},{"type":"Feature","properties":{"leisure":"park","name":"Rinconada Point Park"},"geometry":{"type":"Polygon","coordinates":[[[-106.72332,35.118313],[-106.723463,35.119724],[-106.723761,35.119702],[-106.723756,35.119613],[-106.724048,35.119595],[-106.724059,35.119689],[-106.725107,35.119621],[-106.725228,35.119476],[-106.725317,35.119395],[-106.725743,35.119128],[-106.725701,35.119047],[-106.725253,35.118784],[-106.725107,35.118603],[-106.725027,35.118474],[-106.724806,35.117782],[-106.72332,35.118313]]]}},{"type":"Feature","properties":{"boundary":"protected_area","leisure":"nature_reserve","name":"Paseo de la Mesa Open Space"},"geometry":{"type":"Polygon","coordinates":[[[-106.750653,35.159878],[-106.727792,35.159938],[-106.727866,35.146943],[-106.7282,35.146981],[-106.72911,35.146932],[-106.729111,35.14542],[-106.767468,35.145367],[-106.780676,35.145442],[-106.780636,35.125167],[-106.785359,35.125195],[-106.785618,35.179832],[-106.758585,35.17981],[-106.758603,35.166238],[-106.754393,35.166213],[-106.75414,35.16659],[-106.754049,35.167003],[-106.750806,35.167019],[-106.750653,35.159878]]]}},{"type":"Feature","properties":{"leisure":"park"},"geometry":{"type":"Polygon","coordinates":[[[-106.746771,35.106697],[-106.746543,35.106165],[-106.746401,35.106024],[-106.746184,35.105942],[-106.746058,35.105922],[-106.745978,35.106151],[-106.745928,35.106356],[-106.745909,35.106527],[-106.745981,35.106699],[-106.746161,35.106964],[-106.746771,35.106697]]]}},{"type":"Feature","properties":{"natural":"water"},"geometry":{"type":"Polygon","coordinates":[[[-106.71189,35.124001],[-106.711995,35.123991],[-106.712053,35.123944],[-106.712152,35.123712],[-106.712177,35.123602],[-106.712132,35.123503],[-106.712046,35.12342],[-106.712011,35.123349],[-106.712024,35.123258],[-106.712081,35.123146],[-106.712072,35.123055],[-106.712008,35.123026],[-106.711893,35.123052],[-106.711814,35.12305],[-106.711782,35.123008],[-106.711753,35.122828],[-106.711543,35.122724],[-106.711281,35.122562],[-106.711183,35.122575],[-106.711132,35.122627],[-106.7111,35.1227],[-106.711112,35.122807],[-106.711173,35.122867],[-106.711466,35.122951],[-106.711559,35.122995],[-106.711692,35.123255],[-106.711632,35.123488],[-106.71168,35.123579],[-106.711791,35.123727],[-106.711782,35.123863],[-106.711814,35.12397],[-106.71189,35.124001]]]}},{"type":"Feature","properties":{"natural":"water"},"geometry":{"type":"Polygon","coordinates":[[[-106.712252,35.122814],[-106.712316,35.122855],[-106.712517,35.122886],[-106.712535,35.122838],[-106.712546,35.122709],[-106.712615,35.122637],[-106.712791,35.122543],[-106.712839,35.122478],[-106.712837,35.122399],[-106.712794,35.122375],[-106.712879,35.122247],[-106.712871,35.122185],[-106.712773,35.122164],[-106.712594,35.122312],[-106.71241,35.122273],[-106.712332,35.122301],[-106.712308,35.122349],[-106.712399,35.122495],[-106.712386,35.122587],[-106.712247,35.122703],[-106.712223,35.122768],[-106.712252,35.122814]]]}},{"type":"Feature","properties":{"natural":"water"},"geometry":{"type":"Polygon","coordinates":[[[-106.71212,35.125512],[-106.712125,35.125579],[-106.712216,35.125629],[-106.71234,35.12562],[-106.712439,35.125554],[-106.712631,35.125228],[-106.712596,35.125094],[-106.712556,35.125011],[-106.712491,35.124932],[-106.712373,35.124952],[-106.712366,35.125053],[-106.712296,35.125146],[-106.712214,35.125349],[-106.712153,35.12543],[-106.71212,35.125512]]]}},{"type":"Feature","properties":{"natural":"water"},"geometry":{"type":"Polygon","coordinates":[[[-106.710505,35.121767],[-106.710486,35.121855],[-106.710525,35.121939],[-106.710667,35.12198],[-106.710785,35.121963],[-106.710812,35.121919],[-106.710782,35.121799],[-106.710829,35.121735],[-106.711108,35.121715],[-106.711194,35.121665],[-106.711221,35.121606],[-106.71119,35.12154],[-106.711133,35.12151],[-106.711042,35.121512],[-106.710893,35.121554],[-106.710809,35.121556],[-106.710635,35.12144],[-106.710535,35.121406],[-106.710444,35.121414],[-106.710407,35.121452],[-106.710392,35.121508],[-106.710468,35.121604],[-106.71051,35.121697],[-106.710505,35.121767]]]}},{"type":"Feature","properties":{"leisure":"park"},"geometry":{"type":"Polygon","coordinates":[[[-106.745278,35.099969],[-106.745469,35.099778],[-106.745579,35.099592],[-106.745532,35.099455],[-106.745533,35.099401],[-106.745576,35.099336],[-106.745634,35.099291],[-106.745754,35.099254],[-106.745878,35.099067],[-106.745544,35.098897],[-106.74485,35.09961],[-106.745278,35.099969]]]}},{"type":"Feature","properties":{"natural":"water"},"geometry":{"type":"Polygon","coordinates":[[[-106.71064,35.122892],[-106.710705,35.122726],[-106.710705,35.122692],[-106.710656,35.122626],[-106.710613,35.122611],[-106.710463,35.122636],[-106.710304,35.122614],[-106.710194,35.122572],[-106.71015,35.12257],[-106.710067,35.122625],[-106.710031,35.12276],[-106.710028,35.122841],[-106.710056,35.122875],[-106.710166,35.122923],[-106.710294,35.123073],[-106.710323,35.123089],[-106.710432,35.123087],[-106.710527,35.122936],[-106.71064,35.122892]]]}},{"type":"Feature","properties":{"leisure":"park"},"geometry":{"type":"Polygon","coordinates":[[[-106.74175,35.096016],[-106.741584,35.095878],[-106.741473,35.095751],[-106.741186,35.09587],[-106.74087,35.096076],[-106.741059,35.096171],[-106.741312,35.096222],[-106.741522,35.096294],[-106.74175,35.096016]]]}},{"type":"Feature","properties":{"leisure":"park","name":"Petroglyph Estates Park"},"geometry":{"type":"Polygon","coordinates":[[[-106.720581,35.16487],[-106.720967,35.165078],[-106.720288,35.165878],[-106.719908,35.166196],[-106.71962,35.166264],[-106.719517,35.166241],[-106.719535,35.165998],[-106.719485,35.16572],[-106.719418,35.165529],[-106.719945,35.165329],[-106.720317,35.165124],[-106.720581,35.16487]]]}},{"type":"Feature","properties":{"leisure":"park"},"geometry":{"type":"Polygon","coordinates":[[[-106.753222,35.201408],[-106.753183,35.20107],[-106.753158,35.200975],[-106.752847,35.201113],[-106.752923,35.201239],[-106.753033,35.201361],[-106.753155,35.201409],[-106.753222,35.201408]]]}},{"type":"Feature","properties":{"leisure":"park"},"geometry":{"type":"Polygon","coordinates":[[[-106.73259,35.16321],[-106.732592,35.16424],[-106.732568,35.164274],[-106.731944,35.164281],[-106.731873,35.164265],[-106.731873,35.163737],[-106.732079,35.163733],[-106.732082,35.163456],[-106.732165,35.163456],[-106.732173,35.163214],[-106.73259,35.16321]]]}},{"type":"Feature","properties":{"leisure":"park","name":"Universe Sports Park"},"geometry":{"type":"Polygon","coordinates":[[[-106.73298,35.208261],[-106.732796,35.208261],[-106.732795,35.207938],[-106.733169,35.207938],[-106.733169,35.207792],[-106.734123,35.207791],[-106.734123,35.207517],[-106.735069,35.207516],[-106.735069,35.207248],[-106.736025,35.207248],[-106.736026,35.208396],[-106.735072,35.208397],[-106.735072,35.208669],[-106.734132,35.20867],[-106.734132,35.208947],[-106.733176,35.208948],[-106.733176,35.208545],[-106.73298,35.208545],[-106.73298,35.208261]]]}},{"type":"Feature","properties":{"leisure":"park"},"geometry":{"type":"Polygon","coordinates":[[[-106.740227,35.109007],[-106.740152,35.108821],[-106.740061,35.1083],[-106.741003,35.10844],[-106.740888,35.108483],[-106.740849,35.10852],[-106.740821,35.108573],[-106.74085,35.108727],[-106.74081,35.108774],[-106.740524,35.108904],[-106.740227,35.109007]]]}},{"type":"Feature","properties":{"name":"Boca Negra Dam","natural":"water"},"geometry":{"type":"Polygon","coordinates":[[[-106.728072,35.168009],[-106.72791,35.168034],[-106.727751,35.167995],[-106.727254,35.167767],[-106.727241,35.167741],[-106.727237,35.16769],[-106.7274,35.16742],[-106.727505,35.167193],[-106.727549,35.16689],[-106.727546,35.166838],[-106.727523,35.166799],[-106.727481,35.16677],[-106.727364,35.166723],[-106.727231,35.1667],[-106.727016,35.166695],[-106.726802,35.166728],[-106.726734,35.166795],[-106.726723,35.166847],[-106.726736,35.167358],[-106.72671,35.16739],[-106.72664,35.167418],[-106.726576,35.167405],[-106.726158,35.167206],[-106.725948,35.167089],[-106.725889,35.167009],[-106.725874,35.166935],[-106.725896,35.166837],[-106.726166,35.166379],[-106.726178,35.166305],[-106.726162,35.166196],[-106.726181,35.166111],[-106.726766,35.165146],[-106.726816,35.165084],[-106.726971,35.164999],[-106.72704,35.164943],[-106.727289,35.164557],[-106.727406,35.164509],[-106.727544,35.164485],[-106.72769,35.164509],[-106.727753,35.164563],[-106.728984,35.166483],[-106.729055,35.166723],[-106.729043,35.166922],[-106.729052,35.167108],[-106.729094,35.167231],[-106.729246,35.167488],[-106.729237,35.167505],[-106.728072,35.168009]]]}},{"type":"Feature","properties":{"name":"Las Ventanas Dam","natural":"water"},"geometry":{"type":"Polygon","coordinates":[[[-106.722522,35.197216],[-106.721783,35.197699],[-106.721192,35.19811],[-106.720616,35.198122],[-106.719847,35.197953],[-106.719862,35.197796],[-106.71995,35.197494],[-106.719891,35.197035],[-106.720128,35.196516],[-106.720394,35.196177],[-106.720438,35.19567],[-106.720172,35.195102],[-106.72014,35.194669],[-106.720387,35.194327],[-106.720714,35.194048],[-106.721401,35.193978],[-106.724169,35.19396],[-106.724609,35.193995],[-106.724936,35.194134],[-106.724371,35.194442],[-106.722853,35.19444],[-106.722748,35.194374],[-106.721824,35.194434],[-106.722296,35.195828],[-106.722568,35.196436],[-106.722622,35.196876],[-106.722522,35.197216]]]}},{"type":"Feature","properties":{"name":"Little Window Dam","natural":"water"},"geometry":{"type":"Polygon","coordinates":[[[-106.719353,35.200974],[-106.719087,35.200997],[-106.71854,35.20098],[-106.718372,35.200957],[-106.718266,35.200814],[-106.718281,35.200562],[-106.718238,35.200378],[-106.718435,35.200212],[-106.718624,35.200138],[-106.718785,35.200035],[-106.718898,35.200023],[-106.71908,35.200098],[-106.719416,35.200865],[-106.719353,35.200974]]]}},{"type":"Feature","properties":{"natural":"water"},"geometry":{"type":"Polygon","coordinates":[[[-106.71235,35.208526],[-106.710863,35.208825],[-106.707779,35.208135],[-106.706353,35.20806],[-106.704348,35.208284],[-106.702373,35.208068],[-106.703315,35.206767],[-106.703588,35.2068],[-106.704009,35.206824],[-106.704222,35.206753],[-106.704406,35.206616],[-106.704434,35.206375],[-106.704342,35.206255],[-106.70388,35.206095],[-106.703569,35.205913],[-106.70358,35.205811],[-106.703858,35.205672],[-106.704336,35.20553],[-106.705081,35.20531],[-106.706595,35.205488],[-106.708783,35.205231],[-106.710762,35.20519],[-106.713073,35.20489],[-106.712308,35.206408],[-106.712655,35.207573],[-106.713204,35.208076],[-106.71332,35.20832],[-106.71235,35.208526]]]}},{"type":"Feature","properties":{"name":"Ladera Dam 14","natural":"water"},"geometry":{"type":"Polygon","coordinates":[[[-106.719425,35.113032],[-106.719263,35.113165],[-106.717744,35.113202],[-106.717123,35.113165],[-106.716764,35.113025],[-106.71653,35.112856],[-106.716359,35.112628],[-106.71635,35.112473],[-106.716422,35.112356],[-106.718355,35.111275],[-106.71867,35.111238],[-106.719003,35.111399],[-106.719425,35.112356],[-106.719425,35.113032]]]}},{"type":"Feature","properties":{"name":"Ladera Dam 13","natural":"water"},"geometry":{"type":"Polygon","coordinates":[[[-106.728137,35.106839],[-106.727877,35.106758],[-106.727742,35.106626],[-106.727742,35.106383],[-106.72793,35.106067],[-106.728821,35.105464],[-106.729342,35.105383],[-106.729522,35.105427],[-106.729702,35.105655],[-106.729576,35.106067],[-106.729216,35.106479],[-106.729018,35.106648],[-106.728587,35.10681],[-106.728137,35.106839]]]}},{"type":"Feature","properties":{"name":"Ladera Dam 12","natural":"water"},"geometry":{"type":"Polygon","coordinates":[[[-106.735501,35.101793],[-106.733649,35.102926],[-106.73319,35.10323],[-106.733074,35.103432],[-106.733064,35.103791],[-106.733257,35.104072],[-106.733503,35.104182],[-106.73402,35.104182],[-106.734339,35.104056],[-106.734566,35.103554],[-106.734532,35.103301],[-106.734634,35.103072],[-106.735387,35.102677],[-106.736189,35.102183],[-106.736319,35.101981],[-106.736194,35.101811],[-106.735996,35.101689],[-106.735851,35.101622],[-106.735634,35.101661],[-106.735501,35.101793]]]}},{"type":"Feature","properties":{"name":"Ladera Dam 11","natural":"water"},"geometry":{"type":"Polygon","coordinates":[[[-106.738148,35.102131],[-106.737887,35.102177],[-106.737589,35.102147],[-106.73741,35.102008],[-106.737227,35.101761],[-106.737108,35.101345],[-106.737188,35.100923],[-106.73745,35.100689],[-106.737767,35.100637],[-106.738077,35.100754],[-106.738339,35.10102],[-106.73849,35.101501],[-106.738506,35.101754],[-106.738331,35.102021],[-106.738148,35.102131]]]}},{"type":"Feature","properties":{"name":"La Presa","natural":"water"},"geometry":{"type":"Polygon","coordinates":[[[-106.732598,35.097209],[-106.73246,35.097284],[-106.731929,35.097313],[-106.731699,35.097435],[-106.731491,35.097435],[-106.731215,35.097407],[-106.731019,35.097511],[-106.730684,35.097784],[-106.730408,35.098076],[-106.73035,35.098237],[-106.730246,35.098275],[-106.730235,35.098124],[-106.730258,35.097671],[-106.730339,35.097294],[-106.730342,35.09707],[-106.730516,35.096842],[-106.730783,35.096566],[-106.731091,35.096343],[-106.731421,35.096073],[-106.731828,35.095706],[-106.733539,35.093491],[-106.734086,35.0929],[-106.734254,35.093072],[-106.733974,35.093285],[-106.733448,35.094157],[-106.73269,35.095316],[-106.732613,35.095494],[-106.732598,35.097209]]]}},{"type":"Feature","properties":{"leisure":"park"},"geometry":{"type":"Polygon","coordinates":[[[-106.747621,35.105994],[-106.747791,35.106395],[-106.747869,35.106423],[-106.748064,35.106365],[-106.748133,35.106321],[-106.748165,35.106264],[-106.748176,35.106191],[-106.748119,35.106105],[-106.747997,35.106025],[-106.747846,35.105933],[-106.747769,35.105914],[-106.7477,35.105916],[-106.747646,35.105944],[-106.747621,35.105994]]]}},{"type":"Feature","properties":{"leisure":"park"},"geometry":{"type":"Polygon","coordinates":[[[-106.739722,35.101094],[-106.740833,35.102537],[-106.73977,35.103091],[-106.739201,35.102326],[-106.739007,35.101939],[-106.738856,35.101551],[-106.739722,35.101094]]]}},{"type":"Feature","properties":{"name":"Dam 5s","natural":"water"},"geometry":{"type":"Polygon","coordinates":[[[-106.761852,35.097042],[-106.76169,35.096957],[-106.761335,35.096867],[-106.76098,35.096867],[-106.760736,35.096794],[-106.760648,35.096667],[-106.760655,35.096407],[-106.7607,35.09628],[-106.76081,35.09625],[-106.761017,35.09625],[-106.761379,35.096196],[-106.761564,35.096129],[-106.76166,35.096002],[-106.761734,35.095863],[-106.761697,35.095724],[-106.761542,35.095494],[-106.761269,35.095186],[-106.760936,35.095174],[-106.760766,35.095137],[-106.760736,35.095029],[-106.760655,35.094575],[-106.760951,35.093837],[-106.760914,35.093396],[-106.760929,35.092924],[-106.761003,35.092816],[-106.761261,35.092791],[-106.761727,35.092797],[-106.761838,35.09287],[-106.761904,35.092949],[-106.761779,35.093215],[-106.761749,35.093426],[-106.761839,35.093639],[-106.761867,35.093862],[-106.761755,35.094126],[-106.761653,35.094557],[-106.761601,35.094944],[-106.761638,35.09524],[-106.761702,35.095453],[-106.761948,35.095748],[-106.761972,35.096311],[-106.76152,35.096528],[-106.761564,35.09671],[-106.761941,35.096988],[-106.761852,35.097042]]]}}],"attribution":"© OpenStreetMap contributors"}
