{
  "type": "FeatureCollection",
  "features": [
    {
      "type": "Feature",
      "properties": {
        "id": 357545690,
        "kind": "poi",
        "ele": "1161",
        "gnis:feature_id": "942724",
        "name": "Avalanche Mountain",
        "natural": "peak",
        "wikidata": "Q34802342"
      },
      "geometry": {
        "type": "Point",
        "coordinates": [
          -73.9695903,
          44.1361639
        ]
      }
    },
    {
      "type": "Feature",
      "properties": {
        "id": 357554607,
        "kind": "poi",
        "ele": "1436",
        "gnis:feature_id": "947091",
        "name": "Mount Colden",
        "natural": "peak",
        "wikidata": "Q6920203"
      },
      "geometry": {
        "type": "Point",
        "coordinates": [
          -73.9595242,
          44.1270357
        ]
      }
    },
    {
      "type": "Feature",
      "properties": {
        "id": 357569318,
        "kind": "poi",
        "ele": "1421",
        "gnis:feature_id": "955551",
        "name": "Little Haystack",
        "natural": "peak",
        "wikidata": "Q34826557"
      },
      "geometry": {
        "type": "Point",
        "coordinates": [
          -73.9005799,
          44.1105357
        ]
      }
    },
    {
      "type": "Feature",
      "properties": {
        "id": 357576773,
        "kind": "poi",
        "ele": "1268",
        "gnis:feature_id": "960289",
        "name": "Phelps Mountain",
        "natural": "peak",
        "wikidata": "Q7181274"
      },
      "geometry": {
        "type": "Point",
        "coordinates": [
          -73.9214754,
          44.1568609
        ]
      }
    },
    {
      "type": "Feature",
      "properties": {
        "id": 357588236,
        "kind": "poi",
        "ele": "1515",
        "gnis:feature_id": "964595",
        "name": "Schofield Cobble",
        "natural": "peak",
        "wikidata": "Q34904255"
      },
      "geometry": {
        "type": "Point",
        "coordinates": [
          -73.9265603,
          44.110502
        ]
      }
    },
    {
      "type": "Feature",
      "properties": {
        "id": 357592172,
        "kind": "poi",
        "ele": "1312",
        "gnis:feature_id": "966981",
        "name": "Table Top Mountain",
        "natural": "peak",
        "wikidata": "Q7673183"
      },
      "geometry": {
        "type": "Point",
        "coordinates": [
          -73.916052,
          44.140311
        ]
      }
    },
    {
      "type": "Feature",
      "properties": {
        "id": 357597986,
        "kind": "poi",
        "ele": "1389",
        "gnis:feature_id": "971754",
        "name": "Wright Peak",
        "natural": "peak",
        "wikidata": "Q8038240"
      },
      "geometry": {
        "type": "Point",
        "coordinates": [
          -73.9794899,
          44.1516339
        ]
      }
    },
    {
      "type": "Feature",
      "properties": {
        "id": 357598527,
        "kind": "poi",
        "ele": "1463",
        "gnis:feature_id": "973351",
        "name": "Gray Peak",
        "natural": "peak",
        "wikidata": "Q5598218"
      },
      "geometry": {
        "type": "Point",
        "coordinates": [
          -73.9360819,
          44.1112807
        ]
      }
    },
    {
      "type": "Feature",
      "properties": {
        "id": 357598534,
        "kind": "poi",
        "ele": "1498",
        "gnis:feature_id": "973353",
        "name": "Mount Haystack",
        "natural": "peak",
        "wikidata": "Q6921097"
      },
      "geometry": {
        "type": "Point",
        "coordinates": [
          -73.9004196,
          44.1057882
        ]
      }
    },
    {
      "type": "Feature",
      "properties": {
        "id": 357598543,
        "kind": "poi",
        "ele": "1438",
        "gnis:feature_id": "973356",
        "name": "Little Marcy",
        "natural": "peak",
        "wikidata": "Q34826686"
      },
      "geometry": {
        "type": "Point",
        "coordinates": [
          -73.9111184,
          44.1202096
        ]
      }
    },
    {
      "type": "Feature",
      "properties": {
        "id": 357598546,
        "kind": "poi",
        "description": "Highest Mountain in New York State",
        "ele": "1629",
        "gnis:feature_id": "973357",
        "highest_point": "4",
        "name": "Mount Marcy",
        "name:br": "Menez Marcy",
        "name:fr": "Mont Marcy",
        "name:ru": "Марси",
        "natural": "peak",
        "wikidata": "Q1858227",
        "wikipedia": "en:Mount Marcy"
      },
      "geometry": {
        "type": "Point",
        "coordinates": [
          -73.9236983,
          44.1127777
        ]
      }
    },
    {
      "type": "Feature",
      "properties": {
        "id": 357607487,
        "kind": "poi",
        "ele": "1165",
        "gnis:feature_id": "1849641",
        "name": "T R Mountain",
        "natural": "peak",
        "wikidata": "Q34811431"
      },
      "geometry": {
        "type": "Point",
        "coordinates": [
          -73.9353332,
          44.1440432
        ]
      }
    },
    {
      "type": "Feature",
      "properties": {
        "id": 3151231652,
        "kind": "poi",
        "ele": "1201",
        "gnis:feature_id": "946865",
        "name": "Cliff Mountain",
        "natural": "peak",
        "note": "Trail ends at summit with a signpost and no views on the wooded summit.",
        "wikidata": "Q5132708"
      },
      "geometry": {
        "type": "Point",
        "coordinates": [
          -73.9750872,
          44.103266
        ]
      }
    },
    {
      "type": "Feature",
      "properties": {
        "id": 3151273559,
        "kind": "poi",
        "amenity": "shelter",
        "name": "Uphill Lean-to",
        "shelter_type": "lean_to"
      },
      "geometry": {
        "type": "Point",
        "coordinates": [
          -73.9618201,
          44.1089937
        ]
      }
    },
    {
      "type": "Feature",
      "properties": {
        "id": 3151273560,
        "kind": "poi",
        "amenity": "shelter",
        "name": "Feldspar Lean-to",
        "note": "Not recommended if conditions are wet.",
        "shelter_type": "lean_to"
      },
      "geometry": {
        "type": "Point",
        "coordinates": [
          -73.9557156,
          44.1144287
        ]
      }
    },
    {
      "type": "Feature",
      "properties": {
        "id": 4223935238,
        "kind": "poi",
        "amenity": "shelter",
        "bin": "no",
        "name": "Kagel Lean-to",
        "shelter_type": "lean_to"
      },
      "geometry": {
        "type": "Point",
        "coordinates": [
          -73.9555974,
          44.1489033
        ]
      }
    },
    {
      "type": "Feature",
      "properties": {
        "id": 4223935258,
        "kind": "poi",
        "amenity": "shelter",
        "name": "Avalanche Camp Lean-to",
        "shelter_type": "lean_to"
      },
      "geometry": {
        "type": "Point",
        "coordinates": [
          -73.9555061,
          44.1448767
        ]
      }
    },
    {
      "type": "Feature",
      "properties": {
        "id": 4270912307,
        "kind": "poi",
        "amenity": "shelter",
        "name": "Slant Rock Lean-to",
        "shelter_type": "lean_to"
      },
      "geometry": {
        "type": "Point",
        "coordinates": [
          -73.9000332,
          44.1275511
        ]
      }
    },
    {
      "type": "Feature",
      "properties": {
        "id": 4319990176,
        "kind": "poi",
        "amenity": "shelter",
        "name": "Marcy Dam #2 Lean-to",
        "shelter_type": "lean_to"
      },
      "geometry": {
        "type": "Point",
        "coordinates": [
          -73.9510349,
          44.1579969
        ]
      }
    },
    {
      "type": "Feature",
      "properties": {
        "id": 4319990295,
        "kind": "poi",
        "amenity": "shelter",
        "name": "Ed Hudowalski Lean-to",
        "shelter_type": "lean_to"
      },
      "geometry": {
        "type": "Point",
        "coordinates": [
          -73.9543859,
          44.157322
        ]
      }
    },
    {
      "type": "Feature",
      "properties": {
        "id": 4319990337,
        "kind": "poi",
        "amenity": "shelter",
        "name": "Marcy Dam #5 Lean-to",
        "shelter_type": "lean_to"
      },
      "geometry": {
        "type": "Point",
        "coordinates": [
          -73.9523979,
          44.1586772
        ]
      }
    },
    {
      "type": "Feature",
      "properties": {
        "id": 8681659246,
        "kind": "poi",
        "name": "Table Top Mountain - Middle Peak",
        "natural": "peak"
      },
      "geometry": {
        "type": "Point",
        "coordinates": [
          -73.9074326,
          44.1434446
        ]
      }
    },
    {
      "type": "Feature",
      "properties": {
        "id": 11160843488,
        "kind": "poi",
        "amenity": "shelter",
        "lit": "no",
        "lockable": "no",
        "name": "Marcy Brook Lean-to",
        "operator": "NYSDEC",
        "shelter_type": "lean_to",
        "wheelchair": "no"
      },
      "geometry": {
        "type": "Point",
        "coordinates": [
          -73.9522931,
          44.1435983
        ]
      }
    },
    {
      "type": "Feature",
      "properties": {
        "id": 12052364298,
        "kind": "poi",
        "ele": "1253",
        "natural": "peak"
      },
      "geometry": {
        "type": "Point",
        "coordinates": [
          -73.9141033,
          44.1564883
        ]
      }
    },
    {
      "type": "Feature",
      "properties": {
        "id": 12052364302,
        "kind": "poi",
        "ele": "1285",
        "natural": "peak"
      },
      "geometry": {
        "type": "Point",
        "coordinates": [
          -73.906224,
          44.1494714
        ]
      }
    },
    {
      "type": "Feature",
      "properties": {
        "id": 20071183,
        "kind": "wild",
        "access": "no",
        "bicycle": "no",
        "foot": "designated",
        "highway": "path",
        "horse": "no",
        "name": "Avalanche Pass Trail",
        "operator": "NYSDEC",
        "sac_scale": "mountain_hiking",
        "source": "survey;2017 Strava Heatmap",
        "surface": "ground",
        "tiger:cfcc": "A51",
        "tiger:county": "Essex, NY"
      },
      "geometry": {
        "type": "LineString",
        "coordinates": [
          [
            -73.9546349,
            44.1403291
          ],
          [
            -73.9564204,
            44.1394217
          ],
          [
            -73.956995,
            44.139249
          ],
          [
            -73.9576811,
            44.1388038
          ],
          [
            -73.9599395,
            44.13782
          ],
          [
            -73.9612149,
            44.1370874
          ],
          [
            -73.9631879,
            44.1361226
          ],
          [
            -73.9645765,
            44.1354544
          ]
        ]
      }
    },
    {
      "type": "Feature",
      "properties": {
        "id": 32213340,
        "kind": "wild",
        "bicycle": "no",
        "foot": "designated",
        "highway": "path",
        "horse": "no",
        "name": "Van Hoevenberg Trail",
        "osmc:symbol": "blue",
        "sac_scale": "hiking",
        "ski": "designated",
        "surface": "ground",
        "trail_visibility": "excellent"
      },
      "geometry": {
        "type": "LineString",
        "coordinates": [
          [
            -73.9510442,
            44.1583415
          ],
          [
            -73.9503368,
            44.1578574
          ],
          [
            -73.9495727,
            44.1575907
          ],
          [
            -73.947358,
            44.15713
          ],
          [
            -73.9461156,
            44.1561247
          ],
          [
            -73.943494,
            44.154079
          ],
          [
            -73.940414,
            44.15295
          ],
          [
            -73.9353794,
            44.1515318
          ],
          [
            -73.9316202,
            44.1499659
          ],
          [
            -73.9313719,
            44.1498949
          ]
        ]
      }
    },
    {
      "type": "Feature",
      "properties": {
        "id": 60249955,
        "kind": "wild",
        "bicycle": "no",
        "foot": "designated",
        "highway": "path",
        "horse": "no",
        "name": "Algonquin Trail",
        "sac_scale": "mountain_hiking",
        "source": "survey;2017 Strava Heatmap",
        "surface": "ground",
        "tiger:cfcc": "A51",
        "tiger:county": "Essex, NY",
        "trail_visibility": "good"
      },
      "geometry": {
        "type": "LineString",
        "coordinates": [
          [
            -73.9795833,
            44.1259588
          ],
          [
            -73.979281,
            44.1278457
          ],
          [
            -73.9802147,
            44.1290667
          ],
          [
            -73.9791918,
            44.1307816
          ],
          [
            -73.9789242,
            44.1318795
          ],
          [
            -73.9799984,
            44.1328939
          ],
          [
            -73.9813086,
            44.1340761
          ],
          [
            -73.9826537,
            44.1349933
          ],
          [
            -73.983728,
            44.1356777
          ],
          [
            -73.9852052,
            44.1364241
          ],
          [
            -73.9853384,
            44.1373275
          ],
          [
            -73.9864937,
            44.1379383
          ],
          [
            -73.9879087,
            44.1390343
          ],
          [
            -73.9895146,
            44.1398605
          ],
          [
            -73.9902121,
            44.1402205
          ],
          [
            -73.9910338,
            44.1408712
          ],
          [
            -73.9911992,
            44.1414043
          ],
          [
            -73.9912398,
            44.1415963
          ]
        ]
      }
    },
    {
      "type": "Feature",
      "properties": {
        "id": 60249956,
        "kind": "wild",
        "bicycle": "no",
        "foot": "designated",
        "highway": "path",
        "horse": "no",
        "name": "Algonquin Trail",
        "piste:type": "nordic",
        "sac_scale": "mountain_hiking",
        "ski": "yes",
        "source": "survey;2017 Strava Heatmap",
        "surface": "ground",
        "trail_visibility": "good"
      },
      "geometry": {
        "type": "LineString",
        "coordinates": [
          [
            -73.9912398,
            44.1415963
          ],
          [
            -73.9909014,
            44.1419872
          ],
          [
            -73.9901446,
            44.1425253
          ],
          [
            -73.9894945,
            44.1430094
          ],
          [
            -73.9884038,
            44.1432176
          ],
          [
            -73.9875475,
            44.1433753
          ],
          [
            -73.9867835,
            44.1434545
          ],
          [
            -73.9865739,
            44.1440136
          ],
          [
            -73.9867837,
            44.1446951
          ],
          [
            -73.9866838,
            44.1454193
          ],
          [
            -73.9865974,
            44.1463219
          ],
          [
            -73.9865363,
            44.1469629
          ],
          [
            -73.9863333,
            44.1475973
          ],
          [
            -73.9853456,
            44.1482902
          ],
          [
            -73.9849789,
            44.149642
          ],
          [
            -73.9855093,
            44.1517375
          ],
          [
            -73.9860642,
            44.1531538
          ],
          [
            -73.9865438,
            44.1546873
          ],
          [
            -73.9856543,
            44.1560193
          ],
          [
            -73.9833276,
            44.1571127
          ],
          [
            -73.9816786,
            44.158631
          ],
          [
            -73.9799351,
            44.1594543
          ],
          [
            -73.9788981,
            44.1596216
          ],
          [
            -73.9767053,
            44.1615732
          ],
          [
            -73.975288,
            44.1625805
          ],
          [
            -73.9736328,
            44.1637807
          ],
          [
            -73.9722183,
            44.1643655
          ],
          [
            -73.9701172,
            44.1653858
          ],
          [
            -73.9680355,
            44.1662997
          ],
          [
            -73.9665297,
            44.1680934
          ],
          [
            -73.9663778,
            44.1682504
          ]
        ]
      }
    },
    {
      "type": "Feature",
      "properties": {
        "id": 69331953,
        "kind": "wild",
        "ele": "1308",
        "name": "Lake Tear of the Clouds",
        "natural": "water",
        "water": "lake",
        "wikidata": "Q6477999",
        "wikipedia": "en:Lake Tear of the Clouds"
      },
      "geometry": {
        "type": "Polygon",
        "coordinates": [
          [
            [
              -73.9365,
              44.1071366
            ],
            [
              -73.934424,
              44.1064722
            ],
            [
              -73.9347619,
              44.1068824
            ],
            [
              -73.9355344,
              44.1073061
            ],
            [
              -73.9365,
              44.1071366
            ]
          ]
        ]
      }
    },
    {
      "type": "Feature",
      "properties": {
        "id": 103322667,
        "kind": "wild",
        "bicycle": "no",
        "highway": "path",
        "horse": "no",
        "surface": "ground"
      },
      "geometry": {
        "type": "LineString",
        "coordinates": [
          [
            -73.9506936,
            44.1578564
          ],
          [
            -73.9506446,
            44.1577125
          ],
          [
            -73.9505285,
            44.1576298
          ],
          [
            -73.9505893,
            44.1575817
          ]
        ]
      }
    },
    {
      "type": "Feature",
      "properties": {
        "id": 103322668,
        "kind": "wild",
        "bicycle": "no",
        "highway": "path",
        "horse": "no",
        "motor_vehicle": "no",
        "surface": "ground"
      },
      "geometry": {
        "type": "LineString",
        "coordinates": [
          [
            -73.9510442,
            44.1583415
          ],
          [
            -73.9508227,
            44.1577166
          ]
        ]
      }
    },
    {
      "type": "Feature",
      "properties": {
        "id": 103323619,
        "kind": "wild",
        "name": "Marcy Brook",
        "source": "Bing",
        "waterway": "stream"
      },
      "geometry": {
        "type": "LineString",
        "coordinates": [
          [
            -73.9149039,
            44.1254608
          ],
          [
            -73.9171529,
            44.1248563
          ],
          [
            -73.9229481,
            44.1276278
          ],
          [
            -73.9234791,
            44.1287849
          ],
          [
            -73.9237162,
            44.1298604
          ],
          [
            -73.9244748,
            44.1318615
          ],
          [
            -73.9240007,
            44.1327735
          ],
          [
            -73.9233179,
            44.1333588
          ],
          [
            -73.923005,
            44.1338625
          ],
          [
            -73.9226636,
            44.1346724
          ],
          [
            -73.92328,
            44.1361561
          ],
          [
            -73.925518,
            44.1373403
          ],
          [
            -73.9264947,
            44.1381706
          ],
          [
            -73.9267171,
            44.1394128
          ],
          [
            -73.928206,
            44.1405262
          ],
          [
            -73.9289996,
            44.1404459
          ],
          [
            -73.9299652,
            44.1409113
          ],
          [
            -73.9318141,
            44.1423465
          ],
          [
            -73.9333145,
            44.1410491
          ],
          [
            -73.9358663,
            44.1402397
          ],
          [
            -73.9396292,
            44.1408175
          ],
          [
            -73.9420808,
            44.1413416
          ],
          [
            -73.9500955,
            44.1433025
          ],
          [
            -73.9530669,
            44.1444052
          ],
          [
            -73.9546988,
            44.1451475
          ],
          [
            -73.9554713,
            44.146745
          ],
          [
            -73.9561466,
            44.1491025
          ],
          [
            -73.955968,
            44.1503887
          ],
          [
            -73.9550284,
            44.1516759
          ],
          [
            -73.9537025,
            44.1538236
          ],
          [
            -73.9532263,
            44.1552493
          ],
          [
            -73.953117,
            44.1571111
          ],
          [
            -73.9520093,
            44.1580147
          ],
          [
            -73.951407,
            44.158325
          ],
          [
            -73.9520777,
            44.1600621
          ],
          [
            -73.9514772,
            44.1609358
          ],
          [
            -73.9507523,
            44.162521
          ],
          [
            -73.9500952,
            44.1642874
          ],
          [
            -73.9504688,
            44.1652043
          ],
          [
            -73.9499018,
            44.1674867
          ],
          [
            -73.9518896,
            44.1700287
          ],
          [
            -73.9526807,
            44.1721717
          ],
          [
            -73.9524254,
            44.1739262
          ],
          [
            -73.9530737,
            44.1750673
          ],
          [
            -73.953254,
            44.1769105
          ],
          [
            -73.9523595,
            44.1812979
          ],
          [
            -73.9509092,
            44.1835869
          ],
          [
            -73.9497401,
            44.1846035
          ],
          [
            -73.9499455,
            44.1857128
          ],
          [
            -73.9494192,
            44.1866549
          ],
          [
            -73.9479532,
            44.1877238
          ],
          [
            -73.9488591,
            44.1897613
          ],
          [
            -73.9482579,
            44.1900743
          ]
        ]
      }
    },
    {
      "type": "Feature",
      "properties": {
        "id": 103333471,
        "kind": "wild",
        "area": "yes",
        "name": "Marcy Dam",
        "note": "2015-11-10 Marcy Dam is scheduled to be removed in stages over the next few years.",
        "waterway": "dam",
        "wikipedia": "en:Marcy Dam"
      },
      "geometry": {
        "type": "Polygon",
        "coordinates": [
          [
            [
              -73.9513436,
              44.1587235
            ]
          ]
        ]
      }
    },
    {
      "type": "Feature",
      "properties": {
        "id": 103333478,
        "kind": "wild",
        "bicycle": "no",
        "foot": "yes",
        "highway": "path",
        "horse": "no",
        "ski": "designated",
        "surface": "ground"
      },
      "geometry": {
        "type": "LineString",
        "coordinates": [
          [
            -73.9518289,
            44.1588616
          ],
          [
            -73.9528936,
            44.1585706
          ],
          [
            -73.9528671,
            44.1580709
          ],
          [
            -73.9534451,
            44.1574796
          ],
          [
            -73.954353,
            44.1573285
          ]
        ]
      }
    },
    {
      "type": "Feature",
      "properties": {
        "id": 133633068,
        "kind": "wild",
        "name": "Opalescent River",
        "waterway": "stream"
      },
      "geometry": {
        "type": "LineString",
        "coordinates": [
          [
            -73.9209449,
            44.1211864
          ],
          [
            -73.9239597,
            44.1209091
          ],
          [
            -73.9281761,
            44.1216177
          ],
          [
            -73.9307832,
            44.1220105
          ],
          [
            -73.9345017,
            44.1226334
          ],
          [
            -73.9368996,
            44.1228106
          ],
          [
            -73.9386055,
            44.121559
          ],
          [
            -73.9403918,
            44.1209968
          ],
          [
            -73.9417866,
            44.1207003
          ],
          [
            -73.9440879,
            44.120785
          ],
          [
            -73.9461371,
            44.1201342
          ],
          [
            -73.9490124,
            44.1192292
          ],
          [
            -73.9510724,
            44.1185167
          ],
          [
            -73.9525253,
            44.117456
          ],
          [
            -73.9536579,
            44.116792
          ],
          [
            -73.9539152,
            44.1156523
          ],
          [
            -73.9546465,
            44.1146609
          ],
          [
            -73.9553847,
            44.1138729
          ],
          [
            -73.9587227,
            44.1115861
          ],
          [
            -73.9601185,
            44.1100362
          ],
          [
            -73.9609877,
            44.109646
          ]
        ]
      }
    },
    {
      "type": "Feature",
      "properties": {
        "id": 133633071,
        "kind": "wild",
        "name": "Avalanche Lake",
        "natural": "water",
        "source": "Bing aerial, USGS Topographic, USGS Hydrography",
        "wikidata": "Q4827491",
        "wikipedia": "en:Avalanche Lake (New York)"
      },
      "geometry": {
        "type": "Polygon",
        "coordinates": [
          [
            [
              -73.9646645,
              44.1349588
            ],
            [
              -73.963531,
              44.1346497
            ],
            [
              -73.96624,
              44.1330635
            ],
            [
              -73.9661779,
              44.1328484
            ],
            [
              -73.9671116,
              44.1322249
            ],
            [
              -73.9685421,
              44.1315823
            ],
            [
              -73.9697665,
              44.1305188
            ],
            [
              -73.9691473,
              44.1315014
            ],
            [
              -73.96888,
              44.1323324
            ],
            [
              -73.968094,
              44.1327442
            ],
            [
              -73.9678312,
              44.1332139
            ],
            [
              -73.9666122,
              44.1338358
            ],
            [
              -73.966063,
              44.1341232
            ],
            [
              -73.965776,
              44.1346747
            ],
            [
              -73.9651249,
              44.1352921
            ],
            [
              -73.9646645,
              44.1349588
            ]
          ]
        ]
      }
    },
    {
      "type": "Feature",
      "properties": {
        "id": 133633072,
        "kind": "wild",
        "name": "Lake Colden",
        "natural": "water",
        "source": "bing",
        "wikidata": "Q6475424",
        "wikipedia": "en:Lake Colden"
      },
      "geometry": {
        "type": "Polygon",
        "coordinates": [
          [
            [
              -73.9821776,
              44.1197664
            ],
            [
              -73.9813157,
              44.1206016
            ],
            [
              -73.9818718,
              44.1210623
            ],
            [
              -73.9825316,
              44.1211258
            ],
            [
              -73.9822747,
              44.1216337
            ],
            [
              -73.9791302,
              44.1243248
            ],
            [
              -73.9775043,
              44.1257995
            ],
            [
              -73.9766401,
              44.1255881
            ],
            [
              -73.9764671,
              44.1243307
            ],
            [
              -73.9782381,
              44.1221538
            ],
            [
              -73.9810014,
              44.1195517
            ],
            [
              -73.981609,
              44.1196157
            ],
            [
              -73.9821378,
              44.1193987
            ],
            [
              -73.9826761,
              44.1194223
            ],
            [
              -73.9821776,
              44.1197664
            ]
          ]
        ]
      }
    },
    {
      "type": "Feature",
      "properties": {
        "id": 133633076,
        "kind": "wild",
        "natural": "water",
        "source": "bing"
      },
      "geometry": {
        "type": "Polygon",
        "coordinates": [
          [
            [
              -73.977471,
              44.1316447
            ],
            [
              -73.9770975,
              44.1315074
            ],
            [
              -73.9778391,
              44.131849
            ],
            [
              -73.977471,
              44.1316447
            ]
          ]
        ]
      }
    },
    {
      "type": "Feature",
      "properties": {
        "id": 156842776,
        "kind": "wild",
        "bicycle": "no",
        "foot": "designated",
        "highway": "path",
        "horse": "no",
        "name": "Lake Colden Trail",
        "operator": "NYSDEC",
        "osmc:symbol": "yellow",
        "piste:type": "nordic",
        "sac_scale": "hiking",
        "ski": "yes",
        "source": "survey;2017 Strava Heatmap",
        "surface": "ground",
        "tiger:cfcc": "A51",
        "tiger:county": "Essex, NY",
        "trail_visibility": "good"
      },
      "geometry": {
        "type": "LineString",
        "coordinates": [
          [
            -73.97436,
            44.1278994
          ],
          [
            -73.9759923,
            44.1280245
          ],
          [
            -73.9771082,
            44.1271634
          ],
          [
            -73.9773812,
            44.1269945
          ]
        ]
      }
    },
    {
      "type": "Feature",
      "properties": {
        "id": 156842785,
        "kind": "wild",
        "bicycle": "no",
        "description": "Reserved for skiers. Can be accessed by hikers outside of winter but the conditions are less than ideal.",
        "foot": "no",
        "highway": "path",
        "horse": "no",
        "name": "Van Hoevenberg Ski Trail",
        "piste:difficulty": "intermediate",
        "piste:grooming": "backcountry",
        "piste:type": "nordic",
        "ski": "designated",
        "surface": "ground"
      },
      "geometry": {
        "type": "LineString",
        "coordinates": [
          [
            -73.9299597,
            44.1486598
          ],
          [
            -73.9289301,
            44.1474494
          ],
          [
            -73.9285584,
            44.1448593
          ],
          [
            -73.9280072,
            44.1423524
          ],
          [
            -73.9285022,
            44.1418071
          ]
        ]
      }
    },
    {
      "type": "Feature",
      "properties": {
        "id": 156842789,
        "kind": "wild",
        "bicycle": "no",
        "foot": "designated",
        "highway": "path",
        "horse": "no",
        "name": "Indian Falls- Lake Arnold Crossover Trail",
        "sac_scale": "hiking",
        "ski": "designated",
        "source": "survey; 2017 Strava Heatmap",
        "surface": "ground",
        "trail_visibility": "excellent",
        "width": "2"
      },
      "geometry": {
        "type": "LineString",
        "coordinates": [
          [
            -73.9282578,
            44.1402659
          ],
          [
            -73.9301715,
            44.1395371
          ],
          [
            -73.933215,
            44.1386388
          ],
          [
            -73.936099,
            44.1386152
          ],
          [
            -73.937401,
            44.1383786
          ],
          [
            -73.9378624,
            44.1365454
          ],
          [
            -73.9386525,
            44.1366296
          ]
        ]
      }
    },
    {
      "type": "Feature",
      "properties": {
        "id": 156842795,
        "kind": "wild",
        "bicycle": "no",
        "foot": "designated",
        "highway": "path",
        "horse": "no",
        "name": "Lake Arnold Trail",
        "piste:type": "nordic",
        "sac_scale": "hiking",
        "ski": "yes",
        "surface": "ground",
        "trail_visibility": "excellent"
      },
      "geometry": {
        "type": "LineString",
        "coordinates": [
          [
            -73.9542389,
            44.1441003
          ],
          [
            -73.9531326,
            44.1433274
          ]
        ]
      }
    },
    {
      "type": "Feature",
      "properties": {
        "id": 156842798,
        "kind": "wild",
        "bicycle": "no",
        "foot": "designated",
        "highway": "path",
        "horse": "no",
        "name": "Indian Falls Trail",
        "surface": "ground"
      },
      "geometry": {
        "type": "LineString",
        "coordinates": [
          [
            -73.9282859,
            44.1405038
          ],
          [
            -73.9288796,
            44.1404247
          ]
        ]
      }
    },
    {
      "type": "Feature",
      "properties": {
        "id": 161571145,
        "kind": "wild",
        "bicycle": "no",
        "bridge": "yes",
        "foot": "designated",
        "highway": "path",
        "horse": "no",
        "layer": "1",
        "name": "Lake Colden Trail",
        "piste:type": "nordic",
        "sac_scale": "mountain_hiking",
        "ski": "yes",
        "surface": "wood",
        "tiger:cfcc": "A51",
        "tiger:county": "Essex, NY"
      },
      "geometry": {
        "type": "LineString",
        "coordinates": [
          [
            -73.979608,
            44.1259562
          ],
          [
            -73.9796829,
            44.1259484
          ]
        ]
      }
    },
    {
      "type": "Feature",
      "properties": {
        "id": 161573403,
        "kind": "wild",
        "bicycle": "no",
        "foot": "designated",
        "highway": "path",
        "horse": "no",
        "name": "Van Hoevenberg Trail",
        "sac_scale": "mountain_hiking",
        "source": "survey;2017 Strava Heatmap",
        "source:name": "USGS Topo",
        "surface": "ground",
        "trail_visibility": "good"
      },
      "geometry": {
        "type": "LineString",
        "coordinates": [
          [
            -73.9176518,
            44.114795
          ],
          [
            -73.9189181,
            44.1148961
          ],
          [
            -73.9200092,
            44.1151788
          ],
          [
            -73.9203436,
            44.114746
          ],
          [
            -73.9207527,
            44.1144728
          ],
          [
            -73.9211443,
            44.1142252
          ],
          [
            -73.9216396,
            44.1135798
          ],
          [
            -73.9229456,
            44.1130859
          ],
          [
            -73.9236537,
            44.1127312
          ],
          [
            -73.9236969,
            44.112766
          ]
        ]
      }
    },
    {
      "type": "Feature",
      "properties": {
        "id": 172340302,
        "kind": "wild",
        "name": "Indian Falls",
        "natural": "cliff",
        "waterway": "waterfall"
      },
      "geometry": {
        "type": "LineString",
        "coordinates": [
          [
            -73.9293853,
            44.1405573
          ],
          [
            -73.9292393,
            44.1404008
          ],
          [
            -73.9291841,
            44.1403418
          ]
        ]
      }
    },
    {
      "type": "Feature",
      "properties": {
        "id": 178090317,
        "kind": "wild",
        "name": "Lake Arnold",
        "natural": "water"
      },
      "geometry": {
        "type": "Polygon",
        "coordinates": [
          [
            [
              -73.9440609,
              44.1307
            ],
            [
              -73.9434498,
              44.1309377
            ],
            [
              -73.9440786,
              44.1312399
            ],
            [
              -73.9440609,
              44.1307
            ]
          ]
        ]
      }
    },
    {
      "type": "Feature",
      "properties": {
        "id": 192269799,
        "kind": "wild",
        "bicycle": "no",
        "highway": "path",
        "horse": "no",
        "name": "Phelps Mountain Trail",
        "sac_scale": "mountain_hiking",
        "source": "survey; 2017 Strava Heatmap",
        "surface": "ground",
        "trail_visibility": "excellent"
      },
      "geometry": {
        "type": "LineString",
        "coordinates": [
          [
            -73.9353794,
            44.1515318
          ],
          [
            -73.9330862,
            44.1514688
          ],
          [
            -73.931849,
            44.151819
          ],
          [
            -73.928993,
            44.1514481
          ],
          [
            -73.9270483,
            44.1516596
          ],
          [
            -73.926185,
            44.152687
          ],
          [
            -73.9267484,
            44.1537397
          ],
          [
            -73.9261584,
            44.1545509
          ],
          [
            -73.9244044,
            44.1549944
          ],
          [
            -73.92291,
            44.1558035
          ],
          [
            -73.922441,
            44.156511
          ],
          [
            -73.9219849,
            44.1566921
          ],
          [
            -73.9214323,
            44.1567981
          ],
          [
            -73.9214045,
            44.1569378
          ]
        ]
      }
    },
    {
      "type": "Feature",
      "properties": {
        "id": 199574189,
        "kind": "wild",
        "bicycle": "no",
        "foot": "designated",
        "highway": "path",
        "horse": "no",
        "official_name": "Wright Peak Spur Trail",
        "sac_scale": "mountain_hiking",
        "source": "survey;2017 Strava Heatmap",
        "surface": "ground",
        "trail_visibility": "good"
      },
      "geometry": {
        "type": "LineString",
        "coordinates": [
          [
            -73.985757,
            44.152544
          ],
          [
            -73.9848974,
            44.1529049
          ],
          [
            -73.9834617,
            44.1527607
          ],
          [
            -73.9821233,
            44.1525373
          ],
          [
            -73.9810217,
            44.1518484
          ],
          [
            -73.9799606,
            44.151703
          ],
          [
            -73.9794899,
            44.1516339
          ]
        ]
      }
    },
    {
      "type": "Feature",
      "properties": {
        "id": 199575713,
        "kind": "wild",
        "name": "Feldspar Brook",
        "waterway": "stream",
        "wikidata": "Q49906527"
      },
      "geometry": {
        "type": "LineString",
        "coordinates": [
          [
            -73.9365306,
            44.1070948
          ],
          [
            -73.9388225,
            44.1079053
          ],
          [
            -73.9408476,
            44.1086525
          ],
          [
            -73.9433205,
            44.1092399
          ],
          [
            -73.9448467,
            44.1097887
          ],
          [
            -73.9463515,
            44.1103704
          ],
          [
            -73.9477032,
            44.1110406
          ],
          [
            -73.9500228,
            44.1119206
          ],
          [
            -73.9524743,
            44.1128873
          ],
          [
            -73.9541937,
            44.1135286
          ],
          [
            -73.9551135,
            44.1140278
          ]
        ]
      }
    },
    {
      "type": "Feature",
      "properties": {
        "id": 208914506,
        "kind": "wild",
        "bicycle": "no",
        "foot": "designated",
        "highway": "path",
        "horse": "no",
        "name": "Lake Arnold Trail",
        "sac_scale": "mountain_hiking",
        "surface": "ground",
        "trail_visibility": "excellent"
      },
      "geometry": {
        "type": "LineString",
        "coordinates": [
          [
            -73.9525773,
            44.1434197
          ],
          [
            -73.951453,
            44.1431
          ],
          [
            -73.950184,
            44.14245
          ],
          [
            -73.948899,
            44.141684
          ],
          [
            -73.946841,
            44.140923
          ],
          [
            -73.944978,
            44.140258
          ],
          [
            -73.941694,
            44.138891
          ],
          [
            -73.940055,
            44.137652
          ],
          [
            -73.938529,
            44.136502
          ],
          [
            -73.938472,
            44.135615
          ],
          [
            -73.94014,
            44.134018
          ],
          [
            -73.941557,
            44.132342
          ],
          [
            -73.9422073,
            44.1314026
          ],
          [
            -73.942811,
            44.13084
          ],
          [
            -73.9429257,
            44.1307969
          ]
        ]
      }
    },
    {
      "type": "Feature",
      "properties": {
        "id": 208914507,
        "kind": "wild",
        "bicycle": "no",
        "foot": "yes",
        "highway": "path",
        "horse": "no",
        "surface": "ground"
      },
      "geometry": {
        "type": "LineString",
        "coordinates": [
          [
            -73.9550226,
            44.1491374
          ],
          [
            -73.9555987,
            44.1491129
          ]
        ]
      }
    },
    {
      "type": "Feature",
      "properties": {
        "id": 238516671,
        "kind": "wild",
        "name": "Johns Brook",
        "source:name": "USGS Topo",
        "waterway": "stream"
      },
      "geometry": {
        "type": "LineString",
        "coordinates": [
          [
            -73.9033593,
            44.1212675
          ],
          [
            -73.9012651,
            44.1237326
          ],
          [
            -73.8997722,
            44.1258247
          ],
          [
            -73.8986092,
            44.127069
          ],
          [
            -73.8975269,
            44.1298396
          ],
          [
            -73.8960976,
            44.1321623
          ],
          [
            -73.8958203,
            44.1339231
          ],
          [
            -73.8955433,
            44.1355682
          ],
          [
            -73.8946216,
            44.1365247
          ],
          [
            -73.8945295,
            44.137678
          ],
          [
            -73.8924436,
            44.1391561
          ],
          [
            -73.8887262,
            44.1415854
          ],
          [
            -73.8856417,
            44.1435372
          ],
          [
            -73.8835374,
            44.1444737
          ],
          [
            -73.8823982,
            44.1454316
          ],
          [
            -73.8811425,
            44.1464965
          ],
          [
            -73.879281,
            44.1476166
          ],
          [
            -73.8753056,
            44.1502082
          ],
          [
            -73.8716689,
            44.1524125
          ],
          [
            -73.8691292,
            44.1539321
          ],
          [
            -73.8653541,
            44.1554848
          ],
          [
            -73.8629139,
            44.1578716
          ],
          [
            -73.8606726,
            44.1595627
          ]
        ]
      }
    },
    {
      "type": "Feature",
      "properties": {
        "id": 253770369,
        "kind": "wild",
        "name": "Cold Brook",
        "source": "Bing",
        "source:name": "USGS Topo",
        "waterway": "stream",
        "wikidata": "Q34651731"
      },
      "geometry": {
        "type": "LineString",
        "coordinates": [
          [
            -73.9957554,
            44.1300074
          ],
          [
            -73.9931739,
            44.1292122
          ],
          [
            -73.9904433,
            44.1283281
          ],
          [
            -73.9891499,
            44.1280138
          ],
          [
            -73.9867928,
            44.1272779
          ],
          [
            -73.9846547,
            44.1261032
          ],
          [
            -73.9834186,
            44.1255422
          ],
          [
            -73.9816674,
            44.1249942
          ],
          [
            -73.9810292,
            44.1241424
          ],
          [
            -73.980235,
            44.1238421
          ],
          [
            -73.979457,
            44.1232356
          ]
        ]
      }
    },
    {
      "type": "Feature",
      "properties": {
        "id": 267198453,
        "kind": "wild",
        "bicycle": "no",
        "foot": "designated",
        "highway": "path",
        "horse": "no",
        "name": "Shorey Short Cut Trail",
        "sac_scale": "mountain_hiking",
        "source": "survey; 2017 Strava Heatmap",
        "source:name": "USGS Topo",
        "surface": "ground",
        "trail_visibility": "good",
        "width": "1"
      },
      "geometry": {
        "type": "LineString",
        "coordinates": [
          [
            -73.8999675,
            44.1257471
          ],
          [
            -73.8995241,
            44.124714
          ],
          [
            -73.8990748,
            44.1236048
          ],
          [
            -73.898904,
            44.1226397
          ],
          [
            -73.898951,
            44.1221024
          ],
          [
            -73.8984223,
            44.1215061
          ],
          [
            -73.8983783,
            44.1209656
          ],
          [
            -73.8973193,
            44.120235
          ],
          [
            -73.8963644,
            44.1199069
          ],
          [
            -73.8952279,
            44.1192642
          ],
          [
            -73.8945445,
            44.1186794
          ],
          [
            -73.8940261,
            44.1182165
          ],
          [
            -73.8937078,
            44.1178297
          ],
          [
            -73.8941847,
            44.1169271
          ],
          [
            -73.8942509,
            44.1168018
          ]
        ]
      }
    },
    {
      "type": "Feature",
      "properties": {
        "id": 267206748,
        "kind": "wild",
        "bicycle": "no",
        "foot": "designated",
        "highway": "path",
        "horse": "no",
        "name": "Phelps Trail",
        "osmc:symbol": "red:red_round",
        "sac_scale": "mountain_hiking",
        "source:name": "USGS Topo",
        "surface": "ground",
        "trail_visibility": "good"
      },
      "geometry": {
        "type": "LineString",
        "coordinates": [
          [
            -73.9051564,
            44.1165757
          ],
          [
            -73.9063213,
            44.1158054
          ],
          [
            -73.9089068,
            44.1161844
          ],
          [
            -73.9109141,
            44.1165458
          ],
          [
            -73.9134438,
            44.116385
          ],
          [
            -73.9142142,
            44.1161223
          ],
          [
            -73.9154624,
            44.1155652
          ],
          [
            -73.9155409,
            44.1155856
          ]
        ]
      }
    },
    {
      "type": "Feature",
      "properties": {
        "id": 267241184,
        "kind": "wild",
        "bicycle": "no",
        "foot": "designated",
        "highway": "path",
        "horse": "no",
        "name": "South Haystack Trail",
        "sac_scale": "demanding_mountain_hiking",
        "surface": "ground"
      },
      "geometry": {
        "type": "LineString",
        "coordinates": [
          [
            -73.9039822,
            44.0992098
          ],
          [
            -73.9038619,
            44.1005614
          ],
          [
            -73.9033118,
            44.1013615
          ],
          [
            -73.9029659,
            44.1022091
          ],
          [
            -73.9021605,
            44.1034813
          ],
          [
            -73.9014324,
            44.1039953
          ],
          [
            -73.9005156,
            44.1044393
          ],
          [
            -73.9006499,
            44.1052937
          ],
          [
            -73.9006883,
            44.1057239
          ]
        ]
      }
    },
    {
      "type": "Feature",
      "properties": {
        "id": 267241185,
        "kind": "wild",
        "bicycle": "no",
        "foot": "designated",
        "highway": "path",
        "horse": "no",
        "name": "Phelps Trail",
        "osmc:symbol": "red:red_round",
        "sac_scale": "mountain_hiking",
        "source:name": "USGS Topo",
        "surface": "ground",
        "trail_visibility": "good"
      },
      "geometry": {
        "type": "LineString",
        "coordinates": [
          [
            -73.8999675,
            44.1257471
          ],
          [
            -73.9010918,
            44.1243364
          ],
          [
            -73.9019462,
            44.1232014
          ],
          [
            -73.9026421,
            44.1218796
          ],
          [
            -73.9042461,
            44.1197962
          ],
          [
            -73.9045254,
            44.1181502
          ],
          [
            -73.9052922,
            44.1168039
          ],
          [
            -73.9051564,
            44.1165757
          ]
        ]
      }
    },
    {
      "type": "Feature",
      "properties": {
        "id": 267241186,
        "kind": "wild",
        "bicycle": "no",
        "description": "Skylight's summit is an alpine zone.",
        "foot": "designated",
        "highway": "path",
        "horse": "no",
        "name": "Skylight Trail",
        "sac_scale": "mountain_hiking",
        "source": "USGS Topo",
        "surface": "ground",
        "trail_visibility": "good"
      },
      "geometry": {
        "type": "LineString",
        "coordinates": [
          [
            -73.9312002,
            44.0993764
          ],
          [
            -73.9308418,
            44.0997701
          ],
          [
            -73.9311998,
            44.1003012
          ],
          [
            -73.9316007,
            44.1010194
          ],
          [
            -73.9318594,
            44.1015456
          ],
          [
            -73.9321295,
            44.1020783
          ],
          [
            -73.9322389,
            44.1023821
          ],
          [
            -73.9321099,
            44.1027926
          ],
          [
            -73.9318916,
            44.1035162
          ],
          [
            -73.9317908,
            44.1042567
          ],
          [
            -73.9314023,
            44.1049374
          ],
          [
            -73.9312723,
            44.1055372
          ]
        ]
      }
    },
    {
      "type": "Feature",
      "properties": {
        "id": 267241187,
        "kind": "wild",
        "bicycle": "no",
        "foot": "designated",
        "highway": "path",
        "horse": "no",
        "name": "Bartlett Ridge Trail",
        "sac_scale": "mountain_hiking",
        "source": "2017 Strava Heatmap",
        "surface": "ground",
        "trail_visibility": "good"
      },
      "geometry": {
        "type": "LineString",
        "coordinates": [
          [
            -73.8633416,
            44.084767
          ],
          [
            -73.8669082,
            44.0864502
          ],
          [
            -73.8734843,
            44.0895273
          ],
          [
            -73.8754124,
            44.0919736
          ],
          [
            -73.8836941,
            44.0950591
          ],
          [
            -73.8865904,
            44.0943535
          ],
          [
            -73.888622,
            44.0952475
          ],
          [
            -73.8925245,
            44.0964317
          ],
          [
            -73.8948408,
            44.0965021
          ],
          [
            -73.8972949,
            44.0972766
          ],
          [
            -73.9015845,
            44.0985067
          ],
          [
            -73.9036362,
            44.0988852
          ],
          [
            -73.9043853,
            44.099283
          ],
          [
            -73.9066158,
            44.0996391
          ],
          [
            -73.9088516,
            44.0997363
          ],
          [
            -73.9100661,
            44.1000403
          ],
          [
            -73.91098,
            44.1006099
          ],
          [
            -73.9120677,
            44.1000492
          ],
          [
            -73.9137666,
            44.1001295
          ]
        ]
      }
    },
    {
      "type": "Feature",
      "properties": {
        "id": 272975640,
        "kind": "wild",
        "bicycle": "no",
        "bridge": "yes",
        "foot": "designated",
        "highway": "path",
        "horse": "no",
        "layer": "1",
        "name": "Van Hoevenberg Trail",
        "piste:type": "nordic",
        "sac_scale": "hiking",
        "ski": "yes",
        "source": "survey;2017 Strava Heatmap",
        "surface": "wood",
        "trail_visibility": "excellent"
      },
      "geometry": {
        "type": "LineString",
        "coordinates": [
          [
            -73.9516653,
            44.1594538
          ],
          [
            -73.9514438,
            44.1595178
          ]
        ]
      }
    },
    {
      "type": "Feature",
      "properties": {
        "id": 272975642,
        "kind": "wild",
        "bicycle": "no",
        "foot": "designated",
        "highway": "path",
        "horse": "no",
        "name": "Van Hoevenberg Trail",
        "piste:type": "nordic",
        "sac_scale": "hiking",
        "ski": "yes",
        "surface": "ground",
        "trail_visibility": "excellent"
      },
      "geometry": {
        "type": "LineString",
        "coordinates": [
          [
            -73.9514438,
            44.1595178
          ],
          [
            -73.9513261,
            44.1595023
          ]
        ]
      }
    },
    {
      "type": "Feature",
      "properties": {
        "id": 272975643,
        "kind": "wild",
        "foot": "designated",
        "highway": "path"
      },
      "geometry": {
        "type": "LineString",
        "coordinates": [
          [
            -73.9495727,
            44.1575907
          ],
          [
            -73.9494814,
            44.1576702
          ],
          [
            -73.9494795,
            44.1577777
          ],
          [
            -73.9495597,
            44.1578201
          ]
        ]
      }
    },
    {
      "type": "Feature",
      "properties": {
        "id": 272975644,
        "kind": "wild",
        "foot": "designated",
        "highway": "path"
      },
      "geometry": {
        "type": "LineString",
        "coordinates": [
          [
            -73.940259,
            44.152917
          ],
          [
            -73.9400564,
            44.1531168
          ],
          [
            -73.9400296,
            44.1532128
          ],
          [
            -73.9400158,
            44.1532625
          ]
        ]
      }
    },
    {
      "type": "Feature",
      "properties": {
        "id": 272975645,
        "kind": "wild",
        "bicycle": "no",
        "foot": "yes",
        "highway": "path",
        "horse": "no"
      },
      "geometry": {
        "type": "LineString",
        "coordinates": [
          [
            -73.9509533,
            44.1585441
          ],
          [
            -73.9502661,
            44.1581661
          ],
          [
            -73.9494938,
            44.1587133
          ]
        ]
      }
    },
    {
      "type": "Feature",
      "properties": {
        "id": 306627893,
        "kind": "wild",
        "bicycle": "no",
        "foot": "designated",
        "highway": "path",
        "horse": "no",
        "name": "Elk Lake - Marcy Trail",
        "sac_scale": "mountain_hiking",
        "source": "2017 Strava",
        "surface": "ground",
        "trail_visibility": "good"
      },
      "geometry": {
        "type": "LineString",
        "coordinates": [
          [
            -73.9137666,
            44.1001295
          ],
          [
            -73.9130686,
            44.0985968
          ],
          [
            -73.9123691,
            44.0935743
          ],
          [
            -73.9101783,
            44.0913166
          ],
          [
            -73.9089083,
            44.0859399
          ],
          [
            -73.9072915,
            44.0824523
          ],
          [
            -73.9059262,
            44.0802895
          ],
          [
            -73.9042676,
            44.0774812
          ],
          [
            -73.8988912,
            44.0730522
          ],
          [
            -73.8979082,
            44.0693955
          ],
          [
            -73.8980234,
            44.06652
          ],
          [
            -73.8942576,
            44.0616169
          ],
          [
            -73.8902297,
            44.0595029
          ],
          [
            -73.887473,
            44.0581942
          ]
        ]
      }
    },
    {
      "type": "Feature",
      "properties": {
        "id": 306627895,
        "kind": "wild",
        "name": "Marcy Brook",
        "source": "Bing",
        "source:name": "USGS Topo",
        "waterway": "stream"
      },
      "geometry": {
        "type": "LineString",
        "coordinates": [
          [
            -73.9080978,
            44.1113464
          ],
          [
            -73.9095799,
            44.1090059
          ],
          [
            -73.9100987,
            44.1055774
          ],
          [
            -73.9115469,
            44.1034114
          ],
          [
            -73.9127161,
            44.1013485
          ],
          [
            -73.9139489,
            44.0993361
          ],
          [
            -73.9136968,
            44.0970749
          ],
          [
            -73.9149481,
            44.0958504
          ],
          [
            -73.9152851,
            44.0941851
          ],
          [
            -73.9134729,
            44.0922944
          ],
          [
            -73.9119186,
            44.0900262
          ],
          [
            -73.9102999,
            44.0870832
          ],
          [
            -73.9091733,
            44.0838387
          ],
          [
            -73.9087,
            44.0815237
          ],
          [
            -73.9096365,
            44.0773856
          ],
          [
            -73.9117493,
            44.0732575
          ],
          [
            -73.9125164,
            44.0707569
          ],
          [
            -73.9122851,
            44.0683933
          ],
          [
            -73.9098589,
            44.0659687
          ],
          [
            -73.9063233,
            44.0644915
          ],
          [
            -73.9045284,
            44.0624816
          ],
          [
            -73.9013444,
            44.0606218
          ],
          [
            -73.8987808,
            44.0584576
          ],
          [
            -73.8967478,
            44.0577185
          ],
          [
            -73.8951821,
            44.0571259
          ],
          [
            -73.8940039,
            44.0572016
          ],
          [
            -73.8929176,
            44.0563307
          ],
          [
            -73.8916957,
            44.0555236
          ],
          [
            -73.8905465,
            44.0545264
          ],
          [
            -73.8899832,
            44.0541293
          ]
        ]
      }
    },
    {
      "type": "Feature",
      "properties": {
        "id": 309777596,
        "kind": "wild",
        "bicycle": "no",
        "description": "No trail markers.",
        "foot": "designated",
        "highway": "path",
        "horse": "no",
        "lit": "no",
        "name": "Cliff Mountain Trail",
        "note": "Alternates between flat, wet portions and sections of class 3 scrambling on the cliff faces. Summit is wooded with no views.",
        "sac_scale": "mountain_hiking",
        "source": "survey;2017 Strava Heatmap",
        "surface": "ground",
        "symbol": "None.",
        "trail_visibility": "bad",
        "width": "1"
      },
      "geometry": {
        "type": "LineString",
        "coordinates": [
          [
            -73.9610119,
            44.1077163
          ],
          [
            -73.9623087,
            44.1066386
          ],
          [
            -73.9635328,
            44.1055585
          ],
          [
            -73.9657187,
            44.1055732
          ],
          [
            -73.9669767,
            44.1058748
          ],
          [
            -73.9683307,
            44.1053486
          ],
          [
            -73.9694663,
            44.1050991
          ],
          [
            -73.97081,
            44.1046474
          ],
          [
            -73.971735,
            44.1046255
          ],
          [
            -73.9733844,
            44.1037306
          ],
          [
            -73.9750872,
            44.103266
          ]
        ]
      }
    },
    {
      "type": "Feature",
      "properties": {
        "id": 309777597,
        "kind": "wild",
        "bicycle": "no",
        "foot": "designated",
        "highway": "path",
        "horse": "no",
        "name": "Mount Colden Trail",
        "sac_scale": "mountain_hiking",
        "source": "survey; 2017 Strava Heatmap",
        "surface": "ground",
        "trail_visibility": "good",
        "width": "1"
      },
      "geometry": {
        "type": "LineString",
        "coordinates": [
          [
            -73.9775691,
            44.1228021
          ],
          [
            -73.9765091,
            44.1227756
          ],
          [
            -73.974889,
            44.1228487
          ],
          [
            -73.9735643,
            44.1225912
          ],
          [
            -73.9724428,
            44.1220035
          ],
          [
            -73.9713194,
            44.1211339
          ],
          [
            -73.9701164,
            44.1202633
          ],
          [
            -73.9689765,
            44.1200842
          ],
          [
            -73.9681728,
            44.1214066
          ],
          [
            -73.9677733,
            44.1225257
          ],
          [
            -73.9676569,
            44.1226672
          ]
        ]
      }
    },
    {
      "type": "Feature",
      "properties": {
        "id": 309781684,
        "kind": "wild",
        "name": "Opalescent River",
        "waterway": "stream"
      },
      "geometry": {
        "type": "LineString",
        "coordinates": [
          [
            -73.9609877,
            44.109646
          ],
          [
            -73.9631681,
            44.1107186
          ],
          [
            -73.9665033,
            44.1113215
          ],
          [
            -73.9695354,
            44.1134858
          ],
          [
            -73.9716058,
            44.1135533
          ],
          [
            -73.9724435,
            44.1151443
          ],
          [
            -73.9737045,
            44.1176553
          ],
          [
            -73.976882,
            44.1175361
          ],
          [
            -73.9793552,
            44.117798
          ],
          [
            -73.9824755,
            44.1188253
          ],
          [
            -73.9830437,
            44.119126
          ]
        ]
      }
    },
    {
      "type": "Feature",
      "properties": {
        "id": 309787807,
        "kind": "wild",
        "bicycle": "no",
        "description": "No trail markers.",
        "foot": "designated",
        "highway": "path",
        "horse": "no",
        "lit": "no",
        "name": "Gray Peak Trail",
        "sac_scale": "mountain_hiking",
        "surface": "ground",
        "symbol": "None.",
        "trail_visibility": "bad",
        "width": "1"
      },
      "geometry": {
        "type": "LineString",
        "coordinates": [
          [
            -73.9367327,
            44.1071587
          ],
          [
            -73.9365439,
            44.1077512
          ],
          [
            -73.9364443,
            44.1083318
          ],
          [
            -73.9359319,
            44.1089899
          ],
          [
            -73.936148,
            44.1096462
          ],
          [
            -73.9365949,
            44.1104319
          ],
          [
            -73.9367639,
            44.1110387
          ],
          [
            -73.9361805,
            44.1112557
          ],
          [
            -73.9360819,
            44.1112807
          ]
        ]
      }
    },
    {
      "type": "Feature",
      "properties": {
        "id": 311472516,
        "kind": "wild",
        "bicycle": "no",
        "description": "Unmarked trail. Receives minimal trail maintenance.",
        "foot": "designated",
        "highway": "path",
        "horse": "no",
        "name": "Tabletop Mountain Trail",
        "sac_scale": "mountain_hiking",
        "surface": "ground",
        "trail_visibility": "bad",
        "width": "1"
      },
      "geometry": {
        "type": "LineString",
        "coordinates": [
          [
            -73.9285661,
            44.1414785
          ],
          [
            -73.927056,
            44.141311
          ],
          [
            -73.925724,
            44.140896
          ],
          [
            -73.924393,
            44.141154
          ],
          [
            -73.923025,
            44.141411
          ],
          [
            -73.920536,
            44.142069
          ],
          [
            -73.918662,
            44.141868
          ],
          [
            -73.917097,
            44.140691
          ],
          [
            -73.9160581,
            44.1403344
          ]
        ]
      }
    },
    {
      "type": "Feature",
      "properties": {
        "id": 316740364,
        "kind": "wild",
        "source": "Bing",
        "waterway": "stream"
      },
      "geometry": {
        "type": "LineString",
        "coordinates": [
          [
            -73.9818599,
            44.1418968
          ],
          [
            -73.9796766,
            44.1394369
          ],
          [
            -73.9783335,
            44.1378657
          ],
          [
            -73.9767154,
            44.1361645
          ],
          [
            -73.976415,
            44.1338006
          ],
          [
            -73.9768375,
            44.132864
          ],
          [
            -73.9767436,
            44.1325081
          ],
          [
            -73.9773161,
            44.1321002
          ],
          [
            -73.977712,
            44.1317135
          ],
          [
            -73.9791782,
            44.1310623
          ],
          [
            -73.9796635,
            44.1298117
          ],
          [
            -73.9802611,
            44.1287608
          ],
          [
            -73.9797046,
            44.1280583
          ],
          [
            -73.9796274,
            44.1270944
          ],
          [
            -73.9796399,
            44.1259017
          ],
          [
            -73.9793414,
            44.1252842
          ],
          [
            -73.9789885,
            44.1247377
          ],
          [
            -73.9784207,
            44.1241443
          ]
        ]
      }
    },
    {
      "type": "Feature",
      "properties": {
        "id": 379487771,
        "kind": "wild",
        "area": "yes",
        "name": "Marcy Dam",
        "note": "2015-11-10 Marcy Dam is scheduled to be removed in stages over the next few years.",
        "waterway": "dam",
        "wikipedia": "en:Marcy Dam"
      },
      "geometry": {
        "type": "Polygon",
        "coordinates": [
          [
            [
              -73.9515828,
              44.1587671
            ]
          ]
        ]
      }
    },
    {
      "type": "Feature",
      "properties": {
        "id": 387236582,
        "kind": "wild",
        "bicycle": "no",
        "foot": "designated",
        "highway": "path",
        "horse": "no",
        "name": "Lake Arnold Trail",
        "sac_scale": "mountain_hiking",
        "source": "survey; 2017 Strava Heatmap",
        "trail_visibility": "excellent"
      },
      "geometry": {
        "type": "LineString",
        "coordinates": [
          [
            -73.9429257,
            44.1307969
          ],
          [
            -73.9446834,
            44.1302168
          ],
          [
            -73.9464374,
            44.1285512
          ],
          [
            -73.9468674,
            44.1271581
          ],
          [
            -73.948372,
            44.1258173
          ],
          [
            -73.9500586,
            44.1238769
          ],
          [
            -73.9511874,
            44.1213443
          ],
          [
            -73.9512936,
            44.119631
          ],
          [
            -73.9517303,
            44.1184351
          ],
          [
            -73.9517856,
            44.1183289
          ]
        ]
      }
    },
    {
      "type": "Feature",
      "properties": {
        "id": 387558745,
        "kind": "wild",
        "foot": "yes",
        "highway": "path"
      },
      "geometry": {
        "type": "LineString",
        "coordinates": [
          [
            -73.9551241,
            44.1142981
          ],
          [
            -73.9553455,
            44.1144261
          ],
          [
            -73.9555592,
            44.1144017
          ],
          [
            -73.9556713,
            44.114413
          ]
        ]
      }
    },
    {
      "type": "Feature",
      "properties": {
        "id": 387558746,
        "kind": "wild",
        "name": "Uphill Brook",
        "waterway": "stream"
      },
      "geometry": {
        "type": "LineString",
        "coordinates": [
          [
            -73.9426461,
            44.1032666
          ],
          [
            -73.9452489,
            44.1022552
          ],
          [
            -73.9497089,
            44.1026964
          ],
          [
            -73.9549006,
            44.1034351
          ],
          [
            -73.9585809,
            44.1069712
          ],
          [
            -73.9615061,
            44.1084197
          ],
          [
            -73.9609877,
            44.109646
          ]
        ]
      }
    },
    {
      "type": "Feature",
      "properties": {
        "id": 387576883,
        "kind": "wild",
        "waterway": "stream"
      },
      "geometry": {
        "type": "LineString",
        "coordinates": [
          [
            -73.957209,
            44.1226613
          ],
          [
            -73.9551437,
            44.1217833
          ],
          [
            -73.9526117,
            44.1203122
          ],
          [
            -73.9518553,
            44.1193957
          ],
          [
            -73.9529739,
            44.1184341
          ],
          [
            -73.953214,
            44.1171909
          ]
        ]
      }
    },
    {
      "type": "Feature",
      "properties": {
        "id": 407843134,
        "kind": "wild",
        "bicycle": "no",
        "foot": "designated",
        "highway": "path",
        "horse": "no",
        "name": "Hopkins Trail",
        "sac_scale": "mountain_hiking",
        "surface": "ground",
        "trail_visibility": "good",
        "width": "2"
      },
      "geometry": {
        "type": "LineString",
        "coordinates": [
          [
            -73.8835005,
            44.1457998
          ],
          [
            -73.8845054,
            44.1455188
          ],
          [
            -73.8864869,
            44.1443179
          ],
          [
            -73.8896297,
            44.1427791
          ],
          [
            -73.8909613,
            44.1413831
          ],
          [
            -73.8916191,
            44.1408242
          ],
          [
            -73.8927175,
            44.1397942
          ],
          [
            -73.8939247,
            44.1391246
          ],
          [
            -73.8946214,
            44.1384864
          ],
          [
            -73.8950628,
            44.1382297
          ],
          [
            -73.8962156,
            44.1378363
          ],
          [
            -73.8968265,
            44.1372042
          ],
          [
            -73.8975714,
            44.1367552
          ],
          [
            -73.8986321,
            44.1361726
          ],
          [
            -73.8996793,
            44.1356194
          ],
          [
            -73.9010784,
            44.1348898
          ],
          [
            -73.9024948,
            44.1342516
          ],
          [
            -73.9036114,
            44.1335047
          ],
          [
            -73.9049623,
            44.1328344
          ],
          [
            -73.9068991,
            44.1324559
          ],
          [
            -73.9082569,
            44.1319266
          ],
          [
            -73.9098456,
            44.1315432
          ],
          [
            -73.9103936,
            44.1307888
          ],
          [
            -73.9114136,
            44.1299354
          ],
          [
            -73.9119271,
            44.1291018
          ],
          [
            -73.9127611,
            44.1286764
          ],
          [
            -73.9137571,
            44.1276473
          ],
          [
            -73.9149736,
            44.1265663
          ],
          [
            -73.915978,
            44.1258857
          ],
          [
            -73.9164402,
            44.1250923
          ],
          [
            -73.9173618,
            44.1239342
          ],
          [
            -73.917958,
            44.1226157
          ],
          [
            -73.9181983,
            44.1225012
          ]
        ]
      }
    },
    {
      "type": "Feature",
      "properties": {
        "id": 421324528,
        "kind": "wild",
        "bicycle": "no",
        "highway": "path",
        "horse": "no",
        "surface": "ground"
      },
      "geometry": {
        "type": "LineString",
        "coordinates": [
          [
            -73.9619203,
            44.1087671
          ],
          [
            -73.9622295,
            44.1090873
          ]
        ]
      }
    },
    {
      "type": "Feature",
      "properties": {
        "id": 421324529,
        "kind": "wild",
        "bicycle": "no",
        "highway": "path",
        "horse": "no",
        "surface": "ground"
      },
      "geometry": {
        "type": "LineString",
        "coordinates": [
          [
            -73.9618405,
            44.1089935
          ],
          [
            -73.9621843,
            44.1093285
          ]
        ]
      }
    },
    {
      "type": "Feature",
      "properties": {
        "id": 421324531,
        "kind": "wild",
        "bicycle": "no",
        "description": "No trail markers.",
        "foot": "designated",
        "highway": "path",
        "horse": "no",
        "name": "Mount Redfield Trail",
        "sac_scale": "mountain_hiking",
        "source": "survey;2017 Strava Heatmap",
        "surface": "ground",
        "symbol": "None.",
        "trail_visibility": "bad"
      },
      "geometry": {
        "type": "LineString",
        "coordinates": [
          [
            -73.9617552,
            44.1087851
          ],
          [
            -73.9606284,
            44.1075723
          ],
          [
            -73.9588281,
            44.1066904
          ],
          [
            -73.9577616,
            44.1053423
          ],
          [
            -73.956506,
            44.1046816
          ],
          [
            -73.9554707,
            44.1037668
          ],
          [
            -73.9539461,
            44.1030722
          ],
          [
            -73.9522954,
            44.1015256
          ],
          [
            -73.950791,
            44.1001303
          ],
          [
            -73.9500542,
            44.0989469
          ],
          [
            -73.9499617,
            44.0971364
          ],
          [
            -73.9491766,
            44.0953569
          ],
          [
            -73.9496161,
            44.0948475
          ]
        ]
      }
    },
    {
      "type": "Feature",
      "properties": {
        "id": 421695439,
        "kind": "wild",
        "bicycle": "no",
        "foot": "designated",
        "highway": "path",
        "horse": "no",
        "lit": "no",
        "name": "Avalanche Pass Trail",
        "sac_scale": "hiking",
        "source": "survey; 2017 Strava Heatmap",
        "surface": "ground",
        "trail_visibility": "excellent",
        "width": "1"
      },
      "geometry": {
        "type": "LineString",
        "coordinates": [
          [
            -73.9775691,
            44.1228021
          ],
          [
            -73.9784704,
            44.1218465
          ],
          [
            -73.9798414,
            44.1208293
          ],
          [
            -73.9807796,
            44.1193612
          ],
          [
            -73.9814896,
            44.1186161
          ]
        ]
      }
    },
    {
      "type": "Feature",
      "properties": {
        "id": 421695440,
        "kind": "wild",
        "bicycle": "no",
        "foot": "designated",
        "highway": "path",
        "horse": "no",
        "lit": "no",
        "name": "Avalanche Pass Trail",
        "sac_scale": "hiking",
        "source": "survey; 2017 Strava Heatmap",
        "surface": "ground",
        "trail_visibility": "excellent",
        "width": "1"
      },
      "geometry": {
        "type": "LineString",
        "coordinates": [
          [
            -73.974067,
            44.1278694
          ],
          [
            -73.9747696,
            44.1267688
          ],
          [
            -73.9756119,
            44.1249012
          ],
          [
            -73.9766419,
            44.1234591
          ],
          [
            -73.9775691,
            44.1228021
          ]
        ]
      }
    },
    {
      "type": "Feature",
      "properties": {
        "id": 421695441,
        "kind": "wild",
        "bicycle": "no",
        "highway": "path",
        "horse": "no",
        "lit": "no",
        "name": "Lake Colden Ski Trail",
        "piste:difficulty": "easy",
        "piste:grooming": "backcountry",
        "piste:type": "nordic",
        "ski": "designated",
        "source": "survey; 2017 Strava Heatmap",
        "surface": "ground",
        "width": "1"
      },
      "geometry": {
        "type": "LineString",
        "coordinates": [
          [
            -73.974067,
            44.1278694
          ],
          [
            -73.9754266,
            44.1266892
          ],
          [
            -73.9763182,
            44.125873
          ]
        ]
      }
    },
    {
      "type": "Feature",
      "properties": {
        "id": 421695442,
        "kind": "wild",
        "foot": "designated",
        "highway": "path",
        "surface": "ground"
      },
      "geometry": {
        "type": "LineString",
        "coordinates": [
          [
            -73.9601092,
            44.1269397
          ],
          [
            -73.9600449,
            44.1268582
          ]
        ]
      }
    },
    {
      "type": "Feature",
      "properties": {
        "id": 422656309,
        "kind": "wild",
        "bicycle": "no",
        "foot": "designated",
        "highway": "path",
        "horse": "no",
        "surface": "ground"
      },
      "geometry": {
        "type": "LineString",
        "coordinates": [
          [
            -73.9400158,
            44.1532625
          ],
          [
            -73.9393438,
            44.1535481
          ]
        ]
      }
    },
    {
      "type": "Feature",
      "properties": {
        "id": 422656310,
        "kind": "wild",
        "bicycle": "no",
        "foot": "designated",
        "highway": "path",
        "horse": "no",
        "surface": "ground"
      },
      "geometry": {
        "type": "LineString",
        "coordinates": [
          [
            -73.9400158,
            44.1532625
          ],
          [
            -73.9398717,
            44.1532404
          ],
          [
            -73.9397397,
            44.1531712
          ]
        ]
      }
    },
    {
      "type": "Feature",
      "properties": {
        "id": 422656312,
        "kind": "wild",
        "bicycle": "no",
        "foot": "yes",
        "highway": "path",
        "horse": "no",
        "surface": "ground"
      },
      "geometry": {
        "type": "LineString",
        "coordinates": [
          [
            -73.9496682,
            44.157603
          ],
          [
            -73.9496539,
            44.1571439
          ]
        ]
      }
    },
    {
      "type": "Feature",
      "properties": {
        "id": 422656314,
        "kind": "wild",
        "bicycle": "no",
        "foot": "yes",
        "highway": "path",
        "horse": "no",
        "surface": "ground"
      },
      "geometry": {
        "type": "LineString",
        "coordinates": [
          [
            -73.9510816,
            44.157367
          ],
          [
            -73.9512451,
            44.1573784
          ]
        ]
      }
    },
    {
      "type": "Feature",
      "properties": {
        "id": 422656315,
        "kind": "wild",
        "bicycle": "no",
        "foot": "designated",
        "highway": "path",
        "horse": "no",
        "surface": "ground"
      },
      "geometry": {
        "type": "LineString",
        "coordinates": [
          [
            -73.9511424,
            44.1572288
          ],
          [
            -73.9501311,
            44.1572034
          ]
        ]
      }
    },
    {
      "type": "Feature",
      "properties": {
        "id": 422656316,
        "kind": "wild",
        "bicycle": "no",
        "foot": "designated",
        "highway": "path",
        "horse": "no",
        "surface": "ground"
      },
      "geometry": {
        "type": "LineString",
        "coordinates": [
          [
            -73.9503974,
            44.1572348
          ],
          [
            -73.9503581,
            44.1571716
          ]
        ]
      }
    },
    {
      "type": "Feature",
      "properties": {
        "id": 422656317,
        "kind": "wild",
        "bicycle": "no",
        "foot": "yes",
        "highway": "path",
        "horse": "no",
        "surface": "ground"
      },
      "geometry": {
        "type": "LineString",
        "coordinates": [
          [
            -73.9513426,
            44.1570263
          ],
          [
            -73.9511503,
            44.1570303
          ],
          [
            -73.9510934,
            44.1569443
          ],
          [
            -73.9509645,
            44.1569357
          ]
        ]
      }
    },
    {
      "type": "Feature",
      "properties": {
        "id": 422656318,
        "kind": "wild",
        "bicycle": "no",
        "foot": "yes",
        "highway": "path",
        "horse": "no",
        "surface": "ground"
      },
      "geometry": {
        "type": "LineString",
        "coordinates": [
          [
            -73.9518034,
            44.1566227
          ],
          [
            -73.9515309,
            44.156581
          ],
          [
            -73.9513914,
            44.156603
          ],
          [
            -73.951237,
            44.1565885
          ]
        ]
      }
    },
    {
      "type": "Feature",
      "properties": {
        "id": 422656319,
        "kind": "wild",
        "bicycle": "no",
        "foot": "yes",
        "highway": "path",
        "horse": "no",
        "surface": "ground"
      },
      "geometry": {
        "type": "LineString",
        "coordinates": [
          [
            -73.9518873,
            44.1562948
          ],
          [
            -73.9517347,
            44.1562606
          ]
        ]
      }
    },
    {
      "type": "Feature",
      "properties": {
        "id": 422656320,
        "kind": "wild",
        "bicycle": "no",
        "foot": "yes",
        "highway": "path",
        "horse": "no",
        "surface": "ground"
      },
      "geometry": {
        "type": "LineString",
        "coordinates": [
          [
            -73.9524289,
            44.154979
          ],
          [
            -73.9526078,
            44.155304
          ],
          [
            -73.9525621,
            44.1553714
          ]
        ]
      }
    },
    {
      "type": "Feature",
      "properties": {
        "id": 422656321,
        "kind": "wild",
        "source": "bing",
        "tunnel": "no",
        "waterway": "stream"
      },
      "geometry": {
        "type": "LineString",
        "coordinates": [
          [
            -73.9537025,
            44.1538236
          ],
          [
            -73.9524691,
            44.155084
          ],
          [
            -73.9526466,
            44.1561858
          ],
          [
            -73.9525594,
            44.1575894
          ]
        ]
      }
    },
    {
      "type": "Feature",
      "properties": {
        "id": 422656322,
        "kind": "wild",
        "bicycle": "no",
        "foot": "designated",
        "highway": "path",
        "horse": "no",
        "surface": "ground"
      },
      "geometry": {
        "type": "LineString",
        "coordinates": [
          [
            -73.9555987,
            44.1491129
          ],
          [
            -73.955697,
            44.1489877
          ],
          [
            -73.9557252,
            44.1487893
          ]
        ]
      }
    },
    {
      "type": "Feature",
      "properties": {
        "id": 422656324,
        "kind": "wild",
        "bicycle": "no",
        "foot": "yes",
        "highway": "path",
        "horse": "no",
        "surface": "ground"
      },
      "geometry": {
        "type": "LineString",
        "coordinates": [
          [
            -73.9549388,
            44.1470013
          ],
          [
            -73.9548757,
            44.1469962
          ],
          [
            -73.9548315,
            44.1470199
          ]
        ]
      }
    },
    {
      "type": "Feature",
      "properties": {
        "id": 422656325,
        "kind": "wild",
        "bicycle": "no",
        "foot": "yes",
        "highway": "path",
        "horse": "no",
        "surface": "ground"
      },
      "geometry": {
        "type": "LineString",
        "coordinates": [
          [
            -73.9548875,
            44.1466949
          ],
          [
            -73.9545919,
            44.1466809
          ],
          [
            -73.9544329,
            44.1466192
          ],
          [
            -73.9543468,
            44.1465521
          ]
        ]
      }
    },
    {
      "type": "Feature",
      "properties": {
        "id": 422656326,
        "kind": "wild",
        "bicycle": "no",
        "foot": "yes",
        "highway": "path",
        "horse": "no",
        "surface": "ground"
      },
      "geometry": {
        "type": "LineString",
        "coordinates": [
          [
            -73.954438,
            44.14433
          ],
          [
            -73.9554186,
            44.1449096
          ]
        ]
      }
    },
    {
      "type": "Feature",
      "properties": {
        "id": 422656327,
        "kind": "wild",
        "bicycle": "no",
        "foot": "yes",
        "highway": "path",
        "horse": "no",
        "surface": "ground"
      },
      "geometry": {
        "type": "LineString",
        "coordinates": [
          [
            -73.9554186,
            44.1449096
          ],
          [
            -73.9555306,
            44.1448447
          ],
          [
            -73.9555251,
            44.1447569
          ]
        ]
      }
    },
    {
      "type": "Feature",
      "properties": {
        "id": 422656328,
        "kind": "wild",
        "bicycle": "no",
        "foot": "yes",
        "highway": "path",
        "horse": "no",
        "surface": "ground"
      },
      "geometry": {
        "type": "LineString",
        "coordinates": [
          [
            -73.9543767,
            44.144712
          ],
          [
            -73.9544696,
            44.1447719
          ],
          [
            -73.9545558,
            44.1448717
          ],
          [
            -73.9546198,
            44.1448812
          ]
        ]
      }
    },
    {
      "type": "Feature",
      "properties": {
        "id": 422656329,
        "kind": "wild",
        "bicycle": "no",
        "foot": "designated",
        "highway": "path",
        "horse": "no",
        "surface": "ground"
      },
      "geometry": {
        "type": "LineString",
        "coordinates": [
          [
            -73.9432034,
            44.1311023
          ],
          [
            -73.9431563,
            44.1311128
          ],
          [
            -73.9430414,
            44.1311334
          ]
        ]
      }
    },
    {
      "type": "Feature",
      "properties": {
        "id": 422656330,
        "kind": "wild",
        "bicycle": "no",
        "foot": "yes",
        "highway": "path",
        "horse": "no",
        "surface": "ground"
      },
      "geometry": {
        "type": "LineString",
        "coordinates": [
          [
            -73.9553455,
            44.1144261
          ],
          [
            -73.9552105,
            44.1145803
          ],
          [
            -73.9550547,
            44.1146804
          ]
        ]
      }
    },
    {
      "type": "Feature",
      "properties": {
        "id": 422656331,
        "kind": "wild",
        "bicycle": "no",
        "foot": "yes",
        "highway": "path",
        "horse": "no",
        "surface": "ground"
      },
      "geometry": {
        "type": "LineString",
        "coordinates": [
          [
            -73.9552105,
            44.1145803
          ],
          [
            -73.9551641,
            44.1145567
          ]
        ]
      }
    },
    {
      "type": "Feature",
      "properties": {
        "id": 422656332,
        "kind": "wild",
        "bicycle": "no",
        "foot": "yes",
        "highway": "path",
        "horse": "no",
        "surface": "ground"
      },
      "geometry": {
        "type": "LineString",
        "coordinates": [
          [
            -73.9549778,
            44.1140995
          ],
          [
            -73.954821,
            44.1141145
          ],
          [
            -73.9546097,
            44.1142016
          ],
          [
            -73.9544269,
            44.1141597
          ]
        ]
      }
    },
    {
      "type": "Feature",
      "properties": {
        "id": 422656333,
        "kind": "wild",
        "bicycle": "no",
        "foot": "designated",
        "highway": "path",
        "horse": "no",
        "surface": "ground"
      },
      "geometry": {
        "type": "LineString",
        "coordinates": [
          [
            -73.9312723,
            44.1055372
          ],
          [
            -73.9312195,
            44.1054216
          ],
          [
            -73.9312129,
            44.1053619
          ]
        ]
      }
    },
    {
      "type": "Feature",
      "properties": {
        "id": 422657284,
        "kind": "wild",
        "bicycle": "no",
        "foot": "designated",
        "highway": "path",
        "horse": "no",
        "surface": "ground"
      },
      "geometry": {
        "type": "LineString",
        "coordinates": [
          [
            -73.951211,
            44.1597959
          ],
          [
            -73.9511238,
            44.1597666
          ]
        ]
      }
    },
    {
      "type": "Feature",
      "properties": {
        "id": 422657285,
        "kind": "wild",
        "foot": "yes",
        "highway": "path"
      },
      "geometry": {
        "type": "LineString",
        "coordinates": [
          [
            -73.9362759,
            44.1112009
          ],
          [
            -73.9362648,
            44.1111691
          ]
        ]
      }
    },
    {
      "type": "Feature",
      "properties": {
        "id": 423480231,
        "kind": "wild",
        "bicycle": "no",
        "foot": "designated",
        "highway": "path",
        "horse": "no",
        "name": "Mount Marcy Trail",
        "sac_scale": "mountain_hiking",
        "source": "survey; 2017 Strava Heatmap",
        "surface": "ground"
      },
      "geometry": {
        "type": "LineString",
        "coordinates": [
          [
            -73.9733152,
            44.1166403
          ],
          [
            -73.9727055,
            44.1153741
          ],
          [
            -73.9721876,
            44.1145727
          ],
          [
            -73.9714696,
            44.1129478
          ],
          [
            -73.9697187,
            44.1125476
          ],
          [
            -73.9677725,
            44.1119542
          ],
          [
            -73.9655519,
            44.109796
          ],
          [
            -73.9638662,
            44.1085924
          ],
          [
            -73.9622574,
            44.1087318
          ],
          [
            -73.9609735,
            44.1093852
          ],
          [
            -73.9596921,
            44.1101124
          ],
          [
            -73.9575643,
            44.1122175
          ],
          [
            -73.9553622,
            44.1138162
          ],
          [
            -73.9542562,
            44.1134
          ],
          [
            -73.9534837,
            44.1128636
          ],
          [
            -73.9521355,
            44.1122379
          ],
          [
            -73.9506503,
            44.1116652
          ],
          [
            -73.9486048,
            44.1108192
          ],
          [
            -73.9467004,
            44.1100124
          ],
          [
            -73.9457298,
            44.1093291
          ],
          [
            -73.9450105,
            44.1090722
          ],
          [
            -73.9440762,
            44.1086884
          ],
          [
            -73.9420173,
            44.1084983
          ],
          [
            -73.9396958,
            44.1079251
          ],
          [
            -73.9392542,
            44.1076068
          ],
          [
            -73.9376217,
            44.1072453
          ],
          [
            -73.9365088,
            44.1070359
          ],
          [
            -73.9355644,
            44.1065898
          ],
          [
            -73.9347576,
            44.1064771
          ],
          [
            -73.9341111,
            44.1063943
          ],
          [
            -73.9331219,
            44.1059923
          ],
          [
            -73.9312723,
            44.1055372
          ],
          [
            -73.9309864,
            44.1064803
          ],
          [
            -73.9306503,
            44.1076834
          ],
          [
            -73.9292916,
            44.1083708
          ],
          [
            -73.9282319,
            44.1090696
          ],
          [
            -73.927293,
            44.1093859
          ],
          [
            -73.9271177,
            44.1097192
          ],
          [
            -73.9269367,
            44.1102855
          ],
          [
            -73.9263691,
            44.1108252
          ],
          [
            -73.9256022,
            44.1113153
          ],
          [
            -73.9247804,
            44.1117508
          ],
          [
            -73.9241976,
            44.1121348
          ],
          [
            -73.9238431,
            44.1124589
          ],
          [
            -73.9236969,
            44.112766
          ]
        ]
      }
    },
    {
      "type": "Feature",
      "properties": {
        "id": 423480232,
        "kind": "wild",
        "bicycle": "no",
        "foot": "designated",
        "highway": "path",
        "horse": "no",
        "name": "State Range Trail",
        "sac_scale": "mountain_hiking",
        "source": "survey;2017 Strava Heatmap",
        "surface": "ground",
        "trail_visibility": "good"
      },
      "geometry": {
        "type": "LineString",
        "coordinates": [
          [
            -73.8942509,
            44.1168018
          ],
          [
            -73.8952421,
            44.1161359
          ],
          [
            -73.8964625,
            44.115194
          ],
          [
            -73.8989784,
            44.113711
          ],
          [
            -73.9009416,
            44.1121802
          ],
          [
            -73.9018977,
            44.1121143
          ],
          [
            -73.9023423,
            44.1129375
          ],
          [
            -73.9027779,
            44.1147524
          ],
          [
            -73.9032741,
            44.1158787
          ],
          [
            -73.9047271,
            44.1165126
          ],
          [
            -73.9051564,
            44.1165757
          ]
        ]
      }
    },
    {
      "type": "Feature",
      "properties": {
        "id": 425109161,
        "kind": "wild",
        "bicycle": "no",
        "foot": "yes",
        "highway": "path",
        "horse": "no",
        "surface": "ground"
      },
      "geometry": {
        "type": "LineString",
        "coordinates": [
          [
            -73.9790861,
            44.1594263
          ],
          [
            -73.9784364,
            44.159418
          ]
        ]
      }
    },
    {
      "type": "Feature",
      "properties": {
        "id": 425109163,
        "kind": "wild",
        "bicycle": "no",
        "highway": "path",
        "horse": "no",
        "surface": "ground"
      },
      "geometry": {
        "type": "LineString",
        "coordinates": [
          [
            -73.9797743,
            44.1517596
          ],
          [
            -73.9803475,
            44.152103
          ],
          [
            -73.9801927,
            44.152087
          ]
        ]
      }
    },
    {
      "type": "Feature",
      "properties": {
        "id": 427928399,
        "kind": "wild",
        "bicycle": "no",
        "highway": "path",
        "horse": "no",
        "surface": "ground"
      },
      "geometry": {
        "type": "LineString",
        "coordinates": [
          [
            -73.8989246,
            44.1269471
          ],
          [
            -73.899549,
            44.1270149
          ],
          [
            -73.8999715,
            44.1274616
          ],
          [
            -73.9000466,
            44.1277523
          ]
        ]
      }
    },
    {
      "type": "Feature",
      "properties": {
        "id": 428778101,
        "kind": "wild",
        "bicycle": "no",
        "foot": "designated",
        "highway": "path",
        "horse": "no",
        "name": "Van Hoevenberg Trail - High Water Route",
        "osmc:symbol": "red",
        "sac_scale": "hiking",
        "ski": "no",
        "source": "survey;2017 Strava Heatmap",
        "surface": "ground",
        "trail_visibility": "good"
      },
      "geometry": {
        "type": "LineString",
        "coordinates": [
          [
            -73.948619,
            44.163801
          ],
          [
            -73.948127,
            44.1630699
          ],
          [
            -73.9479071,
            44.1621232
          ],
          [
            -73.9475638,
            44.161696
          ],
          [
            -73.9473653,
            44.1605954
          ],
          [
            -73.947537,
            44.1590022
          ],
          [
            -73.9476657,
            44.157863
          ],
          [
            -73.9470347,
            44.1572427
          ],
          [
            -73.9462818,
            44.1562507
          ]
        ]
      }
    },
    {
      "type": "Feature",
      "properties": {
        "id": 428779690,
        "kind": "wild",
        "bicycle": "no",
        "bridge": "yes",
        "foot": "designated",
        "highway": "path",
        "horse": "no",
        "layer": "1",
        "name": "Van Hoevenberg Trail",
        "ski": "designated",
        "surface": "wood"
      },
      "geometry": {
        "type": "LineString",
        "coordinates": [
          [
            -73.9313719,
            44.1498949
          ],
          [
            -73.9313831,
            44.1498044
          ]
        ]
      }
    },
    {
      "type": "Feature",
      "properties": {
        "id": 428779691,
        "kind": "wild",
        "bicycle": "no",
        "foot": "designated",
        "highway": "path",
        "horse": "no",
        "name": "Van Hoevenberg Trail",
        "sac_scale": "mountain_hiking",
        "ski": "designated",
        "source": "survey; 2017 Strava Heatmap",
        "surface": "ground",
        "trail_visibility": "excellent"
      },
      "geometry": {
        "type": "LineString",
        "coordinates": [
          [
            -73.9285022,
            44.1418071
          ],
          [
            -73.928329,
            44.140692
          ],
          [
            -73.9282106,
            44.14014
          ],
          [
            -73.9271,
            44.138341
          ],
          [
            -73.926385,
            44.135761
          ],
          [
            -73.9264575,
            44.133022
          ],
          [
            -73.9268115,
            44.1313022
          ],
          [
            -73.927952,
            44.129739
          ],
          [
            -73.927355,
            44.128647
          ],
          [
            -73.92563,
            44.126314
          ],
          [
            -73.9254219,
            44.1249055
          ],
          [
            -73.9240488,
            44.1244236
          ],
          [
            -73.9216557,
            44.1233003
          ],
          [
            -73.9189944,
            44.1225734
          ],
          [
            -73.9181983,
            44.1225012
          ]
        ]
      }
    },
    {
      "type": "Feature",
      "properties": {
        "id": 433100542,
        "kind": "wild",
        "bicycle": "no",
        "highway": "path",
        "horse": "no",
        "surface": "ground"
      },
      "geometry": {
        "type": "LineString",
        "coordinates": [
          [
            -73.950944,
            44.1587248
          ],
          [
            -73.9508018,
            44.1587545
          ],
          [
            -73.9506605,
            44.1587903
          ],
          [
            -73.9504836,
            44.1589044
          ]
        ]
      }
    },
    {
      "type": "Feature",
      "properties": {
        "id": 433100543,
        "kind": "wild",
        "bicycle": "no",
        "highway": "path",
        "horse": "no",
        "surface": "ground"
      },
      "geometry": {
        "type": "LineString",
        "coordinates": [
          [
            -73.9505677,
            44.1579567
          ],
          [
            -73.9503848,
            44.1582064
          ]
        ]
      }
    },
    {
      "type": "Feature",
      "properties": {
        "id": 433100544,
        "kind": "wild",
        "bicycle": "no",
        "highway": "path",
        "horse": "no",
        "surface": "ground"
      },
      "geometry": {
        "type": "LineString",
        "coordinates": [
          [
            -73.949928,
            44.1576761
          ],
          [
            -73.9500604,
            44.1582425
          ]
        ]
      }
    },
    {
      "type": "Feature",
      "properties": {
        "id": 433100545,
        "kind": "wild",
        "bicycle": "no",
        "highway": "path",
        "horse": "no",
        "surface": "ground"
      },
      "geometry": {
        "type": "LineString",
        "coordinates": [
          [
            -73.9503368,
            44.1578574
          ],
          [
            -73.9501073,
            44.1581716
          ]
        ]
      }
    },
    {
      "type": "Feature",
      "properties": {
        "id": 433100546,
        "kind": "wild",
        "bicycle": "no",
        "highway": "path",
        "horse": "no",
        "surface": "ground"
      },
      "geometry": {
        "type": "LineString",
        "coordinates": [
          [
            -73.949928,
            44.1576761
          ],
          [
            -73.9499819,
            44.1576231
          ],
          [
            -73.9501249,
            44.1575972
          ]
        ]
      }
    },
    {
      "type": "Feature",
      "properties": {
        "id": 433100547,
        "kind": "wild",
        "bicycle": "no",
        "highway": "path",
        "horse": "no",
        "surface": "ground"
      },
      "geometry": {
        "type": "LineString",
        "coordinates": [
          [
            -73.954353,
            44.1573285
          ],
          [
            -73.9543877,
            44.1574049
          ],
          [
            -73.9544721,
            44.1575273
          ],
          [
            -73.9545204,
            44.1576052
          ]
        ]
      }
    },
    {
      "type": "Feature",
      "properties": {
        "id": 433100548,
        "kind": "wild",
        "bicycle": "no",
        "highway": "path",
        "horse": "no",
        "surface": "ground"
      },
      "geometry": {
        "type": "LineString",
        "coordinates": [
          [
            -73.954353,
            44.1573285
          ],
          [
            -73.954815,
            44.1571993
          ],
          [
            -73.9549481,
            44.1570483
          ]
        ]
      }
    },
    {
      "type": "Feature",
      "properties": {
        "id": 433100549,
        "kind": "wild",
        "bicycle": "no",
        "highway": "path",
        "horse": "no",
        "surface": "ground"
      },
      "geometry": {
        "type": "LineString",
        "coordinates": [
          [
            -73.9523585,
            44.1587105
          ],
          [
            -73.9524147,
            44.158814
          ]
        ]
      }
    },
    {
      "type": "Feature",
      "properties": {
        "id": 433100550,
        "kind": "wild",
        "bicycle": "no",
        "highway": "path",
        "horse": "no",
        "surface": "ground"
      },
      "geometry": {
        "type": "LineString",
        "coordinates": [
          [
            -73.9525152,
            44.1587002
          ],
          [
            -73.9525831,
            44.1587823
          ],
          [
            -73.9526872,
            44.1588693
          ]
        ]
      }
    },
    {
      "type": "Feature",
      "properties": {
        "id": 433100551,
        "kind": "wild",
        "bicycle": "no",
        "highway": "path",
        "horse": "no",
        "surface": "ground"
      },
      "geometry": {
        "type": "LineString",
        "coordinates": [
          [
            -73.9531211,
            44.1589157
          ],
          [
            -73.9530388,
            44.1589459
          ]
        ]
      }
    },
    {
      "type": "Feature",
      "properties": {
        "id": 433100552,
        "kind": "wild",
        "bicycle": "no",
        "highway": "path",
        "horse": "no",
        "surface": "ground"
      },
      "geometry": {
        "type": "LineString",
        "coordinates": [
          [
            -73.9531675,
            44.1589824
          ],
          [
            -73.9529686,
            44.1586869
          ]
        ]
      }
    },
    {
      "type": "Feature",
      "properties": {
        "id": 433100553,
        "kind": "wild",
        "bicycle": "no",
        "highway": "path",
        "horse": "no",
        "surface": "ground"
      },
      "geometry": {
        "type": "LineString",
        "coordinates": [
          [
            -73.9534916,
            44.1588024
          ],
          [
            -73.9536073,
            44.1587986
          ]
        ]
      }
    },
    {
      "type": "Feature",
      "properties": {
        "id": 433100554,
        "kind": "wild",
        "bicycle": "no",
        "highway": "path",
        "horse": "no",
        "surface": "ground"
      },
      "geometry": {
        "type": "LineString",
        "coordinates": [
          [
            -73.9528671,
            44.1580709
          ],
          [
            -73.9534644,
            44.1578229
          ],
          [
            -73.9535957,
            44.1576918
          ]
        ]
      }
    },
    {
      "type": "Feature",
      "properties": {
        "id": 433100555,
        "kind": "wild",
        "bicycle": "no",
        "highway": "path",
        "horse": "no",
        "surface": "ground"
      },
      "geometry": {
        "type": "LineString",
        "coordinates": [
          [
            -73.9528671,
            44.1580709
          ],
          [
            -73.9534048,
            44.1579276
          ]
        ]
      }
    },
    {
      "type": "Feature",
      "properties": {
        "id": 433114216,
        "kind": "wild",
        "bicycle": "no",
        "foot": "yes",
        "highway": "path",
        "horse": "no",
        "ski": "yes",
        "surface": "pebblestone",
        "trail_visibility": "good"
      },
      "geometry": {
        "type": "LineString",
        "coordinates": [
          [
            -73.9645765,
            44.1354544
          ],
          [
            -73.964617,
            44.1354036
          ],
          [
            -73.9646727,
            44.1353567
          ],
          [
            -73.9648147,
            44.1353168
          ]
        ]
      }
    },
    {
      "type": "Feature",
      "properties": {
        "id": 433114218,
        "kind": "wild",
        "bicycle": "no",
        "highway": "path",
        "horse": "no",
        "surface": "ground"
      },
      "geometry": {
        "type": "LineString",
        "coordinates": [
          [
            -73.970967,
            44.1294107
          ],
          [
            -73.9712715,
            44.1290212
          ],
          [
            -73.9714944,
            44.1289121
          ]
        ]
      }
    },
    {
      "type": "Feature",
      "properties": {
        "id": 433114221,
        "kind": "wild",
        "access": "no",
        "bicycle": "no",
        "foot": "designated",
        "highway": "path",
        "horse": "no",
        "name": "Avalanche Pass Trail",
        "sac_scale": "mountain_hiking",
        "ski": "yes",
        "source": "survey;2017 Strava Heatmap",
        "surface": "ground",
        "tiger:cfcc": "A51",
        "tiger:county": "Essex, NY",
        "trail_visibility": "good"
      },
      "geometry": {
        "type": "LineString",
        "coordinates": [
          [
            -73.9699203,
            44.1304308
          ],
          [
            -73.970398,
            44.1298076
          ],
          [
            -73.9716769,
            44.1292059
          ],
          [
            -73.9736022,
            44.1280404
          ],
          [
            -73.974067,
            44.1278694
          ]
        ]
      }
    },
    {
      "type": "Feature",
      "properties": {
        "id": 433114226,
        "kind": "wild",
        "access": "no",
        "bicycle": "no",
        "bridge": "yes",
        "foot": "designated",
        "highway": "path",
        "horse": "no",
        "layer": "1",
        "name": "Avalanche Pass Trail",
        "sac_scale": "mountain_hiking",
        "surface": "wood",
        "tiger:cfcc": "A51",
        "tiger:county": "Essex, NY",
        "trail_visibility": "excellent",
        "type": "route"
      },
      "geometry": {
        "type": "LineString",
        "coordinates": [
          [
            -73.9699467,
            44.130551
          ],
          [
            -73.9699278,
            44.130469
          ]
        ]
      }
    },
    {
      "type": "Feature",
      "properties": {
        "id": 433114231,
        "kind": "wild",
        "bicycle": "no",
        "foot": "designated",
        "highway": "path",
        "horse": "no",
        "name": "Lake Colden Trail",
        "piste:type": "nordic",
        "sac_scale": "mountain_hiking",
        "ski": "yes",
        "source": "survey;2017 Strava Heatmap",
        "surface": "ground",
        "tiger:cfcc": "A51",
        "tiger:county": "Essex, NY",
        "trail_visibility": "good"
      },
      "geometry": {
        "type": "LineString",
        "coordinates": [
          [
            -73.9796829,
            44.1259484
          ],
          [
            -73.9802468,
            44.1247244
          ],
          [
            -73.9803412,
            44.1245883
          ]
        ]
      }
    },
    {
      "type": "Feature",
      "properties": {
        "id": 433124709,
        "kind": "wild",
        "bicycle": "no",
        "highway": "path",
        "horse": "no",
        "surface": "ground"
      },
      "geometry": {
        "type": "LineString",
        "coordinates": [
          [
            -73.943544,
            44.1313825
          ],
          [
            -73.9434512,
            44.1314133
          ],
          [
            -73.9434678,
            44.1314639
          ],
          [
            -73.9434678,
            44.1315249
          ]
        ]
      }
    },
    {
      "type": "Feature",
      "properties": {
        "id": 433282618,
        "kind": "wild",
        "waterway": "stream"
      },
      "geometry": {
        "type": "LineString",
        "coordinates": [
          [
            -73.9524628,
            44.1577028
          ],
          [
            -73.9521837,
            44.1582402
          ],
          [
            -73.9515127,
            44.158581
          ],
          [
            -73.9514549,
            44.1586948
          ]
        ]
      }
    },
    {
      "type": "Feature",
      "properties": {
        "id": 449293486,
        "kind": "wild",
        "name": "Upper Twin Brook",
        "source": "USGS Hydrography, Bing, NYS GIS Orthoimagery",
        "waterway": "stream",
        "wikidata": "Q34727245"
      },
      "geometry": {
        "type": "LineString",
        "coordinates": [
          [
            -73.9580226,
            44.0942201
          ],
          [
            -73.9632654,
            44.0985501
          ],
          [
            -73.9674819,
            44.0993475
          ],
          [
            -73.9705109,
            44.0974312
          ],
          [
            -73.9736456,
            44.094867
          ],
          [
            -73.9761972,
            44.0914249
          ],
          [
            -73.9803672,
            44.0902937
          ],
          [
            -73.9861393,
            44.0861709
          ],
          [
            -73.9898014,
            44.0837648
          ],
          [
            -73.9925212,
            44.084628
          ],
          [
            -73.9942646,
            44.085021
          ],
          [
            -73.9947546,
            44.0831037
          ],
          [
            -73.9956432,
            44.0812447
          ],
          [
            -73.9970675,
            44.0800539
          ],
          [
            -73.9977193,
            44.0776838
          ],
          [
            -73.9998167,
            44.0768726
          ],
          [
            -74.0017479,
            44.0768649
          ],
          [
            -74.003486,
            44.0761905
          ],
          [
            -74.0037216,
            44.0759962
          ]
        ]
      }
    },
    {
      "type": "Feature",
      "properties": {
        "id": 449293487,
        "kind": "wild",
        "source": "Bing",
        "waterway": "stream"
      },
      "geometry": {
        "type": "LineString",
        "coordinates": [
          [
            -73.9697974,
            44.1012046
          ],
          [
            -73.969953,
            44.0992361
          ],
          [
            -73.9717778,
            44.0969295
          ]
        ]
      }
    },
    {
      "type": "Feature",
      "properties": {
        "id": 479424651,
        "kind": "wild",
        "source:position": "USGS Topo",
        "waterway": "stream"
      },
      "geometry": {
        "type": "LineString",
        "coordinates": [
          [
            -73.9441295,
            44.0964609
          ],
          [
            -73.9417419,
            44.0990512
          ],
          [
            -73.9430938,
            44.100519
          ],
          [
            -73.944628,
            44.1018018
          ],
          [
            -73.9449971,
            44.1023356
          ]
        ]
      }
    },
    {
      "type": "Feature",
      "properties": {
        "id": 479424653,
        "kind": "wild",
        "source:position": "USGS Topo",
        "waterway": "stream"
      },
      "geometry": {
        "type": "LineString",
        "coordinates": [
          [
            -73.9297202,
            44.1050414
          ],
          [
            -73.9248333,
            44.1044135
          ],
          [
            -73.9224596,
            44.1040515
          ],
          [
            -73.9206237,
            44.1031843
          ],
          [
            -73.9174721,
            44.1028704
          ],
          [
            -73.914209,
            44.1035931
          ],
          [
            -73.9119754,
            44.1027258
          ]
        ]
      }
    },
    {
      "type": "Feature",
      "properties": {
        "id": 488736983,
        "kind": "wild",
        "waterway": "stream"
      },
      "geometry": {
        "type": "LineString",
        "coordinates": [
          [
            -73.9027833,
            44.1338422
          ],
          [
            -73.9002674,
            44.1345353
          ],
          [
            -73.8983469,
            44.1353399
          ],
          [
            -73.8959973,
            44.1369338
          ],
          [
            -73.8946285,
            44.1374222
          ]
        ]
      }
    },
    {
      "type": "Feature",
      "properties": {
        "id": 488736984,
        "kind": "wild",
        "waterway": "stream"
      },
      "geometry": {
        "type": "LineString",
        "coordinates": [
          [
            -73.9000444,
            44.1456227
          ],
          [
            -73.896343,
            44.1444987
          ],
          [
            -73.8936125,
            44.1424392
          ],
          [
            -73.8902222,
            44.1425547
          ],
          [
            -73.8882494,
            44.1419185
          ]
        ]
      }
    },
    {
      "type": "Feature",
      "properties": {
        "id": 488875138,
        "kind": "wild",
        "name": "Phelps Brook",
        "source": "USGS Topo",
        "source:name": "USGS Topo",
        "waterway": "stream"
      },
      "geometry": {
        "type": "LineString",
        "coordinates": [
          [
            -73.9159771,
            44.1474003
          ],
          [
            -73.9194479,
            44.1484575
          ],
          [
            -73.9253026,
            44.1496194
          ],
          [
            -73.930099,
            44.1495302
          ],
          [
            -73.9342499,
            44.1504729
          ],
          [
            -73.9380125,
            44.1518366
          ],
          [
            -73.9417548,
            44.1531179
          ],
          [
            -73.9439033,
            44.1539054
          ],
          [
            -73.9457607,
            44.1554167
          ],
          [
            -73.9465748,
            44.156829
          ],
          [
            -73.9479247,
            44.1578535
          ],
          [
            -73.9477444,
            44.1596178
          ],
          [
            -73.9483256,
            44.1624141
          ],
          [
            -73.9496555,
            44.164116
          ],
          [
            -73.9504688,
            44.1652043
          ]
        ]
      }
    },
    {
      "type": "Feature",
      "properties": {
        "id": 488875141,
        "kind": "wild",
        "access": "no",
        "bicycle": "no",
        "bridge": "yes",
        "foot": "designated",
        "highway": "path",
        "horse": "no",
        "layer": "1",
        "name": "Avalanche Pass Trail",
        "operator": "NYSDEC",
        "osmc:symbol": "yellow",
        "sac_scale": "mountain_hiking",
        "ski": "discouraged",
        "surface": "wood",
        "tiger:cfcc": "A51",
        "tiger:county": "Essex, NY"
      },
      "geometry": {
        "type": "LineString",
        "coordinates": [
          [
            -73.9545662,
            44.1440656
          ],
          [
            -73.9546171,
            44.1439771
          ]
        ]
      }
    },
    {
      "type": "Feature",
      "properties": {
        "id": 488875144,
        "kind": "wild",
        "bicycle": "no",
        "foot": "designated",
        "highway": "path",
        "horse": "no",
        "name": "Avalanche Pass Trail",
        "operator": "NYSDEC",
        "osmc:symbol": "yellow",
        "piste:type": "nordic",
        "sac_scale": "mountain_hiking",
        "ski": "yes",
        "source": "survey;2017 Strava Heatmap",
        "surface": "ground",
        "tiger:cfcc": "A51",
        "tiger:county": "Essex, NY"
      },
      "geometry": {
        "type": "LineString",
        "coordinates": [
          [
            -73.954286,
            44.144859
          ],
          [
            -73.9544375,
            44.1442918
          ]
        ]
      }
    },
    {
      "type": "Feature",
      "properties": {
        "id": 488875151,
        "kind": "wild",
        "bicycle": "no",
        "bridge": "yes",
        "foot": "designated",
        "highway": "path",
        "horse": "no",
        "layer": "1",
        "name": "Lake Arnold Trail",
        "piste:type": "nordic",
        "ski": "yes",
        "surface": "wood"
      },
      "geometry": {
        "type": "LineString",
        "coordinates": [
          [
            -73.9543042,
            44.1441902
          ],
          [
            -73.9542389,
            44.1441003
          ]
        ]
      }
    },
    {
      "type": "Feature",
      "properties": {
        "id": 488875156,
        "kind": "wild",
        "bicycle": "no",
        "foot": "designated",
        "highway": "path",
        "horse": "no",
        "name": "Lake Arnold Trail",
        "piste:type": "nordic",
        "ski": "yes",
        "surface": "ground"
      },
      "geometry": {
        "type": "LineString",
        "coordinates": [
          [
            -73.9544375,
            44.1442918
          ],
          [
            -73.9543042,
            44.1441902
          ]
        ]
      }
    },
    {
      "type": "Feature",
      "properties": {
        "id": 488875160,
        "kind": "wild",
        "waterway": "stream"
      },
      "geometry": {
        "type": "LineString",
        "coordinates": [
          [
            -73.9608616,
            44.1389581
          ],
          [
            -73.9606094,
            44.1407097
          ],
          [
            -73.9588036,
            44.1419238
          ],
          [
            -73.9567517,
            44.1429304
          ],
          [
            -73.9548635,
            44.1439005
          ],
          [
            -73.9537859,
            44.1447547
          ]
        ]
      }
    },
    {
      "type": "Feature",
      "properties": {
        "id": 488875165,
        "kind": "wild",
        "waterway": "stream"
      },
      "geometry": {
        "type": "LineString",
        "coordinates": [
          [
            -73.9761897,
            44.1472523
          ],
          [
            -73.9723381,
            44.1463054
          ],
          [
            -73.9676952,
            44.1455721
          ],
          [
            -73.9646321,
            44.1449485
          ],
          [
            -73.9614071,
            44.1454847
          ]
        ]
      }
    },
    {
      "type": "Feature",
      "properties": {
        "id": 488875171,
        "kind": "wild",
        "waterway": "stream"
      },
      "geometry": {
        "type": "LineString",
        "coordinates": [
          [
            -73.9629651,
            44.1568775
          ],
          [
            -73.9591577,
            44.156282
          ],
          [
            -73.9565184,
            44.1558009
          ],
          [
            -73.9532587,
            44.155207
          ]
        ]
      }
    },
    {
      "type": "Feature",
      "properties": {
        "id": 488875175,
        "kind": "wild",
        "waterway": "stream"
      },
      "geometry": {
        "type": "LineString",
        "coordinates": [
          [
            -73.9668114,
            44.1494262
          ],
          [
            -73.9619834,
            44.1482368
          ],
          [
            -73.958099,
            44.148809
          ]
        ]
      }
    },
    {
      "type": "Feature",
      "properties": {
        "id": 488875179,
        "kind": "wild",
        "waterway": "stream"
      },
      "geometry": {
        "type": "LineString",
        "coordinates": [
          [
            -73.9707931,
            44.1386063
          ],
          [
            -73.968654,
            44.140126
          ],
          [
            -73.9669401,
            44.1422125
          ],
          [
            -73.9652369,
            44.1438986
          ],
          [
            -73.9620424,
            44.1449418
          ],
          [
            -73.960197,
            44.1465874
          ],
          [
            -73.957893,
            44.1489008
          ],
          [
            -73.955968,
            44.1503887
          ]
        ]
      }
    },
    {
      "type": "Feature",
      "properties": {
        "id": 488875183,
        "kind": "wild",
        "waterway": "stream"
      },
      "geometry": {
        "type": "LineString",
        "coordinates": [
          [
            -73.9567008,
            44.1347718
          ],
          [
            -73.9598068,
            44.1371857
          ],
          [
            -73.9605363,
            44.1376053
          ],
          [
            -73.9617174,
            44.1370052
          ],
          [
            -73.9630523,
            44.136281
          ],
          [
            -73.9639588,
            44.1354032
          ],
          [
            -73.964655,
            44.1351222
          ]
        ]
      }
    },
    {
      "type": "Feature",
      "properties": {
        "id": 488875186,
        "kind": "wild",
        "bicycle": "no",
        "bridge": "yes",
        "foot": "designated",
        "highway": "path",
        "horse": "no",
        "layer": "1",
        "name": "Lake Arnold Trail",
        "sac_scale": "hiking",
        "surface": "wood",
        "trail_visibility": "excellent"
      },
      "geometry": {
        "type": "LineString",
        "coordinates": [
          [
            -73.9528357,
            44.1433549
          ],
          [
            -73.9525773,
            44.1434197
          ]
        ]
      }
    },
    {
      "type": "Feature",
      "properties": {
        "id": 488875190,
        "kind": "wild",
        "bicycle": "no",
        "foot": "designated",
        "highway": "path",
        "horse": "no",
        "name": "Lake Arnold Trail",
        "surface": "ground"
      },
      "geometry": {
        "type": "LineString",
        "coordinates": [
          [
            -73.9531326,
            44.1433274
          ],
          [
            -73.9528357,
            44.1433549
          ]
        ]
      }
    },
    {
      "type": "Feature",
      "properties": {
        "id": 488875192,
        "kind": "wild",
        "waterway": "stream"
      },
      "geometry": {
        "type": "LineString",
        "coordinates": [
          [
            -73.9513444,
            44.1334647
          ],
          [
            -73.9502232,
            44.1356861
          ],
          [
            -73.9504003,
            44.1380962
          ],
          [
            -73.9523476,
            44.1424618
          ],
          [
            -73.9539408,
            44.1443105
          ]
        ]
      }
    },
    {
      "type": "Feature",
      "properties": {
        "id": 488875195,
        "kind": "wild",
        "waterway": "stream"
      },
      "geometry": {
        "type": "LineString",
        "coordinates": [
          [
            -73.9313023,
            44.1332842
          ],
          [
            -73.9333944,
            44.1348589
          ],
          [
            -73.9365178,
            44.1362709
          ],
          [
            -73.9381124,
            44.1364412
          ],
          [
            -73.939243,
            44.1374047
          ],
          [
            -73.9404446,
            44.138652
          ],
          [
            -73.9409783,
            44.1408541
          ]
        ]
      }
    },
    {
      "type": "Feature",
      "properties": {
        "id": 488875196,
        "kind": "wild",
        "waterway": "stream"
      },
      "geometry": {
        "type": "LineString",
        "coordinates": [
          [
            -73.9434498,
            44.1309377
          ],
          [
            -73.9428599,
            44.1309933
          ],
          [
            -73.9421438,
            44.1313648
          ],
          [
            -73.9416824,
            44.1324198
          ],
          [
            -73.9406954,
            44.1336095
          ],
          [
            -73.9392255,
            44.1349031
          ],
          [
            -73.9383183,
            44.1360336
          ],
          [
            -73.9381124,
            44.1364412
          ]
        ]
      }
    },
    {
      "type": "Feature",
      "properties": {
        "id": 488875201,
        "kind": "wild",
        "name": "MacIntyre Brook",
        "waterway": "stream",
        "wikidata": "Q35435171"
      },
      "geometry": {
        "type": "LineString",
        "coordinates": [
          [
            -73.9778235,
            44.1569341
          ],
          [
            -73.9796474,
            44.1590354
          ],
          [
            -73.9790044,
            44.1601683
          ],
          [
            -73.9772784,
            44.1625437
          ],
          [
            -73.9734857,
            44.1646987
          ],
          [
            -73.9680086,
            44.1677771
          ],
          [
            -73.9640014,
            44.1702628
          ],
          [
            -73.96065,
            44.1725416
          ],
          [
            -73.9594041,
            44.1743682
          ],
          [
            -73.9608096,
            44.177069
          ],
          [
            -73.9610456,
            44.1781578
          ],
          [
            -73.958975,
            44.1801237
          ],
          [
            -73.9576821,
            44.1824358
          ],
          [
            -73.9542382,
            44.183713
          ],
          [
            -73.9514111,
            44.1843054
          ],
          [
            -73.9503758,
            44.1848439
          ],
          [
            -73.9502396,
            44.1853077
          ]
        ]
      }
    },
    {
      "type": "Feature",
      "properties": {
        "id": 488875203,
        "kind": "wild",
        "bicycle": "no",
        "bridge": "yes",
        "foot": "designated",
        "highway": "path",
        "horse": "no",
        "layer": "1",
        "name": "Avalanche Pass Trail",
        "operator": "NYSDEC",
        "osmc:symbol": "yellow",
        "piste:type": "nordic",
        "sac_scale": "mountain_hiking",
        "ski": "yes",
        "surface": "wood",
        "tiger:cfcc": "A51",
        "tiger:county": "Essex, NY"
      },
      "geometry": {
        "type": "LineString",
        "coordinates": [
          [
            -73.954267,
            44.144927
          ],
          [
            -73.954286,
            44.144859
          ]
        ]
      }
    },
    {
      "type": "Feature",
      "properties": {
        "id": 488875204,
        "kind": "wild",
        "bicycle": "no",
        "foot": "designated",
        "highway": "path",
        "horse": "no",
        "name": "Avalanche Pass Trail",
        "operator": "NYSDEC",
        "osmc:symbol": "yellow",
        "piste:type": "nordic",
        "sac_scale": "mountain_hiking",
        "ski": "yes",
        "source": "survey;2017 Strava Heatmap",
        "surface": "ground",
        "tiger:cfcc": "A51",
        "tiger:county": "Essex, NY"
      },
      "geometry": {
        "type": "LineString",
        "coordinates": [
          [
            -73.9516529,
            44.1567838
          ],
          [
            -73.9518867,
            44.1555908
          ],
          [
            -73.9537698,
            44.153563
          ],
          [
            -73.9549925,
            44.1513142
          ],
          [
            -73.954975,
            44.149472
          ],
          [
            -73.9550178,
            44.1483529
          ],
          [
            -73.9549388,
            44.1470013
          ],
          [
            -73.9542615,
            44.1450412
          ],
          [
            -73.954267,
            44.144927
          ]
        ]
      }
    },
    {
      "type": "Feature",
      "properties": {
        "id": 488875205,
        "kind": "wild",
        "bicycle": "no",
        "bridge": "yes",
        "foot": "designated",
        "highway": "path",
        "horse": "no",
        "layer": "1",
        "name": "Avalanche Pass Trail",
        "operator": "NYSDEC",
        "osmc:symbol": "yellow",
        "route": "hiking",
        "sac_scale": "mountain_hiking",
        "surface": "wood",
        "tiger:cfcc": "A51",
        "tiger:county": "Essex, NY",
        "type": "route"
      },
      "geometry": {
        "type": "LineString",
        "coordinates": [
          [
            -73.9516073,
            44.1568266
          ],
          [
            -73.9516529,
            44.1567838
          ]
        ]
      }
    },
    {
      "type": "Feature",
      "properties": {
        "id": 488875208,
        "kind": "wild",
        "bicycle": "no",
        "foot": "designated",
        "highway": "path",
        "horse": "no",
        "name": "Avalanche Pass Trail",
        "operator": "NYSDEC",
        "osmc:symbol": "yellow",
        "route": "hiking",
        "sac_scale": "mountain_hiking",
        "source": "survey; 2017 Strava Heatmap",
        "surface": "ground",
        "tiger:cfcc": "A51",
        "tiger:county": "Essex, NY",
        "type": "route"
      },
      "geometry": {
        "type": "LineString",
        "coordinates": [
          [
            -73.9506245,
            44.1579943
          ],
          [
            -73.9513426,
            44.1570263
          ],
          [
            -73.9516073,
            44.1568266
          ]
        ]
      }
    },
    {
      "type": "Feature",
      "properties": {
        "id": 488875209,
        "kind": "wild",
        "intermittent": "yes",
        "waterway": "stream"
      },
      "geometry": {
        "type": "LineString",
        "coordinates": [
          [
            -73.9492973,
            44.1571823
          ],
          [
            -73.9504663,
            44.1569174
          ],
          [
            -73.9511553,
            44.1568645
          ],
          [
            -73.9516572,
            44.1568316
          ],
          [
            -73.9518259,
            44.1571337
          ],
          [
            -73.9517573,
            44.1574327
          ],
          [
            -73.9515299,
            44.1581444
          ]
        ]
      }
    },
    {
      "type": "Feature",
      "properties": {
        "id": 489620738,
        "kind": "wild",
        "bicycle": "no",
        "bridge": "yes",
        "foot": "designated",
        "highway": "path",
        "horse": "no",
        "layer": "1",
        "name": "Lake Colden Trail",
        "operator": "NYSDEC",
        "piste:type": "nordic",
        "sac_scale": "mountain_hiking",
        "ski": "yes",
        "source": "survey;2017 Strava Heatmap",
        "surface": "wood",
        "tiger:cfcc": "A51",
        "tiger:county": "Essex, NY"
      },
      "geometry": {
        "type": "LineString",
        "coordinates": [
          [
            -73.9742444,
            44.1279005
          ],
          [
            -73.97436,
            44.1278994
          ]
        ]
      }
    },
    {
      "type": "Feature",
      "properties": {
        "id": 489620739,
        "kind": "wild",
        "bicycle": "no",
        "foot": "designated",
        "highway": "path",
        "horse": "no",
        "name": "Lake Colden Trail",
        "piste:type": "nordic",
        "sac_scale": "mountain_hiking",
        "ski": "yes",
        "surface": "ground",
        "tiger:cfcc": "A51",
        "tiger:county": "Essex, NY",
        "trail_visibility": "good"
      },
      "geometry": {
        "type": "LineString",
        "coordinates": [
          [
            -73.974067,
            44.1278694
          ],
          [
            -73.9742444,
            44.1279005
          ]
        ]
      }
    },
    {
      "type": "Feature",
      "properties": {
        "id": 489620740,
        "kind": "wild",
        "waterway": "stream"
      },
      "geometry": {
        "type": "LineString",
        "coordinates": [
          [
            -73.9698782,
            44.130546
          ],
          [
            -73.9711805,
            44.1295212
          ],
          [
            -73.9739686,
            44.1281283
          ],
          [
            -73.9747733,
            44.1271041
          ],
          [
            -73.975743,
            44.1269008
          ],
          [
            -73.9767095,
            44.1267465
          ],
          [
            -73.9774418,
            44.1265707
          ],
          [
            -73.9774823,
            44.1260985
          ],
          [
            -73.9772944,
            44.1251319
          ]
        ]
      }
    },
    {
      "type": "Feature",
      "properties": {
        "id": 489620747,
        "kind": "wild",
        "waterway": "stream"
      },
      "geometry": {
        "type": "LineString",
        "coordinates": [
          [
            -73.9863122,
            44.1380955
          ],
          [
            -73.9854686,
            44.1369588
          ],
          [
            -73.984389,
            44.1358009
          ],
          [
            -73.9827595,
            44.1349424
          ],
          [
            -73.9814628,
            44.1341743
          ],
          [
            -73.9795637,
            44.1327382
          ],
          [
            -73.9791319,
            44.1313656
          ],
          [
            -73.9790704,
            44.1311972
          ]
        ]
      }
    },
    {
      "type": "Feature",
      "properties": {
        "id": 489637091,
        "kind": "wild",
        "access": "no",
        "bicycle": "no",
        "bridge": "boardwalk",
        "foot": "designated",
        "highway": "path",
        "horse": "no",
        "name": "Avalanche Pass Trail",
        "operator": "NYSDEC",
        "sac_scale": "mountain_hiking",
        "surface": "wood",
        "tiger:cfcc": "A51",
        "tiger:county": "Essex, NY",
        "trail_visibility": "excellent"
      },
      "geometry": {
        "type": "LineString",
        "coordinates": [
          [
            -73.9676201,
            44.1333892
          ],
          [
            -73.9678536,
            44.1332306
          ]
        ]
      }
    },
    {
      "type": "Feature",
      "properties": {
        "id": 489637092,
        "kind": "wild",
        "access": "no",
        "bicycle": "no",
        "foot": "designated",
        "highway": "path",
        "horse": "no",
        "name": "Avalanche Pass Trail",
        "operator": "NYSDEC",
        "sac_scale": "mountain_hiking",
        "surface": "ground",
        "tiger:cfcc": "A51",
        "tiger:county": "Essex, NY",
        "trail_visibility": "good"
      },
      "geometry": {
        "type": "LineString",
        "coordinates": [
          [
            -73.9678536,
            44.1332306
          ],
          [
            -73.9684361,
            44.1326885
          ],
          [
            -73.96875,
            44.1325102
          ]
        ]
      }
    },
    {
      "type": "Feature",
      "properties": {
        "id": 489637093,
        "kind": "wild",
        "access": "no",
        "bicycle": "no",
        "bridge": "boardwalk",
        "foot": "designated",
        "highway": "path",
        "horse": "no",
        "name": "Avalanche Pass Trail",
        "operator": "NYSDEC",
        "sac_scale": "mountain_hiking",
        "surface": "wood",
        "tiger:cfcc": "A51",
        "tiger:county": "Essex, NY",
        "trail_visibility": "excellent"
      },
      "geometry": {
        "type": "LineString",
        "coordinates": [
          [
            -73.96875,
            44.1325102
          ],
          [
            -73.9688694,
            44.1324315
          ]
        ]
      }
    },
    {
      "type": "Feature",
      "properties": {
        "id": 489637094,
        "kind": "wild",
        "access": "no",
        "bicycle": "no",
        "foot": "designated",
        "highway": "path",
        "horse": "no",
        "name": "Avalanche Pass Trail",
        "note": "Western shore of Avalanche Lake is (currently) best rendered by 2017 DigitalGlobe/Bing; it also agrees with USGS Hydrography. ESRI imagery is in shadows and present a false shoreline! 2017 Strava Heatmap is skewed slightly westward within Avalanche Pass.",
        "sac_scale": "mountain_hiking",
        "surface": "ground",
        "tiger:cfcc": "A51",
        "tiger:county": "Essex, NY",
        "trail_visibility": "good"
      },
      "geometry": {
        "type": "LineString",
        "coordinates": [
          [
            -73.9688694,
            44.1324315
          ],
          [
            -73.9695031,
            44.1311372
          ],
          [
            -73.9699467,
            44.130551
          ]
        ]
      }
    },
    {
      "type": "Feature",
      "properties": {
        "id": 489821687,
        "kind": "wild",
        "intermittent": "yes",
        "waterway": "stream"
      },
      "geometry": {
        "type": "LineString",
        "coordinates": [
          [
            -73.9555145,
            44.157328
          ],
          [
            -73.9541922,
            44.1571875
          ],
          [
            -73.952886,
            44.1574973
          ],
          [
            -73.9525594,
            44.1575894
          ]
        ]
      }
    },
    {
      "type": "Feature",
      "properties": {
        "id": 492591930,
        "kind": "wild",
        "leaf_cycle": "evergreen",
        "leaf_type": "needleleaved",
        "natural": "wood"
      },
      "geometry": {
        "type": "Polygon",
        "coordinates": [
          [
            [
              -73.9816332,
              44.1396007
            ],
            [
              -73.9801285,
              44.138977
            ],
            [
              -73.98096,
              44.1391772
            ],
            [
              -73.9816332,
              44.1396007
            ]
          ]
        ]
      }
    },
    {
      "type": "Feature",
      "properties": {
        "id": 492688340,
        "kind": "wild",
        "intermittent": "yes",
        "waterway": "stream"
      },
      "geometry": {
        "type": "LineString",
        "coordinates": [
          [
            -73.979997,
            44.1472747
          ],
          [
            -73.9786077,
            44.1471265
          ],
          [
            -73.9767408,
            44.1472285
          ],
          [
            -73.9761897,
            44.1472523
          ]
        ]
      }
    },
    {
      "type": "Feature",
      "properties": {
        "id": 492807287,
        "kind": "wild",
        "bicycle": "no",
        "bridge": "boardwalk",
        "foot": "designated",
        "highway": "path",
        "horse": "no",
        "name": "Van Hoevenberg Trail",
        "sac_scale": "hiking",
        "source": "survey;2017 Strava Heatmap",
        "surface": "wood",
        "trail_visibility": "excellent"
      },
      "geometry": {
        "type": "LineString",
        "coordinates": [
          [
            -73.9175033,
            44.1148876
          ],
          [
            -73.9176518,
            44.114795
          ]
        ]
      }
    },
    {
      "type": "Feature",
      "properties": {
        "id": 492813439,
        "kind": "wild",
        "bridge": "yes",
        "foot": "yes",
        "highway": "path",
        "layer": "1"
      },
      "geometry": {
        "type": "LineString",
        "coordinates": [
          [
            -73.9550071,
            44.1142655
          ],
          [
            -73.9551241,
            44.1142981
          ]
        ]
      }
    },
    {
      "type": "Feature",
      "properties": {
        "id": 492813443,
        "kind": "wild",
        "leaf_cycle": "evergreen",
        "leaf_type": "needleleaved",
        "natural": "wood"
      },
      "geometry": {
        "type": "Polygon",
        "coordinates": [
          [
            [
              -73.9582678,
              44.1262059
            ],
            [
              -73.9580619,
              44.1259344
            ],
            [
              -73.9576811,
              44.1253645
            ],
            [
              -73.9580002,
              44.1255917
            ],
            [
              -73.9582872,
              44.1260846
            ],
            [
              -73.9582678,
              44.1262059
            ]
          ]
        ]
      }
    },
    {
      "type": "Feature",
      "properties": {
        "id": 493353885,
        "kind": "wild",
        "intermittent": "yes",
        "waterway": "stream"
      },
      "geometry": {
        "type": "LineString",
        "coordinates": [
          [
            -73.9629006,
            44.1304049
          ],
          [
            -73.9655614,
            44.1313058
          ],
          [
            -73.9677742,
            44.1317881
          ],
          [
            -73.9685441,
            44.1320344
          ]
        ]
      }
    },
    {
      "type": "Feature",
      "properties": {
        "id": 493539427,
        "kind": "wild",
        "leaf_cycle": "semi_evergreen",
        "leaf_type": "mixed",
        "natural": "wood"
      },
      "geometry": {
        "type": "Polygon",
        "coordinates": [
          [
            [
              -73.9659154,
              44.156212
            ],
            [
              -73.9636678,
              44.1569278
            ],
            [
              -73.9657438,
              44.156108
            ],
            [
              -73.9659154,
              44.156212
            ]
          ]
        ]
      }
    },
    {
      "type": "Feature",
      "properties": {
        "id": 493540691,
        "kind": "wild",
        "bicycle": "no",
        "foot": "designated",
        "highway": "path",
        "horse": "no",
        "name": "Lake Arnold Trail",
        "sac_scale": "mountain_hiking",
        "trail_visibility": "excellent"
      },
      "geometry": {
        "type": "LineString",
        "coordinates": [
          [
            -73.9517605,
            44.118266
          ],
          [
            -73.9527258,
            44.1171605
          ],
          [
            -73.9529795,
            44.1166757
          ],
          [
            -73.9532925,
            44.1158611
          ],
          [
            -73.9543835,
            44.1148762
          ],
          [
            -73.9549778,
            44.1140995
          ],
          [
            -73.9550577,
            44.1138455
          ]
        ]
      }
    },
    {
      "type": "Feature",
      "properties": {
        "id": 493540692,
        "kind": "wild",
        "bicycle": "no",
        "bridge": "yes",
        "foot": "designated",
        "highway": "path",
        "horse": "no",
        "layer": "1",
        "name": "Lake Arnold Trail",
        "sac_scale": "mountain_hiking",
        "trail_visibility": "excellent"
      },
      "geometry": {
        "type": "LineString",
        "coordinates": [
          [
            -73.9517856,
            44.1183289
          ],
          [
            -73.9517605,
            44.118266
          ]
        ]
      }
    },
    {
      "type": "Feature",
      "properties": {
        "id": 493540693,
        "kind": "wild",
        "waterway": "stream"
      },
      "geometry": {
        "type": "LineString",
        "coordinates": [
          [
            -73.9479017,
            44.1249718
          ],
          [
            -73.9485991,
            44.1240283
          ],
          [
            -73.9491785,
            44.1233622
          ],
          [
            -73.9500368,
            44.1218565
          ],
          [
            -73.9511687,
            44.120578
          ],
          [
            -73.9511365,
            44.1191261
          ],
          [
            -73.9520592,
            44.1185022
          ],
          [
            -73.952719,
            44.1180671
          ],
          [
            -73.9524096,
            44.1177208
          ]
        ]
      }
    },
    {
      "type": "Feature",
      "properties": {
        "id": 493540694,
        "kind": "wild",
        "waterway": "stream"
      },
      "geometry": {
        "type": "LineString",
        "coordinates": [
          [
            -73.9528263,
            44.1268432
          ],
          [
            -73.9505839,
            44.1254107
          ],
          [
            -73.9496559,
            44.1244442
          ],
          [
            -73.9491141,
            44.1234584
          ]
        ]
      }
    },
    {
      "type": "Feature",
      "properties": {
        "id": 493540695,
        "kind": "wild",
        "waterway": "stream"
      },
      "geometry": {
        "type": "LineString",
        "coordinates": [
          [
            -73.9329726,
            44.1170118
          ],
          [
            -73.9351666,
            44.1190992
          ],
          [
            -73.9382941,
            44.1201004
          ],
          [
            -73.9403915,
            44.1207667
          ],
          [
            -73.9405796,
            44.1208581
          ]
        ]
      }
    },
    {
      "type": "Feature",
      "properties": {
        "id": 494218580,
        "kind": "wild",
        "bicycle": "no",
        "foot": "designated",
        "highway": "path",
        "horse": "no",
        "name": "Haystack Trail",
        "sac_scale": "mountain_hiking",
        "surface": "ground"
      },
      "geometry": {
        "type": "LineString",
        "coordinates": [
          [
            -73.9006883,
            44.1057239
          ],
          [
            -73.9008846,
            44.1069799
          ],
          [
            -73.9008508,
            44.1078852
          ],
          [
            -73.9008282,
            44.1085962
          ],
          [
            -73.9008451,
            44.109437
          ],
          [
            -73.9007616,
            44.109879
          ],
          [
            -73.9007824,
            44.1105942
          ],
          [
            -73.9009027,
            44.1113772
          ],
          [
            -73.9008013,
            44.1118365
          ],
          [
            -73.900934,
            44.1118517
          ]
        ]
      }
    },
    {
      "type": "Feature",
      "properties": {
        "id": 494298416,
        "kind": "wild",
        "highway": "track",
        "name": "Marcy Dam Truck Trail",
        "piste:type": "nordic",
        "ski": "yes",
        "surface": "unpaved",
        "tiger:cfcc": "A41",
        "tiger:county": "Essex, NY",
        "tiger:name_base": "State Truck",
        "tiger:name_type": "Rd",
        "tiger:reviewed": "yes",
        "tracktype": "grade4"
      },
      "geometry": {
        "type": "LineString",
        "coordinates": [
          [
            -73.950229,
            44.1589784
          ],
          [
            -73.9502926,
            44.1596645
          ],
          [
            -73.9511786,
            44.1599125
          ]
        ]
      }
    },
    {
      "type": "Feature",
      "properties": {
        "id": 499978525,
        "kind": "wild",
        "highway": "track",
        "name": "Marcy Dam Truck Trail",
        "piste:type": "nordic",
        "ski": "yes",
        "surface": "unpaved",
        "tiger:cfcc": "A41",
        "tiger:county": "Essex, NY",
        "tiger:name_base": "Meadows:State Truck",
        "tiger:name_direction_prefix": "S",
        "tiger:name_type": "Rd",
        "tiger:reviewed": "aerial",
        "tracktype": "grade3"
      },
      "geometry": {
        "type": "LineString",
        "coordinates": [
          [
            -73.9491368,
            44.1636074
          ],
          [
            -73.949879,
            44.163089
          ],
          [
            -73.950292,
            44.162422
          ],
          [
            -73.950937,
            44.160716
          ],
          [
            -73.9511786,
            44.1599125
          ]
        ]
      }
    },
    {
      "type": "Feature",
      "properties": {
        "id": 499978534,
        "kind": "wild",
        "waterway": "stream"
      },
      "geometry": {
        "type": "LineString",
        "coordinates": [
          [
            -73.9094442,
            44.1567431
          ],
          [
            -73.902964,
            44.1576706
          ],
          [
            -73.9026636,
            44.1630275
          ],
          [
            -73.9017034,
            44.1686861
          ]
        ]
      }
    },
    {
      "type": "Feature",
      "properties": {
        "id": 506538461,
        "kind": "wild",
        "foot": "yes",
        "highway": "path"
      },
      "geometry": {
        "type": "LineString",
        "coordinates": [
          [
            -73.9294317,
            44.1401172
          ],
          [
            -73.9293958,
            44.1403677
          ]
        ]
      }
    },
    {
      "type": "Feature",
      "properties": {
        "id": 508233787,
        "kind": "wild",
        "bicycle": "no",
        "foot": "designated",
        "highway": "path",
        "horse": "no",
        "name": "Van Hoevenberg Trail",
        "piste:type": "nordic",
        "sac_scale": "hiking",
        "ski": "designated",
        "source": "survey;2017 Strava Heatmap",
        "surface": "ground",
        "trail_visibility": "excellent"
      },
      "geometry": {
        "type": "LineString",
        "coordinates": [
          [
            -73.9514793,
            44.1632475
          ],
          [
            -73.9515453,
            44.1618116
          ],
          [
            -73.9528406,
            44.1613941
          ],
          [
            -73.9534692,
            44.160567
          ],
          [
            -73.9530838,
            44.1596699
          ]
        ]
      }
    },
    {
      "type": "Feature",
      "properties": {
        "id": 508247622,
        "kind": "wild",
        "foot": "designated",
        "highway": "path"
      },
      "geometry": {
        "type": "LineString",
        "coordinates": [
          [
            -73.9181767,
            44.1225085
          ],
          [
            -73.9181156,
            44.1226432
          ],
          [
            -73.9181071,
            44.1227926
          ]
        ]
      }
    },
    {
      "type": "Feature",
      "properties": {
        "id": 508247623,
        "kind": "wild",
        "foot": "yes",
        "highway": "path"
      },
      "geometry": {
        "type": "LineString",
        "coordinates": [
          [
            -73.9282479,
            44.1402479
          ],
          [
            -73.9282814,
            44.1402154
          ]
        ]
      }
    },
    {
      "type": "Feature",
      "properties": {
        "id": 516502008,
        "kind": "wild",
        "foot": "yes",
        "highway": "path"
      },
      "geometry": {
        "type": "LineString",
        "coordinates": [
          [
            -73.9172661,
            44.1215994
          ],
          [
            -73.9172116,
            44.1216335
          ],
          [
            -73.9171688,
            44.1216542
          ]
        ]
      }
    },
    {
      "type": "Feature",
      "properties": {
        "id": 531252966,
        "kind": "wild",
        "bicycle": "no",
        "foot": "designated",
        "highway": "path",
        "horse": "no",
        "name": "Van Hoevenberg Trail",
        "piste:type": "nordic",
        "sac_scale": "hiking",
        "ski": "designated",
        "source": "survey;2017 Strava Heatmap",
        "surface": "ground",
        "trail_visibility": "excellent"
      },
      "geometry": {
        "type": "LineString",
        "coordinates": [
          [
            -73.9530113,
            44.1595794
          ],
          [
            -73.9519466,
            44.1589933
          ],
          [
            -73.9517653,
            44.1587859
          ]
        ]
      }
    },
    {
      "type": "Feature",
      "properties": {
        "id": 531252967,
        "kind": "wild",
        "bicycle": "no",
        "bridge": "yes",
        "foot": "designated",
        "highway": "path",
        "horse": "no",
        "layer": "1",
        "name": "Van Hoevenberg Trail",
        "piste:type": "nordic",
        "sac_scale": "hiking",
        "ski": "designated",
        "source": "survey;2017 Strava Heatmap",
        "surface": "wood",
        "trail_visibility": "excellent"
      },
      "geometry": {
        "type": "LineString",
        "coordinates": [
          [
            -73.9530838,
            44.1596699
          ],
          [
            -73.9530113,
            44.1595794
          ]
        ]
      }
    },
    {
      "type": "Feature",
      "properties": {
        "id": 535407004,
        "kind": "wild",
        "bicycle": "no",
        "foot": "designated",
        "highway": "path",
        "horse": "no",
        "name": "Mount Colden Trail",
        "sac_scale": "mountain_hiking",
        "source": "survey; 2017 Strava Heatmap",
        "surface": "ground",
        "trail_visibility": "good",
        "width": "1"
      },
      "geometry": {
        "type": "LineString",
        "coordinates": [
          [
            -73.9674365,
            44.122921
          ],
          [
            -73.9665473,
            44.1239
          ],
          [
            -73.9653782,
            44.1240446
          ],
          [
            -73.9642785,
            44.123637
          ],
          [
            -73.9637624,
            44.1237993
          ],
          [
            -73.9628545,
            44.1238606
          ],
          [
            -73.9624248,
            44.1240126
          ],
          [
            -73.9624195,
            44.1242643
          ],
          [
            -73.9624626,
            44.1248006
          ],
          [
            -73.9615846,
            44.125936
          ],
          [
            -73.9610514,
            44.1263914
          ],
          [
            -73.9601637,
            44.1269244
          ],
          [
            -73.9599975,
            44.1270093
          ]
        ]
      }
    },
    {
      "type": "Feature",
      "properties": {
        "id": 536113275,
        "kind": "wild",
        "alt_name": "Mount Colden Trail",
        "bicycle": "no",
        "foot": "designated",
        "highway": "path",
        "horse": "no",
        "lit": "no",
        "name": "L. Morgan Porter Trail",
        "sac_scale": "mountain_hiking",
        "source": "survey;2017 Strava Heatmap",
        "surface": "ground",
        "trail_visibility": "good",
        "width": "1"
      },
      "geometry": {
        "type": "LineString",
        "coordinates": [
          [
            -73.957276,
            44.128754
          ],
          [
            -73.9565977,
            44.1293775
          ],
          [
            -73.956207,
            44.1298175
          ],
          [
            -73.9559572,
            44.1298362
          ],
          [
            -73.9557221,
            44.1296736
          ],
          [
            -73.9551546,
            44.1295497
          ],
          [
            -73.9545156,
            44.1294855
          ],
          [
            -73.9539291,
            44.1295968
          ],
          [
            -73.9534081,
            44.1296565
          ],
          [
            -73.9529475,
            44.1297381
          ],
          [
            -73.952337,
            44.1299939
          ],
          [
            -73.951134,
            44.1300686
          ],
          [
            -73.9501805,
            44.1301984
          ],
          [
            -73.9498838,
            44.1301675
          ],
          [
            -73.9491331,
            44.1302457
          ],
          [
            -73.9482553,
            44.1306707
          ],
          [
            -73.9476565,
            44.1313896
          ],
          [
            -73.9474033,
            44.1314724
          ],
          [
            -73.9472359,
            44.1318485
          ],
          [
            -73.9466388,
            44.1320845
          ],
          [
            -73.9460543,
            44.1323849
          ],
          [
            -73.9457025,
            44.132561
          ],
          [
            -73.945241,
            44.1323853
          ],
          [
            -73.9449247,
            44.1319835
          ],
          [
            -73.9445563,
            44.1319501
          ],
          [
            -73.9438332,
            44.1316106
          ],
          [
            -73.9434314,
            44.1313084
          ],
          [
            -73.9429257,
            44.1307969
          ]
        ]
      }
    },
    {
      "type": "Feature",
      "properties": {
        "id": 536418290,
        "kind": "wild",
        "alt_name": "Mount Colden Trail",
        "bicycle": "no",
        "foot": "designated",
        "highway": "path",
        "horse": "no",
        "lit": "no",
        "name": "L. Morgan Porter Trail",
        "sac_scale": "mountain_hiking",
        "surface": "ground",
        "trail_visibility": "good",
        "width": "1"
      },
      "geometry": {
        "type": "LineString",
        "coordinates": [
          [
            -73.9599975,
            44.1270093
          ],
          [
            -73.9585382,
            44.1272211
          ],
          [
            -73.9580863,
            44.1274768
          ],
          [
            -73.9573635,
            44.1283561
          ],
          [
            -73.9573377,
            44.1284556
          ]
        ]
      }
    },
    {
      "type": "Feature",
      "properties": {
        "id": 539491138,
        "kind": "wild",
        "bicycle": "no",
        "foot": "designated",
        "highway": "path",
        "horse": "no",
        "name": "Mount Marcy Trail",
        "sac_scale": "mountain_hiking",
        "source": "survey; 2017 Strava Heatmap",
        "surface": "ground"
      },
      "geometry": {
        "type": "LineString",
        "coordinates": [
          [
            -73.9803556,
            44.1179037
          ],
          [
            -73.9793028,
            44.1177355
          ],
          [
            -73.9780232,
            44.1172381
          ],
          [
            -73.9765323,
            44.1175266
          ],
          [
            -73.9748901,
            44.1176415
          ],
          [
            -73.974002,
            44.1172656
          ],
          [
            -73.9733339,
            44.1166987
          ]
        ]
      }
    },
    {
      "type": "Feature",
      "properties": {
        "id": 542312030,
        "kind": "wild",
        "highway": "path",
        "name": "Whales Tail Ski Trail",
        "piste:difficulty": "intermediate",
        "piste:grooming": "backcountry",
        "piste:type": "nordic",
        "ski": "designated",
        "source": "2017 Strava Heatmap",
        "surface": "ground",
        "trail_visibility": "intermediate"
      },
      "geometry": {
        "type": "LineString",
        "coordinates": [
          [
            -73.9529574,
            44.1586635
          ],
          [
            -73.9533735,
            44.1593933
          ],
          [
            -73.9547934,
            44.160303
          ],
          [
            -73.9563918,
            44.1610812
          ],
          [
            -73.9566773,
            44.1609308
          ]
        ]
      }
    },
    {
      "type": "Feature",
      "properties": {
        "id": 543319119,
        "kind": "wild",
        "access": "no",
        "bicycle": "no",
        "foot": "designated",
        "highway": "path",
        "horse": "no",
        "name": "Avalanche Pass Trail",
        "note": "Western shore of Avalanche Lake is (currently) best rendered by 2017 DigitalGlobe/Bing; it also agrees with USGS Hydrography. ESRI imagery is in shadows and present a false shoreline! 2017 Strava Heatmap is skewed slightly westward within Avalanche Pass.",
        "operator": "NYSDEC",
        "sac_scale": "mountain_hiking",
        "surface": "ground",
        "tiger:cfcc": "A51",
        "tiger:county": "Essex, NY"
      },
      "geometry": {
        "type": "LineString",
        "coordinates": [
          [
            -73.9645765,
            44.1354544
          ],
          [
            -73.9658273,
            44.1347475
          ],
          [
            -73.967001,
            44.133682
          ],
          [
            -73.9676201,
            44.1333892
          ]
        ]
      }
    },
    {
      "type": "Feature",
      "properties": {
        "id": 544655234,
        "kind": "wild",
        "access": "no",
        "bicycle": "no",
        "foot": "designated",
        "highway": "path",
        "horse": "no",
        "name": "Avalanche Pass Trail",
        "sac_scale": "mountain_hiking",
        "source": "survey;2017 Strava Heatmap",
        "surface": "ground",
        "tiger:cfcc": "A51",
        "tiger:county": "Essex, NY",
        "trail_visibility": "good"
      },
      "geometry": {
        "type": "LineString",
        "coordinates": [
          [
            -73.9699278,
            44.130469
          ],
          [
            -73.9699203,
            44.1304308
          ]
        ]
      }
    },
    {
      "type": "Feature",
      "properties": {
        "id": 544655236,
        "kind": "wild",
        "access": "no",
        "bicycle": "no",
        "foot": "designated",
        "highway": "path",
        "horse": "no",
        "name": "Avalanche Pass Trail",
        "operator": "NYSDEC",
        "osmc:symbol": "yellow",
        "sac_scale": "mountain_hiking",
        "ski": "discouraged",
        "surface": "ground",
        "tiger:cfcc": "A51",
        "tiger:county": "Essex, NY"
      },
      "geometry": {
        "type": "LineString",
        "coordinates": [
          [
            -73.9544375,
            44.1442918
          ],
          [
            -73.9545662,
            44.1440656
          ]
        ]
      }
    },
    {
      "type": "Feature",
      "properties": {
        "id": 544655237,
        "kind": "wild",
        "access": "no",
        "bicycle": "no",
        "foot": "designated",
        "highway": "path",
        "horse": "no",
        "name": "Avalanche Pass Trail",
        "operator": "NYSDEC",
        "sac_scale": "mountain_hiking",
        "ski": "discouraged",
        "source": "survey;2017 Strava Heatmap",
        "surface": "ground",
        "tiger:cfcc": "A51",
        "tiger:county": "Essex, NY"
      },
      "geometry": {
        "type": "LineString",
        "coordinates": [
          [
            -73.9546171,
            44.1439771
          ],
          [
            -73.955238,
            44.142381
          ],
          [
            -73.9550875,
            44.1418592
          ],
          [
            -73.9537931,
            44.1410258
          ],
          [
            -73.9540762,
            44.1408884
          ],
          [
            -73.9546126,
            44.1408114
          ],
          [
            -73.9546349,
            44.1403291
          ]
        ]
      }
    },
    {
      "type": "Feature",
      "properties": {
        "id": 546483216,
        "kind": "wild",
        "bicycle": "no",
        "foot": "designated",
        "highway": "path",
        "horse": "no",
        "name": "Van Hoevenberg Trail",
        "sac_scale": "mountain_hiking",
        "ski": "designated",
        "source": "survey; 2017 Strava Heatmap",
        "surface": "ground",
        "trail_visibility": "excellent"
      },
      "geometry": {
        "type": "LineString",
        "coordinates": [
          [
            -73.9299597,
            44.1486598
          ],
          [
            -73.9313657,
            44.1476663
          ],
          [
            -73.9306115,
            44.1460678
          ],
          [
            -73.9307355,
            44.1446524
          ],
          [
            -73.9309729,
            44.1432201
          ],
          [
            -73.9285022,
            44.1418071
          ]
        ]
      }
    },
    {
      "type": "Feature",
      "properties": {
        "id": 546483217,
        "kind": "wild",
        "bicycle": "no",
        "foot": "designated",
        "highway": "path",
        "horse": "no",
        "name": "Van Hoevenberg Trail",
        "sac_scale": "hiking",
        "ski": "designated",
        "surface": "ground",
        "trail_visibility": "excellent"
      },
      "geometry": {
        "type": "LineString",
        "coordinates": [
          [
            -73.9511989,
            44.1588922
          ],
          [
            -73.9509533,
            44.1585441
          ],
          [
            -73.9510442,
            44.1583415
          ]
        ]
      }
    },
    {
      "type": "Feature",
      "properties": {
        "id": 546483218,
        "kind": "wild",
        "bicycle": "no",
        "foot": "designated",
        "highway": "path",
        "horse": "no",
        "name": "Van Hoevenberg Trail",
        "piste:type": "nordic",
        "sac_scale": "hiking",
        "ski": "yes",
        "source": "survey;2017 Strava Heatmap",
        "surface": "ground",
        "trail_visibility": "excellent"
      },
      "geometry": {
        "type": "LineString",
        "coordinates": [
          [
            -73.9517653,
            44.1587859
          ],
          [
            -73.9516653,
            44.1594538
          ]
        ]
      }
    },
    {
      "type": "Feature",
      "properties": {
        "id": 546483222,
        "kind": "wild",
        "bicycle": "no",
        "foot": "designated",
        "highway": "path",
        "horse": "no",
        "name": "Van Hoevenberg Trail",
        "sac_scale": "mountain_hiking",
        "ski": "designated",
        "source": "survey; 2017 Strava Heatmap",
        "surface": "ground",
        "trail_visibility": "excellent"
      },
      "geometry": {
        "type": "LineString",
        "coordinates": [
          [
            -73.9313831,
            44.1498044
          ],
          [
            -73.9299597,
            44.1486598
          ]
        ]
      }
    },
    {
      "type": "Feature",
      "properties": {
        "id": 546697206,
        "kind": "wild",
        "bicycle": "no",
        "foot": "designated",
        "highway": "path",
        "horse": "no",
        "name": "Van Hoevenberg Trail",
        "piste:difficulty": "advanced",
        "piste:grooming": "backcountry",
        "piste:type": "nordic",
        "sac_scale": "mountain_hiking",
        "ski": "designated",
        "source": "survey; 2017 Strava Heatmap",
        "surface": "ground",
        "trail_visibility": "excellent"
      },
      "geometry": {
        "type": "LineString",
        "coordinates": [
          [
            -73.9181983,
            44.1225012
          ],
          [
            -73.91619,
            44.12059
          ],
          [
            -73.915209,
            44.119167
          ],
          [
            -73.9142224,
            44.1178164
          ],
          [
            -73.914497,
            44.116785
          ],
          [
            -73.915452,
            44.1157554
          ],
          [
            -73.9155409,
            44.1155856
          ]
        ]
      }
    },
    {
      "type": "Feature",
      "properties": {
        "id": 546697207,
        "kind": "wild",
        "bicycle": "no",
        "foot": "designated",
        "highway": "path",
        "horse": "no",
        "name": "Van Hoevenberg Trail",
        "sac_scale": "mountain_hiking",
        "ski": "designated",
        "source": "survey; 2017 Strava Heatmap",
        "surface": "ground",
        "trail_visibility": "excellent"
      },
      "geometry": {
        "type": "LineString",
        "coordinates": [
          [
            -73.9155409,
            44.1155856
          ],
          [
            -73.9171749,
            44.1153004
          ],
          [
            -73.9175033,
            44.1148876
          ]
        ]
      }
    },
    {
      "type": "Feature",
      "properties": {
        "id": 605058183,
        "kind": "wild",
        "bicycle": "no",
        "foot": "yes",
        "highway": "path",
        "horse": "no",
        "surface": "ground"
      },
      "geometry": {
        "type": "LineString",
        "coordinates": [
          [
            -73.9473592,
            44.157492
          ],
          [
            -73.9472589,
            44.1577176
          ]
        ]
      }
    },
    {
      "type": "Feature",
      "properties": {
        "id": 616664933,
        "kind": "wild",
        "alt_name": "Mount Colden Trail",
        "bicycle": "no",
        "foot": "designated",
        "highway": "path",
        "horse": "no",
        "lit": "no",
        "name": "L. Morgan Porter Trail",
        "sac_scale": "mountain_hiking",
        "source": "survey;2017 Strava Heatmap",
        "surface": "ground",
        "trail_visibility": "good",
        "width": "1"
      },
      "geometry": {
        "type": "LineString",
        "coordinates": [
          [
            -73.95728,
            44.1285572
          ],
          [
            -73.9572696,
            44.1287152
          ]
        ]
      }
    },
    {
      "type": "Feature",
      "properties": {
        "id": 764439893,
        "kind": "wild",
        "bicycle": "no",
        "description": "Reserved for skiers. Can be accessed by hikers outside of winter but the conditions are less than ideal.",
        "foot": "no",
        "highway": "path",
        "horse": "no",
        "piste:difficulty": "intermediate",
        "piste:grooming": "backcountry",
        "piste:type": "nordic",
        "ski": "designated",
        "source": "GPS track",
        "surface": "ground"
      },
      "geometry": {
        "type": "LineString",
        "coordinates": [
          [
            -73.9291519,
            44.1477097
          ],
          [
            -73.9291209,
            44.1482601
          ],
          [
            -73.9298845,
            44.1485855
          ]
        ]
      }
    },
    {
      "type": "Feature",
      "properties": {
        "id": 936564008,
        "kind": "wild",
        "natural": "water",
        "water": "pond"
      },
      "geometry": {
        "type": "Polygon",
        "coordinates": [
          [
            [
              -73.9144345,
              44.125611
            ],
            [
              -73.9150018,
              44.1258362
            ],
            [
              -73.9148073,
              44.1254512
            ],
            [
              -73.9144345,
              44.125611
            ]
          ]
        ]
      }
    },
    {
      "type": "Feature",
      "properties": {
        "id": 936564657,
        "kind": "wild",
        "waterway": "stream"
      },
      "geometry": {
        "type": "LineString",
        "coordinates": [
          [
            -73.9182902,
            44.1017013
          ],
          [
            -73.9162421,
            44.1022633
          ],
          [
            -73.914932,
            44.101239
          ],
          [
            -73.9137197,
            44.100326
          ]
        ]
      }
    },
    {
      "type": "Feature",
      "properties": {
        "id": 936565015,
        "kind": "wild",
        "waterway": "stream"
      },
      "geometry": {
        "type": "LineString",
        "coordinates": [
          [
            -73.9461161,
            44.1152255
          ],
          [
            -73.9480835,
            44.1149758
          ],
          [
            -73.9488726,
            44.1149626
          ],
          [
            -73.9500884,
            44.1147574
          ],
          [
            -73.9527512,
            44.1157217
          ],
          [
            -73.954065,
            44.115975
          ]
        ]
      }
    },
    {
      "type": "Feature",
      "properties": {
        "id": 936570200,
        "kind": "wild",
        "waterway": "stream"
      },
      "geometry": {
        "type": "LineString",
        "coordinates": [
          [
            -73.9038706,
            44.1429826
          ],
          [
            -73.8978196,
            44.1388558
          ],
          [
            -73.8940575,
            44.1381092
          ]
        ]
      }
    },
    {
      "type": "Feature",
      "properties": {
        "id": 972460804,
        "kind": "wild",
        "highway": "path",
        "informal": "yes",
        "surface": "ground"
      },
      "geometry": {
        "type": "LineString",
        "coordinates": [
          [
            -73.9560236,
            44.1298886
          ],
          [
            -73.955809,
            44.1303292
          ]
        ]
      }
    },
    {
      "type": "Feature",
      "properties": {
        "id": 972460807,
        "kind": "wild",
        "bicycle": "no",
        "foot": "designated",
        "highway": "path",
        "horse": "no",
        "name": "Lake Colden Trail",
        "operator": "NYSDEC",
        "osmc:symbol": "yellow",
        "piste:type": "nordic",
        "sac_scale": "hiking",
        "ski": "yes",
        "source": "survey;2017 Strava Heatmap",
        "surface": "ground",
        "tiger:cfcc": "A51",
        "tiger:county": "Essex, NY",
        "trail_visibility": "good"
      },
      "geometry": {
        "type": "LineString",
        "coordinates": [
          [
            -73.9781565,
            44.1262745
          ],
          [
            -73.9793536,
            44.125839
          ],
          [
            -73.979608,
            44.1259562
          ]
        ]
      }
    },
    {
      "type": "Feature",
      "properties": {
        "id": 972460808,
        "kind": "wild",
        "bicycle": "no",
        "foot": "designated",
        "highway": "path",
        "horse": "no",
        "name": "Lake Colden Trail",
        "operator": "NYSDEC",
        "osmc:symbol": "yellow",
        "sac_scale": "hiking",
        "source": "survey;2017 Strava Heatmap",
        "surface": "ground",
        "tiger:cfcc": "A51",
        "tiger:county": "Essex, NY",
        "trail_visibility": "good"
      },
      "geometry": {
        "type": "LineString",
        "coordinates": [
          [
            -73.9773812,
            44.1269945
          ],
          [
            -73.9781565,
            44.1262745
          ]
        ]
      }
    },
    {
      "type": "Feature",
      "properties": {
        "id": 972460814,
        "kind": "wild",
        "highway": "track",
        "name": "Marcy Dam Truck Trail",
        "piste:type": "nordic",
        "ski": "yes",
        "surface": "unpaved",
        "tiger:cfcc": "A41",
        "tiger:county": "Essex, NY",
        "tiger:name_base": "State Truck",
        "tiger:name_type": "Rd",
        "tiger:reviewed": "yes",
        "tracktype": "grade2"
      },
      "geometry": {
        "type": "LineString",
        "coordinates": [
          [
            -73.9513261,
            44.1595023
          ],
          [
            -73.9513199,
            44.15936
          ],
          [
            -73.9512759,
            44.1591013
          ],
          [
            -73.9511989,
            44.1588922
          ]
        ]
      }
    },
    {
      "type": "Feature",
      "properties": {
        "id": 972460815,
        "kind": "wild",
        "highway": "track",
        "name": "Marcy Dam Truck Trail",
        "piste:type": "nordic",
        "ski": "yes",
        "surface": "unpaved",
        "tiger:cfcc": "A41",
        "tiger:county": "Essex, NY",
        "tiger:name_base": "Meadows:State Truck",
        "tiger:name_direction_prefix": "S",
        "tiger:name_type": "Rd",
        "tiger:reviewed": "aerial",
        "tracktype": "grade3"
      },
      "geometry": {
        "type": "LineString",
        "coordinates": [
          [
            -73.9511786,
            44.1599125
          ],
          [
            -73.9513261,
            44.1595023
          ]
        ]
      }
    },
    {
      "type": "Feature",
      "properties": {
        "id": 972660303,
        "kind": "wild",
        "bicycle": "no",
        "highway": "path",
        "horse": "no",
        "piste:type": "nordic",
        "route": "piste",
        "sac_scale": "mountain_hiking",
        "ski": "designated",
        "surface": "ground",
        "trail_visibility": "good"
      },
      "geometry": {
        "type": "LineString",
        "coordinates": [
          [
            -73.9520417,
            44.1591282
          ],
          [
            -73.9528073,
            44.160333
          ],
          [
            -73.952395,
            44.1613173
          ],
          [
            -73.9523601,
            44.1614902
          ]
        ]
      }
    },
    {
      "type": "Feature",
      "properties": {
        "id": 972701247,
        "kind": "wild",
        "bicycle": "no",
        "foot": "designated",
        "highway": "path",
        "horse": "no",
        "name": "Elk Lake - Marcy Trail",
        "sac_scale": "mountain_hiking",
        "source": "2017 Strava",
        "surface": "ground",
        "trail_visibility": "good"
      },
      "geometry": {
        "type": "LineString",
        "coordinates": [
          [
            -73.9312723,
            44.1055372
          ],
          [
            -73.9284343,
            44.1046871
          ],
          [
            -73.9271719,
            44.1045694
          ],
          [
            -73.9252089,
            44.1040476
          ],
          [
            -73.9229792,
            44.1036962
          ],
          [
            -73.9195895,
            44.1027302
          ],
          [
            -73.9169046,
            44.1021079
          ],
          [
            -73.9151201,
            44.1018853
          ],
          [
            -73.9138165,
            44.1002375
          ],
          [
            -73.9137666,
            44.1001295
          ]
        ]
      }
    },
    {
      "type": "Feature",
      "properties": {
        "id": 1302312371,
        "kind": "wild",
        "waterway": "flowline"
      },
      "geometry": {
        "type": "LineString",
        "coordinates": [
          [
            -73.9772944,
            44.1251319
          ],
          [
            -73.9826005,
            44.1193573
          ]
        ]
      }
    },
    {
      "type": "Feature",
      "properties": {
        "id": 1302313141,
        "kind": "wild",
        "waterway": "flowline"
      },
      "geometry": {
        "type": "LineString",
        "coordinates": [
          [
            -73.964655,
            44.1351222
          ],
          [
            -73.9685441,
            44.1320344
          ],
          [
            -73.9698782,
            44.130546
          ]
        ]
      }
    },
    {
      "type": "Feature",
      "properties": {
        "id": 1376583283,
        "kind": "wild",
        "natural": "wood"
      },
      "geometry": {
        "type": "Polygon",
        "coordinates": [
          [
            [
              -73.9530382,
              44.1174364
            ],
            [
              -73.9529322,
              44.1174345
            ],
            [
              -73.9530382,
              44.1174364
            ]
          ]
        ]
      }
    },
    {
      "type": "Feature",
      "properties": {
        "id": 1376583291,
        "kind": "wild",
        "leaf_type": "needleleaved",
        "natural": "wood"
      },
      "geometry": {
        "type": "Polygon",
        "coordinates": [
          [
            [
              -73.9647621,
              44.1338123
            ],
            [
              -73.9641331,
              44.1338075
            ],
            [
              -73.964915,
              44.1332675
            ],
            [
              -73.9646655,
              44.1337238
            ],
            [
              -73.9647621,
              44.1338123
            ]
          ]
        ]
      }
    },
    {
      "type": "Feature",
      "properties": {
        "id": 1376583296,
        "kind": "wild",
        "natural": "water"
      },
      "geometry": {
        "type": "Polygon",
        "coordinates": [
          [
            [
              -73.9790221,
              44.1304934
            ],
            [
              -73.9789215,
              44.1304694
            ],
            [
              -73.9790221,
              44.1304934
            ]
          ]
        ]
      }
    },
    {
      "type": "Feature",
      "properties": {
        "id": 1376583297,
        "kind": "wild",
        "natural": "water"
      },
      "geometry": {
        "type": "Polygon",
        "coordinates": [
          [
            [
              -73.9788879,
              44.1306133
            ],
            [
              -73.9787666,
              44.130556
            ],
            [
              -73.9788879,
              44.1306133
            ]
          ]
        ]
      }
    },
    {
      "type": "Feature",
      "properties": {
        "id": 1531645567,
        "kind": "wild",
        "intermittent": "yes",
        "waterway": "stream"
      },
      "geometry": {
        "type": "LineString",
        "coordinates": [
          [
            -73.9442187,
            44.1155419
          ],
          [
            -73.9454515,
            44.1154295
          ],
          [
            -73.9461161,
            44.1152255
          ]
        ]
      }
    },
    {
      "type": "Feature",
      "properties": {
        "id": 1531645568,
        "kind": "wild",
        "waterway": "stream"
      },
      "geometry": {
        "type": "LineString",
        "coordinates": [
          [
            -73.9402375,
            44.1188505
          ],
          [
            -73.9409155,
            44.1192454
          ],
          [
            -73.9412427,
            44.1198887
          ],
          [
            -73.9416315,
            44.1205082
          ],
          [
            -73.9417521,
            44.1206964
          ]
        ]
      }
    },
    {
      "type": "Feature",
      "properties": {
        "id": 1531645569,
        "kind": "wild",
        "intermittent": "yes",
        "waterway": "stream"
      },
      "geometry": {
        "type": "LineString",
        "coordinates": [
          [
            -73.9363495,
            44.113227
          ],
          [
            -73.9373641,
            44.1147827
          ],
          [
            -73.9385306,
            44.1164235
          ],
          [
            -73.938834,
            44.1175911
          ],
          [
            -73.9394978,
            44.1185101
          ],
          [
            -73.9402375,
            44.1188505
          ]
        ]
      }
    },
    {
      "type": "Feature",
      "properties": {
        "id": 1531645570,
        "kind": "wild",
        "intermittent": "yes",
        "waterway": "stream"
      },
      "geometry": {
        "type": "LineString",
        "coordinates": [
          [
            -73.9278692,
            44.1152535
          ],
          [
            -73.9289857,
            44.1157353
          ],
          [
            -73.9302431,
            44.1159782
          ],
          [
            -73.931275,
            44.1162372
          ],
          [
            -73.9329726,
            44.1170118
          ]
        ]
      }
    },
    {
      "type": "Feature",
      "properties": {
        "id": 1531645571,
        "kind": "wild",
        "intermittent": "yes",
        "waterway": "stream"
      },
      "geometry": {
        "type": "LineString",
        "coordinates": [
          [
            -73.92973,
            44.1162413
          ],
          [
            -73.9307167,
            44.1161603
          ]
        ]
      }
    },
    {
      "type": "Feature",
      "properties": {
        "id": 1531645572,
        "kind": "wild",
        "waterway": "stream"
      },
      "geometry": {
        "type": "LineString",
        "coordinates": [
          [
            -73.9313757,
            44.1107658
          ],
          [
            -73.9318101,
            44.1103592
          ],
          [
            -73.9324093,
            44.1099181
          ],
          [
            -73.9327874,
            44.1092566
          ],
          [
            -73.9337291,
            44.1077788
          ],
          [
            -73.9344567,
            44.1067745
          ]
        ]
      }
    },
    {
      "type": "Feature",
      "properties": {
        "id": 1531645573,
        "kind": "wild",
        "intermittent": "yes",
        "waterway": "stream"
      },
      "geometry": {
        "type": "LineString",
        "coordinates": [
          [
            -73.9302895,
            44.1121513
          ],
          [
            -73.9313757,
            44.1107658
          ]
        ]
      }
    },
    {
      "type": "Feature",
      "properties": {
        "id": 1531645574,
        "kind": "wild",
        "intermittent": "yes",
        "waterway": "stream"
      },
      "geometry": {
        "type": "LineString",
        "coordinates": [
          [
            -73.9290773,
            44.111352
          ],
          [
            -73.9301035,
            44.1106678
          ],
          [
            -73.9315978,
            44.1103641
          ],
          [
            -73.9318101,
            44.1103592
          ]
        ]
      }
    },
    {
      "type": "Feature",
      "properties": {
        "id": 1531645575,
        "kind": "wild",
        "intermittent": "yes",
        "waterway": "stream"
      },
      "geometry": {
        "type": "LineString",
        "coordinates": [
          [
            -73.9202833,
            44.1341143
          ],
          [
            -73.9207859,
            44.1351693
          ],
          [
            -73.9216868,
            44.1359996
          ],
          [
            -73.9228198,
            44.135753
          ]
        ]
      }
    },
    {
      "type": "Feature",
      "properties": {
        "id": 1531645576,
        "kind": "wild",
        "intermittent": "yes",
        "waterway": "stream"
      },
      "geometry": {
        "type": "LineString",
        "coordinates": [
          [
            -73.9147268,
            44.1181207
          ],
          [
            -73.9165366,
            44.1194182
          ],
          [
            -73.91828,
            44.1205831
          ],
          [
            -73.9193998,
            44.1209682
          ],
          [
            -73.9203143,
            44.1213659
          ],
          [
            -73.9209449,
            44.1211864
          ]
        ]
      }
    },
    {
      "type": "Feature",
      "properties": {
        "id": 1531645577,
        "kind": "wild",
        "intermittent": "yes",
        "waterway": "stream"
      },
      "geometry": {
        "type": "LineString",
        "coordinates": [
          [
            -73.9194468,
            44.122653
          ],
          [
            -73.9203319,
            44.1218924
          ],
          [
            -73.9203143,
            44.1213659
          ]
        ]
      }
    },
    {
      "type": "Feature",
      "properties": {
        "id": 1531645578,
        "kind": "wild",
        "intermittent": "yes",
        "waterway": "stream"
      },
      "geometry": {
        "type": "LineString",
        "coordinates": [
          [
            -73.9204459,
            44.1193845
          ],
          [
            -73.921673,
            44.1204531
          ],
          [
            -73.9223972,
            44.1207227
          ],
          [
            -73.922472,
            44.1209478
          ]
        ]
      }
    },
    {
      "type": "Feature",
      "properties": {
        "id": 1531645579,
        "kind": "wild",
        "intermittent": "yes",
        "waterway": "stream"
      },
      "geometry": {
        "type": "LineString",
        "coordinates": [
          [
            -73.9234567,
            44.1193989
          ],
          [
            -73.9225849,
            44.1201787
          ],
          [
            -73.9222396,
            44.1205566
          ]
        ]
      }
    },
    {
      "type": "Feature",
      "properties": {
        "id": 1531645580,
        "kind": "wild",
        "intermittent": "yes",
        "waterway": "stream"
      },
      "geometry": {
        "type": "LineString",
        "coordinates": [
          [
            -73.9170971,
            44.1210956
          ],
          [
            -73.9181008,
            44.1206786
          ],
          [
            -73.9183428,
            44.1206263
          ]
        ]
      }
    },
    {
      "type": "Feature",
      "properties": {
        "id": 1531645581,
        "kind": "wild",
        "intermittent": "yes",
        "waterway": "stream"
      },
      "geometry": {
        "type": "LineString",
        "coordinates": [
          [
            -73.9191866,
            44.1541718
          ],
          [
            -73.9218822,
            44.1519106
          ],
          [
            -73.9243499,
            44.1505635
          ],
          [
            -73.9253026,
            44.1496194
          ]
        ]
      }
    },
    {
      "type": "Feature",
      "properties": {
        "id": 1531645582,
        "kind": "wild",
        "intermittent": "yes",
        "waterway": "stream"
      },
      "geometry": {
        "type": "LineString",
        "coordinates": [
          [
            -73.9145421,
            44.1508837
          ],
          [
            -73.9167684,
            44.1491998
          ],
          [
            -73.9194479,
            44.1484575
          ]
        ]
      }
    },
    {
      "type": "Feature",
      "properties": {
        "id": 1537273972,
        "kind": "wild",
        "highway": "path"
      },
      "geometry": {
        "type": "LineString",
        "coordinates": [
          [
            -73.9280507,
            44.1422863
          ],
          [
            -73.9271814,
            44.1417505
          ],
          [
            -73.9266549,
            44.1411837
          ]
        ]
      }
    }
  ],
  "attribution": "© OpenStreetMap contributors"
}
