{
  "type": "FeatureCollection",
  "features": [
    {
      "type": "Feature",
      "properties": {
        "id": 50688894,
        "kind": "poi",
        "capital": "6",
        "name": "El Paso",
        "name:bn": "এল পাসো",
        "name:el": "Ελ Πάσο",
        "name:en": "El Paso",
        "name:es": "El Paso",
        "name:ko": "엘파소",
        "name:ru": "Эль-Пасо",
        "name:sr": "Ел Пасо",
        "name:uk": "Ель-Пасо",
        "name:zh": "埃尔帕索",
        "name:zh-Hans": "埃尔帕索",
        "old_name": "Rancho de San José de la Concordia",
        "place": "city",
        "population": "678815",
        "population:date": "2020",
        "source:population": "https://www.census.gov/quickfacts/fact/table/elpasocitytexas/POP010220",
        "website": "https://www.elpasotexas.gov/",
        "wikidata": "Q16562",
        "wikipedia": "en:El Paso, Texas"
      },
      "geometry": {
        "type": "Point",
        "coordinates": [
          -106.4870476,
          31.7601001
        ]
      }
    },
    {
      "type": "Feature",
      "properties": {
        "id": 151467023,
        "kind": "poi",
        "ele": "1232",
        "gnis:feature_id": "1362970",
        "name": "Mission Hills",
        "place": "hamlet"
      },
      "geometry": {
        "type": "Point",
        "coordinates": [
          -106.496098,
          31.7889966
        ]
      }
    },
    {
      "type": "Feature",
      "properties": {
        "id": 179204231,
        "kind": "poi",
        "crossing": "uncontrolled",
        "crossing:markings": "yes",
        "highway": "crossing"
      },
      "geometry": {
        "type": "Point",
        "coordinates": [
          -106.4558162,
          31.7902336
        ]
      }
    },
    {
      "type": "Feature",
      "properties": {
        "id": 179215509,
        "kind": "poi",
        "crossing": "uncontrolled",
        "crossing:markings": "zebra",
        "crossing:signals": "no",
        "highway": "crossing"
      },
      "geometry": {
        "type": "Point",
        "coordinates": [
          -106.4007275,
          31.7608985
        ]
      }
    },
    {
      "type": "Feature",
      "properties": {
        "id": 179229600,
        "kind": "poi",
        "crossing": "uncontrolled",
        "crossing:markings": "zebra",
        "crossing:signals": "no",
        "highway": "crossing"
      },
      "geometry": {
        "type": "Point",
        "coordinates": [
          -106.4216237,
          31.7782028
        ]
      }
    },
    {
      "type": "Feature",
      "properties": {
        "id": 179269305,
        "kind": "poi",
        "crossing": "traffic_signals",
        "highway": "crossing"
      },
      "geometry": {
        "type": "Point",
        "coordinates": [
          -106.4502502,
          31.7693839
        ]
      }
    },
    {
      "type": "Feature",
      "properties": {
        "id": 179271129,
        "kind": "poi",
        "crossing": "uncontrolled",
        "crossing:markings": "yes",
        "highway": "crossing"
      },
      "geometry": {
        "type": "Point",
        "coordinates": [
          -106.4463864,
          31.7675708
        ]
      }
    },
    {
      "type": "Feature",
      "properties": {
        "id": 179283745,
        "kind": "poi",
        "crossing": "traffic_signals",
        "crossing:markings": "lines",
        "crossing:signals": "yes",
        "highway": "crossing"
      },
      "geometry": {
        "type": "Point",
        "coordinates": [
          -106.4249151,
          31.7711642
        ]
      }
    },
    {
      "type": "Feature",
      "properties": {
        "id": 179290633,
        "kind": "poi",
        "crossing": "traffic_signals",
        "crossing:markings": "zebra",
        "crossing:signals": "yes",
        "highway": "crossing"
      },
      "geometry": {
        "type": "Point",
        "coordinates": [
          -106.4475396,
          31.7683941
        ]
      }
    },
    {
      "type": "Feature",
      "properties": {
        "id": 179305848,
        "kind": "poi",
        "crossing": "unmarked",
        "crossing:markings": "no",
        "highway": "crossing"
      },
      "geometry": {
        "type": "Point",
        "coordinates": [
          -106.4734878,
          31.7789075
        ]
      }
    },
    {
      "type": "Feature",
      "properties": {
        "id": 179310294,
        "kind": "poi",
        "crossing": "marked",
        "crossing:markings": "zebra",
        "highway": "crossing"
      },
      "geometry": {
        "type": "Point",
        "coordinates": [
          -106.4660467,
          31.7843892
        ]
      }
    },
    {
      "type": "Feature",
      "properties": {
        "id": 179325699,
        "kind": "poi",
        "crossing": "marked",
        "crossing:markings": "yes",
        "highway": "crossing"
      },
      "geometry": {
        "type": "Point",
        "coordinates": [
          -106.492323,
          31.7839708
        ]
      }
    },
    {
      "type": "Feature",
      "properties": {
        "id": 179351590,
        "kind": "poi",
        "crossing": "unmarked",
        "crossing:markings": "no",
        "highway": "crossing"
      },
      "geometry": {
        "type": "Point",
        "coordinates": [
          -106.4660993,
          31.7834733
        ]
      }
    },
    {
      "type": "Feature",
      "properties": {
        "id": 179361592,
        "kind": "poi",
        "crossing": "traffic_signals",
        "crossing:markings": "zebra",
        "crossing:signals": "yes",
        "highway": "crossing"
      },
      "geometry": {
        "type": "Point",
        "coordinates": [
          -106.4636639,
          31.7653679
        ]
      }
    },
    {
      "type": "Feature",
      "properties": {
        "id": 179370773,
        "kind": "poi",
        "crossing": "uncontrolled",
        "crossing:markings": "yes",
        "highway": "crossing"
      },
      "geometry": {
        "type": "Point",
        "coordinates": [
          -106.4249764,
          31.7645023
        ]
      }
    },
    {
      "type": "Feature",
      "properties": {
        "id": 179374751,
        "kind": "poi",
        "crossing": "marked",
        "crossing:markings": "lines",
        "highway": "crossing"
      },
      "geometry": {
        "type": "Point",
        "coordinates": [
          -106.5034323,
          31.7756459
        ]
      }
    },
    {
      "type": "Feature",
      "properties": {
        "id": 179378536,
        "kind": "poi",
        "crossing": "traffic_signals",
        "crossing:markings": "zebra",
        "crossing:signals": "yes",
        "highway": "crossing"
      },
      "geometry": {
        "type": "Point",
        "coordinates": [
          -106.461565,
          31.7837135
        ]
      }
    },
    {
      "type": "Feature",
      "properties": {
        "id": 179378736,
        "kind": "poi",
        "crossing": "traffic_signals",
        "crossing:markings": "lines",
        "crossing:signals": "yes",
        "highway": "crossing"
      },
      "geometry": {
        "type": "Point",
        "coordinates": [
          -106.4084921,
          31.7879678
        ]
      }
    },
    {
      "type": "Feature",
      "properties": {
        "id": 179384633,
        "kind": "poi",
        "crossing": "marked",
        "crossing:markings": "yes",
        "highway": "crossing"
      },
      "geometry": {
        "type": "Point",
        "coordinates": [
          -106.505137,
          31.77657
        ]
      }
    },
    {
      "type": "Feature",
      "properties": {
        "id": 179403339,
        "kind": "poi",
        "crossing": "uncontrolled",
        "crossing:markings": "yes",
        "highway": "crossing"
      },
      "geometry": {
        "type": "Point",
        "coordinates": [
          -106.4807734,
          31.760609
        ]
      }
    },
    {
      "type": "Feature",
      "properties": {
        "id": 179403358,
        "kind": "poi",
        "crossing": "unmarked",
        "crossing:markings": "no",
        "highway": "crossing"
      },
      "geometry": {
        "type": "Point",
        "coordinates": [
          -106.4975811,
          31.7797032
        ]
      }
    },
    {
      "type": "Feature",
      "properties": {
        "id": 179428907,
        "kind": "poi",
        "crossing": "traffic_signals",
        "crossing:markings": "lines",
        "crossing:signals": "yes",
        "highway": "crossing"
      },
      "geometry": {
        "type": "Point",
        "coordinates": [
          -106.4615755,
          31.780661
        ]
      }
    },
    {
      "type": "Feature",
      "properties": {
        "id": 179429011,
        "kind": "poi",
        "crossing": "traffic_signals",
        "crossing:markings": "lines",
        "crossing:signals": "yes",
        "highway": "crossing"
      },
      "geometry": {
        "type": "Point",
        "coordinates": [
          -106.4615734,
          31.7807371
        ]
      }
    },
    {
      "type": "Feature",
      "properties": {
        "id": 179445425,
        "kind": "poi",
        "crossing": "uncontrolled",
        "crossing:markings": "yes",
        "highway": "crossing"
      },
      "geometry": {
        "type": "Point",
        "coordinates": [
          -106.4935847,
          31.7617978
        ]
      }
    },
    {
      "type": "Feature",
      "properties": {
        "id": 179455942,
        "kind": "poi",
        "crossing": "uncontrolled",
        "crossing:markings": "lines",
        "crossing:signals": "no",
        "highway": "crossing"
      },
      "geometry": {
        "type": "Point",
        "coordinates": [
          -106.4915432,
          31.775499
        ]
      }
    },
    {
      "type": "Feature",
      "properties": {
        "id": 179456224,
        "kind": "poi",
        "crossing:island": "no",
        "crossing:signals": "no",
        "highway": "crossing"
      },
      "geometry": {
        "type": "Point",
        "coordinates": [
          -106.5052411,
          31.7658488
        ]
      }
    },
    {
      "type": "Feature",
      "properties": {
        "id": 179466815,
        "kind": "poi",
        "crossing": "uncontrolled",
        "crossing:island": "no",
        "crossing:markings": "zebra",
        "highway": "crossing",
        "tactile_paving": "no"
      },
      "geometry": {
        "type": "Point",
        "coordinates": [
          -106.4371989,
          31.8052332
        ]
      }
    },
    {
      "type": "Feature",
      "properties": {
        "id": 179475690,
        "kind": "poi",
        "highway": "crossing"
      },
      "geometry": {
        "type": "Point",
        "coordinates": [
          -106.5053818,
          31.7661105
        ]
      }
    },
    {
      "type": "Feature",
      "properties": {
        "id": 179488880,
        "kind": "poi",
        "crossing": "uncontrolled",
        "crossing:island": "no",
        "crossing:markings": "ladder",
        "highway": "crossing",
        "tactile_paving": "no"
      },
      "geometry": {
        "type": "Point",
        "coordinates": [
          -106.414637,
          31.8096745
        ]
      }
    },
    {
      "type": "Feature",
      "properties": {
        "id": 179488882,
        "kind": "poi",
        "crossing": "uncontrolled",
        "crossing:island": "no",
        "crossing:markings": "zebra",
        "highway": "crossing",
        "tactile_paving": "no"
      },
      "geometry": {
        "type": "Point",
        "coordinates": [
          -106.4137579,
          31.8105025
        ]
      }
    },
    {
      "type": "Feature",
      "properties": {
        "id": 179512804,
        "kind": "poi",
        "crossing": "uncontrolled",
        "crossing:markings": "yes",
        "highway": "crossing",
        "traffic_calming": "hump"
      },
      "geometry": {
        "type": "Point",
        "coordinates": [
          -106.505072,
          31.7727537
        ]
      }
    },
    {
      "type": "Feature",
      "properties": {
        "id": 179538388,
        "kind": "poi",
        "crossing": "unmarked",
        "crossing:markings": "no",
        "highway": "crossing"
      },
      "geometry": {
        "type": "Point",
        "coordinates": [
          -106.4615505,
          31.787738
        ]
      }
    },
    {
      "type": "Feature",
      "properties": {
        "id": 179548308,
        "kind": "poi",
        "crossing": "unmarked",
        "crossing:markings": "no",
        "highway": "crossing"
      },
      "geometry": {
        "type": "Point",
        "coordinates": [
          -106.4145441,
          31.7782342
        ]
      }
    },
    {
      "type": "Feature",
      "properties": {
        "id": 179562421,
        "kind": "poi",
        "crossing": "unmarked",
        "crossing:markings": "no",
        "highway": "crossing"
      },
      "geometry": {
        "type": "Point",
        "coordinates": [
          -106.4968904,
          31.7803659
        ]
      }
    },
    {
      "type": "Feature",
      "properties": {
        "id": 179571698,
        "kind": "poi",
        "crossing": "uncontrolled",
        "crossing:markings": "zebra",
        "crossing:signals": "no",
        "highway": "crossing"
      },
      "geometry": {
        "type": "Point",
        "coordinates": [
          -106.5076751,
          31.7766188
        ]
      }
    },
    {
      "type": "Feature",
      "properties": {
        "id": 179603400,
        "kind": "poi",
        "crossing": "traffic_signals",
        "crossing:markings": "lines",
        "crossing:signals": "yes",
        "highway": "crossing"
      },
      "geometry": {
        "type": "Point",
        "coordinates": [
          -106.411995,
          31.7595273
        ]
      }
    },
    {
      "type": "Feature",
      "properties": {
        "id": 179628998,
        "kind": "poi",
        "crossing": "uncontrolled",
        "crossing:island": "no",
        "crossing:markings": "zebra",
        "highway": "crossing",
        "tactile_paving": "no"
      },
      "geometry": {
        "type": "Point",
        "coordinates": [
          -106.4338105,
          31.8058719
        ]
      }
    },
    {
      "type": "Feature",
      "properties": {
        "id": 179650556,
        "kind": "poi",
        "crossing": "uncontrolled",
        "crossing:markings": "yes",
        "highway": "crossing"
      },
      "geometry": {
        "type": "Point",
        "coordinates": [
          -106.455668,
          31.790239
        ]
      }
    },
    {
      "type": "Feature",
      "properties": {
        "id": 179661511,
        "kind": "poi",
        "crossing": "uncontrolled",
        "crossing:markings": "zebra",
        "crossing:signals": "no",
        "highway": "crossing"
      },
      "geometry": {
        "type": "Point",
        "coordinates": [
          -106.510248,
          31.808636
        ]
      }
    },
    {
      "type": "Feature",
      "properties": {
        "id": 179666865,
        "kind": "poi",
        "crossing": "uncontrolled",
        "crossing:island": "no",
        "crossing:markings": "zebra",
        "crossing:signals": "no",
        "highway": "crossing",
        "tactile_paving": "no"
      },
      "geometry": {
        "type": "Point",
        "coordinates": [
          -106.4135374,
          31.7885541
        ]
      }
    },
    {
      "type": "Feature",
      "properties": {
        "id": 179673807,
        "kind": "poi",
        "crossing": "marked",
        "crossing:markings": "zebra",
        "highway": "crossing"
      },
      "geometry": {
        "type": "Point",
        "coordinates": [
          -106.4660052,
          31.7844031
        ]
      }
    },
    {
      "type": "Feature",
      "properties": {
        "id": 179676859,
        "kind": "poi",
        "crossing": "uncontrolled",
        "crossing:markings": "zebra",
        "crossing:signals": "no",
        "highway": "crossing"
      },
      "geometry": {
        "type": "Point",
        "coordinates": [
          -106.418025,
          31.777238
        ]
      }
    },
    {
      "type": "Feature",
      "properties": {
        "id": 179677193,
        "kind": "poi",
        "crossing": "unmarked",
        "crossing:markings": "no",
        "highway": "crossing"
      },
      "geometry": {
        "type": "Point",
        "coordinates": [
          -106.4150422,
          31.7807864
        ]
      }
    },
    {
      "type": "Feature",
      "properties": {
        "id": 179686103,
        "kind": "poi",
        "crossing": "uncontrolled",
        "crossing:markings": "zebra",
        "crossing:signals": "no",
        "highway": "crossing"
      },
      "geometry": {
        "type": "Point",
        "coordinates": [
          -106.4491674,
          31.7685909
        ]
      }
    },
    {
      "type": "Feature",
      "properties": {
        "id": 356731862,
        "kind": "poi",
        "ele": "1593",
        "gnis:feature_id": "1354833",
        "name": "Comanche Peak",
        "natural": "peak",
        "wikidata": "Q31550357"
      },
      "geometry": {
        "type": "Point",
        "coordinates": [
          -106.4824872,
          31.7967743
        ]
      }
    },
    {
      "type": "Feature",
      "properties": {
        "id": 356732608,
        "kind": "poi",
        "ele": "1392",
        "gnis:feature_id": "1355337",
        "name": "Crazycat Mountain",
        "natural": "peak"
      },
      "geometry": {
        "type": "Point",
        "coordinates": [
          -106.4944911,
          31.7948279
        ]
      }
    },
    {
      "type": "Feature",
      "properties": {
        "id": 356734285,
        "kind": "poi",
        "ele": "1378",
        "gnis:feature_id": "1357401",
        "name": "Flag Hill",
        "natural": "peak",
        "wikidata": "Q31582384"
      },
      "geometry": {
        "type": "Point",
        "coordinates": [
          -106.4980433,
          31.8134403
        ]
      }
    },
    {
      "type": "Feature",
      "properties": {
        "id": 356735145,
        "kind": "poi",
        "ele": "1182",
        "gnis:feature_id": "1358116",
        "name": "Gold Hill",
        "natural": "peak"
      },
      "geometry": {
        "type": "Point",
        "coordinates": [
          -106.4797651,
          31.7748687
        ]
      }
    },
    {
      "type": "Feature",
      "properties": {
        "id": 356743806,
        "kind": "poi",
        "ele": "1711",
        "gnis:feature_id": "1366013",
        "name": "Ranger Peak",
        "natural": "peak",
        "wikidata": "Q31484411"
      },
      "geometry": {
        "type": "Point",
        "coordinates": [
          -106.4830429,
          31.8051073
        ]
      }
    },
    {
      "type": "Feature",
      "properties": {
        "id": 356814651,
        "kind": "poi",
        "addr:city": "El Paso",
        "addr:housenumber": "4801",
        "addr:postcode": "79905",
        "addr:state": "TX",
        "addr:street": "Alberta Avenue",
        "amenity": "clinic",
        "gnis:feature_id": "2015591",
        "healthcare": "clinic",
        "name": "Texas Tech Medical Center El Paso",
        "website": "http://www.elpaso.ttuhsc.edu/elpaso/clinics/"
      },
      "geometry": {
        "type": "Point",
        "coordinates": [
          -106.4344563,
          31.77319
        ]
      }
    },
    {
      "type": "Feature",
      "properties": {
        "id": 706169957,
        "kind": "poi",
        "crossing": "marked",
        "crossing:island": "yes",
        "crossing:markings": "zebra",
        "highway": "crossing"
      },
      "geometry": {
        "type": "Point",
        "coordinates": [
          -106.4388673,
          31.7491763
        ]
      }
    },
    {
      "type": "Feature",
      "properties": {
        "id": 721358753,
        "kind": "poi",
        "crossing": "marked",
        "crossing:markings": "yes",
        "highway": "crossing"
      },
      "geometry": {
        "type": "Point",
        "coordinates": [
          -106.4468026,
          31.7558021
        ]
      }
    },
    {
      "type": "Feature",
      "properties": {
        "id": 734789562,
        "kind": "poi",
        "crossing": "traffic_signals",
        "crossing:markings": "zebra",
        "crossing:signals": "yes",
        "highway": "crossing"
      },
      "geometry": {
        "type": "Point",
        "coordinates": [
          -106.4429905,
          31.7409494
        ]
      }
    },
    {
      "type": "Feature",
      "properties": {
        "id": 748756295,
        "kind": "poi",
        "crossing": "unmarked",
        "crossing:markings": "no",
        "highway": "crossing"
      },
      "geometry": {
        "type": "Point",
        "coordinates": [
          -106.4644869,
          31.7503237
        ]
      }
    },
    {
      "type": "Feature",
      "properties": {
        "id": 851354078,
        "kind": "poi",
        "highway": "crossing"
      },
      "geometry": {
        "type": "Point",
        "coordinates": [
          -106.4548101,
          31.741511
        ]
      }
    },
    {
      "type": "Feature",
      "properties": {
        "id": 857391280,
        "kind": "poi",
        "crossing": "unmarked",
        "crossing:markings": "no",
        "highway": "crossing"
      },
      "geometry": {
        "type": "Point",
        "coordinates": [
          -106.4412718,
          31.7554639
        ]
      }
    },
    {
      "type": "Feature",
      "properties": {
        "id": 2556108781,
        "kind": "poi",
        "crossing:island": "no",
        "crossing:markings": "yes",
        "crossing:signals": "no",
        "highway": "crossing"
      },
      "geometry": {
        "type": "Point",
        "coordinates": [
          -106.5053625,
          31.7689395
        ]
      }
    },
    {
      "type": "Feature",
      "properties": {
        "id": 2556108818,
        "kind": "poi",
        "highway": "crossing"
      },
      "geometry": {
        "type": "Point",
        "coordinates": [
          -106.504756,
          31.7679624
        ]
      }
    },
    {
      "type": "Feature",
      "properties": {
        "id": 2556108912,
        "kind": "poi",
        "crossing": "marked",
        "crossing:markings": "yes",
        "highway": "crossing"
      },
      "geometry": {
        "type": "Point",
        "coordinates": [
          -106.5066237,
          31.769667
        ]
      }
    },
    {
      "type": "Feature",
      "properties": {
        "id": 2556109040,
        "kind": "poi",
        "highway": "crossing"
      },
      "geometry": {
        "type": "Point",
        "coordinates": [
          -106.5024894,
          31.767151
        ]
      }
    },
    {
      "type": "Feature",
      "properties": {
        "id": 2557325178,
        "kind": "poi",
        "crossing": "uncontrolled",
        "crossing:markings": "yes",
        "highway": "crossing"
      },
      "geometry": {
        "type": "Point",
        "coordinates": [
          -106.4558899,
          31.7676082
        ]
      }
    },
    {
      "type": "Feature",
      "properties": {
        "id": 2557325179,
        "kind": "poi",
        "crossing": "uncontrolled",
        "crossing:markings": "yes",
        "highway": "crossing"
      },
      "geometry": {
        "type": "Point",
        "coordinates": [
          -106.4560392,
          31.7675355
        ]
      }
    },
    {
      "type": "Feature",
      "properties": {
        "id": 2557325181,
        "kind": "poi",
        "crossing": "uncontrolled",
        "crossing:markings": "yes",
        "highway": "crossing"
      },
      "geometry": {
        "type": "Point",
        "coordinates": [
          -106.4561666,
          31.7674362
        ]
      }
    },
    {
      "type": "Feature",
      "properties": {
        "id": 2557325316,
        "kind": "poi",
        "crossing": "uncontrolled",
        "crossing:markings": "yes",
        "highway": "crossing"
      },
      "geometry": {
        "type": "Point",
        "coordinates": [
          -106.4565568,
          31.7671699
        ]
      }
    },
    {
      "type": "Feature",
      "properties": {
        "id": 2557325334,
        "kind": "poi",
        "crossing": "uncontrolled",
        "crossing:markings": "yes",
        "highway": "crossing"
      },
      "geometry": {
        "type": "Point",
        "coordinates": [
          -106.4555857,
          31.7676559
        ]
      }
    },
    {
      "type": "Feature",
      "properties": {
        "id": 2653826369,
        "kind": "poi",
        "crossing": "uncontrolled",
        "crossing:island": "no",
        "crossing:markings": "ladder",
        "highway": "crossing",
        "tactile_paving": "no"
      },
      "geometry": {
        "type": "Point",
        "coordinates": [
          -106.4309593,
          31.8089242
        ]
      }
    },
    {
      "type": "Feature",
      "properties": {
        "id": 2653836456,
        "kind": "poi",
        "crossing": "uncontrolled",
        "crossing:island": "no",
        "crossing:markings": "ladder",
        "highway": "crossing",
        "tactile_paving": "no"
      },
      "geometry": {
        "type": "Point",
        "coordinates": [
          -106.4300983,
          31.802923
        ]
      }
    },
    {
      "type": "Feature",
      "properties": {
        "id": 2653836527,
        "kind": "poi",
        "crossing": "uncontrolled",
        "crossing:island": "no",
        "crossing:markings": "lines",
        "highway": "crossing",
        "tactile_paving": "no"
      },
      "geometry": {
        "type": "Point",
        "coordinates": [
          -106.4347534,
          31.8060792
        ]
      }
    },
    {
      "type": "Feature",
      "properties": {
        "id": 2653836562,
        "kind": "poi",
        "crossing": "uncontrolled",
        "crossing:island": "no",
        "crossing:markings": "lines",
        "highway": "crossing",
        "tactile_paving": "no"
      },
      "geometry": {
        "type": "Point",
        "coordinates": [
          -106.4346765,
          31.8089061
        ]
      }
    },
    {
      "type": "Feature",
      "properties": {
        "id": 2653845536,
        "kind": "poi",
        "crossing": "uncontrolled",
        "crossing:island": "no",
        "crossing:markings": "zebra",
        "highway": "crossing",
        "tactile_paving": "no"
      },
      "geometry": {
        "type": "Point",
        "coordinates": [
          -106.4298691,
          31.802042
        ]
      }
    },
    {
      "type": "Feature",
      "properties": {
        "id": 2705034856,
        "kind": "poi",
        "crossing": "traffic_signals",
        "crossing:markings": "zebra",
        "crossing:signals": "yes",
        "highway": "crossing"
      },
      "geometry": {
        "type": "Point",
        "coordinates": [
          -106.4255503,
          31.7684057
        ]
      }
    },
    {
      "type": "Feature",
      "properties": {
        "id": 2705040123,
        "kind": "poi",
        "highway": "crossing"
      },
      "geometry": {
        "type": "Point",
        "coordinates": [
          -106.4208127,
          31.7757146
        ]
      }
    },
    {
      "type": "Feature",
      "properties": {
        "id": 2711202833,
        "kind": "poi",
        "crossing": "uncontrolled",
        "highway": "crossing"
      },
      "geometry": {
        "type": "Point",
        "coordinates": [
          -106.4982487,
          31.7823507
        ]
      }
    },
    {
      "type": "Feature",
      "properties": {
        "id": 2711202836,
        "kind": "poi",
        "crossing": "uncontrolled",
        "highway": "crossing"
      },
      "geometry": {
        "type": "Point",
        "coordinates": [
          -106.4983236,
          31.7824161
        ]
      }
    },
    {
      "type": "Feature",
      "properties": {
        "id": 2711224873,
        "kind": "poi",
        "crossing": "uncontrolled",
        "highway": "crossing"
      },
      "geometry": {
        "type": "Point",
        "coordinates": [
          -106.5010553,
          31.7866442
        ]
      }
    },
    {
      "type": "Feature",
      "properties": {
        "id": 2711224874,
        "kind": "poi",
        "crossing": "uncontrolled",
        "highway": "crossing"
      },
      "geometry": {
        "type": "Point",
        "coordinates": [
          -106.5011791,
          31.786532
        ]
      }
    },
    {
      "type": "Feature",
      "properties": {
        "id": 2711224877,
        "kind": "poi",
        "crossing": "uncontrolled",
        "highway": "crossing"
      },
      "geometry": {
        "type": "Point",
        "coordinates": [
          -106.5010895,
          31.7858347
        ]
      }
    },
    {
      "type": "Feature",
      "properties": {
        "id": 2711224878,
        "kind": "poi",
        "crossing": "uncontrolled",
        "highway": "crossing"
      },
      "geometry": {
        "type": "Point",
        "coordinates": [
          -106.5010936,
          31.7857639
        ]
      }
    },
    {
      "type": "Feature",
      "properties": {
        "id": 2711233403,
        "kind": "poi",
        "crossing": "uncontrolled",
        "highway": "crossing"
      },
      "geometry": {
        "type": "Point",
        "coordinates": [
          -106.5016339,
          31.7922831
        ]
      }
    },
    {
      "type": "Feature",
      "properties": {
        "id": 2711351038,
        "kind": "poi",
        "highway": "crossing"
      },
      "geometry": {
        "type": "Point",
        "coordinates": [
          -106.5116655,
          31.8098168
        ]
      }
    },
    {
      "type": "Feature",
      "properties": {
        "id": 2871624654,
        "kind": "poi",
        "crossing": "unmarked",
        "crossing:markings": "no",
        "highway": "crossing"
      },
      "geometry": {
        "type": "Point",
        "coordinates": [
          -106.5110753,
          31.7995405
        ]
      }
    },
    {
      "type": "Feature",
      "properties": {
        "id": 3033544952,
        "kind": "poi",
        "crossing": "uncontrolled",
        "crossing:island": "no",
        "crossing:markings": "zebra",
        "highway": "crossing",
        "tactile_paving": "no"
      },
      "geometry": {
        "type": "Point",
        "coordinates": [
          -106.429183,
          31.8161642
        ]
      }
    },
    {
      "type": "Feature",
      "properties": {
        "id": 3203889460,
        "kind": "poi",
        "amenity": "pharmacy"
      },
      "geometry": {
        "type": "Point",
        "coordinates": [
          -106.4986294,
          31.742076
        ]
      }
    },
    {
      "type": "Feature",
      "properties": {
        "id": 3319121681,
        "kind": "poi",
        "crossing": "traffic_signals",
        "crossing:markings": "surface",
        "crossing:signals": "yes",
        "highway": "crossing"
      },
      "geometry": {
        "type": "Point",
        "coordinates": [
          -106.512444,
          31.8109437
        ]
      }
    },
    {
      "type": "Feature",
      "properties": {
        "id": 3370654211,
        "kind": "poi",
        "amenity": "pharmacy",
        "healthcare": "pharmacy"
      },
      "geometry": {
        "type": "Point",
        "coordinates": [
          -106.4566898,
          31.7447745
        ]
      }
    },
    {
      "type": "Feature",
      "properties": {
        "id": 3416882240,
        "kind": "poi",
        "crossing": "uncontrolled",
        "crossing:markings": "zebra",
        "crossing:signals": "no",
        "highway": "crossing"
      },
      "geometry": {
        "type": "Point",
        "coordinates": [
          -106.5042168,
          31.7654223
        ]
      }
    },
    {
      "type": "Feature",
      "properties": {
        "id": 3416882269,
        "kind": "poi",
        "crossing": "traffic_signals",
        "crossing:markings": "zebra",
        "crossing:signals": "yes",
        "highway": "crossing"
      },
      "geometry": {
        "type": "Point",
        "coordinates": [
          -106.5031948,
          31.7655725
        ]
      }
    },
    {
      "type": "Feature",
      "properties": {
        "id": 3416882333,
        "kind": "poi",
        "crossing": "uncontrolled",
        "crossing:markings": "zebra",
        "crossing:signals": "no",
        "highway": "crossing"
      },
      "geometry": {
        "type": "Point",
        "coordinates": [
          -106.5066694,
          31.7661966
        ]
      }
    },
    {
      "type": "Feature",
      "properties": {
        "id": 3416882370,
        "kind": "poi",
        "highway": "crossing"
      },
      "geometry": {
        "type": "Point",
        "coordinates": [
          -106.5033424,
          31.7665097
        ]
      }
    },
    {
      "type": "Feature",
      "properties": {
        "id": 3416882396,
        "kind": "poi",
        "highway": "crossing"
      },
      "geometry": {
        "type": "Point",
        "coordinates": [
          -106.5052661,
          31.7667915
        ]
      }
    },
    {
      "type": "Feature",
      "properties": {
        "id": 3416882398,
        "kind": "poi",
        "highway": "crossing"
      },
      "geometry": {
        "type": "Point",
        "coordinates": [
          -106.5030219,
          31.766809
        ]
      }
    },
    {
      "type": "Feature",
      "properties": {
        "id": 3416882595,
        "kind": "poi",
        "highway": "crossing"
      },
      "geometry": {
        "type": "Point",
        "coordinates": [
          -106.5053271,
          31.767547
        ]
      }
    },
    {
      "type": "Feature",
      "properties": {
        "id": 3416882669,
        "kind": "poi",
        "crossing:island": "no",
        "crossing:markings": "yes",
        "crossing:signals": "no",
        "highway": "crossing"
      },
      "geometry": {
        "type": "Point",
        "coordinates": [
          -106.5053678,
          31.7678501
        ]
      }
    },
    {
      "type": "Feature",
      "properties": {
        "id": 3416882699,
        "kind": "poi",
        "crossing": "uncontrolled",
        "crossing:markings": "yes",
        "highway": "crossing"
      },
      "geometry": {
        "type": "Point",
        "coordinates": [
          -106.5047632,
          31.7681233
        ]
      }
    },
    {
      "type": "Feature",
      "properties": {
        "id": 3416882867,
        "kind": "poi",
        "crossing": "marked",
        "crossing:markings": "yes",
        "highway": "crossing"
      },
      "geometry": {
        "type": "Point",
        "coordinates": [
          -106.5048562,
          31.7695737
        ]
      }
    },
    {
      "type": "Feature",
      "properties": {
        "id": 3416882871,
        "kind": "poi",
        "crossing": "marked",
        "crossing:markings": "yes",
        "highway": "crossing"
      },
      "geometry": {
        "type": "Point",
        "coordinates": [
          -106.5047951,
          31.7696045
        ]
      }
    },
    {
      "type": "Feature",
      "properties": {
        "id": 3527005321,
        "kind": "poi",
        "crossing": "uncontrolled",
        "crossing:island": "no",
        "crossing:markings": "ladder:skewed",
        "highway": "crossing",
        "tactile_paving": "no"
      },
      "geometry": {
        "type": "Point",
        "coordinates": [
          -106.4222185,
          31.800992
        ]
      }
    },
    {
      "type": "Feature",
      "properties": {
        "id": 3527005325,
        "kind": "poi",
        "crossing": "uncontrolled",
        "crossing:island": "no",
        "crossing:markings": "ladder:skewed",
        "highway": "crossing",
        "tactile_paving": "no"
      },
      "geometry": {
        "type": "Point",
        "coordinates": [
          -106.422172,
          31.8010581
        ]
      }
    },
    {
      "type": "Feature",
      "properties": {
        "id": 3527005343,
        "kind": "poi",
        "crossing": "uncontrolled",
        "crossing:island": "no",
        "crossing:markings": "ladder:skewed",
        "highway": "crossing",
        "tactile_paving": "no"
      },
      "geometry": {
        "type": "Point",
        "coordinates": [
          -106.4252094,
          31.801683
        ]
      }
    },
    {
      "type": "Feature",
      "properties": {
        "id": 3527005350,
        "kind": "poi",
        "crossing": "uncontrolled",
        "crossing:island": "no",
        "crossing:markings": "ladder:skewed",
        "highway": "crossing",
        "tactile_paving": "no"
      },
      "geometry": {
        "type": "Point",
        "coordinates": [
          -106.4215412,
          31.8018231
        ]
      }
    },
    {
      "type": "Feature",
      "properties": {
        "id": 3527005352,
        "kind": "poi",
        "crossing": "uncontrolled",
        "crossing:island": "no",
        "crossing:markings": "ladder:skewed",
        "highway": "crossing",
        "tactile_paving": "no"
      },
      "geometry": {
        "type": "Point",
        "coordinates": [
          -106.4251777,
          31.8017544
        ]
      }
    },
    {
      "type": "Feature",
      "properties": {
        "id": 3527005362,
        "kind": "poi",
        "crossing": "uncontrolled",
        "crossing:island": "no",
        "crossing:markings": "ladder:skewed",
        "highway": "crossing",
        "tactile_paving": "no"
      },
      "geometry": {
        "type": "Point",
        "coordinates": [
          -106.4264284,
          31.8022241
        ]
      }
    },
    {
      "type": "Feature",
      "properties": {
        "id": 3527005365,
        "kind": "poi",
        "crossing": "uncontrolled",
        "crossing:island": "no",
        "crossing:markings": "ladder:skewed",
        "highway": "crossing",
        "tactile_paving": "no"
      },
      "geometry": {
        "type": "Point",
        "coordinates": [
          -106.426495,
          31.8023608
        ]
      }
    },
    {
      "type": "Feature",
      "properties": {
        "id": 3527005366,
        "kind": "poi",
        "crossing": "uncontrolled",
        "crossing:markings": "ladder:skewed",
        "highway": "crossing"
      },
      "geometry": {
        "type": "Point",
        "coordinates": [
          -106.4217172,
          31.8024361
        ]
      }
    },
    {
      "type": "Feature",
      "properties": {
        "id": 3527005378,
        "kind": "poi",
        "crossing": "uncontrolled",
        "crossing:markings": "ladder:skewed",
        "highway": "crossing"
      },
      "geometry": {
        "type": "Point",
        "coordinates": [
          -106.4217003,
          31.8025521
        ]
      }
    },
    {
      "type": "Feature",
      "properties": {
        "id": 3527005387,
        "kind": "poi",
        "crossing": "uncontrolled",
        "crossing:island": "no",
        "crossing:markings": "ladder:skewed",
        "highway": "crossing",
        "tactile_paving": "no"
      },
      "geometry": {
        "type": "Point",
        "coordinates": [
          -106.4252691,
          31.8030185
        ]
      }
    },
    {
      "type": "Feature",
      "properties": {
        "id": 3542407726,
        "kind": "poi",
        "crossing": "unmarked",
        "crossing:markings": "no",
        "highway": "crossing"
      },
      "geometry": {
        "type": "Point",
        "coordinates": [
          -106.4639582,
          31.7509221
        ]
      }
    },
    {
      "type": "Feature",
      "properties": {
        "id": 3566761493,
        "kind": "poi",
        "crossing": "uncontrolled",
        "crossing:island": "no",
        "crossing:markings": "zebra",
        "highway": "crossing",
        "tactile_paving": "no"
      },
      "geometry": {
        "type": "Point",
        "coordinates": [
          -106.4370697,
          31.8083918
        ]
      }
    },
    {
      "type": "Feature",
      "properties": {
        "id": 3569506113,
        "kind": "poi",
        "crossing": "uncontrolled",
        "crossing:markings": "zebra",
        "crossing:signals": "no",
        "highway": "crossing"
      },
      "geometry": {
        "type": "Point",
        "coordinates": [
          -106.5077316,
          31.7692187
        ]
      }
    },
    {
      "type": "Feature",
      "properties": {
        "id": 3615174237,
        "kind": "poi",
        "crossing": "uncontrolled",
        "crossing:island": "no",
        "crossing:markings": "zebra",
        "highway": "crossing",
        "tactile_paving": "no"
      },
      "geometry": {
        "type": "Point",
        "coordinates": [
          -106.4311579,
          31.7994161
        ]
      }
    },
    {
      "type": "Feature",
      "properties": {
        "id": 3615174245,
        "kind": "poi",
        "crossing": "uncontrolled",
        "crossing:island": "no",
        "crossing:markings": "zebra",
        "crossing:signals": "no",
        "highway": "crossing",
        "tactile_paving": "no"
      },
      "geometry": {
        "type": "Point",
        "coordinates": [
          -106.4344179,
          31.8015018
        ]
      }
    },
    {
      "type": "Feature",
      "properties": {
        "id": 3615180535,
        "kind": "poi",
        "crossing": "uncontrolled",
        "crossing:island": "no",
        "crossing:markings": "zebra",
        "highway": "crossing",
        "tactile_paving": "no"
      },
      "geometry": {
        "type": "Point",
        "coordinates": [
          -106.4372604,
          31.8061336
        ]
      }
    },
    {
      "type": "Feature",
      "properties": {
        "id": 3615180554,
        "kind": "poi",
        "crossing": "uncontrolled",
        "crossing:island": "no",
        "crossing:markings": "zebra",
        "highway": "crossing",
        "tactile_paving": "no"
      },
      "geometry": {
        "type": "Point",
        "coordinates": [
          -106.43742,
          31.8083889
        ]
      }
    },
    {
      "type": "Feature",
      "properties": {
        "id": 3627811907,
        "kind": "poi",
        "crossing": "uncontrolled",
        "crossing:island": "no",
        "crossing:markings": "lines",
        "highway": "crossing",
        "tactile_paving": "no"
      },
      "geometry": {
        "type": "Point",
        "coordinates": [
          -106.4186767,
          31.792773
        ]
      }
    },
    {
      "type": "Feature",
      "properties": {
        "id": 3627811909,
        "kind": "poi",
        "crossing": "uncontrolled",
        "crossing:island": "no",
        "crossing:markings": "lines",
        "highway": "crossing",
        "tactile_paving": "no"
      },
      "geometry": {
        "type": "Point",
        "coordinates": [
          -106.420699,
          31.792863
        ]
      }
    },
    {
      "type": "Feature",
      "properties": {
        "id": 3958894652,
        "kind": "poi",
        "amenity": "pharmacy",
        "healthcare": "pharmacy"
      },
      "geometry": {
        "type": "Point",
        "coordinates": [
          -106.5135391,
          31.7641966
        ]
      }
    },
    {
      "type": "Feature",
      "properties": {
        "id": 3998433061,
        "kind": "poi",
        "amenity": "shelter",
        "name": "Smoke Pit"
      },
      "geometry": {
        "type": "Point",
        "coordinates": [
          -106.4307342,
          31.8014986
        ]
      }
    },
    {
      "type": "Feature",
      "properties": {
        "id": 3998434634,
        "kind": "poi",
        "crossing": "uncontrolled",
        "crossing:island": "no",
        "crossing:markings": "ladder",
        "highway": "crossing",
        "tactile_paving": "no"
      },
      "geometry": {
        "type": "Point",
        "coordinates": [
          -106.4317142,
          31.8016883
        ]
      }
    },
    {
      "type": "Feature",
      "properties": {
        "id": 3998434638,
        "kind": "poi",
        "crossing": "uncontrolled",
        "crossing:island": "no",
        "crossing:markings": "ladder",
        "highway": "crossing",
        "tactile_paving": "no"
      },
      "geometry": {
        "type": "Point",
        "coordinates": [
          -106.4304856,
          31.8020657
        ]
      }
    },
    {
      "type": "Feature",
      "properties": {
        "id": 3998435754,
        "kind": "poi",
        "amenity": "shelter",
        "name": "Smoke Pit"
      },
      "geometry": {
        "type": "Point",
        "coordinates": [
          -106.4355152,
          31.8040634
        ]
      }
    },
    {
      "type": "Feature",
      "properties": {
        "id": 3998435755,
        "kind": "poi",
        "crossing": "uncontrolled",
        "crossing:island": "no",
        "crossing:markings": "zebra",
        "highway": "crossing",
        "tactile_paving": "no"
      },
      "geometry": {
        "type": "Point",
        "coordinates": [
          -106.435741,
          31.8042113
        ]
      }
    },
    {
      "type": "Feature",
      "properties": {
        "id": 3998435756,
        "kind": "poi",
        "highway": "crossing"
      },
      "geometry": {
        "type": "Point",
        "coordinates": [
          -106.4353932,
          31.8038664
        ]
      }
    },
    {
      "type": "Feature",
      "properties": {
        "id": 3999794445,
        "kind": "poi",
        "crossing": "traffic_signals",
        "crossing:island": "no",
        "highway": "crossing",
        "tactile_paving": "no"
      },
      "geometry": {
        "type": "Point",
        "coordinates": [
          -106.4210354,
          31.7952211
        ]
      }
    },
    {
      "type": "Feature",
      "properties": {
        "id": 4123034145,
        "kind": "poi",
        "crossing": "uncontrolled",
        "crossing:markings": "yes",
        "highway": "crossing"
      },
      "geometry": {
        "type": "Point",
        "coordinates": [
          -106.4853811,
          31.7464501
        ]
      }
    },
    {
      "type": "Feature",
      "properties": {
        "id": 4145805393,
        "kind": "poi",
        "crossing": "uncontrolled",
        "crossing:markings": "zebra",
        "highway": "crossing"
      },
      "geometry": {
        "type": "Point",
        "coordinates": [
          -106.4519859,
          31.7633589
        ]
      }
    },
    {
      "type": "Feature",
      "properties": {
        "id": 4241791773,
        "kind": "poi",
        "addr:city": "El Paso",
        "addr:housenumber": "4615",
        "addr:postcode": "79905",
        "addr:state": "TX",
        "addr:street": "Alameda Avenue",
        "amenity": "hospital",
        "beds": "74",
        "emergency": "no",
        "healthcare": "hospital",
        "healthcare:speciality": "psychiatry",
        "name": "El Paso Psychiatric Center",
        "operator": "Texas Department of State Health Services",
        "source": "Bing Imagery",
        "website": "https://dshs.texas.gov/mhhospitals/default.shtm"
      },
      "geometry": {
        "type": "Point",
        "coordinates": [
          -106.43622,
          31.7719999
        ]
      }
    },
    {
      "type": "Feature",
      "properties": {
        "id": 4347359508,
        "kind": "poi",
        "crossing": "unmarked",
        "crossing:markings": "no",
        "highway": "crossing"
      },
      "geometry": {
        "type": "Point",
        "coordinates": [
          -106.4127153,
          31.758751
        ]
      }
    },
    {
      "type": "Feature",
      "properties": {
        "id": 4361839167,
        "kind": "poi",
        "crossing": "traffic_signals",
        "crossing:markings": "surface",
        "crossing:signals": "yes",
        "highway": "crossing"
      },
      "geometry": {
        "type": "Point",
        "coordinates": [
          -106.5123842,
          31.8108216
        ]
      }
    },
    {
      "type": "Feature",
      "properties": {
        "id": 4361839438,
        "kind": "poi",
        "crossing": "unmarked",
        "crossing:markings": "no",
        "highway": "crossing"
      },
      "geometry": {
        "type": "Point",
        "coordinates": [
          -106.5136483,
          31.8148307
        ]
      }
    },
    {
      "type": "Feature",
      "properties": {
        "id": 4589937892,
        "kind": "poi",
        "crossing": "uncontrolled",
        "crossing:island": "no",
        "crossing:markings": "ladder",
        "highway": "crossing",
        "tactile_paving": "no"
      },
      "geometry": {
        "type": "Point",
        "coordinates": [
          -106.4132218,
          31.8116957
        ]
      }
    },
    {
      "type": "Feature",
      "properties": {
        "id": 4638902579,
        "kind": "poi",
        "amenity": "pharmacy",
        "healthcare": "pharmacy"
      },
      "geometry": {
        "type": "Point",
        "coordinates": [
          -106.487353,
          31.7588665
        ]
      }
    },
    {
      "type": "Feature",
      "properties": {
        "id": 4727038564,
        "kind": "poi",
        "crossing": "uncontrolled",
        "crossing:markings": "yes",
        "highway": "crossing"
      },
      "geometry": {
        "type": "Point",
        "coordinates": [
          -106.4904221,
          31.7715804
        ]
      }
    },
    {
      "type": "Feature",
      "properties": {
        "id": 4753135229,
        "kind": "poi",
        "highway": "crossing"
      },
      "geometry": {
        "type": "Point",
        "coordinates": [
          -106.4898545,
          31.7535632
        ]
      }
    },
    {
      "type": "Feature",
      "properties": {
        "id": 4753135230,
        "kind": "poi",
        "crossing": "uncontrolled",
        "crossing:markings": "yes",
        "highway": "crossing"
      },
      "geometry": {
        "type": "Point",
        "coordinates": [
          -106.4892538,
          31.7537979
        ]
      }
    },
    {
      "type": "Feature",
      "properties": {
        "id": 4753135231,
        "kind": "poi",
        "crossing": "uncontrolled",
        "crossing:markings": "yes",
        "highway": "crossing"
      },
      "geometry": {
        "type": "Point",
        "coordinates": [
          -106.4890294,
          31.7531889
        ]
      }
    },
    {
      "type": "Feature",
      "properties": {
        "id": 4753135232,
        "kind": "poi",
        "crossing": "uncontrolled",
        "crossing:markings": "yes",
        "highway": "crossing"
      },
      "geometry": {
        "type": "Point",
        "coordinates": [
          -106.4891167,
          31.7530594
        ]
      }
    },
    {
      "type": "Feature",
      "properties": {
        "id": 5123743315,
        "kind": "poi",
        "crossing": "traffic_signals",
        "crossing:island": "no",
        "crossing:markings": "zebra",
        "highway": "crossing",
        "tactile_paving": "no"
      },
      "geometry": {
        "type": "Point",
        "coordinates": [
          -106.4448083,
          31.8173734
        ]
      }
    },
    {
      "type": "Feature",
      "properties": {
        "id": 5123743316,
        "kind": "poi",
        "crossing": "traffic_signals",
        "crossing:island": "no",
        "crossing:markings": "zebra",
        "highway": "crossing",
        "tactile_paving": "no"
      },
      "geometry": {
        "type": "Point",
        "coordinates": [
          -106.4445299,
          31.8173278
        ]
      }
    },
    {
      "type": "Feature",
      "properties": {
        "id": 5123744464,
        "kind": "poi",
        "crossing": "unmarked",
        "crossing:markings": "no",
        "highway": "crossing"
      },
      "geometry": {
        "type": "Point",
        "coordinates": [
          -106.4613156,
          31.7967547
        ]
      }
    },
    {
      "type": "Feature",
      "properties": {
        "id": 5123744489,
        "kind": "poi",
        "crossing": "unmarked",
        "crossing:markings": "no",
        "highway": "crossing"
      },
      "geometry": {
        "type": "Point",
        "coordinates": [
          -106.4615497,
          31.7886425
        ]
      }
    },
    {
      "type": "Feature",
      "properties": {
        "id": 5123744490,
        "kind": "poi",
        "crossing": "unmarked",
        "crossing:markings": "no",
        "highway": "crossing"
      },
      "geometry": {
        "type": "Point",
        "coordinates": [
          -106.4613557,
          31.7886024
        ]
      }
    },
    {
      "type": "Feature",
      "properties": {
        "id": 5203492121,
        "kind": "poi",
        "crossing": "unmarked",
        "crossing:markings": "no",
        "highway": "crossing"
      },
      "geometry": {
        "type": "Point",
        "coordinates": [
          -106.4602265,
          31.7672629
        ]
      }
    },
    {
      "type": "Feature",
      "properties": {
        "id": 5332674623,
        "kind": "poi",
        "crossing": "traffic_signals",
        "crossing:markings": "zebra",
        "crossing:signals": "yes",
        "highway": "crossing"
      },
      "geometry": {
        "type": "Point",
        "coordinates": [
          -106.4261385,
          31.7689216
        ]
      }
    },
    {
      "type": "Feature",
      "properties": {
        "id": 5332674629,
        "kind": "poi",
        "crossing": "traffic_signals",
        "crossing:markings": "zebra",
        "crossing:signals": "yes",
        "highway": "crossing"
      },
      "geometry": {
        "type": "Point",
        "coordinates": [
          -106.4260046,
          31.7689813
        ]
      }
    },
    {
      "type": "Feature",
      "properties": {
        "id": 5332674636,
        "kind": "poi",
        "crossing": "traffic_signals",
        "crossing:markings": "zebra",
        "crossing:signals": "yes",
        "highway": "crossing"
      },
      "geometry": {
        "type": "Point",
        "coordinates": [
          -106.425629,
          31.7685592
        ]
      }
    },
    {
      "type": "Feature",
      "properties": {
        "id": 5332674638,
        "kind": "poi",
        "crossing": "traffic_signals",
        "crossing:markings": "zebra",
        "crossing:signals": "yes",
        "highway": "crossing"
      },
      "geometry": {
        "type": "Point",
        "coordinates": [
          -106.4282487,
          31.768506
        ]
      }
    },
    {
      "type": "Feature",
      "properties": {
        "id": 5332674642,
        "kind": "poi",
        "crossing": "traffic_signals",
        "crossing:markings": "zebra",
        "crossing:signals": "yes",
        "highway": "crossing"
      },
      "geometry": {
        "type": "Point",
        "coordinates": [
          -106.4283364,
          31.7686121
        ]
      }
    },
    {
      "type": "Feature",
      "properties": {
        "id": 5332674648,
        "kind": "poi",
        "crossing": "traffic_signals",
        "crossing:markings": "zebra",
        "crossing:signals": "yes",
        "highway": "crossing"
      },
      "geometry": {
        "type": "Point",
        "coordinates": [
          -106.4280477,
          31.7690343
        ]
      }
    },
    {
      "type": "Feature",
      "properties": {
        "id": 5332674652,
        "kind": "poi",
        "crossing": "traffic_signals",
        "crossing:markings": "zebra",
        "crossing:signals": "yes",
        "highway": "crossing"
      },
      "geometry": {
        "type": "Point",
        "coordinates": [
          -106.428135,
          31.7689
        ]
      }
    },
    {
      "type": "Feature",
      "properties": {
        "id": 5358135143,
        "kind": "poi",
        "crossing": "uncontrolled",
        "crossing:island": "no",
        "crossing:markings": "zebra",
        "crossing:signals": "no",
        "highway": "crossing",
        "tactile_paving": "no"
      },
      "geometry": {
        "type": "Point",
        "coordinates": [
          -106.4113754,
          31.7890365
        ]
      }
    },
    {
      "type": "Feature",
      "properties": {
        "id": 5411015744,
        "kind": "poi",
        "crossing": "uncontrolled",
        "crossing:markings": "zebra",
        "crossing:signals": "no",
        "highway": "crossing"
      },
      "geometry": {
        "type": "Point",
        "coordinates": [
          -106.5095659,
          31.7735213
        ]
      }
    },
    {
      "type": "Feature",
      "properties": {
        "id": 5411015781,
        "kind": "poi",
        "crossing": "uncontrolled",
        "crossing:island": "yes",
        "crossing:markings": "zebra",
        "crossing:signals": "no",
        "highway": "crossing"
      },
      "geometry": {
        "type": "Point",
        "coordinates": [
          -106.5086665,
          31.7753449
        ]
      }
    },
    {
      "type": "Feature",
      "properties": {
        "id": 5411015788,
        "kind": "poi",
        "crossing": "uncontrolled",
        "crossing:island": "yes",
        "crossing:markings": "zebra",
        "crossing:signals": "no",
        "highway": "crossing"
      },
      "geometry": {
        "type": "Point",
        "coordinates": [
          -106.5086691,
          31.7754085
        ]
      }
    },
    {
      "type": "Feature",
      "properties": {
        "id": 5666444697,
        "kind": "poi",
        "crossing": "uncontrolled",
        "crossing:markings": "lines",
        "crossing:signals": "no",
        "highway": "crossing"
      },
      "geometry": {
        "type": "Point",
        "coordinates": [
          -106.4044758,
          31.7955285
        ]
      }
    },
    {
      "type": "Feature",
      "properties": {
        "id": 5700544350,
        "kind": "poi",
        "addr:city": "El Paso",
        "addr:housenumber": "4845",
        "addr:postcode": "79905",
        "addr:state": "TX",
        "addr:street": "Alameda Avenue",
        "amenity": "hospital",
        "beds": "122",
        "emergency": "yes",
        "healthcare": "hospital",
        "healthcare:speciality": "paediatrics",
        "name": "El Paso Children's Hospital",
        "opening_hours": "24/7",
        "phone": "+1-915-298-5444",
        "website": "https://elpasochildrens.org/"
      },
      "geometry": {
        "type": "Point",
        "coordinates": [
          -106.4339563,
          31.771455
        ]
      }
    },
    {
      "type": "Feature",
      "properties": {
        "id": 5743787441,
        "kind": "poi",
        "crossing": "unmarked",
        "crossing:markings": "no",
        "highway": "crossing"
      },
      "geometry": {
        "type": "Point",
        "coordinates": [
          -106.5144692,
          31.8082998
        ]
      }
    },
    {
      "type": "Feature",
      "properties": {
        "id": 5765665029,
        "kind": "poi",
        "highway": "crossing"
      },
      "geometry": {
        "type": "Point",
        "coordinates": [
          -106.505466,
          31.7681902
        ]
      }
    },
    {
      "type": "Feature",
      "properties": {
        "id": 5765670120,
        "kind": "poi",
        "crossing": "uncontrolled",
        "crossing:markings": "yes",
        "highway": "crossing"
      },
      "geometry": {
        "type": "Point",
        "coordinates": [
          -106.460154,
          31.7683285
        ]
      }
    },
    {
      "type": "Feature",
      "properties": {
        "id": 5811548556,
        "kind": "poi",
        "crossing": "uncontrolled",
        "crossing:island": "no",
        "crossing:markings": "lines",
        "highway": "crossing",
        "tactile_paving": "no"
      },
      "geometry": {
        "type": "Point",
        "coordinates": [
          -106.4305721,
          31.795735
        ]
      }
    },
    {
      "type": "Feature",
      "properties": {
        "id": 5811596863,
        "kind": "poi",
        "crossing": "uncontrolled",
        "crossing:island": "no",
        "crossing:markings": "zebra",
        "crossing:signals": "no",
        "highway": "crossing",
        "tactile_paving": "no"
      },
      "geometry": {
        "type": "Point",
        "coordinates": [
          -106.4355618,
          31.8027223
        ]
      }
    },
    {
      "type": "Feature",
      "properties": {
        "id": 5811596876,
        "kind": "poi",
        "crossing": "uncontrolled",
        "crossing:island": "no",
        "crossing:markings": "zebra",
        "highway": "crossing",
        "tactile_paving": "no"
      },
      "geometry": {
        "type": "Point",
        "coordinates": [
          -106.435829,
          31.8038927
        ]
      }
    },
    {
      "type": "Feature",
      "properties": {
        "id": 5818762380,
        "kind": "poi",
        "crossing": "unmarked",
        "crossing:markings": "no",
        "highway": "crossing"
      },
      "geometry": {
        "type": "Point",
        "coordinates": [
          -106.4292776,
          31.7926665
        ]
      }
    },
    {
      "type": "Feature",
      "properties": {
        "id": 5818762394,
        "kind": "poi",
        "crossing": "unmarked",
        "crossing:markings": "no",
        "highway": "crossing"
      },
      "geometry": {
        "type": "Point",
        "coordinates": [
          -106.4292788,
          31.792391
        ]
      }
    },
    {
      "type": "Feature",
      "properties": {
        "id": 5818762400,
        "kind": "poi",
        "crossing": "unmarked",
        "crossing:markings": "no",
        "highway": "crossing"
      },
      "geometry": {
        "type": "Point",
        "coordinates": [
          -106.4292482,
          31.7926672
        ]
      }
    },
    {
      "type": "Feature",
      "properties": {
        "id": 5819256129,
        "kind": "poi",
        "crossing": "uncontrolled",
        "crossing:island": "no",
        "crossing:markings": "ladder",
        "highway": "crossing",
        "tactile_paving": "no"
      },
      "geometry": {
        "type": "Point",
        "coordinates": [
          -106.4387756,
          31.8157581
        ]
      }
    },
    {
      "type": "Feature",
      "properties": {
        "id": 6236432956,
        "kind": "poi",
        "crossing": "traffic_signals",
        "crossing:island": "no",
        "highway": "crossing",
        "tactile_paving": "no"
      },
      "geometry": {
        "type": "Point",
        "coordinates": [
          -106.4210373,
          31.7951169
        ]
      }
    },
    {
      "type": "Feature",
      "properties": {
        "id": 6236432957,
        "kind": "poi",
        "crossing": "traffic_signals",
        "crossing:island": "no",
        "highway": "crossing",
        "tactile_paving": "no"
      },
      "geometry": {
        "type": "Point",
        "coordinates": [
          -106.4207628,
          31.7952246
        ]
      }
    },
    {
      "type": "Feature",
      "properties": {
        "id": 6236432958,
        "kind": "poi",
        "crossing": "traffic_signals",
        "crossing:island": "no",
        "highway": "crossing",
        "tactile_paving": "no"
      },
      "geometry": {
        "type": "Point",
        "coordinates": [
          -106.4208819,
          31.795288
        ]
      }
    },
    {
      "type": "Feature",
      "properties": {
        "id": 6236432959,
        "kind": "poi",
        "crossing": "traffic_signals",
        "crossing:island": "no",
        "highway": "crossing",
        "tactile_paving": "no"
      },
      "geometry": {
        "type": "Point",
        "coordinates": [
          -106.4208752,
          31.7950344
        ]
      }
    },
    {
      "type": "Feature",
      "properties": {
        "id": 6332455634,
        "kind": "poi",
        "crossing": "unmarked",
        "crossing:markings": "no",
        "highway": "crossing"
      },
      "geometry": {
        "type": "Point",
        "coordinates": [
          -106.4662499,
          31.750356
        ]
      }
    },
    {
      "type": "Feature",
      "properties": {
        "id": 6424284519,
        "kind": "poi",
        "highway": "crossing"
      },
      "geometry": {
        "type": "Point",
        "coordinates": [
          -106.4411276,
          31.7500236
        ]
      }
    },
    {
      "type": "Feature",
      "properties": {
        "id": 6424284520,
        "kind": "poi",
        "highway": "crossing"
      },
      "geometry": {
        "type": "Point",
        "coordinates": [
          -106.4411255,
          31.7499079
        ]
      }
    },
    {
      "type": "Feature",
      "properties": {
        "id": 6606143712,
        "kind": "poi",
        "crossing": "uncontrolled",
        "crossing:markings": "lines",
        "crossing:signals": "no",
        "highway": "crossing"
      },
      "geometry": {
        "type": "Point",
        "coordinates": [
          -106.4695905,
          31.759495
        ]
      }
    },
    {
      "type": "Feature",
      "properties": {
        "id": 6635825554,
        "kind": "poi",
        "crossing": "uncontrolled",
        "crossing:island": "no",
        "crossing:markings": "zebra",
        "crossing:signals": "no",
        "highway": "crossing",
        "tactile_paving": "no"
      },
      "geometry": {
        "type": "Point",
        "coordinates": [
          -106.435836,
          31.802562
        ]
      }
    },
    {
      "type": "Feature",
      "properties": {
        "id": 6816572994,
        "kind": "poi",
        "crossing": "marked",
        "crossing:markings": "surface",
        "highway": "crossing"
      },
      "geometry": {
        "type": "Point",
        "coordinates": [
          -106.5054169,
          31.769809
        ]
      }
    },
    {
      "type": "Feature",
      "properties": {
        "id": 7258907515,
        "kind": "poi",
        "crossing": "uncontrolled",
        "crossing:markings": "yes",
        "highway": "crossing"
      },
      "geometry": {
        "type": "Point",
        "coordinates": [
          -106.4862203,
          31.7424985
        ]
      }
    },
    {
      "type": "Feature",
      "properties": {
        "id": 7280246173,
        "kind": "poi",
        "crossing": "uncontrolled",
        "crossing:markings": "lines",
        "crossing:signals": "no",
        "highway": "crossing"
      },
      "geometry": {
        "type": "Point",
        "coordinates": [
          -106.4644621,
          31.7506943
        ]
      }
    },
    {
      "type": "Feature",
      "properties": {
        "id": 7377147481,
        "kind": "poi",
        "crossing": "uncontrolled",
        "crossing:markings": "zebra",
        "crossing:signals": "no",
        "highway": "crossing"
      },
      "geometry": {
        "type": "Point",
        "coordinates": [
          -106.507691,
          31.7757184
        ]
      }
    },
    {
      "type": "Feature",
      "properties": {
        "id": 7377147488,
        "kind": "poi",
        "crossing": "marked",
        "crossing:markings": "zebra",
        "highway": "crossing",
        "tactile_paving": "no"
      },
      "geometry": {
        "type": "Point",
        "coordinates": [
          -106.5047472,
          31.774637
        ]
      }
    },
    {
      "type": "Feature",
      "properties": {
        "id": 7409737737,
        "kind": "poi",
        "crossing:markings": "lines",
        "highway": "crossing"
      },
      "geometry": {
        "type": "Point",
        "coordinates": [
          -106.4002913,
          31.7980524
        ]
      }
    },
    {
      "type": "Feature",
      "properties": {
        "id": 7409737860,
        "kind": "poi",
        "crossing": "uncontrolled",
        "crossing:markings": "zebra",
        "highway": "crossing"
      },
      "geometry": {
        "type": "Point",
        "coordinates": [
          -106.4000686,
          31.7981182
        ]
      }
    },
    {
      "type": "Feature",
      "properties": {
        "id": 7418252302,
        "kind": "poi",
        "crossing": "uncontrolled",
        "crossing:markings": "zebra",
        "crossing:signals": "no",
        "highway": "crossing"
      },
      "geometry": {
        "type": "Point",
        "coordinates": [
          -106.5070296,
          31.7691521
        ]
      }
    },
    {
      "type": "Feature",
      "properties": {
        "id": 7418252305,
        "kind": "poi",
        "crossing": "uncontrolled",
        "crossing:markings": "zebra",
        "crossing:signals": "no",
        "highway": "crossing"
      },
      "geometry": {
        "type": "Point",
        "coordinates": [
          -106.5066763,
          31.7694819
        ]
      }
    },
    {
      "type": "Feature",
      "properties": {
        "id": 7418252316,
        "kind": "poi",
        "crossing": "uncontrolled",
        "crossing:markings": "zebra",
        "crossing:signals": "no",
        "highway": "crossing"
      },
      "geometry": {
        "type": "Point",
        "coordinates": [
          -106.5069924,
          31.7691232
        ]
      }
    },
    {
      "type": "Feature",
      "properties": {
        "id": 7418279312,
        "kind": "poi",
        "crossing": "uncontrolled",
        "crossing:markings": "zebra",
        "crossing:signals": "no",
        "highway": "crossing"
      },
      "geometry": {
        "type": "Point",
        "coordinates": [
          -106.5076276,
          31.7693043
        ]
      }
    },
    {
      "type": "Feature",
      "properties": {
        "id": 7418485038,
        "kind": "poi",
        "crossing": "uncontrolled",
        "crossing:markings": "yes",
        "highway": "crossing"
      },
      "geometry": {
        "type": "Point",
        "coordinates": [
          -106.5010738,
          31.7619497
        ]
      }
    },
    {
      "type": "Feature",
      "properties": {
        "id": 7418485055,
        "kind": "poi",
        "crossing": "uncontrolled",
        "crossing:markings": "yes",
        "highway": "crossing"
      },
      "geometry": {
        "type": "Point",
        "coordinates": [
          -106.5022274,
          31.7601741
        ]
      }
    },
    {
      "type": "Feature",
      "properties": {
        "id": 7418538482,
        "kind": "poi",
        "crossing": "uncontrolled",
        "crossing:markings": "zebra",
        "crossing:signals": "no",
        "highway": "crossing"
      },
      "geometry": {
        "type": "Point",
        "coordinates": [
          -106.5060346,
          31.7655626
        ]
      }
    },
    {
      "type": "Feature",
      "properties": {
        "id": 7418545110,
        "kind": "poi",
        "crossing": "unmarked",
        "crossing:markings": "no",
        "highway": "crossing"
      },
      "geometry": {
        "type": "Point",
        "coordinates": [
          -106.5050962,
          31.7630541
        ]
      }
    },
    {
      "type": "Feature",
      "properties": {
        "id": 7418545128,
        "kind": "poi",
        "crossing": "marked",
        "crossing:markings": "yes",
        "highway": "crossing"
      },
      "geometry": {
        "type": "Point",
        "coordinates": [
          -106.5098591,
          31.7651235
        ]
      }
    },
    {
      "type": "Feature",
      "properties": {
        "id": 7418545131,
        "kind": "poi",
        "crossing": "marked",
        "crossing:markings": "yes",
        "highway": "crossing"
      },
      "geometry": {
        "type": "Point",
        "coordinates": [
          -106.5100008,
          31.7650893
        ]
      }
    },
    {
      "type": "Feature",
      "properties": {
        "id": 7418545134,
        "kind": "poi",
        "highway": "crossing"
      },
      "geometry": {
        "type": "Point",
        "coordinates": [
          -106.510102,
          31.7650634
        ]
      }
    },
    {
      "type": "Feature",
      "properties": {
        "id": 7418545140,
        "kind": "poi",
        "crossing": "marked",
        "crossing:markings": "yes",
        "highway": "crossing"
      },
      "geometry": {
        "type": "Point",
        "coordinates": [
          -106.5077272,
          31.7624721
        ]
      }
    },
    {
      "type": "Feature",
      "properties": {
        "id": 7418545141,
        "kind": "poi",
        "crossing": "marked",
        "crossing:markings": "yes",
        "highway": "crossing"
      },
      "geometry": {
        "type": "Point",
        "coordinates": [
          -106.5078609,
          31.7625482
        ]
      }
    },
    {
      "type": "Feature",
      "properties": {
        "id": 7418545176,
        "kind": "poi",
        "crossing": "traffic_signals",
        "crossing:markings": "lines",
        "crossing:signals": "yes",
        "highway": "crossing"
      },
      "geometry": {
        "type": "Point",
        "coordinates": [
          -106.5067878,
          31.7629461
        ]
      }
    },
    {
      "type": "Feature",
      "properties": {
        "id": 7418545177,
        "kind": "poi",
        "crossing": "traffic_signals",
        "crossing:markings": "lines",
        "crossing:signals": "yes",
        "highway": "crossing"
      },
      "geometry": {
        "type": "Point",
        "coordinates": [
          -106.5064475,
          31.7631261
        ]
      }
    },
    {
      "type": "Feature",
      "properties": {
        "id": 7418681210,
        "kind": "poi",
        "crossing": "unmarked",
        "crossing:markings": "no",
        "highway": "crossing"
      },
      "geometry": {
        "type": "Point",
        "coordinates": [
          -106.5066392,
          31.7674252
        ]
      }
    },
    {
      "type": "Feature",
      "properties": {
        "id": 7418681260,
        "kind": "poi",
        "crossing": "uncontrolled",
        "crossing:markings": "yes",
        "highway": "crossing"
      },
      "geometry": {
        "type": "Point",
        "coordinates": [
          -106.5065879,
          31.7791313
        ]
      }
    },
    {
      "type": "Feature",
      "properties": {
        "id": 7424335414,
        "kind": "poi",
        "crossing": "marked",
        "crossing:markings": "yes",
        "highway": "crossing"
      },
      "geometry": {
        "type": "Point",
        "coordinates": [
          -106.4924034,
          31.7841613
        ]
      }
    },
    {
      "type": "Feature",
      "properties": {
        "id": 7424335664,
        "kind": "poi",
        "crossing": "unmarked",
        "crossing:markings": "no",
        "highway": "crossing"
      },
      "geometry": {
        "type": "Point",
        "coordinates": [
          -106.4918095,
          31.7842854
        ]
      }
    },
    {
      "type": "Feature",
      "properties": {
        "id": 7424427449,
        "kind": "poi",
        "crossing": "unmarked",
        "crossing:markings": "no",
        "highway": "crossing"
      },
      "geometry": {
        "type": "Point",
        "coordinates": [
          -106.4984253,
          31.779108
        ]
      }
    },
    {
      "type": "Feature",
      "properties": {
        "id": 7424427452,
        "kind": "poi",
        "crossing": "unmarked",
        "crossing:markings": "no",
        "highway": "crossing"
      },
      "geometry": {
        "type": "Point",
        "coordinates": [
          -106.4983865,
          31.7791358
        ]
      }
    },
    {
      "type": "Feature",
      "properties": {
        "id": 7424448780,
        "kind": "poi",
        "crossing": "unmarked",
        "crossing:markings": "no",
        "highway": "crossing"
      },
      "geometry": {
        "type": "Point",
        "coordinates": [
          -106.487384,
          31.7878129
        ]
      }
    },
    {
      "type": "Feature",
      "properties": {
        "id": 7428028646,
        "kind": "poi",
        "crossing": "uncontrolled",
        "crossing:markings": "yes",
        "highway": "crossing"
      },
      "geometry": {
        "type": "Point",
        "coordinates": [
          -106.5080418,
          31.77483
        ]
      }
    },
    {
      "type": "Feature",
      "properties": {
        "id": 7428314667,
        "kind": "poi",
        "highway": "crossing"
      },
      "geometry": {
        "type": "Point",
        "coordinates": [
          -106.5054531,
          31.7762882
        ]
      }
    },
    {
      "type": "Feature",
      "properties": {
        "id": 7428928610,
        "kind": "poi",
        "crossing": "marked",
        "crossing:markings": "yes",
        "highway": "crossing"
      },
      "geometry": {
        "type": "Point",
        "coordinates": [
          -106.4907037,
          31.7599782
        ]
      }
    },
    {
      "type": "Feature",
      "properties": {
        "id": 7428928615,
        "kind": "poi",
        "crossing": "marked",
        "crossing:markings": "yes",
        "highway": "crossing"
      },
      "geometry": {
        "type": "Point",
        "coordinates": [
          -106.4907208,
          31.7598599
        ]
      }
    },
    {
      "type": "Feature",
      "properties": {
        "id": 7695409361,
        "kind": "poi",
        "crossing": "uncontrolled",
        "crossing:island": "no",
        "crossing:markings": "ladder",
        "highway": "crossing",
        "tactile_paving": "no"
      },
      "geometry": {
        "type": "Point",
        "coordinates": [
          -106.4212634,
          31.8179474
        ]
      }
    },
    {
      "type": "Feature",
      "properties": {
        "id": 7730032960,
        "kind": "poi",
        "crossing": "traffic_signals",
        "crossing:markings": "zebra",
        "crossing:signals": "yes",
        "highway": "crossing"
      },
      "geometry": {
        "type": "Point",
        "coordinates": [
          -106.485052,
          31.7454602
        ]
      }
    },
    {
      "type": "Feature",
      "properties": {
        "id": 7730032962,
        "kind": "poi",
        "crossing": "uncontrolled",
        "crossing:markings": "zebra",
        "crossing:signals": "no",
        "highway": "crossing"
      },
      "geometry": {
        "type": "Point",
        "coordinates": [
          -106.4868659,
          31.7457332
        ]
      }
    },
    {
      "type": "Feature",
      "properties": {
        "id": 7838801174,
        "kind": "poi",
        "highway": "crossing"
      },
      "geometry": {
        "type": "Point",
        "coordinates": [
          -106.4522673,
          31.7424006
        ]
      }
    },
    {
      "type": "Feature",
      "properties": {
        "id": 7842567674,
        "kind": "poi",
        "highway": "crossing"
      },
      "geometry": {
        "type": "Point",
        "coordinates": [
          -106.4550942,
          31.7409644
        ]
      }
    },
    {
      "type": "Feature",
      "properties": {
        "id": 7845427348,
        "kind": "poi",
        "crossing": "unmarked",
        "crossing:markings": "no",
        "highway": "crossing"
      },
      "geometry": {
        "type": "Point",
        "coordinates": [
          -106.4255713,
          31.7409372
        ]
      }
    },
    {
      "type": "Feature",
      "properties": {
        "id": 7845583578,
        "kind": "poi",
        "crossing": "uncontrolled",
        "crossing:markings": "zebra",
        "crossing:signals": "no",
        "highway": "crossing"
      },
      "geometry": {
        "type": "Point",
        "coordinates": [
          -106.4412583,
          31.7543363
        ]
      }
    },
    {
      "type": "Feature",
      "properties": {
        "id": 8097291976,
        "kind": "poi",
        "crossing": "uncontrolled",
        "crossing:island": "no",
        "crossing:markings": "ladder",
        "highway": "crossing",
        "tactile_paving": "no"
      },
      "geometry": {
        "type": "Point",
        "coordinates": [
          -106.413176,
          31.8140855
        ]
      }
    },
    {
      "type": "Feature",
      "properties": {
        "id": 8105696893,
        "kind": "poi",
        "highway": "crossing"
      },
      "geometry": {
        "type": "Point",
        "coordinates": [
          -106.5104045,
          31.80686
        ]
      }
    },
    {
      "type": "Feature",
      "properties": {
        "id": 8110508420,
        "kind": "poi",
        "crossing": "unmarked",
        "crossing:markings": "no",
        "highway": "crossing"
      },
      "geometry": {
        "type": "Point",
        "coordinates": [
          -106.4106597,
          31.8126884
        ]
      }
    },
    {
      "type": "Feature",
      "properties": {
        "id": 8129091675,
        "kind": "poi",
        "crossing": "uncontrolled",
        "crossing:island": "no",
        "crossing:markings": "lines",
        "highway": "crossing",
        "tactile_paving": "no"
      },
      "geometry": {
        "type": "Point",
        "coordinates": [
          -106.4310555,
          31.8094405
        ]
      }
    },
    {
      "type": "Feature",
      "properties": {
        "id": 8450160019,
        "kind": "poi",
        "crossing": "uncontrolled",
        "crossing:markings": "ladder",
        "crossing:signals": "no",
        "highway": "crossing"
      },
      "geometry": {
        "type": "Point",
        "coordinates": [
          -106.4873843,
          31.7526081
        ]
      }
    },
    {
      "type": "Feature",
      "properties": {
        "id": 8450160020,
        "kind": "poi",
        "highway": "crossing"
      },
      "geometry": {
        "type": "Point",
        "coordinates": [
          -106.486847,
          31.7527334
        ]
      }
    },
    {
      "type": "Feature",
      "properties": {
        "id": 8450160021,
        "kind": "poi",
        "crossing": "uncontrolled",
        "crossing:markings": "lines",
        "crossing:signals": "no",
        "highway": "crossing"
      },
      "geometry": {
        "type": "Point",
        "coordinates": [
          -106.4863353,
          31.7528522
        ]
      }
    },
    {
      "type": "Feature",
      "properties": {
        "id": 8450160023,
        "kind": "poi",
        "crossing": "uncontrolled",
        "crossing:markings": "lines",
        "crossing:signals": "no",
        "highway": "crossing"
      },
      "geometry": {
        "type": "Point",
        "coordinates": [
          -106.4853067,
          31.7530798
        ]
      }
    },
    {
      "type": "Feature",
      "properties": {
        "id": 8450160032,
        "kind": "poi",
        "crossing": "traffic_signals",
        "crossing:markings": "zebra",
        "crossing:signals": "yes",
        "highway": "crossing"
      },
      "geometry": {
        "type": "Point",
        "coordinates": [
          -106.4921815,
          31.7659439
        ]
      }
    },
    {
      "type": "Feature",
      "properties": {
        "id": 8450160033,
        "kind": "poi",
        "crossing": "traffic_signals",
        "crossing:markings": "zebra",
        "crossing:signals": "yes",
        "highway": "crossing"
      },
      "geometry": {
        "type": "Point",
        "coordinates": [
          -106.4921108,
          31.7659862
        ]
      }
    },
    {
      "type": "Feature",
      "properties": {
        "id": 8450160063,
        "kind": "poi",
        "crossing": "uncontrolled",
        "crossing:markings": "zebra",
        "crossing:signals": "no",
        "highway": "crossing"
      },
      "geometry": {
        "type": "Point",
        "coordinates": [
          -106.4939562,
          31.7679906
        ]
      }
    },
    {
      "type": "Feature",
      "properties": {
        "id": 8510643381,
        "kind": "poi",
        "crossing": "unmarked",
        "crossing:island": "no",
        "crossing:markings": "no",
        "highway": "crossing",
        "tactile_paving": "no"
      },
      "geometry": {
        "type": "Point",
        "coordinates": [
          -106.426694,
          31.7991499
        ]
      }
    },
    {
      "type": "Feature",
      "properties": {
        "id": 8510643415,
        "kind": "poi",
        "crossing": "uncontrolled",
        "crossing:island": "no",
        "crossing:markings": "zebra",
        "highway": "crossing",
        "tactile_paving": "no"
      },
      "geometry": {
        "type": "Point",
        "coordinates": [
          -106.4257512,
          31.7990474
        ]
      }
    },
    {
      "type": "Feature",
      "properties": {
        "id": 8510785356,
        "kind": "poi",
        "crossing": "uncontrolled",
        "crossing:island": "no",
        "crossing:markings": "zebra",
        "highway": "crossing",
        "tactile_paving": "no"
      },
      "geometry": {
        "type": "Point",
        "coordinates": [
          -106.4136696,
          31.7891292
        ]
      }
    },
    {
      "type": "Feature",
      "properties": {
        "id": 8863371263,
        "kind": "poi",
        "button_operated": "no",
        "crossing": "traffic_signals",
        "crossing:island": "no",
        "crossing:markings": "ladder",
        "highway": "crossing",
        "tactile_paving": "no",
        "traffic_signals:sound": "no",
        "traffic_signals:vibration": "no"
      },
      "geometry": {
        "type": "Point",
        "coordinates": [
          -106.4275192,
          31.8106555
        ]
      }
    },
    {
      "type": "Feature",
      "properties": {
        "id": 8863371264,
        "kind": "poi",
        "crossing": "unmarked",
        "crossing:markings": "no",
        "highway": "crossing"
      },
      "geometry": {
        "type": "Point",
        "coordinates": [
          -106.427579,
          31.8118945
        ]
      }
    },
    {
      "type": "Feature",
      "properties": {
        "id": 8863371265,
        "kind": "poi",
        "crossing": "unmarked",
        "crossing:markings": "no",
        "highway": "crossing"
      },
      "geometry": {
        "type": "Point",
        "coordinates": [
          -106.428517,
          31.8123268
        ]
      }
    },
    {
      "type": "Feature",
      "properties": {
        "id": 8863371266,
        "kind": "poi",
        "crossing": "unmarked",
        "crossing:island": "no",
        "crossing:markings": "no",
        "highway": "crossing",
        "tactile_paving": "no"
      },
      "geometry": {
        "type": "Point",
        "coordinates": [
          -106.4285996,
          31.8090522
        ]
      }
    },
    {
      "type": "Feature",
      "properties": {
        "id": 8863371268,
        "kind": "poi",
        "crossing": "unmarked",
        "crossing:markings": "no",
        "highway": "crossing"
      },
      "geometry": {
        "type": "Point",
        "coordinates": [
          -106.4293115,
          31.812313
        ]
      }
    },
    {
      "type": "Feature",
      "properties": {
        "id": 8863371273,
        "kind": "poi",
        "crossing": "unmarked",
        "crossing:island": "no",
        "crossing:markings": "no",
        "highway": "crossing",
        "tactile_paving": "no"
      },
      "geometry": {
        "type": "Point",
        "coordinates": [
          -106.4292852,
          31.8102871
        ]
      }
    },
    {
      "type": "Feature",
      "properties": {
        "id": 8899663996,
        "kind": "poi",
        "crossing": "uncontrolled",
        "crossing:markings": "yes",
        "highway": "crossing"
      },
      "geometry": {
        "type": "Point",
        "coordinates": [
          -106.4316239,
          31.7699757
        ]
      }
    },
    {
      "type": "Feature",
      "properties": {
        "id": 8903835696,
        "kind": "poi",
        "crossing": "uncontrolled",
        "crossing:markings": "yes",
        "highway": "crossing"
      },
      "geometry": {
        "type": "Point",
        "coordinates": [
          -106.5090338,
          31.7869274
        ]
      }
    },
    {
      "type": "Feature",
      "properties": {
        "id": 8903835711,
        "kind": "poi",
        "crossing": "uncontrolled",
        "crossing:markings": "yes",
        "highway": "crossing"
      },
      "geometry": {
        "type": "Point",
        "coordinates": [
          -106.5084649,
          31.7870172
        ]
      }
    },
    {
      "type": "Feature",
      "properties": {
        "id": 8903835748,
        "kind": "poi",
        "crossing": "uncontrolled",
        "crossing:markings": "yes",
        "highway": "crossing"
      },
      "geometry": {
        "type": "Point",
        "coordinates": [
          -106.508171,
          31.7859488
        ]
      }
    },
    {
      "type": "Feature",
      "properties": {
        "id": 8906007165,
        "kind": "poi",
        "highway": "crossing"
      },
      "geometry": {
        "type": "Point",
        "coordinates": [
          -106.5051514,
          31.7766724
        ]
      }
    },
    {
      "type": "Feature",
      "properties": {
        "id": 8906766355,
        "kind": "poi",
        "crossing": "marked",
        "crossing:markings": "lines",
        "crossing:signals": "no",
        "highway": "crossing"
      },
      "geometry": {
        "type": "Point",
        "coordinates": [
          -106.501081,
          31.7670579
        ]
      }
    },
    {
      "type": "Feature",
      "properties": {
        "id": 8906766421,
        "kind": "poi",
        "crossing": "traffic_signals",
        "crossing:markings": "lines",
        "crossing:signals": "yes",
        "highway": "crossing"
      },
      "geometry": {
        "type": "Point",
        "coordinates": [
          -106.5009472,
          31.7670066
        ]
      }
    },
    {
      "type": "Feature",
      "properties": {
        "id": 8906766434,
        "kind": "poi",
        "highway": "crossing"
      },
      "geometry": {
        "type": "Point",
        "coordinates": [
          -106.5004243,
          31.7663113
        ]
      }
    },
    {
      "type": "Feature",
      "properties": {
        "id": 8906766436,
        "kind": "poi",
        "crossing": "traffic_signals",
        "crossing:markings": "lines",
        "crossing:signals": "yes",
        "highway": "crossing"
      },
      "geometry": {
        "type": "Point",
        "coordinates": [
          -106.5009364,
          31.7669007
        ]
      }
    },
    {
      "type": "Feature",
      "properties": {
        "id": 8906766441,
        "kind": "poi",
        "crossing": "uncontrolled",
        "crossing:markings": "zebra",
        "crossing:signals": "no",
        "highway": "crossing"
      },
      "geometry": {
        "type": "Point",
        "coordinates": [
          -106.501773,
          31.7663693
        ]
      }
    },
    {
      "type": "Feature",
      "properties": {
        "id": 8906766446,
        "kind": "poi",
        "crossing": "traffic_signals",
        "crossing:markings": "zebra",
        "crossing:signals": "yes",
        "highway": "crossing"
      },
      "geometry": {
        "type": "Point",
        "coordinates": [
          -106.506684,
          31.766549
        ]
      }
    },
    {
      "type": "Feature",
      "properties": {
        "id": 8906766471,
        "kind": "poi",
        "crossing": "uncontrolled",
        "crossing:island": "no",
        "crossing:markings": "no",
        "crossing:signals": "no",
        "highway": "crossing",
        "tactile_paving": "yes",
        "traffic_calming": "dip"
      },
      "geometry": {
        "type": "Point",
        "coordinates": [
          -106.508049,
          31.768406
        ]
      }
    },
    {
      "type": "Feature",
      "properties": {
        "id": 9356487345,
        "kind": "poi",
        "access": "yes",
        "amenity": "drinking_water",
        "bottle": "no",
        "description": "Dog water bowl attachment",
        "fee": "no",
        "wheelchair": "yes"
      },
      "geometry": {
        "type": "Point",
        "coordinates": [
          -106.4015648,
          31.7595884
        ]
      }
    },
    {
      "type": "Feature",
      "properties": {
        "id": 9356551635,
        "kind": "poi",
        "crossing": "marked",
        "crossing:markings": "yes",
        "highway": "crossing"
      },
      "geometry": {
        "type": "Point",
        "coordinates": [
          -106.4873952,
          31.7796598
        ]
      }
    },
    {
      "type": "Feature",
      "properties": {
        "id": 9363913357,
        "kind": "poi",
        "crossing": "uncontrolled",
        "crossing:markings": "zebra",
        "crossing:signals": "no",
        "highway": "crossing"
      },
      "geometry": {
        "type": "Point",
        "coordinates": [
          -106.5120501,
          31.8108506
        ]
      }
    },
    {
      "type": "Feature",
      "properties": {
        "id": 9363913362,
        "kind": "poi",
        "crossing": "uncontrolled",
        "crossing:markings": "ladder:skewed",
        "crossing:signals": "no",
        "highway": "crossing"
      },
      "geometry": {
        "type": "Point",
        "coordinates": [
          -106.5120719,
          31.8111754
        ]
      }
    },
    {
      "type": "Feature",
      "properties": {
        "id": 9363913443,
        "kind": "poi",
        "crossing": "traffic_signals",
        "crossing:markings": "zebra",
        "crossing:signals": "yes",
        "highway": "crossing"
      },
      "geometry": {
        "type": "Point",
        "coordinates": [
          -106.5121754,
          31.8111351
        ]
      }
    },
    {
      "type": "Feature",
      "properties": {
        "id": 9363913445,
        "kind": "poi",
        "crossing": "traffic_signals",
        "crossing:markings": "zebra",
        "crossing:signals": "yes",
        "highway": "crossing"
      },
      "geometry": {
        "type": "Point",
        "coordinates": [
          -106.5123644,
          31.8110758
        ]
      }
    },
    {
      "type": "Feature",
      "properties": {
        "id": 9625462917,
        "kind": "poi",
        "amenity": "pharmacy",
        "dispensing": "yes",
        "healthcare": "pharmacy",
        "name": "Farmalivio"
      },
      "geometry": {
        "type": "Point",
        "coordinates": [
          -106.5077783,
          31.745287
        ]
      }
    },
    {
      "type": "Feature",
      "properties": {
        "id": 9755278857,
        "kind": "poi",
        "crossing": "unmarked",
        "crossing:markings": "no",
        "highway": "crossing"
      },
      "geometry": {
        "type": "Point",
        "coordinates": [
          -106.4872876,
          31.7878111
        ]
      }
    },
    {
      "type": "Feature",
      "properties": {
        "id": 9755278858,
        "kind": "poi",
        "crossing": "unmarked",
        "crossing:markings": "no",
        "highway": "crossing"
      },
      "geometry": {
        "type": "Point",
        "coordinates": [
          -106.4875427,
          31.7877646
        ]
      }
    },
    {
      "type": "Feature",
      "properties": {
        "id": 9755278868,
        "kind": "poi",
        "crossing": "marked",
        "highway": "crossing"
      },
      "geometry": {
        "type": "Point",
        "coordinates": [
          -106.4880243,
          31.7870226
        ]
      }
    },
    {
      "type": "Feature",
      "properties": {
        "id": 9755278902,
        "kind": "poi",
        "crossing": "unmarked",
        "crossing:markings": "no",
        "highway": "crossing"
      },
      "geometry": {
        "type": "Point",
        "coordinates": [
          -106.4901594,
          31.7847181
        ]
      }
    },
    {
      "type": "Feature",
      "properties": {
        "id": 9755278904,
        "kind": "poi",
        "crossing": "unmarked",
        "crossing:markings": "no",
        "highway": "crossing"
      },
      "geometry": {
        "type": "Point",
        "coordinates": [
          -106.4902657,
          31.7846603
        ]
      }
    },
    {
      "type": "Feature",
      "properties": {
        "id": 9755278910,
        "kind": "poi",
        "crossing": "unmarked",
        "crossing:markings": "no",
        "highway": "crossing"
      },
      "geometry": {
        "type": "Point",
        "coordinates": [
          -106.4908144,
          31.784566
        ]
      }
    },
    {
      "type": "Feature",
      "properties": {
        "id": 9755279524,
        "kind": "poi",
        "crossing": "marked",
        "crossing:markings": "yes",
        "highway": "crossing"
      },
      "geometry": {
        "type": "Point",
        "coordinates": [
          -106.4923977,
          31.7842029
        ]
      }
    },
    {
      "type": "Feature",
      "properties": {
        "id": 9755279552,
        "kind": "poi",
        "crossing": "unmarked",
        "crossing:markings": "no",
        "highway": "crossing"
      },
      "geometry": {
        "type": "Point",
        "coordinates": [
          -106.4940619,
          31.7829757
        ]
      }
    },
    {
      "type": "Feature",
      "properties": {
        "id": 9755279564,
        "kind": "poi",
        "crossing": "unmarked",
        "crossing:markings": "no",
        "highway": "crossing"
      },
      "geometry": {
        "type": "Point",
        "coordinates": [
          -106.4950176,
          31.7820011
        ]
      }
    },
    {
      "type": "Feature",
      "properties": {
        "id": 9755279575,
        "kind": "poi",
        "crossing": "unmarked",
        "crossing:markings": "no",
        "highway": "crossing"
      },
      "geometry": {
        "type": "Point",
        "coordinates": [
          -106.4957991,
          31.7811595
        ]
      }
    },
    {
      "type": "Feature",
      "properties": {
        "id": 9755279577,
        "kind": "poi",
        "crossing": "unmarked",
        "crossing:markings": "no",
        "highway": "crossing"
      },
      "geometry": {
        "type": "Point",
        "coordinates": [
          -106.4959079,
          31.7811752
        ]
      }
    },
    {
      "type": "Feature",
      "properties": {
        "id": 9755279619,
        "kind": "poi",
        "crossing": "marked",
        "highway": "crossing"
      },
      "geometry": {
        "type": "Point",
        "coordinates": [
          -106.486649,
          31.7871
        ]
      }
    },
    {
      "type": "Feature",
      "properties": {
        "id": 9755285634,
        "kind": "poi",
        "crossing": "uncontrolled",
        "highway": "crossing"
      },
      "geometry": {
        "type": "Point",
        "coordinates": [
          -106.5010949,
          31.7856991
        ]
      }
    },
    {
      "type": "Feature",
      "properties": {
        "id": 9802070620,
        "kind": "poi",
        "highway": "crossing"
      },
      "geometry": {
        "type": "Point",
        "coordinates": [
          -106.4926255,
          31.7666134
        ]
      }
    },
    {
      "type": "Feature",
      "properties": {
        "id": 9802070628,
        "kind": "poi",
        "crossing": "uncontrolled",
        "crossing:markings": "zebra",
        "crossing:signals": "no",
        "highway": "crossing"
      },
      "geometry": {
        "type": "Point",
        "coordinates": [
          -106.4938824,
          31.7680396
        ]
      }
    },
    {
      "type": "Feature",
      "properties": {
        "id": 9802070678,
        "kind": "poi",
        "highway": "crossing"
      },
      "geometry": {
        "type": "Point",
        "coordinates": [
          -106.4920274,
          31.7659356
        ]
      }
    },
    {
      "type": "Feature",
      "properties": {
        "id": 9802070679,
        "kind": "poi",
        "highway": "crossing"
      },
      "geometry": {
        "type": "Point",
        "coordinates": [
          -106.4926625,
          31.7666597
        ]
      }
    },
    {
      "type": "Feature",
      "properties": {
        "id": 9802070680,
        "kind": "poi",
        "highway": "crossing"
      },
      "geometry": {
        "type": "Point",
        "coordinates": [
          -106.4933003,
          31.7673874
        ]
      }
    },
    {
      "type": "Feature",
      "properties": {
        "id": 9802070681,
        "kind": "poi",
        "highway": "crossing"
      },
      "geometry": {
        "type": "Point",
        "coordinates": [
          -106.4939382,
          31.768105
        ]
      }
    },
    {
      "type": "Feature",
      "properties": {
        "id": 9802070682,
        "kind": "poi",
        "highway": "crossing"
      },
      "geometry": {
        "type": "Point",
        "coordinates": [
          -106.4945823,
          31.7688324
        ]
      }
    },
    {
      "type": "Feature",
      "properties": {
        "id": 9802070683,
        "kind": "poi",
        "highway": "crossing"
      },
      "geometry": {
        "type": "Point",
        "coordinates": [
          -106.495219,
          31.7695586
        ]
      }
    },
    {
      "type": "Feature",
      "properties": {
        "id": 9802070684,
        "kind": "poi",
        "highway": "crossing"
      },
      "geometry": {
        "type": "Point",
        "coordinates": [
          -106.4958568,
          31.7702786
        ]
      }
    },
    {
      "type": "Feature",
      "properties": {
        "id": 9802070685,
        "kind": "poi",
        "highway": "crossing"
      },
      "geometry": {
        "type": "Point",
        "coordinates": [
          -106.4964819,
          31.770992
        ]
      }
    },
    {
      "type": "Feature",
      "properties": {
        "id": 9802070686,
        "kind": "poi",
        "highway": "crossing"
      },
      "geometry": {
        "type": "Point",
        "coordinates": [
          -106.4971323,
          31.7717298
        ]
      }
    },
    {
      "type": "Feature",
      "properties": {
        "id": 9802070687,
        "kind": "poi",
        "highway": "crossing"
      },
      "geometry": {
        "type": "Point",
        "coordinates": [
          -106.4977668,
          31.77246
        ]
      }
    },
    {
      "type": "Feature",
      "properties": {
        "id": 9802070688,
        "kind": "poi",
        "highway": "crossing"
      },
      "geometry": {
        "type": "Point",
        "coordinates": [
          -106.4983961,
          31.77319
        ]
      }
    },
    {
      "type": "Feature",
      "properties": {
        "id": 9802070689,
        "kind": "poi",
        "highway": "crossing"
      },
      "geometry": {
        "type": "Point",
        "coordinates": [
          -106.4990352,
          31.7739139
        ]
      }
    },
    {
      "type": "Feature",
      "properties": {
        "id": 9802070690,
        "kind": "poi",
        "highway": "crossing"
      },
      "geometry": {
        "type": "Point",
        "coordinates": [
          -106.4996743,
          31.7746427
        ]
      }
    },
    {
      "type": "Feature",
      "properties": {
        "id": 9802070691,
        "kind": "poi",
        "highway": "crossing"
      },
      "geometry": {
        "type": "Point",
        "coordinates": [
          -106.5009523,
          31.7760807
        ]
      }
    },
    {
      "type": "Feature",
      "properties": {
        "id": 9802070692,
        "kind": "poi",
        "highway": "crossing"
      },
      "geometry": {
        "type": "Point",
        "coordinates": [
          -106.5015881,
          31.776812
        ]
      }
    },
    {
      "type": "Feature",
      "properties": {
        "id": 9802070693,
        "kind": "poi",
        "highway": "crossing"
      },
      "geometry": {
        "type": "Point",
        "coordinates": [
          -106.5022325,
          31.7775385
        ]
      }
    },
    {
      "type": "Feature",
      "properties": {
        "id": 9802070706,
        "kind": "poi",
        "highway": "crossing"
      },
      "geometry": {
        "type": "Point",
        "coordinates": [
          -106.5032112,
          31.7791731
        ]
      }
    },
    {
      "type": "Feature",
      "properties": {
        "id": 9802070707,
        "kind": "poi",
        "crossing": "unmarked",
        "crossing:markings": "no",
        "highway": "crossing"
      },
      "geometry": {
        "type": "Point",
        "coordinates": [
          -106.5032314,
          31.7800341
        ]
      }
    },
    {
      "type": "Feature",
      "properties": {
        "id": 9802070721,
        "kind": "poi",
        "highway": "crossing"
      },
      "geometry": {
        "type": "Point",
        "coordinates": [
          -106.5031611,
          31.778419
        ]
      }
    },
    {
      "type": "Feature",
      "properties": {
        "id": 9802070722,
        "kind": "poi",
        "highway": "crossing"
      },
      "geometry": {
        "type": "Point",
        "coordinates": [
          -106.5032558,
          31.7786198
        ]
      }
    },
    {
      "type": "Feature",
      "properties": {
        "id": 9802070723,
        "kind": "poi",
        "highway": "crossing"
      },
      "geometry": {
        "type": "Point",
        "coordinates": [
          -106.503385,
          31.7790617
        ]
      }
    },
    {
      "type": "Feature",
      "properties": {
        "id": 9802070732,
        "kind": "poi",
        "highway": "crossing"
      },
      "geometry": {
        "type": "Point",
        "coordinates": [
          -106.4994665,
          31.7735417
        ]
      }
    },
    {
      "type": "Feature",
      "properties": {
        "id": 9802070733,
        "kind": "poi",
        "highway": "crossing"
      },
      "geometry": {
        "type": "Point",
        "coordinates": [
          -106.4998659,
          31.7732416
        ]
      }
    },
    {
      "type": "Feature",
      "properties": {
        "id": 9802070734,
        "kind": "poi",
        "highway": "crossing"
      },
      "geometry": {
        "type": "Point",
        "coordinates": [
          -106.5003084,
          31.7729879
        ]
      }
    },
    {
      "type": "Feature",
      "properties": {
        "id": 9802070745,
        "kind": "poi",
        "highway": "crossing"
      },
      "geometry": {
        "type": "Point",
        "coordinates": [
          -106.4995825,
          31.7736751
        ]
      }
    },
    {
      "type": "Feature",
      "properties": {
        "id": 9802070746,
        "kind": "poi",
        "highway": "crossing"
      },
      "geometry": {
        "type": "Point",
        "coordinates": [
          -106.5000185,
          31.7734154
        ]
      }
    },
    {
      "type": "Feature",
      "properties": {
        "id": 9802070747,
        "kind": "poi",
        "highway": "crossing"
      },
      "geometry": {
        "type": "Point",
        "coordinates": [
          -106.5004376,
          31.7731253
        ]
      }
    },
    {
      "type": "Feature",
      "properties": {
        "id": 9802070749,
        "kind": "poi",
        "crossing": "marked",
        "crossing:markings": "yes",
        "highway": "crossing"
      },
      "geometry": {
        "type": "Point",
        "coordinates": [
          -106.5029769,
          31.7782816
        ]
      }
    },
    {
      "type": "Feature",
      "properties": {
        "id": 9802146170,
        "kind": "poi",
        "crossing": "marked",
        "crossing:markings": "yes",
        "highway": "crossing"
      },
      "geometry": {
        "type": "Point",
        "coordinates": [
          -106.505422,
          31.7672445
        ]
      }
    },
    {
      "type": "Feature",
      "properties": {
        "id": 9802146176,
        "kind": "poi",
        "crossing": "marked",
        "crossing:markings": "yes",
        "highway": "crossing"
      },
      "geometry": {
        "type": "Point",
        "coordinates": [
          -106.5053137,
          31.7672852
        ]
      }
    },
    {
      "type": "Feature",
      "properties": {
        "id": 9802146186,
        "kind": "poi",
        "highway": "crossing"
      },
      "geometry": {
        "type": "Point",
        "coordinates": [
          -106.5053949,
          31.7675856
        ]
      }
    },
    {
      "type": "Feature",
      "properties": {
        "id": 9802146212,
        "kind": "poi",
        "crossing": "traffic_signals",
        "crossing:markings": "zebra",
        "crossing:signals": "yes",
        "highway": "crossing"
      },
      "geometry": {
        "type": "Point",
        "coordinates": [
          -106.5066176,
          31.766377
        ]
      }
    },
    {
      "type": "Feature",
      "properties": {
        "id": 9802146213,
        "kind": "poi",
        "crossing": "traffic_signals",
        "crossing:markings": "zebra",
        "crossing:signals": "yes",
        "highway": "crossing"
      },
      "geometry": {
        "type": "Point",
        "coordinates": [
          -106.501922,
          31.7663796
        ]
      }
    },
    {
      "type": "Feature",
      "properties": {
        "id": 9802146230,
        "kind": "poi",
        "crossing": "uncontrolled",
        "crossing:markings": "yes",
        "highway": "crossing"
      },
      "geometry": {
        "type": "Point",
        "coordinates": [
          -106.5032971,
          31.7722544
        ]
      }
    },
    {
      "type": "Feature",
      "properties": {
        "id": 9802146231,
        "kind": "poi",
        "highway": "crossing"
      },
      "geometry": {
        "type": "Point",
        "coordinates": [
          -106.5033616,
          31.773682
        ]
      }
    },
    {
      "type": "Feature",
      "properties": {
        "id": 9802146254,
        "kind": "poi",
        "crossing": "unmarked",
        "crossing:markings": "no",
        "highway": "crossing"
      },
      "geometry": {
        "type": "Point",
        "coordinates": [
          -106.504012,
          31.7718892
        ]
      }
    },
    {
      "type": "Feature",
      "properties": {
        "id": 9802146266,
        "kind": "poi",
        "crossing": "uncontrolled",
        "crossing:markings": "yes",
        "highway": "crossing"
      },
      "geometry": {
        "type": "Point",
        "coordinates": [
          -106.5026377,
          31.7716757
        ]
      }
    },
    {
      "type": "Feature",
      "properties": {
        "id": 9802209230,
        "kind": "poi",
        "highway": "crossing"
      },
      "geometry": {
        "type": "Point",
        "coordinates": [
          -106.5046038,
          31.7659289
        ]
      }
    },
    {
      "type": "Feature",
      "properties": {
        "id": 9802209238,
        "kind": "poi",
        "crossing": "marked",
        "crossing:island": "no",
        "crossing:markings": "zebra",
        "highway": "crossing",
        "tactile_paving": "no"
      },
      "geometry": {
        "type": "Point",
        "coordinates": [
          -106.5047077,
          31.774831
        ]
      }
    },
    {
      "type": "Feature",
      "properties": {
        "id": 9802209243,
        "kind": "poi",
        "highway": "crossing"
      },
      "geometry": {
        "type": "Point",
        "coordinates": [
          -106.5050099,
          31.7768784
        ]
      }
    },
    {
      "type": "Feature",
      "properties": {
        "id": 9802209248,
        "kind": "poi",
        "crossing": "traffic_signals",
        "highway": "crossing"
      },
      "geometry": {
        "type": "Point",
        "coordinates": [
          -106.5042921,
          31.7783955
        ]
      }
    },
    {
      "type": "Feature",
      "properties": {
        "id": 9802209249,
        "kind": "poi",
        "crossing": "traffic_signals",
        "crossing:signals": "yes",
        "highway": "crossing",
        "tactile_paving": "yes"
      },
      "geometry": {
        "type": "Point",
        "coordinates": [
          -106.504441,
          31.7783106
        ]
      }
    },
    {
      "type": "Feature",
      "properties": {
        "id": 9802209267,
        "kind": "poi",
        "highway": "crossing"
      },
      "geometry": {
        "type": "Point",
        "coordinates": [
          -106.5042237,
          31.7844885
        ]
      }
    },
    {
      "type": "Feature",
      "properties": {
        "id": 9802209268,
        "kind": "poi",
        "highway": "crossing"
      },
      "geometry": {
        "type": "Point",
        "coordinates": [
          -106.504682,
          31.7843027
        ]
      }
    },
    {
      "type": "Feature",
      "properties": {
        "id": 9802209269,
        "kind": "poi",
        "highway": "crossing"
      },
      "geometry": {
        "type": "Point",
        "coordinates": [
          -106.5052005,
          31.7842222
        ]
      }
    },
    {
      "type": "Feature",
      "properties": {
        "id": 9802209330,
        "kind": "poi",
        "highway": "crossing"
      },
      "geometry": {
        "type": "Point",
        "coordinates": [
          -106.5094809,
          31.7829326
        ]
      }
    },
    {
      "type": "Feature",
      "properties": {
        "id": 9802209343,
        "kind": "poi",
        "highway": "crossing"
      },
      "geometry": {
        "type": "Point",
        "coordinates": [
          -106.507459,
          31.7832435
        ]
      }
    },
    {
      "type": "Feature",
      "properties": {
        "id": 9802209344,
        "kind": "poi",
        "highway": "crossing"
      },
      "geometry": {
        "type": "Point",
        "coordinates": [
          -106.5076002,
          31.7840053
        ]
      }
    },
    {
      "type": "Feature",
      "properties": {
        "id": 9802209346,
        "kind": "poi",
        "crossing": "uncontrolled",
        "crossing:markings": "yes",
        "highway": "crossing"
      },
      "geometry": {
        "type": "Point",
        "coordinates": [
          -106.5086656,
          31.7830026
        ]
      }
    },
    {
      "type": "Feature",
      "properties": {
        "id": 9820562538,
        "kind": "poi",
        "amenity": "drinking_water",
        "bottle": "no",
        "fee": "no"
      },
      "geometry": {
        "type": "Point",
        "coordinates": [
          -106.4973462,
          31.7828515
        ]
      }
    },
    {
      "type": "Feature",
      "properties": {
        "id": 9820653961,
        "kind": "poi",
        "crossing": "uncontrolled",
        "crossing:markings": "zebra",
        "crossing:signals": "no",
        "highway": "crossing"
      },
      "geometry": {
        "type": "Point",
        "coordinates": [
          -106.4937476,
          31.7736956
        ]
      }
    },
    {
      "type": "Feature",
      "properties": {
        "id": 9820653963,
        "kind": "poi",
        "crossing": "uncontrolled",
        "crossing:markings": "zebra",
        "crossing:signals": "no",
        "highway": "crossing"
      },
      "geometry": {
        "type": "Point",
        "coordinates": [
          -106.4938311,
          31.7737035
        ]
      }
    },
    {
      "type": "Feature",
      "properties": {
        "id": 9820653966,
        "kind": "poi",
        "crossing": "uncontrolled",
        "crossing:markings": "zebra",
        "crossing:signals": "no",
        "highway": "crossing"
      },
      "geometry": {
        "type": "Point",
        "coordinates": [
          -106.4939296,
          31.7737589
        ]
      }
    },
    {
      "type": "Feature",
      "properties": {
        "id": 9820653967,
        "kind": "poi",
        "crossing": "uncontrolled",
        "crossing:markings": "zebra",
        "crossing:signals": "no",
        "highway": "crossing"
      },
      "geometry": {
        "type": "Point",
        "coordinates": [
          -106.4939529,
          31.7737982
        ]
      }
    },
    {
      "type": "Feature",
      "properties": {
        "id": 9820654012,
        "kind": "poi",
        "crossing": "marked",
        "crossing:markings": "yes",
        "highway": "crossing"
      },
      "geometry": {
        "type": "Point",
        "coordinates": [
          -106.486252,
          31.7862122
        ]
      }
    },
    {
      "type": "Feature",
      "properties": {
        "id": 9820654078,
        "kind": "poi",
        "highway": "crossing"
      },
      "geometry": {
        "type": "Point",
        "coordinates": [
          -106.5105719,
          31.782199
        ]
      }
    },
    {
      "type": "Feature",
      "properties": {
        "id": 9851931904,
        "kind": "poi",
        "crossing": "marked",
        "crossing:markings": "zebra",
        "highway": "crossing"
      },
      "geometry": {
        "type": "Point",
        "coordinates": [
          -106.5081227,
          31.775641
        ]
      }
    },
    {
      "type": "Feature",
      "properties": {
        "id": 9851931916,
        "kind": "poi",
        "crossing": "marked",
        "crossing:markings": "zebra",
        "highway": "crossing"
      },
      "geometry": {
        "type": "Point",
        "coordinates": [
          -106.5080187,
          31.7756162
        ]
      }
    },
    {
      "type": "Feature",
      "properties": {
        "id": 9851986017,
        "kind": "poi",
        "crossing": "marked",
        "crossing:markings": "zebra",
        "highway": "crossing"
      },
      "geometry": {
        "type": "Point",
        "coordinates": [
          -106.5080757,
          31.7755409
        ]
      }
    },
    {
      "type": "Feature",
      "properties": {
        "id": 9851986018,
        "kind": "poi",
        "crossing": "marked",
        "crossing:markings": "zebra",
        "highway": "crossing"
      },
      "geometry": {
        "type": "Point",
        "coordinates": [
          -106.5081885,
          31.7755562
        ]
      }
    },
    {
      "type": "Feature",
      "properties": {
        "id": 9851986021,
        "kind": "poi",
        "crossing": "marked",
        "crossing:markings": "zebra",
        "highway": "crossing"
      },
      "geometry": {
        "type": "Point",
        "coordinates": [
          -106.5077916,
          31.7750885
        ]
      }
    },
    {
      "type": "Feature",
      "properties": {
        "id": 9851986022,
        "kind": "poi",
        "crossing": "marked",
        "crossing:markings": "zebra",
        "highway": "crossing"
      },
      "geometry": {
        "type": "Point",
        "coordinates": [
          -106.5078278,
          31.7751722
        ]
      }
    },
    {
      "type": "Feature",
      "properties": {
        "id": 9851986023,
        "kind": "poi",
        "crossing": "marked",
        "crossing:markings": "zebra",
        "highway": "crossing"
      },
      "geometry": {
        "type": "Point",
        "coordinates": [
          -106.5078946,
          31.7753302
        ]
      }
    },
    {
      "type": "Feature",
      "properties": {
        "id": 9851986024,
        "kind": "poi",
        "crossing": "marked",
        "crossing:markings": "zebra",
        "highway": "crossing"
      },
      "geometry": {
        "type": "Point",
        "coordinates": [
          -106.5079446,
          31.7754414
        ]
      }
    },
    {
      "type": "Feature",
      "properties": {
        "id": 9851986030,
        "kind": "poi",
        "crossing": "marked",
        "crossing:markings": "yes",
        "highway": "crossing"
      },
      "geometry": {
        "type": "Point",
        "coordinates": [
          -106.5056882,
          31.7758997
        ]
      }
    },
    {
      "type": "Feature",
      "properties": {
        "id": 9915804895,
        "kind": "poi",
        "highway": "crossing"
      },
      "geometry": {
        "type": "Point",
        "coordinates": [
          -106.4848,
          31.7532014
        ]
      }
    },
    {
      "type": "Feature",
      "properties": {
        "id": 9915804896,
        "kind": "poi",
        "highway": "crossing"
      },
      "geometry": {
        "type": "Point",
        "coordinates": [
          -106.4837666,
          31.7534323
        ]
      }
    },
    {
      "type": "Feature",
      "properties": {
        "id": 9915804897,
        "kind": "poi",
        "highway": "crossing"
      },
      "geometry": {
        "type": "Point",
        "coordinates": [
          -106.4823009,
          31.7536823
        ]
      }
    },
    {
      "type": "Feature",
      "properties": {
        "id": 9915804898,
        "kind": "poi",
        "highway": "crossing"
      },
      "geometry": {
        "type": "Point",
        "coordinates": [
          -106.4821184,
          31.7537488
        ]
      }
    },
    {
      "type": "Feature",
      "properties": {
        "id": 9915804899,
        "kind": "poi",
        "highway": "crossing"
      },
      "geometry": {
        "type": "Point",
        "coordinates": [
          -106.481728,
          31.7539354
        ]
      }
    },
    {
      "type": "Feature",
      "properties": {
        "id": 9915804900,
        "kind": "poi",
        "highway": "crossing"
      },
      "geometry": {
        "type": "Point",
        "coordinates": [
          -106.4812128,
          31.7540645
        ]
      }
    },
    {
      "type": "Feature",
      "properties": {
        "id": 9915804901,
        "kind": "poi",
        "highway": "crossing"
      },
      "geometry": {
        "type": "Point",
        "coordinates": [
          -106.4806989,
          31.754183
        ]
      }
    },
    {
      "type": "Feature",
      "properties": {
        "id": 9915804902,
        "kind": "poi",
        "highway": "crossing"
      },
      "geometry": {
        "type": "Point",
        "coordinates": [
          -106.4801809,
          31.7543017
        ]
      }
    },
    {
      "type": "Feature",
      "properties": {
        "id": 9915804903,
        "kind": "poi",
        "highway": "crossing"
      },
      "geometry": {
        "type": "Point",
        "coordinates": [
          -106.4796733,
          31.7544202
        ]
      }
    },
    {
      "type": "Feature",
      "properties": {
        "id": 9915804904,
        "kind": "poi",
        "highway": "crossing"
      },
      "geometry": {
        "type": "Point",
        "coordinates": [
          -106.4792356,
          31.7547549
        ]
      }
    },
    {
      "type": "Feature",
      "properties": {
        "id": 9915804905,
        "kind": "poi",
        "highway": "crossing"
      },
      "geometry": {
        "type": "Point",
        "coordinates": [
          -106.4821778,
          31.753645
        ]
      }
    },
    {
      "type": "Feature",
      "properties": {
        "id": 9922808715,
        "kind": "poi",
        "crossing": "unmarked",
        "crossing:markings": "no",
        "highway": "crossing"
      },
      "geometry": {
        "type": "Point",
        "coordinates": [
          -106.519226,
          31.8076286
        ]
      }
    },
    {
      "type": "Feature",
      "properties": {
        "id": 9922808716,
        "kind": "poi",
        "crossing": "unmarked",
        "crossing:markings": "no",
        "highway": "crossing"
      },
      "geometry": {
        "type": "Point",
        "coordinates": [
          -106.519235,
          31.8075682
        ]
      }
    },
    {
      "type": "Feature",
      "properties": {
        "id": 9922808717,
        "kind": "poi",
        "crossing": "unmarked",
        "crossing:markings": "no",
        "highway": "crossing"
      },
      "geometry": {
        "type": "Point",
        "coordinates": [
          -106.517977,
          31.8073658
        ]
      }
    },
    {
      "type": "Feature",
      "properties": {
        "id": 9934522531,
        "kind": "poi",
        "highway": "crossing"
      },
      "geometry": {
        "type": "Point",
        "coordinates": [
          -106.5043001,
          31.800677
        ]
      }
    },
    {
      "type": "Feature",
      "properties": {
        "id": 9934522532,
        "kind": "poi",
        "highway": "crossing"
      },
      "geometry": {
        "type": "Point",
        "coordinates": [
          -106.5042917,
          31.8015335
        ]
      }
    },
    {
      "type": "Feature",
      "properties": {
        "id": 9934522533,
        "kind": "poi",
        "highway": "crossing"
      },
      "geometry": {
        "type": "Point",
        "coordinates": [
          -106.5042638,
          31.8030081
        ]
      }
    },
    {
      "type": "Feature",
      "properties": {
        "id": 9934522563,
        "kind": "poi",
        "highway": "crossing"
      },
      "geometry": {
        "type": "Point",
        "coordinates": [
          -106.5026022,
          31.8064333
        ]
      }
    },
    {
      "type": "Feature",
      "properties": {
        "id": 9934522564,
        "kind": "poi",
        "highway": "crossing"
      },
      "geometry": {
        "type": "Point",
        "coordinates": [
          -106.5031131,
          31.8058492
        ]
      }
    },
    {
      "type": "Feature",
      "properties": {
        "id": 9934522565,
        "kind": "poi",
        "highway": "crossing"
      },
      "geometry": {
        "type": "Point",
        "coordinates": [
          -106.5037167,
          31.804197
        ]
      }
    },
    {
      "type": "Feature",
      "properties": {
        "id": 9934522566,
        "kind": "poi",
        "highway": "crossing"
      },
      "geometry": {
        "type": "Point",
        "coordinates": [
          -106.5044248,
          31.802632
        ]
      }
    },
    {
      "type": "Feature",
      "properties": {
        "id": 9934522567,
        "kind": "poi",
        "highway": "crossing"
      },
      "geometry": {
        "type": "Point",
        "coordinates": [
          -106.5043688,
          31.803088
        ]
      }
    },
    {
      "type": "Feature",
      "properties": {
        "id": 9947919566,
        "kind": "poi",
        "highway": "crossing"
      },
      "geometry": {
        "type": "Point",
        "coordinates": [
          -106.504366,
          31.7958495
        ]
      }
    },
    {
      "type": "Feature",
      "properties": {
        "id": 9947919568,
        "kind": "poi",
        "highway": "crossing"
      },
      "geometry": {
        "type": "Point",
        "coordinates": [
          -106.504491,
          31.7975488
        ]
      }
    },
    {
      "type": "Feature",
      "properties": {
        "id": 9947919569,
        "kind": "poi",
        "highway": "crossing"
      },
      "geometry": {
        "type": "Point",
        "coordinates": [
          -106.5044816,
          31.7982762
        ]
      }
    },
    {
      "type": "Feature",
      "properties": {
        "id": 9959622219,
        "kind": "poi",
        "crossing": "uncontrolled",
        "crossing:markings": "yes",
        "highway": "crossing"
      },
      "geometry": {
        "type": "Point",
        "coordinates": [
          -106.4502842,
          31.7689212
        ]
      }
    },
    {
      "type": "Feature",
      "properties": {
        "id": 9972797542,
        "kind": "poi",
        "amenity": "police",
        "name": "Estacion de Policia Distrito Delicias"
      },
      "geometry": {
        "type": "Point",
        "coordinates": [
          -106.4932033,
          31.7406965
        ]
      }
    },
    {
      "type": "Feature",
      "properties": {
        "id": 10030169997,
        "kind": "poi",
        "highway": "crossing"
      },
      "geometry": {
        "type": "Point",
        "coordinates": [
          -106.442558,
          31.7488051
        ]
      }
    },
    {
      "type": "Feature",
      "properties": {
        "id": 10030175973,
        "kind": "poi",
        "highway": "crossing"
      },
      "geometry": {
        "type": "Point",
        "coordinates": [
          -106.4443969,
          31.746801
        ]
      }
    },
    {
      "type": "Feature",
      "properties": {
        "id": 10030175974,
        "kind": "poi",
        "highway": "crossing"
      },
      "geometry": {
        "type": "Point",
        "coordinates": [
          -106.4443607,
          31.7467132
        ]
      }
    },
    {
      "type": "Feature",
      "properties": {
        "id": 10030175975,
        "kind": "poi",
        "highway": "crossing"
      },
      "geometry": {
        "type": "Point",
        "coordinates": [
          -106.4443176,
          31.7466088
        ]
      }
    },
    {
      "type": "Feature",
      "properties": {
        "id": 10030175977,
        "kind": "poi",
        "highway": "crossing"
      },
      "geometry": {
        "type": "Point",
        "coordinates": [
          -106.4434465,
          31.7466597
        ]
      }
    },
    {
      "type": "Feature",
      "properties": {
        "id": 10030175979,
        "kind": "poi",
        "highway": "crossing"
      },
      "geometry": {
        "type": "Point",
        "coordinates": [
          -106.4437961,
          31.7468396
        ]
      }
    },
    {
      "type": "Feature",
      "properties": {
        "id": 10030175980,
        "kind": "poi",
        "highway": "crossing"
      },
      "geometry": {
        "type": "Point",
        "coordinates": [
          -106.4437668,
          31.7467671
        ]
      }
    },
    {
      "type": "Feature",
      "properties": {
        "id": 10030175981,
        "kind": "poi",
        "highway": "crossing"
      },
      "geometry": {
        "type": "Point",
        "coordinates": [
          -106.4437186,
          31.7466365
        ]
      }
    },
    {
      "type": "Feature",
      "properties": {
        "id": 10030175997,
        "kind": "poi",
        "highway": "crossing"
      },
      "geometry": {
        "type": "Point",
        "coordinates": [
          -106.4435373,
          31.7463021
        ]
      }
    },
    {
      "type": "Feature",
      "properties": {
        "id": 10030176001,
        "kind": "poi",
        "highway": "crossing"
      },
      "geometry": {
        "type": "Point",
        "coordinates": [
          -106.444263,
          31.7464765
        ]
      }
    },
    {
      "type": "Feature",
      "properties": {
        "id": 10109919964,
        "kind": "poi",
        "amenity": "fire_station",
        "name": "El Paso Fire Station 5"
      },
      "geometry": {
        "type": "Point",
        "coordinates": [
          -106.4298645,
          31.7763969
        ]
      }
    },
    {
      "type": "Feature",
      "properties": {
        "id": 10110147908,
        "kind": "poi",
        "crossing": "uncontrolled",
        "crossing:markings": "lines",
        "highway": "crossing"
      },
      "geometry": {
        "type": "Point",
        "coordinates": [
          -106.400034,
          31.7956959
        ]
      }
    },
    {
      "type": "Feature",
      "properties": {
        "id": 10110147909,
        "kind": "poi",
        "crossing": "uncontrolled",
        "crossing:markings": "lines",
        "highway": "crossing"
      },
      "geometry": {
        "type": "Point",
        "coordinates": [
          -106.400036,
          31.7958479
        ]
      }
    },
    {
      "type": "Feature",
      "properties": {
        "id": 10111782336,
        "kind": "poi",
        "highway": "crossing"
      },
      "geometry": {
        "type": "Point",
        "coordinates": [
          -106.4642903,
          31.7730089
        ]
      }
    },
    {
      "type": "Feature",
      "properties": {
        "id": 10125231943,
        "kind": "poi",
        "highway": "crossing"
      },
      "geometry": {
        "type": "Point",
        "coordinates": [
          -106.4842478,
          31.7425771
        ]
      }
    },
    {
      "type": "Feature",
      "properties": {
        "id": 10125231944,
        "kind": "poi",
        "highway": "crossing"
      },
      "geometry": {
        "type": "Point",
        "coordinates": [
          -106.4842704,
          31.7426429
        ]
      }
    },
    {
      "type": "Feature",
      "properties": {
        "id": 10125231951,
        "kind": "poi",
        "crossing": "uncontrolled",
        "crossing:markings": "yes",
        "highway": "crossing"
      },
      "geometry": {
        "type": "Point",
        "coordinates": [
          -106.4836066,
          31.7403891
        ]
      }
    },
    {
      "type": "Feature",
      "properties": {
        "id": 10125231952,
        "kind": "poi",
        "highway": "crossing"
      },
      "geometry": {
        "type": "Point",
        "coordinates": [
          -106.4837732,
          31.7409444
        ]
      }
    },
    {
      "type": "Feature",
      "properties": {
        "id": 10176123835,
        "kind": "poi",
        "crossing": "unmarked",
        "crossing:markings": "no",
        "highway": "crossing"
      },
      "geometry": {
        "type": "Point",
        "coordinates": [
          -106.5034937,
          31.7568485
        ]
      }
    },
    {
      "type": "Feature",
      "properties": {
        "id": 10214381899,
        "kind": "poi",
        "amenity": "drinking_water",
        "indoor": "yes"
      },
      "geometry": {
        "type": "Point",
        "coordinates": [
          -106.490083,
          31.7569947
        ]
      }
    },
    {
      "type": "Feature",
      "properties": {
        "id": 10235619249,
        "kind": "poi",
        "highway": "crossing"
      },
      "geometry": {
        "type": "Point",
        "coordinates": [
          -106.4052593,
          31.7822735
        ]
      }
    },
    {
      "type": "Feature",
      "properties": {
        "id": 10264774535,
        "kind": "poi",
        "crossing": "traffic_signals",
        "crossing:markings": "lines",
        "crossing:signals": "yes",
        "highway": "crossing"
      },
      "geometry": {
        "type": "Point",
        "coordinates": [
          -106.4085144,
          31.7880729
        ]
      }
    },
    {
      "type": "Feature",
      "properties": {
        "id": 10264774539,
        "kind": "poi",
        "crossing": "traffic_signals",
        "crossing:markings": "lines",
        "crossing:signals": "yes",
        "highway": "crossing"
      },
      "geometry": {
        "type": "Point",
        "coordinates": [
          -106.4087065,
          31.7881937
        ]
      }
    },
    {
      "type": "Feature",
      "properties": {
        "id": 10264774554,
        "kind": "poi",
        "crossing": "uncontrolled",
        "crossing:markings": "lines",
        "crossing:signals": "no",
        "highway": "crossing"
      },
      "geometry": {
        "type": "Point",
        "coordinates": [
          -106.4096314,
          31.7878992
        ]
      }
    },
    {
      "type": "Feature",
      "properties": {
        "id": 10282620009,
        "kind": "poi",
        "crossing": "traffic_signals",
        "crossing:markings": "lines",
        "crossing:signals": "yes",
        "highway": "crossing"
      },
      "geometry": {
        "type": "Point",
        "coordinates": [
          -106.4903589,
          31.7580884
        ]
      }
    },
    {
      "type": "Feature",
      "properties": {
        "id": 10294078882,
        "kind": "poi",
        "crossing": "traffic_signals",
        "crossing:island": "no",
        "crossing:markings": "lines",
        "crossing:signals": "yes",
        "highway": "crossing"
      },
      "geometry": {
        "type": "Point",
        "coordinates": [
          -106.4906491,
          31.7582182
        ]
      }
    },
    {
      "type": "Feature",
      "properties": {
        "id": 10294078883,
        "kind": "poi",
        "crossing": "traffic_signals",
        "crossing:markings": "lines",
        "crossing:signals": "yes",
        "highway": "crossing"
      },
      "geometry": {
        "type": "Point",
        "coordinates": [
          -106.4904176,
          31.7579663
        ]
      }
    },
    {
      "type": "Feature",
      "properties": {
        "id": 10294078884,
        "kind": "poi",
        "crossing": "traffic_signals",
        "highway": "crossing"
      },
      "geometry": {
        "type": "Point",
        "coordinates": [
          -106.4905844,
          31.7582538
        ]
      }
    },
    {
      "type": "Feature",
      "properties": {
        "id": 10294078885,
        "kind": "poi",
        "crossing": "traffic_signals",
        "highway": "crossing"
      },
      "geometry": {
        "type": "Point",
        "coordinates": [
          -106.4903599,
          31.7580021
        ]
      }
    },
    {
      "type": "Feature",
      "properties": {
        "id": 10655225289,
        "kind": "poi",
        "crossing": "unmarked",
        "crossing:markings": "no",
        "highway": "crossing"
      },
      "geometry": {
        "type": "Point",
        "coordinates": [
          -106.510578,
          31.8084155
        ]
      }
    },
    {
      "type": "Feature",
      "properties": {
        "id": 10682772613,
        "kind": "poi",
        "highway": "crossing"
      },
      "geometry": {
        "type": "Point",
        "coordinates": [
          -106.5172313,
          31.8197209
        ]
      }
    },
    {
      "type": "Feature",
      "properties": {
        "id": 10725828024,
        "kind": "poi",
        "crossing": "uncontrolled",
        "crossing:island": "no",
        "crossing:markings": "zebra",
        "highway": "crossing",
        "tactile_paving": "no"
      },
      "geometry": {
        "type": "Point",
        "coordinates": [
          -106.4145928,
          31.818992
        ]
      }
    },
    {
      "type": "Feature",
      "properties": {
        "id": 10757730408,
        "kind": "poi",
        "crossing": "uncontrolled",
        "crossing:markings": "zebra",
        "crossing:signals": "no",
        "highway": "crossing"
      },
      "geometry": {
        "type": "Point",
        "coordinates": [
          -106.4412632,
          31.7542767
        ]
      }
    },
    {
      "type": "Feature",
      "properties": {
        "id": 10757730409,
        "kind": "poi",
        "highway": "crossing"
      },
      "geometry": {
        "type": "Point",
        "coordinates": [
          -106.4412617,
          31.7541966
        ]
      }
    },
    {
      "type": "Feature",
      "properties": {
        "id": 10757736387,
        "kind": "poi",
        "crossing": "traffic_signals",
        "crossing:markings": "zebra",
        "crossing:signals": "yes",
        "highway": "crossing"
      },
      "geometry": {
        "type": "Point",
        "coordinates": [
          -106.4414228,
          31.7555156
        ]
      }
    },
    {
      "type": "Feature",
      "properties": {
        "id": 10757736388,
        "kind": "poi",
        "crossing": "marked",
        "crossing:markings": "zebra",
        "crossing:signals": "no",
        "highway": "crossing"
      },
      "geometry": {
        "type": "Point",
        "coordinates": [
          -106.4414369,
          31.755827
        ]
      }
    },
    {
      "type": "Feature",
      "properties": {
        "id": 10757736392,
        "kind": "poi",
        "crossing": "traffic_signals",
        "crossing:markings": "zebra",
        "crossing:signals": "yes",
        "highway": "crossing"
      },
      "geometry": {
        "type": "Point",
        "coordinates": [
          -106.4413374,
          31.7555742
        ]
      }
    },
    {
      "type": "Feature",
      "properties": {
        "id": 10759782382,
        "kind": "poi",
        "amenity": "police",
        "name": "UTEP Police",
        "operator": "UTEP"
      },
      "geometry": {
        "type": "Point",
        "coordinates": [
          -106.5076343,
          31.7801445
        ]
      }
    },
    {
      "type": "Feature",
      "properties": {
        "id": 10773512109,
        "kind": "poi",
        "highway": "crossing"
      },
      "geometry": {
        "type": "Point",
        "coordinates": [
          -106.4137897,
          31.7886779
        ]
      }
    },
    {
      "type": "Feature",
      "properties": {
        "id": 10805464170,
        "kind": "poi",
        "crossing": "uncontrolled",
        "crossing:island": "no",
        "crossing:markings": "ladder",
        "highway": "crossing",
        "tactile_paving": "no"
      },
      "geometry": {
        "type": "Point",
        "coordinates": [
          -106.4075078,
          31.8126227
        ]
      }
    },
    {
      "type": "Feature",
      "properties": {
        "id": 10833792521,
        "kind": "poi",
        "crossing": "traffic_signals",
        "crossing:island": "no",
        "crossing:markings": "lines",
        "highway": "crossing",
        "traffic_signals:vibration": "no"
      },
      "geometry": {
        "type": "Point",
        "coordinates": [
          -106.4928915,
          31.7565402
        ]
      }
    },
    {
      "type": "Feature",
      "properties": {
        "id": 10846137896,
        "kind": "poi",
        "crossing": "unmarked",
        "crossing:markings": "no",
        "highway": "crossing"
      },
      "geometry": {
        "type": "Point",
        "coordinates": [
          -106.4907381,
          31.7630374
        ]
      }
    },
    {
      "type": "Feature",
      "properties": {
        "id": 10853037889,
        "kind": "poi",
        "crossing": "uncontrolled",
        "crossing:island": "no",
        "crossing:markings": "lines",
        "highway": "crossing",
        "tactile_paving": "no"
      },
      "geometry": {
        "type": "Point",
        "coordinates": [
          -106.4378239,
          31.8136367
        ]
      }
    },
    {
      "type": "Feature",
      "properties": {
        "id": 10853037891,
        "kind": "poi",
        "crossing": "uncontrolled",
        "crossing:island": "no",
        "crossing:markings": "ladder",
        "highway": "crossing",
        "tactile_paving": "no"
      },
      "geometry": {
        "type": "Point",
        "coordinates": [
          -106.438781,
          31.81587
        ]
      }
    },
    {
      "type": "Feature",
      "properties": {
        "id": 10853037893,
        "kind": "poi",
        "crossing": "uncontrolled",
        "crossing:island": "no",
        "crossing:markings": "zebra",
        "highway": "crossing",
        "tactile_paving": "no"
      },
      "geometry": {
        "type": "Point",
        "coordinates": [
          -106.4386016,
          31.8158724
        ]
      }
    },
    {
      "type": "Feature",
      "properties": {
        "id": 10860823064,
        "kind": "poi",
        "crossing": "uncontrolled",
        "crossing:island": "no",
        "crossing:markings": "zebra",
        "highway": "crossing",
        "tactile_paving": "no"
      },
      "geometry": {
        "type": "Point",
        "coordinates": [
          -106.429194,
          31.8166107
        ]
      }
    },
    {
      "type": "Feature",
      "properties": {
        "id": 10860831464,
        "kind": "poi",
        "crossing": "uncontrolled",
        "crossing:island": "no",
        "crossing:markings": "zebra",
        "highway": "crossing",
        "tactile_paving": "no"
      },
      "geometry": {
        "type": "Point",
        "coordinates": [
          -106.4306486,
          31.8173883
        ]
      }
    },
    {
      "type": "Feature",
      "properties": {
        "id": 10891361668,
        "kind": "poi",
        "crossing": "unmarked",
        "crossing:markings": "no",
        "highway": "crossing"
      },
      "geometry": {
        "type": "Point",
        "coordinates": [
          -106.4227229,
          31.8177873
        ]
      }
    },
    {
      "type": "Feature",
      "properties": {
        "id": 10891500146,
        "kind": "poi",
        "crossing": "uncontrolled",
        "crossing:island": "no",
        "crossing:markings": "lines",
        "highway": "crossing",
        "tactile_paving": "no"
      },
      "geometry": {
        "type": "Point",
        "coordinates": [
          -106.432655,
          31.8121035
        ]
      }
    },
    {
      "type": "Feature",
      "properties": {
        "id": 10891500148,
        "kind": "poi",
        "crossing": "uncontrolled",
        "crossing:island": "no",
        "crossing:markings": "lines",
        "highway": "crossing",
        "tactile_paving": "no"
      },
      "geometry": {
        "type": "Point",
        "coordinates": [
          -106.4328288,
          31.8113484
        ]
      }
    },
    {
      "type": "Feature",
      "properties": {
        "id": 10891546254,
        "kind": "poi",
        "crossing": "uncontrolled",
        "crossing:island": "no",
        "crossing:markings": "lines",
        "highway": "crossing",
        "tactile_paving": "no"
      },
      "geometry": {
        "type": "Point",
        "coordinates": [
          -106.4328466,
          31.812548
        ]
      }
    },
    {
      "type": "Feature",
      "properties": {
        "id": 10892525673,
        "kind": "poi",
        "crossing": "uncontrolled",
        "crossing:island": "no",
        "crossing:markings": "lines",
        "highway": "crossing",
        "tactile_paving": "no"
      },
      "geometry": {
        "type": "Point",
        "coordinates": [
          -106.423683,
          31.8148226
        ]
      }
    },
    {
      "type": "Feature",
      "properties": {
        "id": 10892525674,
        "kind": "poi",
        "crossing": "uncontrolled",
        "crossing:island": "no",
        "crossing:markings": "lines",
        "highway": "crossing",
        "tactile_paving": "no"
      },
      "geometry": {
        "type": "Point",
        "coordinates": [
          -106.4241407,
          31.8141928
        ]
      }
    },
    {
      "type": "Feature",
      "properties": {
        "id": 10892525675,
        "kind": "poi",
        "crossing": "uncontrolled",
        "crossing:island": "no",
        "crossing:markings": "lines",
        "highway": "crossing",
        "tactile_paving": "no"
      },
      "geometry": {
        "type": "Point",
        "coordinates": [
          -106.4239935,
          31.8141955
        ]
      }
    },
    {
      "type": "Feature",
      "properties": {
        "id": 10892525676,
        "kind": "poi",
        "crossing": "uncontrolled",
        "crossing:island": "no",
        "crossing:markings": "lines",
        "highway": "crossing",
        "tactile_paving": "no"
      },
      "geometry": {
        "type": "Point",
        "coordinates": [
          -106.4244811,
          31.8141865
        ]
      }
    },
    {
      "type": "Feature",
      "properties": {
        "id": 10892525686,
        "kind": "poi",
        "crossing": "uncontrolled",
        "crossing:island": "no",
        "crossing:markings": "ladder",
        "highway": "crossing",
        "tactile_paving": "no"
      },
      "geometry": {
        "type": "Point",
        "coordinates": [
          -106.421256,
          31.8175844
        ]
      }
    },
    {
      "type": "Feature",
      "properties": {
        "id": 10892525703,
        "kind": "poi",
        "crossing": "uncontrolled",
        "crossing:island": "no",
        "crossing:markings": "ladder",
        "highway": "crossing",
        "tactile_paving": "no"
      },
      "geometry": {
        "type": "Point",
        "coordinates": [
          -106.4200168,
          31.8189065
        ]
      }
    },
    {
      "type": "Feature",
      "properties": {
        "id": 10897708769,
        "kind": "poi",
        "crossing": "uncontrolled",
        "crossing:island": "no",
        "crossing:markings": "ladder",
        "crossing:signals": "no",
        "highway": "crossing",
        "tactile_paving": "no"
      },
      "geometry": {
        "type": "Point",
        "coordinates": [
          -106.4356269,
          31.8058313
        ]
      }
    },
    {
      "type": "Feature",
      "properties": {
        "id": 10897708770,
        "kind": "poi",
        "crossing": "uncontrolled",
        "crossing:island": "no",
        "crossing:markings": "ladder",
        "highway": "crossing",
        "tactile_paving": "no"
      },
      "geometry": {
        "type": "Point",
        "coordinates": [
          -106.4357426,
          31.8062531
        ]
      }
    },
    {
      "type": "Feature",
      "properties": {
        "id": 10904432401,
        "kind": "poi",
        "button_operated": "no",
        "crossing": "traffic_signals",
        "crossing:island": "no",
        "crossing:markings": "ladder",
        "highway": "crossing",
        "tactile_paving": "no",
        "traffic_signals:sound": "no",
        "traffic_signals:vibration": "no"
      },
      "geometry": {
        "type": "Point",
        "coordinates": [
          -106.4273769,
          31.810773
        ]
      }
    },
    {
      "type": "Feature",
      "properties": {
        "id": 10904432402,
        "kind": "poi",
        "button_operated": "no",
        "crossing": "traffic_signals",
        "crossing:island": "no",
        "crossing:markings": "ladder",
        "highway": "crossing",
        "tactile_paving": "no",
        "traffic_signals:sound": "no",
        "traffic_signals:vibration": "no"
      },
      "geometry": {
        "type": "Point",
        "coordinates": [
          -106.4273652,
          31.8105212
        ]
      }
    },
    {
      "type": "Feature",
      "properties": {
        "id": 10905278069,
        "kind": "poi",
        "crossing": "unmarked",
        "crossing:island": "no",
        "crossing:markings": "no",
        "highway": "crossing",
        "tactile_paving": "no"
      },
      "geometry": {
        "type": "Point",
        "coordinates": [
          -106.4211619,
          31.8180548
        ]
      }
    },
    {
      "type": "Feature",
      "properties": {
        "id": 10905297325,
        "kind": "poi",
        "crossing": "uncontrolled",
        "crossing:island": "no",
        "crossing:markings": "ladder",
        "highway": "crossing",
        "tactile_paving": "no"
      },
      "geometry": {
        "type": "Point",
        "coordinates": [
          -106.4196539,
          31.8177303
        ]
      }
    },
    {
      "type": "Feature",
      "properties": {
        "id": 10905297326,
        "kind": "poi",
        "crossing": "uncontrolled",
        "crossing:island": "no",
        "crossing:markings": "zebra",
        "highway": "crossing",
        "tactile_paving": "no"
      },
      "geometry": {
        "type": "Point",
        "coordinates": [
          -106.4195577,
          31.8175709
        ]
      }
    },
    {
      "type": "Feature",
      "properties": {
        "id": 10917010967,
        "kind": "poi",
        "addr:city": "El Paso",
        "addr:housenumber": "300",
        "addr:postcode": "79902",
        "addr:state": "TX",
        "addr:street": "Waymore",
        "alt_name": "A Campus Of LPDS Healthcare",
        "amenity": "hospital",
        "beds": "31",
        "healthcare": "rehabilitation",
        "name": "Las Palmas Rehabilitation Hospital",
        "website": "https://laspalmasdelsolhealthcare.com"
      },
      "geometry": {
        "type": "Point",
        "coordinates": [
          -106.508826,
          31.7890532
        ]
      }
    },
    {
      "type": "Feature",
      "properties": {
        "id": 10917489991,
        "kind": "poi",
        "crossing": "uncontrolled",
        "crossing:island": "no",
        "crossing:markings": "ladder",
        "highway": "crossing",
        "tactile_paving": "no"
      },
      "geometry": {
        "type": "Point",
        "coordinates": [
          -106.4331155,
          31.8022131
        ]
      }
    },
    {
      "type": "Feature",
      "properties": {
        "id": 10917489992,
        "kind": "poi",
        "crossing": "uncontrolled",
        "crossing:island": "no",
        "crossing:markings": "ladder",
        "crossing:signals": "no",
        "highway": "crossing",
        "tactile_paving": "no"
      },
      "geometry": {
        "type": "Point",
        "coordinates": [
          -106.4328423,
          31.8019758
        ]
      }
    },
    {
      "type": "Feature",
      "properties": {
        "id": 10917489994,
        "kind": "poi",
        "crossing": "uncontrolled",
        "crossing:island": "no",
        "crossing:markings": "ladder",
        "highway": "crossing",
        "tactile_paving": "no"
      },
      "geometry": {
        "type": "Point",
        "coordinates": [
          -106.4320868,
          31.8013856
        ]
      }
    },
    {
      "type": "Feature",
      "properties": {
        "id": 10917489995,
        "kind": "poi",
        "crossing": "uncontrolled",
        "crossing:island": "no",
        "crossing:markings": "ladder",
        "highway": "crossing",
        "tactile_paving": "no"
      },
      "geometry": {
        "type": "Point",
        "coordinates": [
          -106.4314584,
          31.8019001
        ]
      }
    },
    {
      "type": "Feature",
      "properties": {
        "id": 10917489996,
        "kind": "poi",
        "crossing": "uncontrolled",
        "crossing:island": "no",
        "crossing:markings": "ladder",
        "highway": "crossing",
        "tactile_paving": "no"
      },
      "geometry": {
        "type": "Point",
        "coordinates": [
          -106.4312498,
          31.802069
        ]
      }
    },
    {
      "type": "Feature",
      "properties": {
        "id": 10917489998,
        "kind": "poi",
        "crossing": "uncontrolled",
        "crossing:island": "no",
        "crossing:markings": "ladder",
        "highway": "crossing",
        "tactile_paving": "no"
      },
      "geometry": {
        "type": "Point",
        "coordinates": [
          -106.4282461,
          31.801823
        ]
      }
    },
    {
      "type": "Feature",
      "properties": {
        "id": 10917489999,
        "kind": "poi",
        "crossing": "uncontrolled",
        "crossing:island": "no",
        "crossing:markings": "zebra",
        "highway": "crossing",
        "tactile_paving": "no"
      },
      "geometry": {
        "type": "Point",
        "coordinates": [
          -106.4282477,
          31.8020272
        ]
      }
    },
    {
      "type": "Feature",
      "properties": {
        "id": 10917490000,
        "kind": "poi",
        "crossing": "uncontrolled",
        "crossing:island": "no",
        "crossing:markings": "zebra",
        "highway": "crossing",
        "tactile_paving": "no"
      },
      "geometry": {
        "type": "Point",
        "coordinates": [
          -106.4286176,
          31.8020246
        ]
      }
    },
    {
      "type": "Feature",
      "properties": {
        "id": 10917490001,
        "kind": "poi",
        "crossing": "uncontrolled",
        "crossing:island": "no",
        "crossing:markings": "ladder",
        "highway": "crossing",
        "tactile_paving": "no"
      },
      "geometry": {
        "type": "Point",
        "coordinates": [
          -106.4286149,
          31.8018157
        ]
      }
    },
    {
      "type": "Feature",
      "properties": {
        "id": 10917490002,
        "kind": "poi",
        "crossing": "uncontrolled",
        "crossing:island": "no",
        "crossing:markings": "zebra",
        "highway": "crossing",
        "tactile_paving": "no"
      },
      "geometry": {
        "type": "Point",
        "coordinates": [
          -106.4299369,
          31.8019918
        ]
      }
    },
    {
      "type": "Feature",
      "properties": {
        "id": 10917490003,
        "kind": "poi",
        "crossing": "uncontrolled",
        "crossing:island": "no",
        "crossing:markings": "zebra",
        "highway": "crossing",
        "tactile_paving": "no"
      },
      "geometry": {
        "type": "Point",
        "coordinates": [
          -106.4292514,
          31.8020009
        ]
      }
    },
    {
      "type": "Feature",
      "properties": {
        "id": 10917490004,
        "kind": "poi",
        "crossing": "uncontrolled",
        "crossing:island": "no",
        "crossing:markings": "ladder",
        "highway": "crossing",
        "tactile_paving": "no"
      },
      "geometry": {
        "type": "Point",
        "coordinates": [
          -106.4300174,
          31.8020404
        ]
      }
    },
    {
      "type": "Feature",
      "properties": {
        "id": 10917490005,
        "kind": "poi",
        "crossing": "uncontrolled",
        "crossing:island": "no",
        "crossing:markings": "ladder",
        "highway": "crossing",
        "tactile_paving": "no"
      },
      "geometry": {
        "type": "Point",
        "coordinates": [
          -106.4299381,
          31.8020972
        ]
      }
    },
    {
      "type": "Feature",
      "properties": {
        "id": 10917490006,
        "kind": "poi",
        "crossing": "uncontrolled",
        "crossing:island": "no",
        "crossing:markings": "ladder",
        "highway": "crossing",
        "tactile_paving": "no"
      },
      "geometry": {
        "type": "Point",
        "coordinates": [
          -106.4299263,
          31.8014614
        ]
      }
    },
    {
      "type": "Feature",
      "properties": {
        "id": 10917490007,
        "kind": "poi",
        "crossing": "uncontrolled",
        "crossing:island": "no",
        "crossing:markings": "ladder",
        "highway": "crossing",
        "tactile_paving": "no"
      },
      "geometry": {
        "type": "Point",
        "coordinates": [
          -106.42993,
          31.801721
        ]
      }
    },
    {
      "type": "Feature",
      "properties": {
        "id": 10917490008,
        "kind": "poi",
        "crossing": "uncontrolled",
        "crossing:island": "no",
        "crossing:markings": "ladder",
        "highway": "crossing",
        "tactile_paving": "no"
      },
      "geometry": {
        "type": "Point",
        "coordinates": [
          -106.4299207,
          31.8011826
        ]
      }
    },
    {
      "type": "Feature",
      "properties": {
        "id": 10917490009,
        "kind": "poi",
        "crossing": "uncontrolled",
        "crossing:island": "no",
        "crossing:markings": "lines",
        "highway": "crossing",
        "tactile_paving": "no"
      },
      "geometry": {
        "type": "Point",
        "coordinates": [
          -106.430965,
          31.8007419
        ]
      }
    },
    {
      "type": "Feature",
      "properties": {
        "id": 10917490022,
        "kind": "poi",
        "crossing": "uncontrolled",
        "crossing:island": "no",
        "crossing:markings": "zebra",
        "highway": "crossing",
        "tactile_paving": "no"
      },
      "geometry": {
        "type": "Point",
        "coordinates": [
          -106.4276949,
          31.8006009
        ]
      }
    },
    {
      "type": "Feature",
      "properties": {
        "id": 10917490023,
        "kind": "poi",
        "crossing": "uncontrolled",
        "crossing:island": "no",
        "crossing:markings": "ladder",
        "highway": "crossing",
        "tactile_paving": "no"
      },
      "geometry": {
        "type": "Point",
        "coordinates": [
          -106.4310761,
          31.8005833
        ]
      }
    },
    {
      "type": "Feature",
      "properties": {
        "id": 10917490024,
        "kind": "poi",
        "crossing": "uncontrolled",
        "crossing:island": "no",
        "crossing:markings": "zebra",
        "highway": "crossing",
        "tactile_paving": "no"
      },
      "geometry": {
        "type": "Point",
        "coordinates": [
          -106.4342686,
          31.8016231
        ]
      }
    },
    {
      "type": "Feature",
      "properties": {
        "id": 10923353529,
        "kind": "poi",
        "crossing": "uncontrolled",
        "crossing:island": "no",
        "crossing:markings": "ladder",
        "highway": "crossing",
        "tactile_paving": "no"
      },
      "geometry": {
        "type": "Point",
        "coordinates": [
          -106.4299601,
          31.8035004
        ]
      }
    },
    {
      "type": "Feature",
      "properties": {
        "id": 10970083320,
        "kind": "poi",
        "crossing": "uncontrolled",
        "crossing:island": "no",
        "crossing:markings": "zebra",
        "highway": "crossing",
        "kerb": "lowered",
        "tactile_paving": "no"
      },
      "geometry": {
        "type": "Point",
        "coordinates": [
          -106.4279343,
          31.8160512
        ]
      }
    },
    {
      "type": "Feature",
      "properties": {
        "id": 10970083321,
        "kind": "poi",
        "crossing": "uncontrolled",
        "crossing:island": "no",
        "crossing:markings": "zebra",
        "highway": "crossing",
        "kerb": "lowered",
        "tactile_paving": "no"
      },
      "geometry": {
        "type": "Point",
        "coordinates": [
          -106.4278624,
          31.8161071
        ]
      }
    },
    {
      "type": "Feature",
      "properties": {
        "id": 10970083322,
        "kind": "poi",
        "crossing": "uncontrolled",
        "crossing:island": "no",
        "crossing:markings": "zebra",
        "highway": "crossing",
        "kerb": "lowered",
        "tactile_paving": "no"
      },
      "geometry": {
        "type": "Point",
        "coordinates": [
          -106.4278041,
          31.8160533
        ]
      }
    },
    {
      "type": "Feature",
      "properties": {
        "id": 10970083326,
        "kind": "poi",
        "crossing": "traffic_signals",
        "crossing:island": "no",
        "crossing:markings": "lines",
        "highway": "crossing",
        "tactile_paving": "no"
      },
      "geometry": {
        "type": "Point",
        "coordinates": [
          -106.4275529,
          31.8190604
        ]
      }
    },
    {
      "type": "Feature",
      "properties": {
        "id": 10970083327,
        "kind": "poi",
        "crossing": "traffic_signals",
        "crossing:island": "no",
        "crossing:markings": "lines",
        "highway": "crossing",
        "tactile_paving": "no"
      },
      "geometry": {
        "type": "Point",
        "coordinates": [
          -106.4276389,
          31.8191505
        ]
      }
    },
    {
      "type": "Feature",
      "properties": {
        "id": 10970095054,
        "kind": "poi",
        "crossing": "uncontrolled",
        "crossing:island": "no",
        "crossing:markings": "lines",
        "highway": "crossing"
      },
      "geometry": {
        "type": "Point",
        "coordinates": [
          -106.427865,
          31.8165825
        ]
      }
    },
    {
      "type": "Feature",
      "properties": {
        "id": 10970095055,
        "kind": "poi",
        "crossing": "uncontrolled",
        "crossing:island": "no",
        "crossing:markings": "zebra",
        "highway": "crossing",
        "tactile_paving": "no"
      },
      "geometry": {
        "type": "Point",
        "coordinates": [
          -106.4297788,
          31.8162196
        ]
      }
    },
    {
      "type": "Feature",
      "properties": {
        "id": 10970095058,
        "kind": "poi",
        "crossing": "uncontrolled",
        "crossing:island": "no",
        "crossing:markings": "zebra",
        "highway": "crossing",
        "tactile_paving": "no"
      },
      "geometry": {
        "type": "Point",
        "coordinates": [
          -106.429763,
          31.8168662
        ]
      }
    },
    {
      "type": "Feature",
      "properties": {
        "id": 10970095107,
        "kind": "poi",
        "crossing": "uncontrolled",
        "crossing:island": "no",
        "crossing:markings": "ladder",
        "highway": "crossing",
        "tactile_paving": "no"
      },
      "geometry": {
        "type": "Point",
        "coordinates": [
          -106.4208439,
          31.8188909
        ]
      }
    },
    {
      "type": "Feature",
      "properties": {
        "id": 10970095114,
        "kind": "poi",
        "crossing": "uncontrolled",
        "crossing:island": "no",
        "crossing:markings": "ladder",
        "highway": "crossing",
        "tactile_paving": "no"
      },
      "geometry": {
        "type": "Point",
        "coordinates": [
          -106.4203608,
          31.8189
        ]
      }
    },
    {
      "type": "Feature",
      "properties": {
        "id": 10972433244,
        "kind": "poi",
        "crossing": "uncontrolled",
        "crossing:island": "no",
        "crossing:markings": "ladder",
        "highway": "crossing",
        "tactile_paving": "no"
      },
      "geometry": {
        "type": "Point",
        "coordinates": [
          -106.4293119,
          31.8140897
        ]
      }
    },
    {
      "type": "Feature",
      "properties": {
        "id": 10972433270,
        "kind": "poi",
        "crossing": "uncontrolled",
        "crossing:island": "no",
        "crossing:markings": "ladder",
        "highway": "crossing",
        "kerb": "raised",
        "tactile_paving": "no"
      },
      "geometry": {
        "type": "Point",
        "coordinates": [
          -106.4274144,
          31.8141326
        ]
      }
    },
    {
      "type": "Feature",
      "properties": {
        "id": 10972433274,
        "kind": "poi",
        "crossing": "uncontrolled",
        "crossing:island": "no",
        "crossing:markings": "zebra",
        "highway": "crossing",
        "tactile_paving": "no"
      },
      "geometry": {
        "type": "Point",
        "coordinates": [
          -106.4295855,
          31.8132876
        ]
      }
    },
    {
      "type": "Feature",
      "properties": {
        "id": 10972433306,
        "kind": "poi",
        "crossing": "uncontrolled",
        "crossing:island": "no",
        "crossing:markings": "ladder",
        "crossing:signals": "no",
        "highway": "crossing",
        "tactile_paving": "no"
      },
      "geometry": {
        "type": "Point",
        "coordinates": [
          -106.435362,
          31.8051556
        ]
      }
    },
    {
      "type": "Feature",
      "properties": {
        "id": 10978129795,
        "kind": "poi",
        "crossing": "uncontrolled",
        "crossing:island": "no",
        "crossing:markings": "zebra",
        "highway": "crossing",
        "tactile_paving": "no"
      },
      "geometry": {
        "type": "Point",
        "coordinates": [
          -106.4308224,
          31.818064
        ]
      }
    },
    {
      "type": "Feature",
      "properties": {
        "id": 10978129796,
        "kind": "poi",
        "crossing": "uncontrolled",
        "crossing:island": "no",
        "crossing:markings": "zebra",
        "highway": "crossing",
        "tactile_paving": "no"
      },
      "geometry": {
        "type": "Point",
        "coordinates": [
          -106.4306289,
          31.8180716
        ]
      }
    },
    {
      "type": "Feature",
      "properties": {
        "id": 10982123406,
        "kind": "poi",
        "crossing": "uncontrolled",
        "crossing:island": "no",
        "crossing:markings": "lines",
        "highway": "crossing",
        "tactile_paving": "no"
      },
      "geometry": {
        "type": "Point",
        "coordinates": [
          -106.4291064,
          31.8160333
        ]
      }
    },
    {
      "type": "Feature",
      "properties": {
        "id": 10993970174,
        "kind": "poi",
        "crossing": "uncontrolled",
        "crossing:island": "no",
        "crossing:markings": "zebra",
        "highway": "crossing",
        "tactile_paving": "no"
      },
      "geometry": {
        "type": "Point",
        "coordinates": [
          -106.4222439,
          31.8190681
        ]
      }
    },
    {
      "type": "Feature",
      "properties": {
        "id": 10993970191,
        "kind": "poi",
        "crossing": "uncontrolled",
        "crossing:island": "no",
        "crossing:markings": "zebra",
        "highway": "crossing",
        "tactile_paving": "no"
      },
      "geometry": {
        "type": "Point",
        "coordinates": [
          -106.4236,
          31.8191148
        ]
      }
    },
    {
      "type": "Feature",
      "properties": {
        "id": 10993970192,
        "kind": "poi",
        "crossing": "uncontrolled",
        "crossing:island": "no",
        "crossing:markings": "zebra",
        "highway": "crossing",
        "tactile_paving": "no"
      },
      "geometry": {
        "type": "Point",
        "coordinates": [
          -106.4240926,
          31.8191155
        ]
      }
    },
    {
      "type": "Feature",
      "properties": {
        "id": 10993970193,
        "kind": "poi",
        "crossing": "uncontrolled",
        "crossing:island": "no",
        "crossing:markings": "zebra",
        "highway": "crossing",
        "tactile_paving": "no"
      },
      "geometry": {
        "type": "Point",
        "coordinates": [
          -106.4256692,
          31.8191461
        ]
      }
    },
    {
      "type": "Feature",
      "properties": {
        "id": 10993970194,
        "kind": "poi",
        "crossing": "uncontrolled",
        "crossing:island": "no",
        "crossing:markings": "ladder:skewed",
        "highway": "crossing",
        "tactile_paving": "no"
      },
      "geometry": {
        "type": "Point",
        "coordinates": [
          -106.427866,
          31.8186626
        ]
      }
    },
    {
      "type": "Feature",
      "properties": {
        "id": 10993970196,
        "kind": "poi",
        "crossing": "uncontrolled",
        "crossing:island": "no",
        "crossing:markings": "ladder",
        "highway": "crossing",
        "tactile_paving": "no"
      },
      "geometry": {
        "type": "Point",
        "coordinates": [
          -106.4266145,
          31.8198254
        ]
      }
    },
    {
      "type": "Feature",
      "properties": {
        "id": 10993970197,
        "kind": "poi",
        "crossing": "uncontrolled",
        "crossing:island": "no",
        "crossing:markings": "ladder",
        "highway": "crossing",
        "tactile_paving": "no"
      },
      "geometry": {
        "type": "Point",
        "coordinates": [
          -106.4267958,
          31.8198219
        ]
      }
    },
    {
      "type": "Feature",
      "properties": {
        "id": 10999445832,
        "kind": "poi",
        "crossing": "unmarked",
        "crossing:markings": "no",
        "highway": "crossing"
      },
      "geometry": {
        "type": "Point",
        "coordinates": [
          -106.4606565,
          31.7585784
        ]
      }
    },
    {
      "type": "Feature",
      "properties": {
        "id": 11082605601,
        "kind": "poi",
        "highway": "crossing"
      },
      "geometry": {
        "type": "Point",
        "coordinates": [
          -106.4115444,
          31.7866967
        ]
      }
    },
    {
      "type": "Feature",
      "properties": {
        "id": 11100306874,
        "kind": "poi",
        "crossing": "uncontrolled",
        "crossing:island": "no",
        "crossing:markings": "zebra",
        "highway": "crossing",
        "tactile_paving": "no"
      },
      "geometry": {
        "type": "Point",
        "coordinates": [
          -106.4294392,
          31.8135813
        ]
      }
    },
    {
      "type": "Feature",
      "properties": {
        "id": 11100331482,
        "kind": "poi",
        "crossing": "uncontrolled",
        "crossing:island": "no",
        "crossing:markings": "surface",
        "highway": "crossing",
        "tactile_paving": "no"
      },
      "geometry": {
        "type": "Point",
        "coordinates": [
          -106.4282748,
          31.8101893
        ]
      }
    },
    {
      "type": "Feature",
      "properties": {
        "id": 11100331519,
        "kind": "poi",
        "crossing": "unmarked",
        "crossing:island": "no",
        "crossing:markings": "no",
        "highway": "crossing",
        "tactile_paving": "no"
      },
      "geometry": {
        "type": "Point",
        "coordinates": [
          -106.4286093,
          31.8092455
        ]
      }
    },
    {
      "type": "Feature",
      "properties": {
        "id": 11101657410,
        "kind": "poi",
        "crossing": "uncontrolled",
        "crossing:island": "no",
        "crossing:markings": "lines",
        "highway": "crossing",
        "tactile_paving": "no"
      },
      "geometry": {
        "type": "Point",
        "coordinates": [
          -106.4258319,
          31.8073782
        ]
      }
    },
    {
      "type": "Feature",
      "properties": {
        "id": 11105074104,
        "kind": "poi",
        "crossing": "traffic_signals",
        "crossing:island": "no",
        "crossing:markings": "ladder",
        "highway": "crossing",
        "tactile_paving": "no",
        "traffic_signals:vibration": "no"
      },
      "geometry": {
        "type": "Point",
        "coordinates": [
          -106.427295,
          31.8090636
        ]
      }
    },
    {
      "type": "Feature",
      "properties": {
        "id": 11105081705,
        "kind": "poi",
        "crossing": "traffic_signals",
        "crossing:island": "no",
        "crossing:markings": "ladder",
        "highway": "crossing",
        "tactile_paving": "no",
        "traffic_signals:vibration": "no"
      },
      "geometry": {
        "type": "Point",
        "coordinates": [
          -106.4274217,
          31.8089569
        ]
      }
    },
    {
      "type": "Feature",
      "properties": {
        "id": 11105081713,
        "kind": "poi",
        "crossing": "unmarked",
        "crossing:markings": "no",
        "highway": "crossing"
      },
      "geometry": {
        "type": "Point",
        "coordinates": [
          -106.427945,
          31.8091849
        ]
      }
    },
    {
      "type": "Feature",
      "properties": {
        "id": 11105081749,
        "kind": "poi",
        "crossing": "unmarked",
        "crossing:markings": "no",
        "highway": "crossing"
      },
      "geometry": {
        "type": "Point",
        "coordinates": [
          -106.4288471,
          31.8100239
        ]
      }
    },
    {
      "type": "Feature",
      "properties": {
        "id": 11108730880,
        "kind": "poi",
        "crossing": "uncontrolled",
        "crossing:island": "no",
        "crossing:markings": "ladder",
        "crossing:signals": "no",
        "highway": "crossing",
        "tactile_paving": "no"
      },
      "geometry": {
        "type": "Point",
        "coordinates": [
          -106.427339,
          31.8124412
        ]
      }
    },
    {
      "type": "Feature",
      "properties": {
        "id": 11108730922,
        "kind": "poi",
        "crossing": "unmarked",
        "crossing:markings": "no",
        "highway": "crossing"
      },
      "geometry": {
        "type": "Point",
        "coordinates": [
          -106.4265166,
          31.8090395
        ]
      }
    },
    {
      "type": "Feature",
      "properties": {
        "id": 11108730923,
        "kind": "poi",
        "crossing": "unmarked",
        "crossing:markings": "no",
        "highway": "crossing"
      },
      "geometry": {
        "type": "Point",
        "coordinates": [
          -106.4256081,
          31.8090499
        ]
      }
    },
    {
      "type": "Feature",
      "properties": {
        "id": 11108730924,
        "kind": "poi",
        "crossing": "uncontrolled",
        "crossing:island": "no",
        "crossing:markings": "lines",
        "highway": "crossing",
        "tactile_paving": "no"
      },
      "geometry": {
        "type": "Point",
        "coordinates": [
          -106.425108,
          31.8089718
        ]
      }
    },
    {
      "type": "Feature",
      "properties": {
        "id": 11108730943,
        "kind": "poi",
        "crossing": "uncontrolled",
        "crossing:island": "no",
        "crossing:markings": "ladder",
        "highway": "crossing",
        "tactile_paving": "no"
      },
      "geometry": {
        "type": "Point",
        "coordinates": [
          -106.427459,
          31.8125633
        ]
      }
    },
    {
      "type": "Feature",
      "properties": {
        "id": 11108730946,
        "kind": "poi",
        "crossing": "unmarked",
        "crossing:markings": "no",
        "highway": "crossing"
      },
      "geometry": {
        "type": "Point",
        "coordinates": [
          -106.4255248,
          31.8126129
        ]
      }
    },
    {
      "type": "Feature",
      "properties": {
        "id": 11108730947,
        "kind": "poi",
        "crossing": "unmarked",
        "crossing:markings": "no",
        "highway": "crossing"
      },
      "geometry": {
        "type": "Point",
        "coordinates": [
          -106.4236354,
          31.812634
        ]
      }
    },
    {
      "type": "Feature",
      "properties": {
        "id": 11162083884,
        "kind": "poi",
        "crossing": "unmarked",
        "crossing:markings": "no",
        "highway": "crossing",
        "tactile_paving": "yes"
      },
      "geometry": {
        "type": "Point",
        "coordinates": [
          -106.4142556,
          31.7689875
        ]
      }
    },
    {
      "type": "Feature",
      "properties": {
        "id": 11162086918,
        "kind": "poi",
        "highway": "crossing"
      },
      "geometry": {
        "type": "Point",
        "coordinates": [
          -106.4233964,
          31.7714179
        ]
      }
    },
    {
      "type": "Feature",
      "properties": {
        "id": 11258702250,
        "kind": "poi",
        "crossing": "uncontrolled",
        "crossing:island": "no",
        "crossing:markings": "ladder:skewed",
        "highway": "crossing",
        "tactile_paving": "no"
      },
      "geometry": {
        "type": "Point",
        "coordinates": [
          -106.4216103,
          31.8017451
        ]
      }
    },
    {
      "type": "Feature",
      "properties": {
        "id": 11258702251,
        "kind": "poi",
        "crossing": "uncontrolled",
        "crossing:markings": "yes",
        "highway": "crossing"
      },
      "geometry": {
        "type": "Point",
        "coordinates": [
          -106.4217845,
          31.8025023
        ]
      }
    },
    {
      "type": "Feature",
      "properties": {
        "id": 11258702252,
        "kind": "poi",
        "crossing": "uncontrolled",
        "crossing:markings": "yes",
        "highway": "crossing"
      },
      "geometry": {
        "type": "Point",
        "coordinates": [
          -106.421629,
          31.8024868
        ]
      }
    },
    {
      "type": "Feature",
      "properties": {
        "id": 11259031846,
        "kind": "poi",
        "crossing": "uncontrolled",
        "crossing:island": "no",
        "crossing:markings": "ladder:skewed",
        "highway": "crossing",
        "tactile_paving": "no"
      },
      "geometry": {
        "type": "Point",
        "coordinates": [
          -106.4263856,
          31.8022868
        ]
      }
    },
    {
      "type": "Feature",
      "properties": {
        "id": 11260975128,
        "kind": "poi",
        "crossing": "uncontrolled",
        "crossing:island": "no",
        "crossing:markings": "ladder:skewed",
        "highway": "crossing",
        "tactile_paving": "no"
      },
      "geometry": {
        "type": "Point",
        "coordinates": [
          -106.4240217,
          31.8033225
        ]
      }
    },
    {
      "type": "Feature",
      "properties": {
        "id": 11260975129,
        "kind": "poi",
        "crossing": "uncontrolled",
        "crossing:island": "no",
        "crossing:markings": "ladder:skewed",
        "highway": "crossing",
        "tactile_paving": "no"
      },
      "geometry": {
        "type": "Point",
        "coordinates": [
          -106.4245635,
          31.8033978
        ]
      }
    },
    {
      "type": "Feature",
      "properties": {
        "id": 11260975130,
        "kind": "poi",
        "crossing": "uncontrolled",
        "crossing:island": "no",
        "crossing:markings": "ladder:skewed",
        "highway": "crossing",
        "tactile_paving": "no"
      },
      "geometry": {
        "type": "Point",
        "coordinates": [
          -106.4246207,
          31.8033365
        ]
      }
    },
    {
      "type": "Feature",
      "properties": {
        "id": 11260975131,
        "kind": "poi",
        "crossing": "uncontrolled",
        "crossing:island": "no",
        "crossing:markings": "ladder:skewed",
        "highway": "crossing",
        "tactile_paving": "no"
      },
      "geometry": {
        "type": "Point",
        "coordinates": [
          -106.4252699,
          31.8031156
        ]
      }
    },
    {
      "type": "Feature",
      "properties": {
        "id": 11260975132,
        "kind": "poi",
        "crossing": "uncontrolled",
        "crossing:island": "no",
        "crossing:markings": "ladder:skewed",
        "highway": "crossing",
        "tactile_paving": "no"
      },
      "geometry": {
        "type": "Point",
        "coordinates": [
          -106.4251654,
          31.8031066
        ]
      }
    },
    {
      "type": "Feature",
      "properties": {
        "id": 11260975133,
        "kind": "poi",
        "crossing": "uncontrolled",
        "crossing:island": "no",
        "crossing:markings": "ladder:skewed",
        "highway": "crossing",
        "tactile_paving": "no"
      },
      "geometry": {
        "type": "Point",
        "coordinates": [
          -106.4251834,
          31.8030128
        ]
      }
    },
    {
      "type": "Feature",
      "properties": {
        "id": 11260995455,
        "kind": "poi",
        "crossing": "uncontrolled",
        "crossing:island": "no",
        "crossing:markings": "ladder:skewed",
        "highway": "crossing",
        "tactile_paving": "no"
      },
      "geometry": {
        "type": "Point",
        "coordinates": [
          -106.4238916,
          31.8025263
        ]
      }
    },
    {
      "type": "Feature",
      "properties": {
        "id": 11260995457,
        "kind": "poi",
        "crossing": "uncontrolled",
        "crossing:island": "no",
        "crossing:markings": "ladder:skewed",
        "highway": "crossing",
        "tactile_paving": "no"
      },
      "geometry": {
        "type": "Point",
        "coordinates": [
          -106.4239804,
          31.801937
        ]
      }
    },
    {
      "type": "Feature",
      "properties": {
        "id": 11261277502,
        "kind": "poi",
        "crossing": "uncontrolled",
        "crossing:island": "no",
        "crossing:markings": "ladder:skewed",
        "highway": "crossing",
        "tactile_paving": "no"
      },
      "geometry": {
        "type": "Point",
        "coordinates": [
          -106.425291,
          31.8017134
        ]
      }
    },
    {
      "type": "Feature",
      "properties": {
        "id": 11261277503,
        "kind": "poi",
        "crossing": "uncontrolled",
        "crossing:island": "no",
        "crossing:markings": "ladder:skewed",
        "highway": "crossing",
        "tactile_paving": "no"
      },
      "geometry": {
        "type": "Point",
        "coordinates": [
          -106.4252638,
          31.8017769
        ]
      }
    },
    {
      "type": "Feature",
      "properties": {
        "id": 11294508612,
        "kind": "poi",
        "amenity": "doctors",
        "check_date": "2023-10-27",
        "healthcare": "doctor",
        "healthcare:speciality": "ophthalmology",
        "name": "ConVisión"
      },
      "geometry": {
        "type": "Point",
        "coordinates": [
          -106.4304293,
          31.7475526
        ]
      }
    },
    {
      "type": "Feature",
      "properties": {
        "id": 11384946751,
        "kind": "poi",
        "crossing": "traffic_signals",
        "crossing:island": "no",
        "crossing:markings": "lines",
        "highway": "crossing",
        "tactile_paving": "no",
        "traffic_signals:vibration": "no"
      },
      "geometry": {
        "type": "Point",
        "coordinates": [
          -106.4310367,
          31.8126483
        ]
      }
    },
    {
      "type": "Feature",
      "properties": {
        "id": 11384946753,
        "kind": "poi",
        "crossing": "traffic_signals",
        "crossing:island": "no",
        "crossing:markings": "lines",
        "highway": "crossing",
        "tactile_paving": "no",
        "traffic_signals:vibration": "no"
      },
      "geometry": {
        "type": "Point",
        "coordinates": [
          -106.4308943,
          31.8124749
        ]
      }
    },
    {
      "type": "Feature",
      "properties": {
        "id": 11389256673,
        "kind": "poi",
        "crossing": "uncontrolled",
        "crossing:island": "no",
        "crossing:markings": "ladder",
        "highway": "crossing",
        "tactile_paving": "no"
      },
      "geometry": {
        "type": "Point",
        "coordinates": [
          -106.4274511,
          31.8123452
        ]
      }
    },
    {
      "type": "Feature",
      "properties": {
        "id": 11389256674,
        "kind": "poi",
        "crossing": "uncontrolled",
        "crossing:island": "no",
        "crossing:markings": "ladder",
        "highway": "crossing",
        "tactile_paving": "no"
      },
      "geometry": {
        "type": "Point",
        "coordinates": [
          -106.4275893,
          31.8124381
        ]
      }
    },
    {
      "type": "Feature",
      "properties": {
        "id": 11393289838,
        "kind": "poi",
        "crossing": "traffic_signals",
        "crossing:island": "no",
        "crossing:markings": "ladder",
        "highway": "crossing",
        "tactile_paving": "no",
        "traffic_signals:vibration": "no"
      },
      "geometry": {
        "type": "Point",
        "coordinates": [
          -106.4212063,
          31.8090903
        ]
      }
    },
    {
      "type": "Feature",
      "properties": {
        "id": 11393289839,
        "kind": "poi",
        "crossing": "traffic_signals",
        "crossing:island": "no",
        "crossing:markings": "ladder",
        "highway": "crossing",
        "tactile_paving": "no",
        "traffic_signals:vibration": "no"
      },
      "geometry": {
        "type": "Point",
        "coordinates": [
          -106.4213271,
          31.8090114
        ]
      }
    },
    {
      "type": "Feature",
      "properties": {
        "id": 11393289840,
        "kind": "poi",
        "crossing": "traffic_signals",
        "crossing:island": "no",
        "crossing:markings": "ladder",
        "highway": "crossing",
        "tactile_paving": "no",
        "traffic_signals:vibration": "no"
      },
      "geometry": {
        "type": "Point",
        "coordinates": [
          -106.4210911,
          31.8090103
        ]
      }
    },
    {
      "type": "Feature",
      "properties": {
        "id": 11393289841,
        "kind": "poi",
        "crossing": "traffic_signals",
        "crossing:island": "no",
        "crossing:markings": "ladder",
        "highway": "crossing",
        "tactile_paving": "no",
        "traffic_signals:vibration": "no"
      },
      "geometry": {
        "type": "Point",
        "coordinates": [
          -106.4212032,
          31.8089153
        ]
      }
    },
    {
      "type": "Feature",
      "properties": {
        "id": 11393289856,
        "kind": "poi",
        "crossing": "unmarked",
        "crossing:island": "no",
        "crossing:markings": "no",
        "highway": "crossing",
        "tactile_paving": "no"
      },
      "geometry": {
        "type": "Point",
        "coordinates": [
          -106.4225321,
          31.8090691
        ]
      }
    },
    {
      "type": "Feature",
      "properties": {
        "id": 11393289859,
        "kind": "poi",
        "crossing": "uncontrolled",
        "crossing:island": "no",
        "crossing:markings": "lines",
        "highway": "crossing",
        "tactile_paving": "no"
      },
      "geometry": {
        "type": "Point",
        "coordinates": [
          -106.4230382,
          31.8089906
        ]
      }
    },
    {
      "type": "Feature",
      "properties": {
        "id": 11393323274,
        "kind": "poi",
        "crossing": "unmarked",
        "crossing:island": "no",
        "crossing:markings": "no",
        "highway": "crossing",
        "tactile_paving": "no"
      },
      "geometry": {
        "type": "Point",
        "coordinates": [
          -106.4233392,
          31.8090645
        ]
      }
    },
    {
      "type": "Feature",
      "properties": {
        "id": 11406985489,
        "kind": "poi",
        "crossing": "uncontrolled",
        "crossing:island": "no",
        "crossing:markings": "lines",
        "highway": "crossing",
        "tactile_paving": "no"
      },
      "geometry": {
        "type": "Point",
        "coordinates": [
          -106.4256945,
          31.8087833
        ]
      }
    },
    {
      "type": "Feature",
      "properties": {
        "id": 11406985492,
        "kind": "poi",
        "crossing": "uncontrolled",
        "crossing:island": "no",
        "crossing:markings": "lines",
        "highway": "crossing",
        "tactile_paving": "no"
      },
      "geometry": {
        "type": "Point",
        "coordinates": [
          -106.4255417,
          31.807383
        ]
      }
    },
    {
      "type": "Feature",
      "properties": {
        "id": 11406985493,
        "kind": "poi",
        "crossing": "uncontrolled",
        "crossing:island": "no",
        "crossing:markings": "lines",
        "highway": "crossing",
        "tactile_paving": "no"
      },
      "geometry": {
        "type": "Point",
        "coordinates": [
          -106.4255523,
          31.8083357
        ]
      }
    },
    {
      "type": "Feature",
      "properties": {
        "id": 11406985494,
        "kind": "poi",
        "crossing": "uncontrolled",
        "crossing:island": "no",
        "crossing:markings": "lines",
        "highway": "crossing",
        "tactile_paving": "no"
      },
      "geometry": {
        "type": "Point",
        "coordinates": [
          -106.4258503,
          31.8083353
        ]
      }
    },
    {
      "type": "Feature",
      "properties": {
        "id": 11406985509,
        "kind": "poi",
        "crossing": "uncontrolled",
        "crossing:island": "no",
        "crossing:markings": "ladder",
        "highway": "crossing",
        "tactile_paving": "no"
      },
      "geometry": {
        "type": "Point",
        "coordinates": [
          -106.4256812,
          31.8068062
        ]
      }
    },
    {
      "type": "Feature",
      "properties": {
        "id": 11419318628,
        "kind": "poi",
        "crossing": "uncontrolled",
        "crossing:island": "no",
        "crossing:markings": "ladder",
        "highway": "crossing",
        "tactile_paving": "no"
      },
      "geometry": {
        "type": "Point",
        "coordinates": [
          -106.4294253,
          31.8051924
        ]
      }
    },
    {
      "type": "Feature",
      "properties": {
        "id": 11423448110,
        "kind": "poi",
        "crossing": "uncontrolled",
        "crossing:markings": "yes",
        "highway": "crossing"
      },
      "geometry": {
        "type": "Point",
        "coordinates": [
          -106.4372304,
          31.8001814
        ]
      }
    },
    {
      "type": "Feature",
      "properties": {
        "id": 11423448124,
        "kind": "poi",
        "crossing": "unmarked",
        "crossing:markings": "no",
        "highway": "crossing"
      },
      "geometry": {
        "type": "Point",
        "coordinates": [
          -106.4374178,
          31.8003218
        ]
      }
    },
    {
      "type": "Feature",
      "properties": {
        "id": 11423448132,
        "kind": "poi",
        "crossing": "unmarked",
        "crossing:island": "no",
        "crossing:markings": "no",
        "highway": "crossing",
        "tactile_paving": "no"
      },
      "geometry": {
        "type": "Point",
        "coordinates": [
          -106.4374615,
          31.799483
        ]
      }
    },
    {
      "type": "Feature",
      "properties": {
        "id": 11423448135,
        "kind": "poi",
        "crossing": "unmarked",
        "crossing:island": "no",
        "crossing:markings": "no",
        "highway": "crossing",
        "tactile_paving": "no"
      },
      "geometry": {
        "type": "Point",
        "coordinates": [
          -106.4373303,
          31.8003737
        ]
      }
    },
    {
      "type": "Feature",
      "properties": {
        "id": 11423448139,
        "kind": "poi",
        "crossing": "unmarked",
        "crossing:island": "no",
        "crossing:markings": "no",
        "highway": "crossing",
        "tactile_paving": "no"
      },
      "geometry": {
        "type": "Point",
        "coordinates": [
          -106.4388292,
          31.8003971
        ]
      }
    },
    {
      "type": "Feature",
      "properties": {
        "id": 11423687294,
        "kind": "poi",
        "crossing": "uncontrolled",
        "crossing:island": "no",
        "crossing:markings": "ladder",
        "highway": "crossing",
        "tactile_paving": "no"
      },
      "geometry": {
        "type": "Point",
        "coordinates": [
          -106.4330665,
          31.8005533
        ]
      }
    },
    {
      "type": "Feature",
      "properties": {
        "id": 11423687295,
        "kind": "poi",
        "crossing": "uncontrolled",
        "crossing:island": "no",
        "crossing:markings": "ladder",
        "highway": "crossing",
        "tactile_paving": "no"
      },
      "geometry": {
        "type": "Point",
        "coordinates": [
          -106.4332531,
          31.8003983
        ]
      }
    },
    {
      "type": "Feature",
      "properties": {
        "id": 11423687297,
        "kind": "poi",
        "crossing": "uncontrolled",
        "crossing:markings": "ladder",
        "highway": "crossing",
        "tactile_paving": "no"
      },
      "geometry": {
        "type": "Point",
        "coordinates": [
          -106.4319038,
          31.7996707
        ]
      }
    },
    {
      "type": "Feature",
      "properties": {
        "id": 11423687299,
        "kind": "poi",
        "crossing": "uncontrolled",
        "crossing:island": "no",
        "crossing:markings": "ladder",
        "highway": "crossing",
        "tactile_paving": "no"
      },
      "geometry": {
        "type": "Point",
        "coordinates": [
          -106.4326004,
          31.8002727
        ]
      }
    },
    {
      "type": "Feature",
      "properties": {
        "id": 11423687305,
        "kind": "poi",
        "crossing": "uncontrolled",
        "crossing:island": "no",
        "crossing:markings": "ladder",
        "highway": "crossing",
        "tactile_paving": "no"
      },
      "geometry": {
        "type": "Point",
        "coordinates": [
          -106.4334121,
          31.8002672
        ]
      }
    },
    {
      "type": "Feature",
      "properties": {
        "id": 11423724515,
        "kind": "poi",
        "crossing": "uncontrolled",
        "crossing:island": "no",
        "crossing:markings": "zebra",
        "highway": "crossing",
        "tactile_paving": "no"
      },
      "geometry": {
        "type": "Point",
        "coordinates": [
          -106.4372293,
          31.8059707
        ]
      }
    },
    {
      "type": "Feature",
      "properties": {
        "id": 11423724517,
        "kind": "poi",
        "crossing": "uncontrolled",
        "crossing:island": "no",
        "crossing:markings": "zebra",
        "crossing:signals": "no",
        "highway": "crossing",
        "tactile_paving": "no"
      },
      "geometry": {
        "type": "Point",
        "coordinates": [
          -106.4366423,
          31.8042874
        ]
      }
    },
    {
      "type": "Feature",
      "properties": {
        "id": 11423724521,
        "kind": "poi",
        "crossing": "uncontrolled",
        "crossing:island": "no",
        "crossing:markings": "zebra",
        "highway": "crossing",
        "tactile_paving": "no"
      },
      "geometry": {
        "type": "Point",
        "coordinates": [
          -106.4374389,
          31.805926
        ]
      }
    },
    {
      "type": "Feature",
      "properties": {
        "id": 11423724525,
        "kind": "poi",
        "crossing": "uncontrolled",
        "crossing:island": "no",
        "crossing:markings": "zebra",
        "highway": "crossing",
        "tactile_paving": "no"
      },
      "geometry": {
        "type": "Point",
        "coordinates": [
          -106.4371017,
          31.8052583
        ]
      }
    },
    {
      "type": "Feature",
      "properties": {
        "id": 11423724526,
        "kind": "poi",
        "crossing": "uncontrolled",
        "crossing:island": "no",
        "crossing:markings": "ladder",
        "highway": "crossing",
        "tactile_paving": "no"
      },
      "geometry": {
        "type": "Point",
        "coordinates": [
          -106.4368928,
          31.8053084
        ]
      }
    },
    {
      "type": "Feature",
      "properties": {
        "id": 11423820177,
        "kind": "poi",
        "crossing": "uncontrolled",
        "crossing:island": "no",
        "crossing:markings": "lines",
        "highway": "crossing",
        "tactile_paving": "no"
      },
      "geometry": {
        "type": "Point",
        "coordinates": [
          -106.4272156,
          31.7951096
        ]
      }
    },
    {
      "type": "Feature",
      "properties": {
        "id": 11423820302,
        "kind": "poi",
        "crossing": "uncontrolled",
        "crossing:island": "no",
        "crossing:markings": "lines",
        "highway": "crossing",
        "tactile_paving": "no"
      },
      "geometry": {
        "type": "Point",
        "coordinates": [
          -106.4186945,
          31.7928497
        ]
      }
    },
    {
      "type": "Feature",
      "properties": {
        "id": 11423820303,
        "kind": "poi",
        "crossing": "uncontrolled",
        "crossing:island": "no",
        "crossing:markings": "lines",
        "highway": "crossing",
        "tactile_paving": "no"
      },
      "geometry": {
        "type": "Point",
        "coordinates": [
          -106.4185903,
          31.7928468
        ]
      }
    },
    {
      "type": "Feature",
      "properties": {
        "id": 11423820304,
        "kind": "poi",
        "crossing": "uncontrolled",
        "crossing:island": "no",
        "crossing:markings": "lines",
        "highway": "crossing",
        "tactile_paving": "no"
      },
      "geometry": {
        "type": "Point",
        "coordinates": [
          -106.4185887,
          31.792773
        ]
      }
    },
    {
      "type": "Feature",
      "properties": {
        "id": 11426933927,
        "kind": "poi",
        "crossing": "uncontrolled",
        "crossing:island": "no",
        "crossing:markings": "lines",
        "highway": "crossing",
        "tactile_paving": "no"
      },
      "geometry": {
        "type": "Point",
        "coordinates": [
          -106.4207949,
          31.79228
        ]
      }
    },
    {
      "type": "Feature",
      "properties": {
        "id": 11426933939,
        "kind": "poi",
        "crossing": "uncontrolled",
        "crossing:island": "no",
        "crossing:markings": "lines",
        "highway": "crossing",
        "tactile_paving": "no"
      },
      "geometry": {
        "type": "Point",
        "coordinates": [
          -106.4207795,
          31.7915716
        ]
      }
    },
    {
      "type": "Feature",
      "properties": {
        "id": 11429214632,
        "kind": "poi",
        "crossing": "uncontrolled",
        "crossing:island": "no",
        "crossing:markings": "zebra",
        "highway": "crossing",
        "tactile_paving": "no"
      },
      "geometry": {
        "type": "Point",
        "coordinates": [
          -106.4273823,
          31.7989279
        ]
      }
    },
    {
      "type": "Feature",
      "properties": {
        "id": 11429214648,
        "kind": "poi",
        "crossing": "uncontrolled",
        "crossing:island": "no",
        "crossing:markings": "zebra",
        "highway": "crossing",
        "tactile_paving": "no"
      },
      "geometry": {
        "type": "Point",
        "coordinates": [
          -106.4268619,
          31.7990327
        ]
      }
    },
    {
      "type": "Feature",
      "properties": {
        "id": 11429214658,
        "kind": "poi",
        "crossing": "unmarked",
        "crossing:island": "no",
        "crossing:markings": "no",
        "highway": "crossing",
        "tactile_paving": "no"
      },
      "geometry": {
        "type": "Point",
        "coordinates": [
          -106.425205,
          31.7990511
        ]
      }
    },
    {
      "type": "Feature",
      "properties": {
        "id": 11429214667,
        "kind": "poi",
        "crossing": "uncontrolled",
        "crossing:island": "no",
        "crossing:markings": "zebra",
        "highway": "crossing",
        "tactile_paving": "no"
      },
      "geometry": {
        "type": "Point",
        "coordinates": [
          -106.4265248,
          31.7990379
        ]
      }
    },
    {
      "type": "Feature",
      "properties": {
        "id": 11429232880,
        "kind": "poi",
        "crossing": "unmarked",
        "crossing:island": "no",
        "crossing:markings": "no",
        "highway": "crossing",
        "tactile_paving": "no"
      },
      "geometry": {
        "type": "Point",
        "coordinates": [
          -106.426356,
          31.7991543
        ]
      }
    },
    {
      "type": "Feature",
      "properties": {
        "id": 11429232881,
        "kind": "poi",
        "crossing": "unmarked",
        "crossing:island": "no",
        "crossing:markings": "no",
        "highway": "crossing",
        "tactile_paving": "no"
      },
      "geometry": {
        "type": "Point",
        "coordinates": [
          -106.4278764,
          31.798834
        ]
      }
    },
    {
      "type": "Feature",
      "properties": {
        "id": 11430368690,
        "kind": "poi",
        "crossing": "unmarked",
        "crossing:island": "no",
        "crossing:markings": "no",
        "highway": "crossing",
        "tactile_paving": "no"
      },
      "geometry": {
        "type": "Point",
        "coordinates": [
          -106.4249455,
          31.7961686
        ]
      }
    },
    {
      "type": "Feature",
      "properties": {
        "id": 11430368691,
        "kind": "poi",
        "crossing": "unmarked",
        "crossing:island": "no",
        "crossing:markings": "no",
        "highway": "crossing",
        "tactile_paving": "no"
      },
      "geometry": {
        "type": "Point",
        "coordinates": [
          -106.4249453,
          31.7964743
        ]
      }
    },
    {
      "type": "Feature",
      "properties": {
        "id": 11430368692,
        "kind": "poi",
        "crossing": "unmarked",
        "crossing:island": "no",
        "crossing:markings": "no",
        "highway": "crossing",
        "tactile_paving": "no"
      },
      "geometry": {
        "type": "Point",
        "coordinates": [
          -106.4249452,
          31.7968214
        ]
      }
    },
    {
      "type": "Feature",
      "properties": {
        "id": 11430368704,
        "kind": "poi",
        "crossing": "unmarked",
        "crossing:island": "no",
        "crossing:markings": "no",
        "highway": "crossing",
        "tactile_paving": "no"
      },
      "geometry": {
        "type": "Point",
        "coordinates": [
          -106.4245369,
          31.7980056
        ]
      }
    },
    {
      "type": "Feature",
      "properties": {
        "id": 11430368747,
        "kind": "poi",
        "crossing": "unmarked",
        "crossing:island": "no",
        "crossing:markings": "no",
        "highway": "crossing",
        "tactile_paving": "no"
      },
      "geometry": {
        "type": "Point",
        "coordinates": [
          -106.4264238,
          31.7972684
        ]
      }
    },
    {
      "type": "Feature",
      "properties": {
        "id": 11433158837,
        "kind": "poi",
        "crossing": "unmarked",
        "crossing:island": "no",
        "crossing:markings": "no",
        "highway": "crossing",
        "tactile_paving": "no"
      },
      "geometry": {
        "type": "Point",
        "coordinates": [
          -106.4264192,
          31.7970701
        ]
      }
    },
    {
      "type": "Feature",
      "properties": {
        "id": 11433158840,
        "kind": "poi",
        "crossing": "unmarked",
        "crossing:island": "no",
        "crossing:markings": "no",
        "highway": "crossing",
        "tactile_paving": "no"
      },
      "geometry": {
        "type": "Point",
        "coordinates": [
          -106.4264029,
          31.796263
        ]
      }
    },
    {
      "type": "Feature",
      "properties": {
        "id": 11433584933,
        "kind": "poi",
        "crossing": "uncontrolled",
        "crossing:island": "no",
        "crossing:markings": "lines",
        "highway": "crossing",
        "tactile_paving": "no"
      },
      "geometry": {
        "type": "Point",
        "coordinates": [
          -106.4332156,
          31.8053287
        ]
      }
    },
    {
      "type": "Feature",
      "properties": {
        "id": 11433584934,
        "kind": "poi",
        "crossing": "uncontrolled",
        "crossing:island": "no",
        "crossing:markings": "lines",
        "highway": "crossing",
        "tactile_paving": "no"
      },
      "geometry": {
        "type": "Point",
        "coordinates": [
          -106.4322197,
          31.8057111
        ]
      }
    },
    {
      "type": "Feature",
      "properties": {
        "id": 11433584941,
        "kind": "poi",
        "crossing": "uncontrolled",
        "crossing:island": "no",
        "crossing:markings": "ladder",
        "highway": "crossing",
        "tactile_paving": "no"
      },
      "geometry": {
        "type": "Point",
        "coordinates": [
          -106.4299114,
          31.8007243
        ]
      }
    },
    {
      "type": "Feature",
      "properties": {
        "id": 11461460348,
        "kind": "poi",
        "highway": "crossing"
      },
      "geometry": {
        "type": "Point",
        "coordinates": [
          -106.4040718,
          31.7950524
        ]
      }
    },
    {
      "type": "Feature",
      "properties": {
        "id": 11461460363,
        "kind": "poi",
        "highway": "crossing"
      },
      "geometry": {
        "type": "Point",
        "coordinates": [
          -106.4001685,
          31.79594
        ]
      }
    },
    {
      "type": "Feature",
      "properties": {
        "id": 11461460364,
        "kind": "poi",
        "crossing": "unmarked",
        "crossing:markings": "no",
        "highway": "crossing"
      },
      "geometry": {
        "type": "Point",
        "coordinates": [
          -106.4002971,
          31.7964727
        ]
      }
    },
    {
      "type": "Feature",
      "properties": {
        "id": 11461460367,
        "kind": "poi",
        "highway": "crossing"
      },
      "geometry": {
        "type": "Point",
        "coordinates": [
          -106.4003116,
          31.7971052
        ]
      }
    },
    {
      "type": "Feature",
      "properties": {
        "id": 11461460368,
        "kind": "poi",
        "crossing:markings": "lines",
        "highway": "crossing"
      },
      "geometry": {
        "type": "Point",
        "coordinates": [
          -106.4002235,
          31.798092
        ]
      }
    },
    {
      "type": "Feature",
      "properties": {
        "id": 11461460369,
        "kind": "poi",
        "crossing:markings": "lines",
        "highway": "crossing"
      },
      "geometry": {
        "type": "Point",
        "coordinates": [
          -106.4001885,
          31.7981125
        ]
      }
    },
    {
      "type": "Feature",
      "properties": {
        "id": 11461460370,
        "kind": "poi",
        "highway": "crossing"
      },
      "geometry": {
        "type": "Point",
        "coordinates": [
          -106.400319,
          31.7978418
        ]
      }
    },
    {
      "type": "Feature",
      "properties": {
        "id": 11461460371,
        "kind": "poi",
        "crossing": "uncontrolled",
        "crossing:markings": "lines",
        "crossing:signals": "no",
        "highway": "crossing"
      },
      "geometry": {
        "type": "Point",
        "coordinates": [
          -106.4039448,
          31.7954288
        ]
      }
    },
    {
      "type": "Feature",
      "properties": {
        "id": 11461460372,
        "kind": "poi",
        "crossing": "traffic_signals",
        "crossing:markings": "lines",
        "crossing:signals": "yes",
        "highway": "crossing"
      },
      "geometry": {
        "type": "Point",
        "coordinates": [
          -106.4040877,
          31.7957573
        ]
      }
    },
    {
      "type": "Feature",
      "properties": {
        "id": 11461460375,
        "kind": "poi",
        "crossing:markings": "lines",
        "highway": "crossing"
      },
      "geometry": {
        "type": "Point",
        "coordinates": [
          -106.4000517,
          31.7973944
        ]
      }
    },
    {
      "type": "Feature",
      "properties": {
        "id": 11461460376,
        "kind": "poi",
        "crossing": "traffic_signals",
        "crossing:markings": "lines",
        "crossing:signals": "yes",
        "highway": "crossing"
      },
      "geometry": {
        "type": "Point",
        "coordinates": [
          -106.4040864,
          31.7956481
        ]
      }
    },
    {
      "type": "Feature",
      "properties": {
        "id": 11461460387,
        "kind": "poi",
        "crossing": "uncontrolled",
        "crossing:markings": "lines",
        "crossing:signals": "no",
        "highway": "crossing"
      },
      "geometry": {
        "type": "Point",
        "coordinates": [
          -106.404088,
          31.7967467
        ]
      }
    },
    {
      "type": "Feature",
      "properties": {
        "id": 11461460388,
        "kind": "poi",
        "crossing:markings": "lines",
        "highway": "crossing"
      },
      "geometry": {
        "type": "Point",
        "coordinates": [
          -106.4000577,
          31.7960996
        ]
      }
    },
    {
      "type": "Feature",
      "properties": {
        "id": 11461460389,
        "kind": "poi",
        "crossing:markings": "zebra",
        "highway": "crossing"
      },
      "geometry": {
        "type": "Point",
        "coordinates": [
          -106.4000421,
          31.7980694
        ]
      }
    },
    {
      "type": "Feature",
      "properties": {
        "id": 11699277073,
        "kind": "poi",
        "crossing": "uncontrolled",
        "crossing:island": "no",
        "crossing:markings": "ladder:skewed",
        "highway": "crossing",
        "tactile_paving": "no"
      },
      "geometry": {
        "type": "Point",
        "coordinates": [
          -106.4229365,
          31.8026503
        ]
      }
    },
    {
      "type": "Feature",
      "properties": {
        "id": 11699277074,
        "kind": "poi",
        "crossing": "uncontrolled",
        "crossing:island": "no",
        "crossing:markings": "ladder:skewed",
        "highway": "crossing",
        "tactile_paving": "no"
      },
      "geometry": {
        "type": "Point",
        "coordinates": [
          -106.4230437,
          31.8032015
        ]
      }
    },
    {
      "type": "Feature",
      "properties": {
        "id": 11699277082,
        "kind": "poi",
        "crossing": "uncontrolled",
        "crossing:island": "no",
        "crossing:markings": "ladder:skewed",
        "highway": "crossing",
        "tactile_paving": "no"
      },
      "geometry": {
        "type": "Point",
        "coordinates": [
          -106.4226094,
          31.8016785
        ]
      }
    },
    {
      "type": "Feature",
      "properties": {
        "id": 11759319841,
        "kind": "poi",
        "crossing": "uncontrolled",
        "crossing:island": "no",
        "crossing:markings": "ladder:skewed",
        "highway": "crossing",
        "tactile_paving": "no"
      },
      "geometry": {
        "type": "Point",
        "coordinates": [
          -106.4258611,
          31.8024725
        ]
      }
    },
    {
      "type": "Feature",
      "properties": {
        "id": 11759319842,
        "kind": "poi",
        "crossing": "uncontrolled",
        "crossing:island": "no",
        "crossing:markings": "ladder:skewed",
        "highway": "crossing",
        "tactile_paving": "no"
      },
      "geometry": {
        "type": "Point",
        "coordinates": [
          -106.4259588,
          31.8024845
        ]
      }
    },
    {
      "type": "Feature",
      "properties": {
        "id": 11759319843,
        "kind": "poi",
        "crossing": "uncontrolled",
        "crossing:island": "no",
        "crossing:markings": "ladder:skewed",
        "highway": "crossing",
        "tactile_paving": "no"
      },
      "geometry": {
        "type": "Point",
        "coordinates": [
          -106.4256209,
          31.8021391
        ]
      }
    },
    {
      "type": "Feature",
      "properties": {
        "id": 11759319844,
        "kind": "poi",
        "crossing": "uncontrolled",
        "crossing:island": "no",
        "crossing:markings": "ladder:skewed",
        "highway": "crossing",
        "tactile_paving": "no"
      },
      "geometry": {
        "type": "Point",
        "coordinates": [
          -106.4251005,
          31.8011871
        ]
      }
    },
    {
      "type": "Feature",
      "properties": {
        "id": 11759319845,
        "kind": "poi",
        "crossing": "uncontrolled",
        "crossing:island": "no",
        "crossing:markings": "ladder:skewed",
        "highway": "crossing",
        "tactile_paving": "no"
      },
      "geometry": {
        "type": "Point",
        "coordinates": [
          -106.4250332,
          31.8011361
        ]
      }
    },
    {
      "type": "Feature",
      "properties": {
        "id": 11759319846,
        "kind": "poi",
        "crossing": "uncontrolled",
        "crossing:island": "no",
        "crossing:markings": "ladder:skewed",
        "highway": "crossing",
        "tactile_paving": "no"
      },
      "geometry": {
        "type": "Point",
        "coordinates": [
          -106.4250951,
          31.8010691
        ]
      }
    },
    {
      "type": "Feature",
      "properties": {
        "id": 11759319847,
        "kind": "poi",
        "crossing": "uncontrolled",
        "crossing:island": "no",
        "crossing:markings": "ladder:skewed",
        "highway": "crossing",
        "tactile_paving": "no"
      },
      "geometry": {
        "type": "Point",
        "coordinates": [
          -106.425165,
          31.8011279
        ]
      }
    },
    {
      "type": "Feature",
      "properties": {
        "id": 11759319848,
        "kind": "poi",
        "crossing": "uncontrolled",
        "crossing:island": "no",
        "crossing:markings": "ladder:skewed",
        "highway": "crossing",
        "tactile_paving": "no"
      },
      "geometry": {
        "type": "Point",
        "coordinates": [
          -106.4250828,
          31.8007393
        ]
      }
    },
    {
      "type": "Feature",
      "properties": {
        "id": 11759389131,
        "kind": "poi",
        "crossing": "uncontrolled",
        "crossing:island": "no",
        "crossing:markings": "zebra",
        "highway": "crossing",
        "tactile_paving": "no"
      },
      "geometry": {
        "type": "Point",
        "coordinates": [
          -106.4276585,
          31.80075
        ]
      }
    },
    {
      "type": "Feature",
      "properties": {
        "id": 11759389138,
        "kind": "poi",
        "crossing": "unmarked",
        "crossing:island": "no",
        "crossing:markings": "no",
        "highway": "crossing",
        "tactile_paving": "no"
      },
      "geometry": {
        "type": "Point",
        "coordinates": [
          -106.4305218,
          31.8007338
        ]
      }
    },
    {
      "type": "Feature",
      "properties": {
        "id": 11759389143,
        "kind": "poi",
        "crossing": "uncontrolled",
        "crossing:island": "no",
        "crossing:markings": "surface",
        "highway": "crossing",
        "tactile_paving": "no"
      },
      "geometry": {
        "type": "Point",
        "coordinates": [
          -106.4317436,
          31.8011406
        ]
      }
    },
    {
      "type": "Feature",
      "properties": {
        "id": 11759389145,
        "kind": "poi",
        "crossing": "unmarked",
        "crossing:island": "no",
        "crossing:markings": "no",
        "highway": "crossing",
        "tactile_paving": "no"
      },
      "geometry": {
        "type": "Point",
        "coordinates": [
          -106.429235,
          31.8007327
        ]
      }
    },
    {
      "type": "Feature",
      "properties": {
        "id": 11759497227,
        "kind": "poi",
        "crossing": "uncontrolled",
        "crossing:island": "no",
        "crossing:markings": "ladder",
        "highway": "crossing",
        "tactile_paving": "no"
      },
      "geometry": {
        "type": "Point",
        "coordinates": [
          -106.4338298,
          31.8019814
        ]
      }
    },
    {
      "type": "Feature",
      "properties": {
        "id": 11795826604,
        "kind": "poi",
        "crossing": "unmarked",
        "crossing:markings": "no",
        "highway": "crossing"
      },
      "geometry": {
        "type": "Point",
        "coordinates": [
          -106.4317468,
          31.8015572
        ]
      }
    },
    {
      "type": "Feature",
      "properties": {
        "id": 11795826605,
        "kind": "poi",
        "crossing": "unmarked",
        "crossing:markings": "no",
        "highway": "crossing"
      },
      "geometry": {
        "type": "Point",
        "coordinates": [
          -106.4319213,
          31.8014143
        ]
      }
    },
    {
      "type": "Feature",
      "properties": {
        "id": 11798788936,
        "kind": "poi",
        "crossing": "unmarked",
        "crossing:island": "no",
        "crossing:markings": "no",
        "highway": "crossing",
        "tactile_paving": "no"
      },
      "geometry": {
        "type": "Point",
        "coordinates": [
          -106.4325311,
          31.801753
        ]
      }
    },
    {
      "type": "Feature",
      "properties": {
        "id": 11798788938,
        "kind": "poi",
        "crossing": "uncontrolled",
        "crossing:island": "no",
        "crossing:markings": "zebra",
        "highway": "crossing",
        "tactile_paving": "no"
      },
      "geometry": {
        "type": "Point",
        "coordinates": [
          -106.4278013,
          31.8006802
        ]
      }
    },
    {
      "type": "Feature",
      "properties": {
        "id": 11798788939,
        "kind": "poi",
        "crossing": "uncontrolled",
        "crossing:island": "no",
        "crossing:markings": "zebra",
        "highway": "crossing",
        "tactile_paving": "no"
      },
      "geometry": {
        "type": "Point",
        "coordinates": [
          -106.4275581,
          31.8006828
        ]
      }
    },
    {
      "type": "Feature",
      "properties": {
        "id": 11798788940,
        "kind": "poi",
        "crossing": "uncontrolled",
        "crossing:island": "no",
        "crossing:markings": "ladder:skewed",
        "highway": "crossing",
        "tactile_paving": "no"
      },
      "geometry": {
        "type": "Point",
        "coordinates": [
          -106.4221842,
          31.8007449
        ]
      }
    },
    {
      "type": "Feature",
      "properties": {
        "id": 11798788941,
        "kind": "poi",
        "crossing": "uncontrolled",
        "crossing:island": "no",
        "crossing:markings": "zebra",
        "highway": "crossing",
        "tactile_paving": "no"
      },
      "geometry": {
        "type": "Point",
        "coordinates": [
          -106.4279505,
          31.7992184
        ]
      }
    },
    {
      "type": "Feature",
      "properties": {
        "id": 11798788951,
        "kind": "poi",
        "crossing": "unmarked",
        "crossing:island": "no",
        "crossing:markings": "no",
        "highway": "crossing",
        "tactile_paving": "no"
      },
      "geometry": {
        "type": "Point",
        "coordinates": [
          -106.4280099,
          31.798085
        ]
      }
    },
    {
      "type": "Feature",
      "properties": {
        "id": 11799978865,
        "kind": "poi",
        "crossing": "uncontrolled",
        "crossing:island": "no",
        "crossing:markings": "lines",
        "highway": "crossing",
        "tactile_paving": "no"
      },
      "geometry": {
        "type": "Point",
        "coordinates": [
          -106.4305832,
          31.796344
        ]
      }
    },
    {
      "type": "Feature",
      "properties": {
        "id": 11799997372,
        "kind": "poi",
        "crossing": "uncontrolled",
        "crossing:island": "no",
        "crossing:markings": "lines",
        "highway": "crossing",
        "tactile_paving": "no"
      },
      "geometry": {
        "type": "Point",
        "coordinates": [
          -106.4275891,
          31.7958674
        ]
      }
    },
    {
      "type": "Feature",
      "properties": {
        "id": 11799997373,
        "kind": "poi",
        "crossing": "uncontrolled",
        "crossing:island": "no",
        "crossing:markings": "lines",
        "highway": "crossing",
        "tactile_paving": "no"
      },
      "geometry": {
        "type": "Point",
        "coordinates": [
          -106.4278321,
          31.7964702
        ]
      }
    },
    {
      "type": "Feature",
      "properties": {
        "id": 11801238237,
        "kind": "poi",
        "crossing": "uncontrolled",
        "crossing:island": "no",
        "crossing:markings": "zebra",
        "highway": "crossing",
        "tactile_paving": "no"
      },
      "geometry": {
        "type": "Point",
        "coordinates": [
          -106.4311821,
          31.7992079
        ]
      }
    },
    {
      "type": "Feature",
      "properties": {
        "id": 11801238246,
        "kind": "poi",
        "crossing": "uncontrolled",
        "crossing:markings": "zebra",
        "crossing:signals": "no",
        "highway": "crossing"
      },
      "geometry": {
        "type": "Point",
        "coordinates": [
          -106.4346202,
          31.8013368
        ]
      }
    },
    {
      "type": "Feature",
      "properties": {
        "id": 11801238247,
        "kind": "poi",
        "crossing": "unmarked",
        "crossing:island": "no",
        "crossing:markings": "no",
        "highway": "crossing",
        "tactile_paving": "no"
      },
      "geometry": {
        "type": "Point",
        "coordinates": [
          -106.4282875,
          31.7991457
        ]
      }
    },
    {
      "type": "Feature",
      "properties": {
        "id": 11885913253,
        "kind": "poi",
        "crossing": "uncontrolled",
        "crossing:markings": "lines",
        "crossing:signals": "no",
        "highway": "crossing"
      },
      "geometry": {
        "type": "Point",
        "coordinates": [
          -106.486855,
          31.7517155
        ]
      }
    },
    {
      "type": "Feature",
      "properties": {
        "id": 12058809064,
        "kind": "poi",
        "highway": "crossing"
      },
      "geometry": {
        "type": "Point",
        "coordinates": [
          -106.4493048,
          31.7407377
        ]
      }
    },
    {
      "type": "Feature",
      "properties": {
        "id": 12560076133,
        "kind": "poi",
        "crossing": "unmarked",
        "crossing:markings": "no",
        "highway": "crossing"
      },
      "geometry": {
        "type": "Point",
        "coordinates": [
          -106.4151512,
          31.8194136
        ]
      }
    },
    {
      "type": "Feature",
      "properties": {
        "id": 12560168341,
        "kind": "poi",
        "crossing": "unmarked",
        "crossing:markings": "no",
        "highway": "crossing"
      },
      "geometry": {
        "type": "Point",
        "coordinates": [
          -106.433177,
          31.8009057
        ]
      }
    },
    {
      "type": "Feature",
      "properties": {
        "id": 12560168342,
        "kind": "poi",
        "crossing": "unmarked",
        "crossing:markings": "no",
        "highway": "crossing"
      },
      "geometry": {
        "type": "Point",
        "coordinates": [
          -106.4332919,
          31.801006
        ]
      }
    },
    {
      "type": "Feature",
      "properties": {
        "id": 12564231975,
        "kind": "poi",
        "crossing": "uncontrolled",
        "crossing:markings": "lines",
        "highway": "crossing"
      },
      "geometry": {
        "type": "Point",
        "coordinates": [
          -106.4333556,
          31.8124392
        ]
      }
    },
    {
      "type": "Feature",
      "properties": {
        "id": 12564231997,
        "kind": "poi",
        "crossing": "uncontrolled",
        "crossing:island": "no",
        "crossing:markings": "lines",
        "highway": "crossing",
        "tactile_paving": "no"
      },
      "geometry": {
        "type": "Point",
        "coordinates": [
          -106.4336515,
          31.8066009
        ]
      }
    },
    {
      "type": "Feature",
      "properties": {
        "id": 12564249802,
        "kind": "poi",
        "crossing": "uncontrolled",
        "crossing:island": "no",
        "crossing:markings": "lines",
        "highway": "crossing",
        "tactile_paving": "no"
      },
      "geometry": {
        "type": "Point",
        "coordinates": [
          -106.432727,
          31.8066173
        ]
      }
    },
    {
      "type": "Feature",
      "properties": {
        "id": 12564249806,
        "kind": "poi",
        "crossing": "uncontrolled",
        "crossing:island": "no",
        "crossing:markings": "lines",
        "highway": "crossing",
        "tactile_paving": "no"
      },
      "geometry": {
        "type": "Point",
        "coordinates": [
          -106.4327098,
          31.8061144
        ]
      }
    },
    {
      "type": "Feature",
      "properties": {
        "id": 12577851693,
        "kind": "poi",
        "crossing": "uncontrolled",
        "crossing:island": "no",
        "crossing:markings": "lines",
        "highway": "crossing",
        "tactile_paving": "no"
      },
      "geometry": {
        "type": "Point",
        "coordinates": [
          -106.4236667,
          31.8141096
        ]
      }
    },
    {
      "type": "Feature",
      "properties": {
        "id": 12578102345,
        "kind": "poi",
        "crossing": "uncontrolled",
        "crossing:island": "no",
        "crossing:markings": "lines",
        "highway": "crossing",
        "tactile_paving": "no"
      },
      "geometry": {
        "type": "Point",
        "coordinates": [
          -106.4307859,
          31.8127585
        ]
      }
    },
    {
      "type": "Feature",
      "properties": {
        "id": 12578102346,
        "kind": "poi",
        "crossing": "uncontrolled",
        "crossing:island": "no",
        "crossing:markings": "lines",
        "highway": "crossing",
        "tactile_paving": "no"
      },
      "geometry": {
        "type": "Point",
        "coordinates": [
          -106.4310452,
          31.8127514
        ]
      }
    },
    {
      "type": "Feature",
      "properties": {
        "id": 12578130841,
        "kind": "poi",
        "crossing": "traffic_signals",
        "crossing:island": "no",
        "highway": "crossing",
        "tactile_paving": "no"
      },
      "geometry": {
        "type": "Point",
        "coordinates": [
          -106.4207674,
          31.795115
        ]
      }
    },
    {
      "type": "Feature",
      "properties": {
        "id": 12579396260,
        "kind": "poi",
        "crossing": "uncontrolled",
        "crossing:island": "no",
        "crossing:markings": "lines",
        "highway": "crossing",
        "tactile_paving": "no"
      },
      "geometry": {
        "type": "Point",
        "coordinates": [
          -106.4188312,
          31.7952227
        ]
      }
    },
    {
      "type": "Feature",
      "properties": {
        "id": 12579396261,
        "kind": "poi",
        "crossing": "uncontrolled",
        "crossing:island": "no",
        "crossing:markings": "lines",
        "highway": "crossing",
        "tactile_paving": "no"
      },
      "geometry": {
        "type": "Point",
        "coordinates": [
          -106.4188308,
          31.7951052
        ]
      }
    },
    {
      "type": "Feature",
      "properties": {
        "id": 12579396262,
        "kind": "poi",
        "crossing": "uncontrolled",
        "crossing:island": "no",
        "crossing:markings": "lines",
        "highway": "crossing",
        "tactile_paving": "no"
      },
      "geometry": {
        "type": "Point",
        "coordinates": [
          -106.4185113,
          31.7952214
        ]
      }
    },
    {
      "type": "Feature",
      "properties": {
        "id": 12579396263,
        "kind": "poi",
        "crossing": "uncontrolled",
        "crossing:island": "no",
        "crossing:markings": "lines",
        "highway": "crossing",
        "tactile_paving": "no"
      },
      "geometry": {
        "type": "Point",
        "coordinates": [
          -106.4185116,
          31.7951035
        ]
      }
    },
    {
      "type": "Feature",
      "properties": {
        "id": 12579412647,
        "kind": "poi",
        "crossing": "unmarked",
        "crossing:markings": "no",
        "highway": "crossing"
      },
      "geometry": {
        "type": "Point",
        "coordinates": [
          -106.4201192,
          31.8076629
        ]
      }
    },
    {
      "type": "Feature",
      "properties": {
        "id": 12579412649,
        "kind": "poi",
        "crossing": "uncontrolled",
        "crossing:island": "no",
        "crossing:markings": "lines",
        "highway": "crossing",
        "tactile_paving": "no"
      },
      "geometry": {
        "type": "Point",
        "coordinates": [
          -106.4201307,
          31.8068102
        ]
      }
    },
    {
      "type": "Feature",
      "properties": {
        "id": 12579412661,
        "kind": "poi",
        "crossing": "uncontrolled",
        "crossing:island": "no",
        "crossing:markings": "lines",
        "highway": "crossing",
        "tactile_paving": "no"
      },
      "geometry": {
        "type": "Point",
        "coordinates": [
          -106.4204337,
          31.8068081
        ]
      }
    },
    {
      "type": "Feature",
      "properties": {
        "id": 12579412666,
        "kind": "poi",
        "crossing": "uncontrolled",
        "crossing:island": "no",
        "crossing:markings": "ladder",
        "highway": "crossing",
        "tactile_paving": "no"
      },
      "geometry": {
        "type": "Point",
        "coordinates": [
          -106.419993,
          31.8074364
        ]
      }
    },
    {
      "type": "Feature",
      "properties": {
        "id": 12580364420,
        "kind": "poi",
        "crossing": "uncontrolled",
        "crossing:island": "no",
        "crossing:markings": "ladder",
        "highway": "crossing",
        "tactile_paving": "no"
      },
      "geometry": {
        "type": "Point",
        "coordinates": [
          -106.4187864,
          31.7918157
        ]
      }
    },
    {
      "type": "Feature",
      "properties": {
        "id": 12580573164,
        "kind": "poi",
        "crossing": "uncontrolled",
        "crossing:island": "no",
        "crossing:markings": "ladder:skewed",
        "highway": "crossing",
        "tactile_paving": "no"
      },
      "geometry": {
        "type": "Point",
        "coordinates": [
          -106.4279846,
          31.8150874
        ]
      }
    },
    {
      "type": "Feature",
      "properties": {
        "id": 12580573166,
        "kind": "poi",
        "crossing": "uncontrolled",
        "crossing:island": "no",
        "crossing:markings": "ladder:skewed",
        "highway": "crossing",
        "tactile_paving": "no"
      },
      "geometry": {
        "type": "Point",
        "coordinates": [
          -106.4279816,
          31.814933
        ]
      }
    },
    {
      "type": "Feature",
      "properties": {
        "id": 12580595749,
        "kind": "poi",
        "crossing": "uncontrolled",
        "crossing:island": "no",
        "crossing:markings": "zebra",
        "highway": "crossing",
        "tactile_paving": "no"
      },
      "geometry": {
        "type": "Point",
        "coordinates": [
          -106.4298197,
          31.8160247
        ]
      }
    },
    {
      "type": "Feature",
      "properties": {
        "id": 12580595750,
        "kind": "poi",
        "crossing": "uncontrolled",
        "crossing:island": "no",
        "crossing:markings": "zebra",
        "highway": "crossing",
        "tactile_paving": "no"
      },
      "geometry": {
        "type": "Point",
        "coordinates": [
          -106.429876,
          31.8160904
        ]
      }
    },
    {
      "type": "Feature",
      "properties": {
        "id": 12580595755,
        "kind": "poi",
        "crossing": "traffic_signals",
        "crossing:island": "no",
        "crossing:markings": "lines",
        "highway": "crossing",
        "tactile_paving": "no",
        "traffic_signals:vibration": "no"
      },
      "geometry": {
        "type": "Point",
        "coordinates": [
          -106.43099,
          31.8160945
        ]
      }
    },
    {
      "type": "Feature",
      "properties": {
        "id": 12580595756,
        "kind": "poi",
        "crossing": "traffic_signals",
        "crossing:island": "no",
        "crossing:markings": "lines",
        "highway": "crossing",
        "tactile_paving": "no",
        "traffic_signals:vibration": "no"
      },
      "geometry": {
        "type": "Point",
        "coordinates": [
          -106.4308824,
          31.8160113
        ]
      }
    },
    {
      "type": "Feature",
      "properties": {
        "id": 12580595757,
        "kind": "poi",
        "crossing": "traffic_signals",
        "crossing:island": "no",
        "crossing:markings": "lines",
        "highway": "crossing",
        "tactile_paving": "no",
        "traffic_signals:vibration": "no"
      },
      "geometry": {
        "type": "Point",
        "coordinates": [
          -106.4309864,
          31.8159335
        ]
      }
    },
    {
      "type": "Feature",
      "properties": {
        "id": 12580595758,
        "kind": "poi",
        "crossing": "traffic_signals",
        "crossing:island": "no",
        "crossing:markings": "lines",
        "highway": "crossing",
        "tactile_paving": "no",
        "traffic_signals:vibration": "no"
      },
      "geometry": {
        "type": "Point",
        "coordinates": [
          -106.4311012,
          31.8160081
        ]
      }
    },
    {
      "type": "Feature",
      "properties": {
        "id": 12614951337,
        "kind": "poi",
        "crossing": "uncontrolled",
        "crossing:island": "no",
        "crossing:markings": "ladder",
        "highway": "crossing",
        "tactile_paving": "no"
      },
      "geometry": {
        "type": "Point",
        "coordinates": [
          -106.4308103,
          31.8090136
        ]
      }
    },
    {
      "type": "Feature",
      "properties": {
        "id": 12614951338,
        "kind": "poi",
        "crossing": "uncontrolled",
        "crossing:island": "no",
        "crossing:markings": "ladder",
        "highway": "crossing",
        "tactile_paving": "no"
      },
      "geometry": {
        "type": "Point",
        "coordinates": [
          -106.4307045,
          31.808925
        ]
      }
    },
    {
      "type": "Feature",
      "properties": {
        "id": 12614951339,
        "kind": "poi",
        "crossing": "uncontrolled",
        "crossing:island": "no",
        "crossing:markings": "ladder",
        "highway": "crossing",
        "tactile_paving": "no"
      },
      "geometry": {
        "type": "Point",
        "coordinates": [
          -106.4308059,
          31.8088482
        ]
      }
    },
    {
      "type": "Feature",
      "properties": {
        "id": 12614951368,
        "kind": "poi",
        "crossing": "uncontrolled",
        "crossing:island": "no",
        "crossing:markings": "lines",
        "highway": "crossing",
        "tactile_paving": "no"
      },
      "geometry": {
        "type": "Point",
        "coordinates": [
          -106.4315442,
          31.8089202
        ]
      }
    },
    {
      "type": "Feature",
      "properties": {
        "id": 12614951369,
        "kind": "poi",
        "crossing": "unmarked",
        "crossing:island": "no",
        "crossing:markings": "no",
        "highway": "crossing",
        "tactile_paving": "no"
      },
      "geometry": {
        "type": "Point",
        "coordinates": [
          -106.4317626,
          31.8089847
        ]
      }
    },
    {
      "type": "Feature",
      "properties": {
        "id": 12616076496,
        "kind": "poi",
        "crossing": "uncontrolled",
        "crossing:island": "no",
        "crossing:markings": "lines",
        "highway": "crossing",
        "tactile_paving": "no"
      },
      "geometry": {
        "type": "Point",
        "coordinates": [
          -106.4357953,
          31.8087327
        ]
      }
    },
    {
      "type": "Feature",
      "properties": {
        "id": 12616076498,
        "kind": "poi",
        "crossing": "uncontrolled",
        "crossing:island": "no",
        "crossing:markings": "lines",
        "highway": "crossing",
        "tactile_paving": "no"
      },
      "geometry": {
        "type": "Point",
        "coordinates": [
          -106.434182,
          31.808903
        ]
      }
    },
    {
      "type": "Feature",
      "properties": {
        "id": 12616076499,
        "kind": "poi",
        "crossing": "uncontrolled",
        "crossing:island": "no",
        "crossing:markings": "lines",
        "highway": "crossing",
        "tactile_paving": "no"
      },
      "geometry": {
        "type": "Point",
        "coordinates": [
          -106.4341218,
          31.808815
        ]
      }
    },
    {
      "type": "Feature",
      "properties": {
        "id": 12616076500,
        "kind": "poi",
        "crossing": "uncontrolled",
        "crossing:island": "no",
        "crossing:markings": "lines",
        "highway": "crossing",
        "tactile_paving": "no"
      },
      "geometry": {
        "type": "Point",
        "coordinates": [
          -106.4341252,
          31.8089963
        ]
      }
    },
    {
      "type": "Feature",
      "properties": {
        "id": 12616110429,
        "kind": "poi",
        "crossing": "uncontrolled",
        "crossing:island": "no",
        "crossing:markings": "zebra",
        "highway": "crossing",
        "tactile_paving": "no"
      },
      "geometry": {
        "type": "Point",
        "coordinates": [
          -106.4360219,
          31.8062937
        ]
      }
    },
    {
      "type": "Feature",
      "properties": {
        "id": 12616110430,
        "kind": "poi",
        "crossing": "uncontrolled",
        "crossing:island": "no",
        "crossing:markings": "zebra",
        "highway": "crossing",
        "tactile_paving": "no"
      },
      "geometry": {
        "type": "Point",
        "coordinates": [
          -106.4373997,
          31.8061695
        ]
      }
    },
    {
      "type": "Feature",
      "properties": {
        "id": 12697717202,
        "kind": "poi",
        "crossing": "uncontrolled",
        "crossing:island": "no",
        "crossing:markings": "lines",
        "highway": "crossing",
        "tactile_paving": "no"
      },
      "geometry": {
        "type": "Point",
        "coordinates": [
          -106.4258195,
          31.8089656
        ]
      }
    },
    {
      "type": "Feature",
      "properties": {
        "id": 12697835424,
        "kind": "poi",
        "crossing": "traffic_signals",
        "crossing:island": "no",
        "crossing:markings": "ladder",
        "highway": "crossing",
        "tactile_paving": "no",
        "traffic_signals:vibration": "no"
      },
      "geometry": {
        "type": "Point",
        "coordinates": [
          -106.427289,
          31.808849
        ]
      }
    },
    {
      "type": "Feature",
      "properties": {
        "id": 12697835425,
        "kind": "poi",
        "crossing": "traffic_signals",
        "crossing:island": "no",
        "crossing:markings": "ladder",
        "highway": "crossing",
        "tactile_paving": "no",
        "traffic_signals:vibration": "no"
      },
      "geometry": {
        "type": "Point",
        "coordinates": [
          -106.4271507,
          31.8089594
        ]
      }
    },
    {
      "type": "Feature",
      "properties": {
        "id": 12709132620,
        "kind": "poi",
        "crossing": "unmarked",
        "crossing:markings": "no",
        "highway": "crossing"
      },
      "geometry": {
        "type": "Point",
        "coordinates": [
          -106.4236603,
          31.80776
        ]
      }
    },
    {
      "type": "Feature",
      "properties": {
        "id": 12709132627,
        "kind": "poi",
        "crossing": "unmarked",
        "crossing:markings": "no",
        "highway": "crossing"
      },
      "geometry": {
        "type": "Point",
        "coordinates": [
          -106.4232569,
          31.8077635
        ]
      }
    },
    {
      "type": "Feature",
      "properties": {
        "id": 12709132645,
        "kind": "poi",
        "crossing": "unmarked",
        "crossing:island": "no",
        "crossing:markings": "no",
        "highway": "crossing",
        "tactile_paving": "no"
      },
      "geometry": {
        "type": "Point",
        "coordinates": [
          -106.429584,
          31.8088551
        ]
      }
    },
    {
      "type": "Feature",
      "properties": {
        "id": 12709132646,
        "kind": "poi",
        "crossing": "unmarked",
        "crossing:island": "no",
        "crossing:markings": "no",
        "highway": "crossing",
        "tactile_paving": "no"
      },
      "geometry": {
        "type": "Point",
        "coordinates": [
          -106.4303725,
          31.8088482
        ]
      }
    },
    {
      "type": "Feature",
      "properties": {
        "id": 12729657400,
        "kind": "poi",
        "crossing": "uncontrolled",
        "crossing:island": "no",
        "crossing:markings": "lines",
        "highway": "crossing",
        "tactile_paving": "no",
        "traffic_calming": "no"
      },
      "geometry": {
        "type": "Point",
        "coordinates": [
          -106.4199331,
          31.810127
        ]
      }
    },
    {
      "type": "Feature",
      "properties": {
        "id": 12729657409,
        "kind": "poi",
        "crossing": "unmarked",
        "crossing:island": "no",
        "crossing:markings": "no",
        "highway": "crossing",
        "tactile_paving": "no",
        "traffic_calming": "no"
      },
      "geometry": {
        "type": "Point",
        "coordinates": [
          -106.4194754,
          31.8098236
        ]
      }
    },
    {
      "type": "Feature",
      "properties": {
        "id": 12729657422,
        "kind": "poi",
        "crossing": "unmarked",
        "crossing:island": "no",
        "crossing:markings": "no",
        "highway": "crossing",
        "tactile_paving": "no",
        "traffic_calming": "no"
      },
      "geometry": {
        "type": "Point",
        "coordinates": [
          -106.4192055,
          31.8096133
        ]
      }
    },
    {
      "type": "Feature",
      "properties": {
        "id": 12729657432,
        "kind": "poi",
        "crossing": "uncontrolled",
        "crossing:island": "no",
        "crossing:markings": "lines",
        "highway": "crossing",
        "tactile_paving": "no"
      },
      "geometry": {
        "type": "Point",
        "coordinates": [
          -106.4191821,
          31.8095167
        ]
      }
    },
    {
      "type": "Feature",
      "properties": {
        "id": 12729657445,
        "kind": "poi",
        "crossing": "unmarked",
        "crossing:island": "no",
        "crossing:markings": "no",
        "highway": "crossing",
        "tactile_paving": "no",
        "traffic_calming": "no"
      },
      "geometry": {
        "type": "Point",
        "coordinates": [
          -106.4189668,
          31.8123528
        ]
      }
    },
    {
      "type": "Feature",
      "properties": {
        "id": 12729657518,
        "kind": "poi",
        "crossing": "uncontrolled",
        "highway": "crossing"
      },
      "geometry": {
        "type": "Point",
        "coordinates": [
          -106.4190553,
          31.8094967
        ]
      }
    },
    {
      "type": "Feature",
      "properties": {
        "id": 12729657549,
        "kind": "poi",
        "crossing": "unmarked",
        "crossing:markings": "no",
        "highway": "crossing"
      },
      "geometry": {
        "type": "Point",
        "coordinates": [
          -106.4193041,
          31.8094212
        ]
      }
    },
    {
      "type": "Feature",
      "properties": {
        "id": 12730003413,
        "kind": "poi",
        "crossing": "uncontrolled",
        "crossing:island": "no",
        "crossing:markings": "ladder",
        "highway": "crossing",
        "tactile_paving": "no",
        "traffic_calming": "no"
      },
      "geometry": {
        "type": "Point",
        "coordinates": [
          -106.4159252,
          31.8084717
        ]
      }
    },
    {
      "type": "Feature",
      "properties": {
        "id": 12738204841,
        "kind": "poi",
        "crossing": "unmarked",
        "crossing:island": "no",
        "crossing:markings": "no",
        "highway": "crossing",
        "tactile_paving": "no"
      },
      "geometry": {
        "type": "Point",
        "coordinates": [
          -106.4307406,
          31.8139385
        ]
      }
    },
    {
      "type": "Feature",
      "properties": {
        "id": 12739174971,
        "kind": "poi",
        "crossing": "uncontrolled",
        "crossing:island": "no",
        "crossing:markings": "lines",
        "highway": "crossing",
        "tactile_paving": "no"
      },
      "geometry": {
        "type": "Point",
        "coordinates": [
          -106.4221211,
          31.7928506
        ]
      }
    },
    {
      "type": "Feature",
      "properties": {
        "id": 12739174977,
        "kind": "poi",
        "crossing": "uncontrolled",
        "crossing:island": "no",
        "crossing:markings": "lines",
        "highway": "crossing",
        "tactile_paving": "no"
      },
      "geometry": {
        "type": "Point",
        "coordinates": [
          -106.4221719,
          31.793473
        ]
      }
    },
    {
      "type": "Feature",
      "properties": {
        "id": 12739174990,
        "kind": "poi",
        "crossing": "uncontrolled",
        "crossing:island": "no",
        "crossing:markings": "lines",
        "highway": "crossing",
        "tactile_paving": "no"
      },
      "geometry": {
        "type": "Point",
        "coordinates": [
          -106.4252596,
          31.793464
        ]
      }
    },
    {
      "type": "Feature",
      "properties": {
        "id": 12739194101,
        "kind": "poi",
        "crossing": "uncontrolled",
        "crossing:island": "no",
        "crossing:markings": "lines",
        "highway": "crossing",
        "tactile_paving": "no"
      },
      "geometry": {
        "type": "Point",
        "coordinates": [
          -106.4252354,
          31.7946993
        ]
      }
    },
    {
      "type": "Feature",
      "properties": {
        "id": 12745512848,
        "kind": "poi",
        "crossing": "uncontrolled",
        "crossing:island": "no",
        "crossing:markings": "lines",
        "highway": "crossing",
        "tactile_paving": "no"
      },
      "geometry": {
        "type": "Point",
        "coordinates": [
          -106.4144883,
          31.7912443
        ]
      }
    },
    {
      "type": "Feature",
      "properties": {
        "id": 12745512857,
        "kind": "poi",
        "crossing": "uncontrolled",
        "crossing:markings": "yes",
        "highway": "crossing"
      },
      "geometry": {
        "type": "Point",
        "coordinates": [
          -106.4111577,
          31.7891172
        ]
      }
    },
    {
      "type": "Feature",
      "properties": {
        "id": 12745512858,
        "kind": "poi",
        "crossing": "uncontrolled",
        "crossing:island": "no",
        "crossing:markings": "zebra",
        "crossing:signals": "no",
        "highway": "crossing",
        "tactile_paving": "no"
      },
      "geometry": {
        "type": "Point",
        "coordinates": [
          -106.4137784,
          31.7890548
        ]
      }
    },
    {
      "type": "Feature",
      "properties": {
        "id": 12753505538,
        "kind": "poi",
        "crossing": "unmarked",
        "crossing:island": "no",
        "crossing:markings": "no",
        "highway": "crossing",
        "tactile_paving": "no"
      },
      "geometry": {
        "type": "Point",
        "coordinates": [
          -106.4330156,
          31.8025768
        ]
      }
    },
    {
      "type": "Feature",
      "properties": {
        "id": 12756475410,
        "kind": "poi",
        "crossing": "unmarked",
        "crossing:island": "no",
        "crossing:markings": "no",
        "highway": "crossing",
        "tactile_paving": "no"
      },
      "geometry": {
        "type": "Point",
        "coordinates": [
          -106.4272639,
          31.8052744
        ]
      }
    },
    {
      "type": "Feature",
      "properties": {
        "id": 12760011492,
        "kind": "poi",
        "crossing": "uncontrolled",
        "crossing:island": "no",
        "crossing:markings": "lines",
        "highway": "crossing",
        "tactile_paving": "no"
      },
      "geometry": {
        "type": "Point",
        "coordinates": [
          -106.4356148,
          31.8063184
        ]
      }
    },
    {
      "type": "Feature",
      "properties": {
        "id": 12763487947,
        "kind": "poi",
        "crossing": "uncontrolled",
        "crossing:island": "no",
        "crossing:markings": "lines",
        "highway": "crossing",
        "tactile_paving": "no"
      },
      "geometry": {
        "type": "Point",
        "coordinates": [
          -106.434679,
          31.8058349
        ]
      }
    },
    {
      "type": "Feature",
      "properties": {
        "id": 12763487990,
        "kind": "poi",
        "crossing": "uncontrolled",
        "crossing:island": "no",
        "crossing:markings": "zebra",
        "highway": "crossing",
        "tactile_paving": "no"
      },
      "geometry": {
        "type": "Point",
        "coordinates": [
          -106.4116231,
          31.7911626
        ]
      }
    },
    {
      "type": "Feature",
      "properties": {
        "id": 12763487991,
        "kind": "poi",
        "crossing": "uncontrolled",
        "crossing:island": "no",
        "crossing:markings": "zebra",
        "highway": "crossing",
        "tactile_paving": "no"
      },
      "geometry": {
        "type": "Point",
        "coordinates": [
          -106.4121698,
          31.7911634
        ]
      }
    },
    {
      "type": "Feature",
      "properties": {
        "id": 12766284096,
        "kind": "poi",
        "crossing": "uncontrolled",
        "crossing:island": "no",
        "crossing:markings": "zebra",
        "crossing:signals": "no",
        "highway": "crossing",
        "tactile_paving": "no"
      },
      "geometry": {
        "type": "Point",
        "coordinates": [
          -106.4373383,
          31.8058942
        ]
      }
    },
    {
      "type": "Feature",
      "properties": {
        "id": 12766322006,
        "kind": "poi",
        "crossing": "uncontrolled",
        "crossing:island": "no",
        "crossing:markings": "ladder",
        "highway": "crossing",
        "tactile_paving": "no"
      },
      "geometry": {
        "type": "Point",
        "coordinates": [
          -106.4273647,
          31.8067447
        ]
      }
    },
    {
      "type": "Feature",
      "properties": {
        "id": 12766322014,
        "kind": "poi",
        "crossing": "uncontrolled",
        "crossing:island": "no",
        "crossing:markings": "ladder",
        "highway": "crossing",
        "tactile_paving": "no"
      },
      "geometry": {
        "type": "Point",
        "coordinates": [
          -106.427286,
          31.8068014
        ]
      }
    },
    {
      "type": "Feature",
      "properties": {
        "id": 12766322015,
        "kind": "poi",
        "crossing": "uncontrolled",
        "crossing:island": "no",
        "crossing:markings": "ladder",
        "highway": "crossing",
        "tactile_paving": "no"
      },
      "geometry": {
        "type": "Point",
        "coordinates": [
          -106.427205,
          31.8067458
        ]
      }
    },
    {
      "type": "Feature",
      "properties": {
        "id": 12766322016,
        "kind": "poi",
        "crossing": "uncontrolled",
        "crossing:island": "no",
        "crossing:markings": "ladder",
        "highway": "crossing",
        "tactile_paving": "no"
      },
      "geometry": {
        "type": "Point",
        "coordinates": [
          -106.427284,
          31.806672
        ]
      }
    },
    {
      "type": "Feature",
      "properties": {
        "id": 12766322019,
        "kind": "poi",
        "crossing": "unmarked",
        "crossing:island": "no",
        "crossing:markings": "no",
        "highway": "crossing",
        "tactile_paving": "no"
      },
      "geometry": {
        "type": "Point",
        "coordinates": [
          -106.427641,
          31.8066805
        ]
      }
    },
    {
      "type": "Feature",
      "properties": {
        "id": 12766322020,
        "kind": "poi",
        "crossing": "uncontrolled",
        "crossing:island": "no",
        "crossing:markings": "lines",
        "highway": "crossing",
        "tactile_paving": "no"
      },
      "geometry": {
        "type": "Point",
        "coordinates": [
          -106.4273271,
          31.8052208
        ]
      }
    },
    {
      "type": "Feature",
      "properties": {
        "id": 12766322021,
        "kind": "poi",
        "crossing": "uncontrolled",
        "crossing:island": "no",
        "crossing:markings": "lines",
        "highway": "crossing",
        "tactile_paving": "no"
      },
      "geometry": {
        "type": "Point",
        "coordinates": [
          -106.4273169,
          31.8036787
        ]
      }
    },
    {
      "type": "Feature",
      "properties": {
        "id": 12766322041,
        "kind": "poi",
        "crossing": "uncontrolled",
        "crossing:island": "no",
        "crossing:markings": "ladder",
        "highway": "crossing",
        "tactile_paving": "no"
      },
      "geometry": {
        "type": "Point",
        "coordinates": [
          -106.42723,
          31.8078397
        ]
      }
    },
    {
      "type": "Feature",
      "properties": {
        "id": 12766322062,
        "kind": "poi",
        "crossing": "uncontrolled",
        "crossing:island": "no",
        "crossing:markings": "lines",
        "highway": "crossing",
        "tactile_paving": "no"
      },
      "geometry": {
        "type": "Point",
        "coordinates": [
          -106.4276725,
          31.8012128
        ]
      }
    },
    {
      "type": "Feature",
      "properties": {
        "id": 12769438335,
        "kind": "poi",
        "crossing": "unmarked",
        "crossing:island": "no",
        "crossing:markings": "no",
        "highway": "crossing",
        "tactile_paving": "no"
      },
      "geometry": {
        "type": "Point",
        "coordinates": [
          -106.435367,
          31.8045645
        ]
      }
    },
    {
      "type": "Feature",
      "properties": {
        "id": 12769438347,
        "kind": "poi",
        "crossing": "uncontrolled",
        "crossing:island": "no",
        "crossing:markings": "lines",
        "highway": "crossing",
        "tactile_paving": "no"
      },
      "geometry": {
        "type": "Point",
        "coordinates": [
          -106.4246969,
          31.8067644
        ]
      }
    },
    {
      "type": "Feature",
      "properties": {
        "id": 12769438348,
        "kind": "poi",
        "crossing": "uncontrolled",
        "crossing:island": "no",
        "crossing:markings": "ladder",
        "highway": "crossing",
        "tactile_paving": "no"
      },
      "geometry": {
        "type": "Point",
        "coordinates": [
          -106.427045,
          31.8067999
        ]
      }
    },
    {
      "type": "Feature",
      "properties": {
        "id": 12770416922,
        "kind": "poi",
        "crossing": "unmarked",
        "crossing:island": "no",
        "crossing:markings": "no",
        "highway": "crossing",
        "tactile_paving": "no",
        "traffic_calming": "no"
      },
      "geometry": {
        "type": "Point",
        "coordinates": [
          -106.431289,
          31.8132859
        ]
      }
    },
    {
      "type": "Feature",
      "properties": {
        "id": 12770416958,
        "kind": "poi",
        "crossing": "uncontrolled",
        "crossing:island": "no",
        "crossing:markings": "ladder:skewed",
        "highway": "crossing",
        "tactile_paving": "no"
      },
      "geometry": {
        "type": "Point",
        "coordinates": [
          -106.4325649,
          31.8129103
        ]
      }
    },
    {
      "type": "Feature",
      "properties": {
        "id": 12770416963,
        "kind": "poi",
        "crossing": "uncontrolled",
        "crossing:island": "no",
        "crossing:markings": "ladder:skewed",
        "highway": "crossing",
        "tactile_paving": "no"
      },
      "geometry": {
        "type": "Point",
        "coordinates": [
          -106.4323861,
          31.8129537
        ]
      }
    },
    {
      "type": "Feature",
      "properties": {
        "id": 12770416982,
        "kind": "poi",
        "crossing": "unmarked",
        "crossing:island": "no",
        "crossing:markings": "no",
        "highway": "crossing",
        "tactile_paving": "no"
      },
      "geometry": {
        "type": "Point",
        "coordinates": [
          -106.4310294,
          31.81369
        ]
      }
    },
    {
      "type": "Feature",
      "properties": {
        "id": 12770416989,
        "kind": "poi",
        "crossing": "unmarked",
        "crossing:island": "no",
        "crossing:markings": "no",
        "highway": "crossing",
        "tactile_paving": "no"
      },
      "geometry": {
        "type": "Point",
        "coordinates": [
          -106.4311118,
          31.8139345
        ]
      }
    },
    {
      "type": "Feature",
      "properties": {
        "id": 12839163744,
        "kind": "poi",
        "highway": "crossing"
      },
      "geometry": {
        "type": "Point",
        "coordinates": [
          -106.4486912,
          31.7473549
        ]
      }
    },
    {
      "type": "Feature",
      "properties": {
        "id": 13104533637,
        "kind": "poi",
        "crossing": "uncontrolled",
        "crossing:markings": "zebra",
        "crossing:signals": "no",
        "highway": "crossing"
      },
      "geometry": {
        "type": "Point",
        "coordinates": [
          -106.5044114,
          31.7659311
        ]
      }
    },
    {
      "type": "Feature",
      "properties": {
        "id": 13185152118,
        "kind": "poi",
        "highway": "crossing"
      },
      "geometry": {
        "type": "Point",
        "coordinates": [
          -106.4613213,
          31.7852731
        ]
      }
    },
    {
      "type": "Feature",
      "properties": {
        "id": 13185152120,
        "kind": "poi",
        "highway": "crossing"
      },
      "geometry": {
        "type": "Point",
        "coordinates": [
          -106.4613545,
          31.7857596
        ]
      }
    },
    {
      "type": "Feature",
      "properties": {
        "id": 13185152129,
        "kind": "poi",
        "highway": "crossing"
      },
      "geometry": {
        "type": "Point",
        "coordinates": [
          -106.4615615,
          31.7856417
        ]
      }
    },
    {
      "type": "Feature",
      "properties": {
        "id": 13186447797,
        "kind": "poi",
        "crossing": "traffic_signals",
        "crossing:markings": "lines",
        "crossing:signals": "yes",
        "highway": "crossing"
      },
      "geometry": {
        "type": "Point",
        "coordinates": [
          -106.5008703,
          31.7727314
        ]
      }
    },
    {
      "type": "Feature",
      "properties": {
        "id": 13186447799,
        "kind": "poi",
        "crossing": "traffic_signals",
        "crossing:markings": "lines",
        "crossing:signals": "yes",
        "highway": "crossing"
      },
      "geometry": {
        "type": "Point",
        "coordinates": [
          -106.5007057,
          31.7728358
        ]
      }
    },
    {
      "type": "Feature",
      "properties": {
        "id": 13186477402,
        "kind": "poi",
        "crossing": "traffic_signals",
        "crossing:markings": "lines",
        "crossing:signals": "yes",
        "highway": "crossing"
      },
      "geometry": {
        "type": "Point",
        "coordinates": [
          -106.5008506,
          31.7728573
        ]
      }
    },
    {
      "type": "Feature",
      "properties": {
        "id": 13186477403,
        "kind": "poi",
        "crossing": "traffic_signals",
        "crossing:markings": "lines",
        "crossing:signals": "yes",
        "highway": "crossing"
      },
      "geometry": {
        "type": "Point",
        "coordinates": [
          -106.5007242,
          31.7727141
        ]
      }
    },
    {
      "type": "Feature",
      "properties": {
        "id": 13186477417,
        "kind": "poi",
        "crossing": "marked",
        "crossing:markings": "zebra",
        "highway": "crossing"
      },
      "geometry": {
        "type": "Point",
        "coordinates": [
          -106.5027516,
          31.7715222
        ]
      }
    },
    {
      "type": "Feature",
      "properties": {
        "id": 13186477433,
        "kind": "poi",
        "crossing": "marked",
        "crossing:markings": "lines",
        "highway": "crossing"
      },
      "geometry": {
        "type": "Point",
        "coordinates": [
          -106.5015508,
          31.7677493
        ]
      }
    },
    {
      "type": "Feature",
      "properties": {
        "id": 13186477434,
        "kind": "poi",
        "crossing": "marked",
        "crossing:markings": "lines",
        "highway": "crossing"
      },
      "geometry": {
        "type": "Point",
        "coordinates": [
          -106.5017189,
          31.7676457
        ]
      }
    },
    {
      "type": "Feature",
      "properties": {
        "id": 13186477435,
        "kind": "poi",
        "crossing": "marked",
        "crossing:markings": "lines",
        "highway": "crossing"
      },
      "geometry": {
        "type": "Point",
        "coordinates": [
          -106.501698,
          31.7677823
        ]
      }
    },
    {
      "type": "Feature",
      "properties": {
        "id": 13186477436,
        "kind": "poi",
        "crossing": "marked",
        "crossing:markings": "lines",
        "highway": "crossing"
      },
      "geometry": {
        "type": "Point",
        "coordinates": [
          -106.5015764,
          31.767648
        ]
      }
    },
    {
      "type": "Feature",
      "properties": {
        "id": 13186477457,
        "kind": "poi",
        "crossing": "traffic_signals",
        "crossing:island": "yes",
        "crossing:markings": "lines",
        "crossing:signals": "yes",
        "highway": "crossing"
      },
      "geometry": {
        "type": "Point",
        "coordinates": [
          -106.5036602,
          31.7776349
        ]
      }
    },
    {
      "type": "Feature",
      "properties": {
        "id": 13186477458,
        "kind": "poi",
        "crossing": "traffic_signals",
        "crossing:island": "yes",
        "crossing:markings": "lines",
        "crossing:signals": "yes",
        "highway": "crossing"
      },
      "geometry": {
        "type": "Point",
        "coordinates": [
          -106.503768,
          31.777555
        ]
      }
    },
    {
      "type": "Feature",
      "properties": {
        "id": 13186477459,
        "kind": "poi",
        "crossing": "traffic_signals",
        "crossing:markings": "lines",
        "crossing:signals": "yes",
        "highway": "crossing"
      },
      "geometry": {
        "type": "Point",
        "coordinates": [
          -106.5039311,
          31.7775816
        ]
      }
    },
    {
      "type": "Feature",
      "properties": {
        "id": 13186477460,
        "kind": "poi",
        "crossing": "traffic_signals",
        "crossing:island": "yes",
        "crossing:markings": "lines",
        "crossing:signals": "yes",
        "highway": "crossing"
      },
      "geometry": {
        "type": "Point",
        "coordinates": [
          -106.5037754,
          31.777791
        ]
      }
    },
    {
      "type": "Feature",
      "properties": {
        "id": 13186477461,
        "kind": "poi",
        "crossing": "traffic_signals",
        "crossing:island": "yes",
        "crossing:markings": "lines",
        "crossing:signals": "yes",
        "highway": "crossing"
      },
      "geometry": {
        "type": "Point",
        "coordinates": [
          -106.5039099,
          31.7777132
        ]
      }
    },
    {
      "type": "Feature",
      "properties": {
        "id": 13186477462,
        "kind": "poi",
        "crossing": "marked",
        "crossing:markings": "lines",
        "highway": "crossing"
      },
      "geometry": {
        "type": "Point",
        "coordinates": [
          -106.5036132,
          31.7777801
        ]
      }
    },
    {
      "type": "Feature",
      "properties": {
        "id": 13186477464,
        "kind": "poi",
        "addr:housenumber": "2800",
        "addr:postcode": "79902",
        "addr:street": "North Mesa Street",
        "amenity": "pharmacy",
        "brand": "Walgreens",
        "brand:wikidata": "Q1591889",
        "dispensing": "yes",
        "drive_through": "yes",
        "healthcare": "pharmacy",
        "name": "Walgreens",
        "opening_hours": "Su-Sa 07:00-24:00",
        "phone": "+1-915-533-6883",
        "ref": "5274"
      },
      "geometry": {
        "type": "Point",
        "coordinates": [
          -106.5036285,
          31.7785599
        ]
      }
    },
    {
      "type": "Feature",
      "properties": {
        "id": 13186477474,
        "kind": "poi",
        "crossing": "marked",
        "crossing:markings": "yes",
        "highway": "crossing"
      },
      "geometry": {
        "type": "Point",
        "coordinates": [
          -106.5045667,
          31.7770731
        ]
      }
    },
    {
      "type": "Feature",
      "properties": {
        "id": 13186477475,
        "kind": "poi",
        "crossing": "marked",
        "crossing:markings": "yes",
        "highway": "crossing"
      },
      "geometry": {
        "type": "Point",
        "coordinates": [
          -106.5045595,
          31.7771802
        ]
      }
    },
    {
      "type": "Feature",
      "properties": {
        "id": 13231763925,
        "kind": "poi",
        "amenity": "clinic",
        "healthcare": "clinic",
        "healthcare:speciality": "oncology",
        "name": "Instituto Regional del Tratamiento del Cancer"
      },
      "geometry": {
        "type": "Point",
        "coordinates": [
          -106.4470541,
          31.7430073
        ]
      }
    },
    {
      "type": "Feature",
      "properties": {
        "id": 13243165317,
        "kind": "poi",
        "crossing": "marked",
        "crossing:island": "no",
        "crossing:markings": "lines",
        "highway": "crossing",
        "tactile_paving": "no",
        "traffic_signals:vibration": "no"
      },
      "geometry": {
        "type": "Point",
        "coordinates": [
          -106.4376867,
          31.8126636
        ]
      }
    },
    {
      "type": "Feature",
      "properties": {
        "id": 13243165318,
        "kind": "poi",
        "crossing": "marked",
        "crossing:island": "no",
        "crossing:markings": "lines",
        "highway": "crossing",
        "tactile_paving": "no",
        "traffic_signals:vibration": "no"
      },
      "geometry": {
        "type": "Point",
        "coordinates": [
          -106.4376829,
          31.8123729
        ]
      }
    },
    {
      "type": "Feature",
      "properties": {
        "id": 13300449524,
        "kind": "poi",
        "crossing": "uncontrolled",
        "crossing:markings": "yes",
        "highway": "crossing",
        "traffic_calming": "bump"
      },
      "geometry": {
        "type": "Point",
        "coordinates": [
          -106.4535858,
          31.7419333
        ]
      }
    },
    {
      "type": "Feature",
      "properties": {
        "id": 13318354180,
        "kind": "poi",
        "crossing": "uncontrolled",
        "crossing:markings": "yes",
        "highway": "crossing"
      },
      "geometry": {
        "type": "Point",
        "coordinates": [
          -106.4816101,
          31.7600688
        ]
      }
    },
    {
      "type": "Feature",
      "properties": {
        "id": 13318354185,
        "kind": "poi",
        "crossing": "uncontrolled",
        "crossing:markings": "yes",
        "highway": "crossing"
      },
      "geometry": {
        "type": "Point",
        "coordinates": [
          -106.4799259,
          31.7611659
        ]
      }
    },
    {
      "type": "Feature",
      "properties": {
        "id": 13318354187,
        "kind": "poi",
        "crossing": "uncontrolled",
        "crossing:markings": "yes",
        "highway": "crossing"
      },
      "geometry": {
        "type": "Point",
        "coordinates": [
          -106.4785028,
          31.7620717
        ]
      }
    },
    {
      "type": "Feature",
      "properties": {
        "id": 13318354190,
        "kind": "poi",
        "crossing": "uncontrolled",
        "crossing:markings": "yes",
        "highway": "crossing"
      },
      "geometry": {
        "type": "Point",
        "coordinates": [
          -106.4765099,
          31.7630629
        ]
      }
    },
    {
      "type": "Feature",
      "properties": {
        "id": 13318354191,
        "kind": "poi",
        "crossing": "uncontrolled",
        "crossing:markings": "yes",
        "highway": "crossing"
      },
      "geometry": {
        "type": "Point",
        "coordinates": [
          -106.4751305,
          31.7636679
        ]
      }
    },
    {
      "type": "Feature",
      "properties": {
        "id": 13324800796,
        "kind": "poi",
        "highway": "crossing"
      },
      "geometry": {
        "type": "Point",
        "coordinates": [
          -106.4254579,
          31.7701476
        ]
      }
    },
    {
      "type": "Feature",
      "properties": {
        "id": 13324800797,
        "kind": "poi",
        "highway": "crossing"
      },
      "geometry": {
        "type": "Point",
        "coordinates": [
          -106.4257352,
          31.7695476
        ]
      }
    },
    {
      "type": "Feature",
      "properties": {
        "id": 13324968833,
        "kind": "poi",
        "crossing": "uncontrolled",
        "crossing:markings": "zebra",
        "crossing:signals": "no",
        "highway": "crossing"
      },
      "geometry": {
        "type": "Point",
        "coordinates": [
          -106.4295915,
          31.76827
        ]
      }
    },
    {
      "type": "Feature",
      "properties": {
        "id": 13324968851,
        "kind": "poi",
        "crossing": "uncontrolled",
        "crossing:markings": "zebra",
        "crossing:signals": "no",
        "highway": "crossing"
      },
      "geometry": {
        "type": "Point",
        "coordinates": [
          -106.4261143,
          31.7681647
        ]
      }
    },
    {
      "type": "Feature",
      "properties": {
        "id": 13324968852,
        "kind": "poi",
        "crossing": "uncontrolled",
        "crossing:markings": "zebra",
        "crossing:signals": "no",
        "highway": "crossing"
      },
      "geometry": {
        "type": "Point",
        "coordinates": [
          -106.4260645,
          31.7681585
        ]
      }
    },
    {
      "type": "Feature",
      "properties": {
        "id": 13324968865,
        "kind": "poi",
        "crossing": "unmarked",
        "crossing:markings": "no",
        "highway": "crossing"
      },
      "geometry": {
        "type": "Point",
        "coordinates": [
          -106.4224412,
          31.7676579
        ]
      }
    },
    {
      "type": "Feature",
      "properties": {
        "id": 13324977442,
        "kind": "poi",
        "crossing": "unmarked",
        "crossing:markings": "no",
        "highway": "crossing"
      },
      "geometry": {
        "type": "Point",
        "coordinates": [
          -106.4227584,
          31.7680691
        ]
      }
    },
    {
      "type": "Feature",
      "properties": {
        "id": 13324977444,
        "kind": "poi",
        "crossing": "unmarked",
        "crossing:markings": "no",
        "highway": "crossing"
      },
      "geometry": {
        "type": "Point",
        "coordinates": [
          -106.4233995,
          31.7682857
        ]
      }
    },
    {
      "type": "Feature",
      "properties": {
        "id": 13324977494,
        "kind": "poi",
        "crossing": "unmarked",
        "crossing:markings": "no",
        "highway": "crossing"
      },
      "geometry": {
        "type": "Point",
        "coordinates": [
          -106.426604,
          31.7688974
        ]
      }
    },
    {
      "type": "Feature",
      "properties": {
        "id": 13324977495,
        "kind": "poi",
        "highway": "crossing"
      },
      "geometry": {
        "type": "Point",
        "coordinates": [
          -106.4284982,
          31.7692479
        ]
      }
    },
    {
      "type": "Feature",
      "properties": {
        "id": 13324977499,
        "kind": "poi",
        "crossing": "unmarked",
        "crossing:markings": "no",
        "highway": "crossing"
      },
      "geometry": {
        "type": "Point",
        "coordinates": [
          -106.4274197,
          31.7690089
        ]
      }
    },
    {
      "type": "Feature",
      "properties": {
        "id": 13324977500,
        "kind": "poi",
        "crossing": "unmarked",
        "crossing:markings": "no",
        "highway": "crossing"
      },
      "geometry": {
        "type": "Point",
        "coordinates": [
          -106.4269349,
          31.7689056
        ]
      }
    },
    {
      "type": "Feature",
      "properties": {
        "id": 13324977502,
        "kind": "poi",
        "crossing": "unmarked",
        "crossing:markings": "no",
        "highway": "crossing"
      },
      "geometry": {
        "type": "Point",
        "coordinates": [
          -106.4269522,
          31.7687747
        ]
      }
    },
    {
      "type": "Feature",
      "properties": {
        "id": 13325121635,
        "kind": "poi",
        "crossing": "unmarked",
        "crossing:markings": "no",
        "highway": "crossing"
      },
      "geometry": {
        "type": "Point",
        "coordinates": [
          -106.4251444,
          31.7688033
        ]
      }
    },
    {
      "type": "Feature",
      "properties": {
        "id": 13325121652,
        "kind": "poi",
        "crossing": "unmarked",
        "crossing:markings": "no",
        "highway": "crossing"
      },
      "geometry": {
        "type": "Point",
        "coordinates": [
          -106.4241075,
          31.7677934
        ]
      }
    },
    {
      "type": "Feature",
      "properties": {
        "id": 13325121653,
        "kind": "poi",
        "crossing": "unmarked",
        "crossing:markings": "no",
        "highway": "crossing"
      },
      "geometry": {
        "type": "Point",
        "coordinates": [
          -106.4235624,
          31.7677006
        ]
      }
    },
    {
      "type": "Feature",
      "properties": {
        "id": 13325121668,
        "kind": "poi",
        "crossing": "unmarked",
        "crossing:markings": "no",
        "highway": "crossing"
      },
      "geometry": {
        "type": "Point",
        "coordinates": [
          -106.4237433,
          31.7683856
        ]
      }
    },
    {
      "type": "Feature",
      "properties": {
        "id": 13325121669,
        "kind": "poi",
        "crossing": "unmarked",
        "crossing:markings": "no",
        "highway": "crossing"
      },
      "geometry": {
        "type": "Point",
        "coordinates": [
          -106.4246905,
          31.768666
        ]
      }
    },
    {
      "type": "Feature",
      "properties": {
        "id": 13325121681,
        "kind": "poi",
        "highway": "crossing"
      },
      "geometry": {
        "type": "Point",
        "coordinates": [
          -106.4253966,
          31.7702734
        ]
      }
    },
    {
      "type": "Feature",
      "properties": {
        "id": 13325121693,
        "kind": "poi",
        "highway": "crossing"
      },
      "geometry": {
        "type": "Point",
        "coordinates": [
          -106.4294992,
          31.7694659
        ]
      }
    },
    {
      "type": "Feature",
      "properties": {
        "id": 13325121695,
        "kind": "poi",
        "highway": "crossing"
      },
      "geometry": {
        "type": "Point",
        "coordinates": [
          -106.4296194,
          31.7702541
        ]
      }
    },
    {
      "type": "Feature",
      "properties": {
        "id": 13325145009,
        "kind": "poi",
        "crossing": "unmarked",
        "crossing:markings": "no",
        "highway": "crossing"
      },
      "geometry": {
        "type": "Point",
        "coordinates": [
          -106.432808,
          31.7713956
        ]
      }
    },
    {
      "type": "Feature",
      "properties": {
        "id": 13325145132,
        "kind": "poi",
        "crossing": "unmarked",
        "crossing:markings": "no",
        "highway": "crossing"
      },
      "geometry": {
        "type": "Point",
        "coordinates": [
          -106.4220636,
          31.7675996
        ]
      }
    },
    {
      "type": "Feature",
      "properties": {
        "id": 13325145133,
        "kind": "poi",
        "crossing": "unmarked",
        "crossing:markings": "no",
        "highway": "crossing"
      },
      "geometry": {
        "type": "Point",
        "coordinates": [
          -106.4217856,
          31.767545
        ]
      }
    },
    {
      "type": "Feature",
      "properties": {
        "id": 13325145134,
        "kind": "poi",
        "crossing": "unmarked",
        "crossing:markings": "no",
        "highway": "crossing"
      },
      "geometry": {
        "type": "Point",
        "coordinates": [
          -106.4211593,
          31.7674145
        ]
      }
    },
    {
      "type": "Feature",
      "properties": {
        "id": 13325145160,
        "kind": "poi",
        "crossing": "uncontrolled",
        "crossing:markings": "yes",
        "highway": "crossing"
      },
      "geometry": {
        "type": "Point",
        "coordinates": [
          -106.5040041,
          31.7642702
        ]
      }
    },
    {
      "type": "Feature",
      "properties": {
        "id": 13346870445,
        "kind": "poi",
        "crossing": "uncontrolled",
        "crossing:markings": "zebra",
        "crossing:signals": "no",
        "highway": "crossing"
      },
      "geometry": {
        "type": "Point",
        "coordinates": [
          -106.489052,
          31.7579358
        ]
      }
    },
    {
      "type": "Feature",
      "properties": {
        "id": 13346892417,
        "kind": "poi",
        "crossing": "uncontrolled",
        "crossing:markings": "yes",
        "highway": "crossing"
      },
      "geometry": {
        "type": "Point",
        "coordinates": [
          -106.4824121,
          31.7596309
        ]
      }
    },
    {
      "type": "Feature",
      "properties": {
        "id": 13356405211,
        "kind": "poi",
        "crossing": "marked",
        "crossing:island": "yes",
        "crossing:markings": "zebra",
        "highway": "crossing"
      },
      "geometry": {
        "type": "Point",
        "coordinates": [
          -106.4388651,
          31.7490718
        ]
      }
    },
    {
      "type": "Feature",
      "properties": {
        "id": 13356405254,
        "kind": "poi",
        "highway": "crossing"
      },
      "geometry": {
        "type": "Point",
        "coordinates": [
          -106.4412545,
          31.7540052
        ]
      }
    },
    {
      "type": "Feature",
      "properties": {
        "id": 13356405272,
        "kind": "poi",
        "crossing": "traffic_signals",
        "crossing:markings": "no",
        "crossing:signals": "yes",
        "highway": "crossing"
      },
      "geometry": {
        "type": "Point",
        "coordinates": [
          -106.4411754,
          31.7489807
        ]
      }
    },
    {
      "type": "Feature",
      "properties": {
        "id": 13356405273,
        "kind": "poi",
        "crossing": "marked",
        "crossing:markings": "zebra",
        "highway": "crossing"
      },
      "geometry": {
        "type": "Point",
        "coordinates": [
          -106.4406647,
          31.7490568
        ]
      }
    },
    {
      "type": "Feature",
      "properties": {
        "id": 13356405274,
        "kind": "poi",
        "crossing": "marked",
        "crossing:markings": "zebra",
        "highway": "crossing"
      },
      "geometry": {
        "type": "Point",
        "coordinates": [
          -106.4406646,
          31.7491524
        ]
      }
    },
    {
      "type": "Feature",
      "properties": {
        "id": 13362149338,
        "kind": "poi",
        "highway": "crossing"
      },
      "geometry": {
        "type": "Point",
        "coordinates": [
          -106.4410281,
          31.7472029
        ]
      }
    },
    {
      "type": "Feature",
      "properties": {
        "id": 13362149340,
        "kind": "poi",
        "crossing": "traffic_signals",
        "crossing:markings": "no",
        "crossing:signals": "yes",
        "highway": "crossing"
      },
      "geometry": {
        "type": "Point",
        "coordinates": [
          -106.4410822,
          31.7490483
        ]
      }
    },
    {
      "type": "Feature",
      "properties": {
        "id": 13362149341,
        "kind": "poi",
        "crossing": "traffic_signals",
        "crossing:markings": "no",
        "crossing:signals": "yes",
        "highway": "crossing"
      },
      "geometry": {
        "type": "Point",
        "coordinates": [
          -106.4410881,
          31.7491209
        ]
      }
    },
    {
      "type": "Feature",
      "properties": {
        "id": 13362149354,
        "kind": "poi",
        "highway": "crossing"
      },
      "geometry": {
        "type": "Point",
        "coordinates": [
          -106.4371505,
          31.7419203
        ]
      }
    },
    {
      "type": "Feature",
      "properties": {
        "id": 13362149356,
        "kind": "poi",
        "highway": "crossing"
      },
      "geometry": {
        "type": "Point",
        "coordinates": [
          -106.4398169,
          31.7415044
        ]
      }
    },
    {
      "type": "Feature",
      "properties": {
        "id": 13362149357,
        "kind": "poi",
        "highway": "crossing"
      },
      "geometry": {
        "type": "Point",
        "coordinates": [
          -106.4409324,
          31.7413151
        ]
      }
    },
    {
      "type": "Feature",
      "properties": {
        "id": 13362149358,
        "kind": "poi",
        "highway": "crossing"
      },
      "geometry": {
        "type": "Point",
        "coordinates": [
          -106.4427785,
          31.7410191
        ]
      }
    },
    {
      "type": "Feature",
      "properties": {
        "id": 13362149359,
        "kind": "poi",
        "highway": "crossing"
      },
      "geometry": {
        "type": "Point",
        "coordinates": [
          -106.4430168,
          31.7409811
        ]
      }
    },
    {
      "type": "Feature",
      "properties": {
        "id": 13362149360,
        "kind": "poi",
        "highway": "crossing"
      },
      "geometry": {
        "type": "Point",
        "coordinates": [
          -106.4431678,
          31.7409632
        ]
      }
    },
    {
      "type": "Feature",
      "properties": {
        "id": 13362183026,
        "kind": "poi",
        "highway": "crossing"
      },
      "geometry": {
        "type": "Point",
        "coordinates": [
          -106.4633951,
          31.748379
        ]
      }
    },
    {
      "type": "Feature",
      "properties": {
        "id": 13362183027,
        "kind": "poi",
        "highway": "crossing"
      },
      "geometry": {
        "type": "Point",
        "coordinates": [
          -106.4634814,
          31.7473915
        ]
      }
    },
    {
      "type": "Feature",
      "properties": {
        "id": 13362183029,
        "kind": "poi",
        "highway": "crossing"
      },
      "geometry": {
        "type": "Point",
        "coordinates": [
          -106.4635575,
          31.7464057
        ]
      }
    },
    {
      "type": "Feature",
      "properties": {
        "id": 13362183030,
        "kind": "poi",
        "highway": "crossing"
      },
      "geometry": {
        "type": "Point",
        "coordinates": [
          -106.463648,
          31.745424
        ]
      }
    },
    {
      "type": "Feature",
      "properties": {
        "id": 13362183037,
        "kind": "poi",
        "highway": "crossing"
      },
      "geometry": {
        "type": "Point",
        "coordinates": [
          -106.4644596,
          31.7474643
        ]
      }
    },
    {
      "type": "Feature",
      "properties": {
        "id": 13362183038,
        "kind": "poi",
        "highway": "crossing"
      },
      "geometry": {
        "type": "Point",
        "coordinates": [
          -106.4643776,
          31.7484493
        ]
      }
    },
    {
      "type": "Feature",
      "properties": {
        "id": 13362183040,
        "kind": "poi",
        "highway": "crossing"
      },
      "geometry": {
        "type": "Point",
        "coordinates": [
          -106.4645404,
          31.7464763
        ]
      }
    },
    {
      "type": "Feature",
      "properties": {
        "id": 13362183042,
        "kind": "poi",
        "highway": "crossing"
      },
      "geometry": {
        "type": "Point",
        "coordinates": [
          -106.4646216,
          31.745485
        ]
      }
    },
    {
      "type": "Feature",
      "properties": {
        "id": 13362183044,
        "kind": "poi",
        "highway": "crossing"
      },
      "geometry": {
        "type": "Point",
        "coordinates": [
          -106.4647074,
          31.7445053
        ]
      }
    },
    {
      "type": "Feature",
      "properties": {
        "id": 13362183046,
        "kind": "poi",
        "highway": "crossing"
      },
      "geometry": {
        "type": "Point",
        "coordinates": [
          -106.46373,
          31.7444429
        ]
      }
    },
    {
      "type": "Feature",
      "properties": {
        "id": 13362183047,
        "kind": "poi",
        "highway": "crossing"
      },
      "geometry": {
        "type": "Point",
        "coordinates": [
          -106.4638153,
          31.7434518
        ]
      }
    },
    {
      "type": "Feature",
      "properties": {
        "id": 13362183049,
        "kind": "poi",
        "highway": "crossing"
      },
      "geometry": {
        "type": "Point",
        "coordinates": [
          -106.4647982,
          31.7435189
        ]
      }
    },
    {
      "type": "Feature",
      "properties": {
        "id": 13370737061,
        "kind": "poi",
        "crossing": "unmarked",
        "crossing:markings": "no",
        "highway": "crossing"
      },
      "geometry": {
        "type": "Point",
        "coordinates": [
          -106.4417859,
          31.7490306
        ]
      }
    },
    {
      "type": "Feature",
      "properties": {
        "id": 13370737063,
        "kind": "poi",
        "crossing": "unmarked",
        "crossing:markings": "no",
        "highway": "crossing"
      },
      "geometry": {
        "type": "Point",
        "coordinates": [
          -106.4423424,
          31.7489209
        ]
      }
    },
    {
      "type": "Feature",
      "properties": {
        "id": 13370788628,
        "kind": "poi",
        "crossing": "uncontrolled",
        "crossing:markings": "zebra",
        "crossing:signals": "no",
        "highway": "crossing"
      },
      "geometry": {
        "type": "Point",
        "coordinates": [
          -106.4841177,
          31.7425881
        ]
      }
    },
    {
      "type": "Feature",
      "properties": {
        "id": 13379564460,
        "kind": "poi",
        "crossing": "uncontrolled",
        "crossing:markings": "yes",
        "highway": "crossing"
      },
      "geometry": {
        "type": "Point",
        "coordinates": [
          -106.4254679,
          31.7678565
        ]
      }
    },
    {
      "type": "Feature",
      "properties": {
        "id": 13379564464,
        "kind": "poi",
        "highway": "crossing"
      },
      "geometry": {
        "type": "Point",
        "coordinates": [
          -106.4252837,
          31.7679447
        ]
      }
    },
    {
      "type": "Feature",
      "properties": {
        "id": 13379564467,
        "kind": "poi",
        "highway": "crossing"
      },
      "geometry": {
        "type": "Point",
        "coordinates": [
          -106.4258185,
          31.7679976
        ]
      }
    },
    {
      "type": "Feature",
      "properties": {
        "id": 13379564471,
        "kind": "poi",
        "crossing": "uncontrolled",
        "crossing:markings": "zebra",
        "crossing:signals": "no",
        "highway": "crossing"
      },
      "geometry": {
        "type": "Point",
        "coordinates": [
          -106.4277147,
          31.7681849
        ]
      }
    },
    {
      "type": "Feature",
      "properties": {
        "id": 13379564472,
        "kind": "poi",
        "crossing": "uncontrolled",
        "crossing:markings": "zebra",
        "crossing:signals": "no",
        "highway": "crossing"
      },
      "geometry": {
        "type": "Point",
        "coordinates": [
          -106.4278022,
          31.7681913
        ]
      }
    },
    {
      "type": "Feature",
      "properties": {
        "id": 13379564495,
        "kind": "poi",
        "highway": "crossing"
      },
      "geometry": {
        "type": "Point",
        "coordinates": [
          -106.4306106,
          31.7694771
        ]
      }
    },
    {
      "type": "Feature",
      "properties": {
        "id": 13379564498,
        "kind": "poi",
        "highway": "crossing"
      },
      "geometry": {
        "type": "Point",
        "coordinates": [
          -106.4309761,
          31.7695452
        ]
      }
    },
    {
      "type": "Feature",
      "properties": {
        "id": 13379575103,
        "kind": "poi",
        "crossing": "traffic_signals",
        "crossing:markings": "zebra",
        "crossing:signals": "yes",
        "highway": "crossing"
      },
      "geometry": {
        "type": "Point",
        "coordinates": [
          -106.4304749,
          31.7695053
        ]
      }
    },
    {
      "type": "Feature",
      "properties": {
        "id": 13379575104,
        "kind": "poi",
        "crossing": "traffic_signals",
        "crossing:markings": "zebra",
        "crossing:signals": "yes",
        "highway": "crossing"
      },
      "geometry": {
        "type": "Point",
        "coordinates": [
          -106.430441,
          31.769619
        ]
      }
    },
    {
      "type": "Feature",
      "properties": {
        "id": 13379575106,
        "kind": "poi",
        "crossing": "traffic_signals",
        "crossing:markings": "zebra",
        "crossing:signals": "yes",
        "highway": "crossing"
      },
      "geometry": {
        "type": "Point",
        "coordinates": [
          -106.4305273,
          31.7697131
        ]
      }
    },
    {
      "type": "Feature",
      "properties": {
        "id": 13379575109,
        "kind": "poi",
        "crossing": "traffic_signals",
        "crossing:markings": "zebra",
        "crossing:signals": "yes",
        "highway": "crossing"
      },
      "geometry": {
        "type": "Point",
        "coordinates": [
          -106.4306648,
          31.7696728
        ]
      }
    },
    {
      "type": "Feature",
      "properties": {
        "id": 13379575110,
        "kind": "poi",
        "crossing": "traffic_signals",
        "crossing:markings": "zebra",
        "crossing:signals": "yes",
        "highway": "crossing"
      },
      "geometry": {
        "type": "Point",
        "coordinates": [
          -106.430697,
          31.7695618
        ]
      }
    },
    {
      "type": "Feature",
      "properties": {
        "id": 13379575170,
        "kind": "poi",
        "crossing": "uncontrolled",
        "crossing:markings": "yes",
        "highway": "crossing"
      },
      "geometry": {
        "type": "Point",
        "coordinates": [
          -106.4257486,
          31.7636606
        ]
      }
    },
    {
      "type": "Feature",
      "properties": {
        "id": 13387549485,
        "kind": "poi",
        "crossing": "uncontrolled",
        "crossing:markings": "yes",
        "highway": "crossing"
      },
      "geometry": {
        "type": "Point",
        "coordinates": [
          -106.4752875,
          31.7562005
        ]
      }
    },
    {
      "type": "Feature",
      "properties": {
        "id": 13387549486,
        "kind": "poi",
        "crossing": "uncontrolled",
        "crossing:markings": "yes",
        "highway": "crossing"
      },
      "geometry": {
        "type": "Point",
        "coordinates": [
          -106.4752204,
          31.7563131
        ]
      }
    },
    {
      "type": "Feature",
      "properties": {
        "id": 13387549487,
        "kind": "poi",
        "crossing": "uncontrolled",
        "crossing:markings": "yes",
        "highway": "crossing"
      },
      "geometry": {
        "type": "Point",
        "coordinates": [
          -106.4761012,
          31.7552627
        ]
      }
    },
    {
      "type": "Feature",
      "properties": {
        "id": 13387549488,
        "kind": "poi",
        "crossing": "uncontrolled",
        "crossing:markings": "yes",
        "highway": "crossing"
      },
      "geometry": {
        "type": "Point",
        "coordinates": [
          -106.4761701,
          31.7551647
        ]
      }
    },
    {
      "type": "Feature",
      "properties": {
        "id": 13387549489,
        "kind": "poi",
        "crossing": "uncontrolled",
        "crossing:markings": "yes",
        "highway": "crossing"
      },
      "geometry": {
        "type": "Point",
        "coordinates": [
          -106.4760537,
          31.7551103
        ]
      }
    },
    {
      "type": "Feature",
      "properties": {
        "id": 13387745147,
        "kind": "poi",
        "crossing": "uncontrolled",
        "crossing:markings": "yes",
        "highway": "crossing"
      },
      "geometry": {
        "type": "Point",
        "coordinates": [
          -106.4923276,
          31.7602033
        ]
      }
    },
    {
      "type": "Feature",
      "properties": {
        "id": 13387745199,
        "kind": "poi",
        "crossing": "uncontrolled",
        "crossing:markings": "yes",
        "highway": "crossing"
      },
      "geometry": {
        "type": "Point",
        "coordinates": [
          -106.4927088,
          31.7665645
        ]
      }
    },
    {
      "type": "Feature",
      "properties": {
        "id": 13387745226,
        "kind": "poi",
        "crossing": "uncontrolled",
        "crossing:markings": "zebra",
        "crossing:signals": "no",
        "highway": "crossing"
      },
      "geometry": {
        "type": "Point",
        "coordinates": [
          -106.4939093,
          31.7680207
        ]
      }
    },
    {
      "type": "Feature",
      "properties": {
        "id": 13389791101,
        "kind": "poi",
        "crossing": "unmarked",
        "crossing:markings": "no",
        "crossing:signals": "no",
        "highway": "crossing"
      },
      "geometry": {
        "type": "Point",
        "coordinates": [
          -106.4207497,
          31.7675898
        ]
      }
    },
    {
      "type": "Feature",
      "properties": {
        "id": 13389791102,
        "kind": "poi",
        "highway": "crossing"
      },
      "geometry": {
        "type": "Point",
        "coordinates": [
          -106.4246971,
          31.7678795
        ]
      }
    },
    {
      "type": "Feature",
      "properties": {
        "id": 13389791107,
        "kind": "poi",
        "crossing": "unmarked",
        "crossing:markings": "no",
        "highway": "crossing"
      },
      "geometry": {
        "type": "Point",
        "coordinates": [
          -106.4296216,
          31.767344
        ]
      }
    },
    {
      "type": "Feature",
      "properties": {
        "id": 13389791113,
        "kind": "poi",
        "highway": "crossing"
      },
      "geometry": {
        "type": "Point",
        "coordinates": [
          -106.4293432,
          31.7682177
        ]
      }
    },
    {
      "type": "Feature",
      "properties": {
        "id": 13389791114,
        "kind": "poi",
        "highway": "crossing"
      },
      "geometry": {
        "type": "Point",
        "coordinates": [
          -106.4289358,
          31.7682344
        ]
      }
    },
    {
      "type": "Feature",
      "properties": {
        "id": 13389791117,
        "kind": "poi",
        "highway": "crossing"
      },
      "geometry": {
        "type": "Point",
        "coordinates": [
          -106.4279844,
          31.7682077
        ]
      }
    },
    {
      "type": "Feature",
      "properties": {
        "id": 13389791127,
        "kind": "poi",
        "crossing": "uncontrolled",
        "crossing:markings": "no",
        "highway": "crossing"
      },
      "geometry": {
        "type": "Point",
        "coordinates": [
          -106.4298038,
          31.7669063
        ]
      }
    },
    {
      "type": "Feature",
      "properties": {
        "id": 13389791172,
        "kind": "poi",
        "crossing": "uncontrolled",
        "crossing:markings": "yes",
        "highway": "crossing"
      },
      "geometry": {
        "type": "Point",
        "coordinates": [
          -106.4288703,
          31.7650208
        ]
      }
    },
    {
      "type": "Feature",
      "properties": {
        "id": 13389791320,
        "kind": "poi",
        "crossing": "uncontrolled",
        "crossing:markings": "zebra",
        "crossing:signals": "no",
        "highway": "crossing"
      },
      "geometry": {
        "type": "Point",
        "coordinates": [
          -106.426259,
          31.7681135
        ]
      }
    },
    {
      "type": "Feature",
      "properties": {
        "id": 13389791375,
        "kind": "poi",
        "crossing": "uncontrolled",
        "crossing:markings": "yes",
        "highway": "crossing"
      },
      "geometry": {
        "type": "Point",
        "coordinates": [
          -106.424983,
          31.7637988
        ]
      }
    },
    {
      "type": "Feature",
      "properties": {
        "id": 13389791376,
        "kind": "poi",
        "crossing": "uncontrolled",
        "crossing:markings": "yes",
        "highway": "crossing"
      },
      "geometry": {
        "type": "Point",
        "coordinates": [
          -106.4250809,
          31.7637196
        ]
      }
    },
    {
      "type": "Feature",
      "properties": {
        "id": 13389791412,
        "kind": "poi",
        "crossing": "uncontrolled",
        "crossing:markings": "yes",
        "highway": "crossing"
      },
      "geometry": {
        "type": "Point",
        "coordinates": [
          -106.4823765,
          31.7507561
        ]
      }
    },
    {
      "type": "Feature",
      "properties": {
        "id": 13389791413,
        "kind": "poi",
        "crossing": "uncontrolled",
        "crossing:markings": "yes",
        "highway": "crossing"
      },
      "geometry": {
        "type": "Point",
        "coordinates": [
          -106.4823064,
          31.7508643
        ]
      }
    },
    {
      "type": "Feature",
      "properties": {
        "id": 13389791414,
        "kind": "poi",
        "crossing": "uncontrolled",
        "crossing:markings": "yes",
        "highway": "crossing"
      },
      "geometry": {
        "type": "Point",
        "coordinates": [
          -106.4824291,
          31.7509194
        ]
      }
    },
    {
      "type": "Feature",
      "properties": {
        "id": 13389791415,
        "kind": "poi",
        "crossing": "uncontrolled",
        "crossing:markings": "yes",
        "highway": "crossing"
      },
      "geometry": {
        "type": "Point",
        "coordinates": [
          -106.482523,
          31.7508146
        ]
      }
    },
    {
      "type": "Feature",
      "properties": {
        "id": 13389791416,
        "kind": "poi",
        "crossing": "uncontrolled",
        "crossing:markings": "yes",
        "highway": "crossing"
      },
      "geometry": {
        "type": "Point",
        "coordinates": [
          -106.4820161,
          31.7509298
        ]
      }
    },
    {
      "type": "Feature",
      "properties": {
        "id": 13392118105,
        "kind": "poi",
        "crossing": "unmarked",
        "crossing:markings": "no",
        "highway": "crossing"
      },
      "geometry": {
        "type": "Point",
        "coordinates": [
          -106.5027968,
          31.7783028
        ]
      }
    },
    {
      "type": "Feature",
      "properties": {
        "id": 13396447915,
        "kind": "poi",
        "crossing": "uncontrolled",
        "crossing:markings": "yes",
        "highway": "crossing"
      },
      "geometry": {
        "type": "Point",
        "coordinates": [
          -106.4938894,
          31.7641968
        ]
      }
    },
    {
      "type": "Feature",
      "properties": {
        "id": 13398438201,
        "kind": "poi",
        "addr:housenumber": "100",
        "addr:postcode": "79902",
        "addr:street": "East Schuster Avenue",
        "amenity": "doctors",
        "healthcare": "doctor",
        "name": "Maspóns Pediatric Gastro",
        "phone": "+1-915-929-7363",
        "website": "https://drmaspons.com/"
      },
      "geometry": {
        "type": "Point",
        "coordinates": [
          -106.497185,
          31.7691172
        ]
      }
    },
    {
      "type": "Feature",
      "properties": {
        "id": 13407046805,
        "kind": "poi",
        "crossing": "marked",
        "crossing:island": "no",
        "crossing:markings": "lines",
        "highway": "crossing",
        "tactile_paving": "no",
        "traffic_signals:vibration": "no"
      },
      "geometry": {
        "type": "Point",
        "coordinates": [
          -106.437578,
          31.8125557
        ]
      }
    },
    {
      "type": "Feature",
      "properties": {
        "id": 13408175661,
        "kind": "poi",
        "crossing": "uncontrolled",
        "crossing:island": "no",
        "crossing:markings": "ladder",
        "crossing:signals": "no",
        "highway": "crossing"
      },
      "geometry": {
        "type": "Point",
        "coordinates": [
          -106.4383612,
          31.8188278
        ]
      }
    },
    {
      "type": "Feature",
      "properties": {
        "id": 13408175662,
        "kind": "poi",
        "crossing": "uncontrolled",
        "crossing:island": "no",
        "crossing:markings": "ladder",
        "crossing:signals": "no",
        "highway": "crossing"
      },
      "geometry": {
        "type": "Point",
        "coordinates": [
          -106.4383633,
          31.8187877
        ]
      }
    },
    {
      "type": "Feature",
      "properties": {
        "id": 13408175713,
        "kind": "poi",
        "crossing": "uncontrolled",
        "crossing:island": "no",
        "crossing:markings": "ladder",
        "crossing:signals": "no",
        "highway": "crossing"
      },
      "geometry": {
        "type": "Point",
        "coordinates": [
          -106.438103,
          31.8190492
        ]
      }
    },
    {
      "type": "Feature",
      "properties": {
        "id": 13408175718,
        "kind": "poi",
        "crossing": "uncontrolled",
        "crossing:markings": "zebra",
        "crossing:signals": "no",
        "highway": "crossing"
      },
      "geometry": {
        "type": "Point",
        "coordinates": [
          -106.4379701,
          31.8186348
        ]
      }
    },
    {
      "type": "Feature",
      "properties": {
        "id": 13416832130,
        "kind": "poi",
        "highway": "crossing"
      },
      "geometry": {
        "type": "Point",
        "coordinates": [
          -106.4911526,
          31.7595873
        ]
      }
    },
    {
      "type": "Feature",
      "properties": {
        "id": 13417005360,
        "kind": "poi",
        "crossing": "uncontrolled",
        "crossing:markings": "yes",
        "highway": "crossing"
      },
      "geometry": {
        "type": "Point",
        "coordinates": [
          -106.4908514,
          31.7598852
        ]
      }
    },
    {
      "type": "Feature",
      "properties": {
        "id": 13417037825,
        "kind": "poi",
        "crossing": "uncontrolled",
        "crossing:markings": "yes",
        "highway": "crossing"
      },
      "geometry": {
        "type": "Point",
        "coordinates": [
          -106.4892422,
          31.7582716
        ]
      }
    },
    {
      "type": "Feature",
      "properties": {
        "id": 13417037826,
        "kind": "poi",
        "highway": "crossing"
      },
      "geometry": {
        "type": "Point",
        "coordinates": [
          -106.4891708,
          31.758037
        ]
      }
    },
    {
      "type": "Feature",
      "properties": {
        "id": 13417208166,
        "kind": "poi",
        "crossing": "uncontrolled",
        "crossing:island": "no",
        "crossing:markings": "ladder",
        "highway": "crossing",
        "tactile_paving": "no"
      },
      "geometry": {
        "type": "Point",
        "coordinates": [
          -106.4343624,
          31.8189471
        ]
      }
    },
    {
      "type": "Feature",
      "properties": {
        "id": 13417208168,
        "kind": "poi",
        "crossing": "traffic_signals",
        "crossing:island": "no",
        "crossing:markings": "lines",
        "highway": "crossing",
        "tactile_paving": "no",
        "traffic_signals:vibration": "no"
      },
      "geometry": {
        "type": "Point",
        "coordinates": [
          -106.4311823,
          31.8190552
        ]
      }
    },
    {
      "type": "Feature",
      "properties": {
        "id": 13417208169,
        "kind": "poi",
        "crossing": "traffic_signals",
        "crossing:island": "no",
        "crossing:markings": "lines",
        "highway": "crossing",
        "tactile_paving": "no",
        "traffic_signals:vibration": "no"
      },
      "geometry": {
        "type": "Point",
        "coordinates": [
          -106.4310659,
          31.8191606
        ]
      }
    },
    {
      "type": "Feature",
      "properties": {
        "id": 13417208170,
        "kind": "poi",
        "crossing": "traffic_signals",
        "crossing:island": "no",
        "crossing:markings": "lines",
        "highway": "crossing",
        "tactile_paving": "no",
        "traffic_signals:vibration": "no"
      },
      "geometry": {
        "type": "Point",
        "coordinates": [
          -106.4309452,
          31.819057
        ]
      }
    },
    {
      "type": "Feature",
      "properties": {
        "id": 13417208171,
        "kind": "poi",
        "crossing": "traffic_signals",
        "crossing:island": "no",
        "crossing:markings": "lines",
        "highway": "crossing",
        "tactile_paving": "no",
        "traffic_signals:vibration": "no"
      },
      "geometry": {
        "type": "Point",
        "coordinates": [
          -106.4310611,
          31.8189538
        ]
      }
    },
    {
      "type": "Feature",
      "properties": {
        "id": 13446520349,
        "kind": "poi",
        "crossing": "unmarked",
        "crossing:island": "no",
        "crossing:markings": "no",
        "highway": "crossing",
        "tactile_paving": "no"
      },
      "geometry": {
        "type": "Point",
        "coordinates": [
          -106.4373545,
          31.8186488
        ]
      }
    },
    {
      "type": "Feature",
      "properties": {
        "id": 13447157015,
        "kind": "poi",
        "crossing": "unmarked",
        "crossing:island": "no",
        "crossing:markings": "no",
        "highway": "crossing",
        "tactile_paving": "no",
        "traffic_calming": "no"
      },
      "geometry": {
        "type": "Point",
        "coordinates": [
          -106.4310548,
          31.8148117
        ]
      }
    },
    {
      "type": "Feature",
      "properties": {
        "id": 13447157060,
        "kind": "poi",
        "crossing": "unmarked",
        "crossing:island": "no",
        "crossing:markings": "no",
        "highway": "crossing",
        "tactile_paving": "no",
        "traffic_calming": "no"
      },
      "geometry": {
        "type": "Point",
        "coordinates": [
          -106.4310643,
          31.8151353
        ]
      }
    },
    {
      "type": "Feature",
      "properties": {
        "id": 13451838205,
        "kind": "poi",
        "crossing": "traffic_signals",
        "crossing:island": "no",
        "crossing:markings": "lines",
        "highway": "crossing",
        "tactile_paving": "no",
        "traffic_signals:vibration": "no"
      },
      "geometry": {
        "type": "Point",
        "coordinates": [
          -106.4307928,
          31.8126329
        ]
      }
    },
    {
      "type": "Feature",
      "properties": {
        "id": 13451838210,
        "kind": "poi",
        "crossing": "traffic_signals",
        "crossing:island": "no",
        "crossing:markings": "lines",
        "highway": "crossing",
        "tactile_paving": "no",
        "traffic_signals:vibration": "no"
      },
      "geometry": {
        "type": "Point",
        "coordinates": [
          -106.4309008,
          31.8127347
        ]
      }
    },
    {
      "type": "Feature",
      "properties": {
        "id": 13475020146,
        "kind": "poi",
        "highway": "crossing"
      },
      "geometry": {
        "type": "Point",
        "coordinates": [
          -106.4639009,
          31.7424409
        ]
      }
    },
    {
      "type": "Feature",
      "properties": {
        "id": 13475020148,
        "kind": "poi",
        "highway": "crossing"
      },
      "geometry": {
        "type": "Point",
        "coordinates": [
          -106.4648832,
          31.742516
        ]
      }
    },
    {
      "type": "Feature",
      "properties": {
        "id": 13475020149,
        "kind": "poi",
        "highway": "crossing"
      },
      "geometry": {
        "type": "Point",
        "coordinates": [
          -106.4649642,
          31.7415142
        ]
      }
    },
    {
      "type": "Feature",
      "properties": {
        "id": 13475020151,
        "kind": "poi",
        "highway": "crossing"
      },
      "geometry": {
        "type": "Point",
        "coordinates": [
          -106.4639884,
          31.7414532
        ]
      }
    },
    {
      "type": "Feature",
      "properties": {
        "id": 13475020154,
        "kind": "poi",
        "highway": "crossing"
      },
      "geometry": {
        "type": "Point",
        "coordinates": [
          -106.465051,
          31.7405434
        ]
      }
    },
    {
      "type": "Feature",
      "properties": {
        "id": 13475020161,
        "kind": "poi",
        "highway": "crossing"
      },
      "geometry": {
        "type": "Point",
        "coordinates": [
          -106.4640687,
          31.7404721
        ]
      }
    },
    {
      "type": "Feature",
      "properties": {
        "id": 13477072767,
        "kind": "poi",
        "crossing": "unmarked",
        "crossing:island": "no",
        "crossing:markings": "no",
        "highway": "crossing",
        "tactile_paving": "no"
      },
      "geometry": {
        "type": "Point",
        "coordinates": [
          -106.4225811,
          31.8068322
        ]
      }
    },
    {
      "type": "Feature",
      "properties": {
        "id": 13477072769,
        "kind": "poi",
        "crossing": "uncontrolled",
        "crossing:markings": "zebra",
        "highway": "crossing"
      },
      "geometry": {
        "type": "Point",
        "coordinates": [
          -106.4226689,
          31.806784
        ]
      }
    },
    {
      "type": "Feature",
      "properties": {
        "id": 13477099315,
        "kind": "poi",
        "crossing": "uncontrolled",
        "crossing:island": "no",
        "crossing:markings": "lines",
        "highway": "crossing",
        "tactile_paving": "no"
      },
      "geometry": {
        "type": "Point",
        "coordinates": [
          -106.4225332,
          31.8067854
        ]
      }
    },
    {
      "type": "Feature",
      "properties": {
        "id": 13477547786,
        "kind": "poi",
        "highway": "crossing"
      },
      "geometry": {
        "type": "Point",
        "coordinates": [
          -106.4865889,
          31.7443021
        ]
      }
    },
    {
      "type": "Feature",
      "properties": {
        "id": 13477547795,
        "kind": "poi",
        "highway": "crossing"
      },
      "geometry": {
        "type": "Point",
        "coordinates": [
          -106.4862361,
          31.7419583
        ]
      }
    },
    {
      "type": "Feature",
      "properties": {
        "id": 13477547798,
        "kind": "poi",
        "highway": "crossing"
      },
      "geometry": {
        "type": "Point",
        "coordinates": [
          -106.4866743,
          31.7408882
        ]
      }
    },
    {
      "type": "Feature",
      "properties": {
        "id": 13568550832,
        "kind": "poi",
        "highway": "crossing"
      },
      "geometry": {
        "type": "Point",
        "coordinates": [
          -106.4820308,
          31.7597974
        ]
      }
    },
    {
      "type": "Feature",
      "properties": {
        "id": 13570369841,
        "kind": "poi",
        "highway": "crossing"
      },
      "geometry": {
        "type": "Point",
        "coordinates": [
          -106.4373375,
          31.7420402
        ]
      }
    },
    {
      "type": "Feature",
      "properties": {
        "id": 13570369885,
        "kind": "poi",
        "crossing": "unmarked",
        "crossing:markings": "no",
        "highway": "crossing"
      },
      "geometry": {
        "type": "Point",
        "coordinates": [
          -106.4488822,
          31.7434571
        ]
      }
    },
    {
      "type": "Feature",
      "properties": {
        "id": 13570369887,
        "kind": "poi",
        "highway": "crossing"
      },
      "geometry": {
        "type": "Point",
        "coordinates": [
          -106.4533866,
          31.7420552
        ]
      }
    },
    {
      "type": "Feature",
      "properties": {
        "id": 13570369889,
        "kind": "poi",
        "highway": "crossing"
      },
      "geometry": {
        "type": "Point",
        "coordinates": [
          -106.4545453,
          31.7416878
        ]
      }
    },
    {
      "type": "Feature",
      "properties": {
        "id": 13577270001,
        "kind": "poi",
        "amenity": "clinic",
        "healthcare": "clinic"
      },
      "geometry": {
        "type": "Point",
        "coordinates": [
          -106.4627356,
          31.8198221
        ]
      }
    },
    {
      "type": "Feature",
      "properties": {
        "id": 13600675327,
        "kind": "poi",
        "highway": "crossing"
      },
      "geometry": {
        "type": "Point",
        "coordinates": [
          -106.4102468,
          31.7875274
        ]
      }
    },
    {
      "type": "Feature",
      "properties": {
        "id": 13600675339,
        "kind": "poi",
        "crossing": "traffic_signals",
        "crossing:markings": "lines",
        "crossing:signals": "yes",
        "highway": "crossing"
      },
      "geometry": {
        "type": "Point",
        "coordinates": [
          -106.4088026,
          31.7881716
        ]
      }
    },
    {
      "type": "Feature",
      "properties": {
        "id": 13600675395,
        "kind": "poi",
        "crossing": "uncontrolled",
        "crossing:markings": "lines",
        "crossing:signals": "no",
        "highway": "crossing"
      },
      "geometry": {
        "type": "Point",
        "coordinates": [
          -106.4095415,
          31.7879391
        ]
      }
    },
    {
      "type": "Feature",
      "properties": {
        "id": 13600678615,
        "kind": "poi",
        "crossing": "traffic_signals",
        "crossing:markings": "lines",
        "crossing:signals": "yes",
        "highway": "crossing"
      },
      "geometry": {
        "type": "Point",
        "coordinates": [
          -106.4085246,
          31.7881209
        ]
      }
    },
    {
      "type": "Feature",
      "properties": {
        "id": 13600678647,
        "kind": "poi",
        "highway": "crossing"
      },
      "geometry": {
        "type": "Point",
        "coordinates": [
          -106.4087824,
          31.7870351
        ]
      }
    },
    {
      "type": "Feature",
      "properties": {
        "id": 13608509769,
        "kind": "poi",
        "crossing:signals": "yes",
        "highway": "crossing"
      },
      "geometry": {
        "type": "Point",
        "coordinates": [
          -106.4921848,
          31.7601691
        ]
      }
    },
    {
      "type": "Feature",
      "properties": {
        "id": 13608717171,
        "kind": "poi",
        "crossing": "uncontrolled",
        "crossing:island": "no",
        "crossing:markings": "ladder",
        "highway": "crossing",
        "tactile_paving": "no"
      },
      "geometry": {
        "type": "Point",
        "coordinates": [
          -106.4282428,
          31.8014001
        ]
      }
    },
    {
      "type": "Feature",
      "properties": {
        "id": 13608717172,
        "kind": "poi",
        "crossing": "unmarked",
        "crossing:island": "no",
        "crossing:markings": "no",
        "highway": "crossing",
        "tactile_paving": "no"
      },
      "geometry": {
        "type": "Point",
        "coordinates": [
          -106.4284202,
          31.8013979
        ]
      }
    },
    {
      "type": "Feature",
      "properties": {
        "id": 13608717173,
        "kind": "poi",
        "crossing": "uncontrolled",
        "crossing:island": "no",
        "crossing:markings": "ladder",
        "highway": "crossing",
        "tactile_paving": "no"
      },
      "geometry": {
        "type": "Point",
        "coordinates": [
          -106.4286098,
          31.8013955
        ]
      }
    },
    {
      "type": "Feature",
      "properties": {
        "id": 13619341510,
        "kind": "poi",
        "crossing": "uncontrolled",
        "crossing:island": "no",
        "crossing:markings": "ladder",
        "highway": "crossing",
        "tactile_paving": "no"
      },
      "geometry": {
        "type": "Point",
        "coordinates": [
          -106.4196478,
          31.8173865
        ]
      }
    },
    {
      "type": "Feature",
      "properties": {
        "id": 13619341626,
        "kind": "poi",
        "crossing": "traffic_signals",
        "crossing:island": "no",
        "crossing:markings": "ladder",
        "highway": "crossing",
        "tactile_paving": "no"
      },
      "geometry": {
        "type": "Point",
        "coordinates": [
          -106.4214026,
          31.8189636
        ]
      }
    },
    {
      "type": "Feature",
      "properties": {
        "id": 13619341627,
        "kind": "poi",
        "crossing": "traffic_signals",
        "crossing:island": "no",
        "crossing:markings": "ladder",
        "highway": "crossing",
        "tactile_paving": "no"
      },
      "geometry": {
        "type": "Point",
        "coordinates": [
          -106.4215121,
          31.8190305
        ]
      }
    },
    {
      "type": "Feature",
      "properties": {
        "id": 13619341628,
        "kind": "poi",
        "crossing": "traffic_signals",
        "crossing:island": "no",
        "crossing:markings": "ladder",
        "highway": "crossing",
        "tactile_paving": "no"
      },
      "geometry": {
        "type": "Point",
        "coordinates": [
          -106.4216303,
          31.8189607
        ]
      }
    },
    {
      "type": "Feature",
      "properties": {
        "id": 13619341629,
        "kind": "poi",
        "crossing": "traffic_signals",
        "crossing:island": "no",
        "crossing:markings": "ladder",
        "highway": "crossing",
        "tactile_paving": "no"
      },
      "geometry": {
        "type": "Point",
        "coordinates": [
          -106.42151,
          31.8188954
        ]
      }
    },
    {
      "type": "Feature",
      "properties": {
        "id": 13633483578,
        "kind": "poi",
        "crossing": "unmarked",
        "crossing:markings": "no",
        "highway": "crossing"
      },
      "geometry": {
        "type": "Point",
        "coordinates": [
          -106.4094995,
          31.7856942
        ]
      }
    },
    {
      "type": "Feature",
      "properties": {
        "id": 13633483581,
        "kind": "poi",
        "crossing": "unmarked",
        "crossing:markings": "no",
        "highway": "crossing"
      },
      "geometry": {
        "type": "Point",
        "coordinates": [
          -106.4084815,
          31.7858592
        ]
      }
    },
    {
      "type": "Feature",
      "properties": {
        "id": 13633483582,
        "kind": "poi",
        "crossing": "unmarked",
        "crossing:markings": "no",
        "highway": "crossing"
      },
      "geometry": {
        "type": "Point",
        "coordinates": [
          -106.408494,
          31.7859162
        ]
      }
    },
    {
      "type": "Feature",
      "properties": {
        "id": 13633483583,
        "kind": "poi",
        "highway": "crossing"
      },
      "geometry": {
        "type": "Point",
        "coordinates": [
          -106.4087928,
          31.7866467
        ]
      }
    },
    {
      "type": "Feature",
      "properties": {
        "id": 13633483584,
        "kind": "poi",
        "highway": "crossing"
      },
      "geometry": {
        "type": "Point",
        "coordinates": [
          -106.4098135,
          31.7874513
        ]
      }
    },
    {
      "type": "Feature",
      "properties": {
        "id": 13633483585,
        "kind": "poi",
        "highway": "crossing"
      },
      "geometry": {
        "type": "Point",
        "coordinates": [
          -106.4100484,
          31.7873219
        ]
      }
    },
    {
      "type": "Feature",
      "properties": {
        "id": 13633483586,
        "kind": "poi",
        "highway": "crossing"
      },
      "geometry": {
        "type": "Point",
        "coordinates": [
          -106.4103265,
          31.7871553
        ]
      }
    },
    {
      "type": "Feature",
      "properties": {
        "id": 13633483587,
        "kind": "poi",
        "highway": "crossing"
      },
      "geometry": {
        "type": "Point",
        "coordinates": [
          -106.4107474,
          31.786887
        ]
      }
    },
    {
      "type": "Feature",
      "properties": {
        "id": 13633483588,
        "kind": "poi",
        "highway": "crossing"
      },
      "geometry": {
        "type": "Point",
        "coordinates": [
          -106.4109918,
          31.7867272
        ]
      }
    },
    {
      "type": "Feature",
      "properties": {
        "id": 13633483589,
        "kind": "poi",
        "highway": "crossing"
      },
      "geometry": {
        "type": "Point",
        "coordinates": [
          -106.4111024,
          31.7866544
        ]
      }
    },
    {
      "type": "Feature",
      "properties": {
        "id": 13633483591,
        "kind": "poi",
        "highway": "crossing"
      },
      "geometry": {
        "type": "Point",
        "coordinates": [
          -106.4114103,
          31.7864523
        ]
      }
    },
    {
      "type": "Feature",
      "properties": {
        "id": 13633483592,
        "kind": "poi",
        "highway": "crossing"
      },
      "geometry": {
        "type": "Point",
        "coordinates": [
          -106.4115737,
          31.7863489
        ]
      }
    },
    {
      "type": "Feature",
      "properties": {
        "id": 13633483593,
        "kind": "poi",
        "highway": "crossing"
      },
      "geometry": {
        "type": "Point",
        "coordinates": [
          -106.4114057,
          31.7855589
        ]
      }
    },
    {
      "type": "Feature",
      "properties": {
        "id": 13633483594,
        "kind": "poi",
        "highway": "crossing"
      },
      "geometry": {
        "type": "Point",
        "coordinates": [
          -106.4118108,
          31.7861987
        ]
      }
    },
    {
      "type": "Feature",
      "properties": {
        "id": 13633483595,
        "kind": "poi",
        "highway": "crossing"
      },
      "geometry": {
        "type": "Point",
        "coordinates": [
          -106.4125123,
          31.7856032
        ]
      }
    },
    {
      "type": "Feature",
      "properties": {
        "id": 13633483596,
        "kind": "poi",
        "highway": "crossing"
      },
      "geometry": {
        "type": "Point",
        "coordinates": [
          -106.4118618,
          31.7854985
        ]
      }
    },
    {
      "type": "Feature",
      "properties": {
        "id": 13633483597,
        "kind": "poi",
        "highway": "crossing"
      },
      "geometry": {
        "type": "Point",
        "coordinates": [
          -106.4116939,
          31.7854053
        ]
      }
    },
    {
      "type": "Feature",
      "properties": {
        "id": 13633483598,
        "kind": "poi",
        "highway": "crossing"
      },
      "geometry": {
        "type": "Point",
        "coordinates": [
          -106.4080279,
          31.7844465
        ]
      }
    },
    {
      "type": "Feature",
      "properties": {
        "id": 13633483599,
        "kind": "poi",
        "highway": "crossing"
      },
      "geometry": {
        "type": "Point",
        "coordinates": [
          -106.4076594,
          31.7841562
        ]
      }
    },
    {
      "type": "Feature",
      "properties": {
        "id": 13633483600,
        "kind": "poi",
        "highway": "crossing"
      },
      "geometry": {
        "type": "Point",
        "coordinates": [
          -106.4075634,
          31.7840558
        ]
      }
    },
    {
      "type": "Feature",
      "properties": {
        "id": 13633484101,
        "kind": "poi",
        "highway": "crossing"
      },
      "geometry": {
        "type": "Point",
        "coordinates": [
          -106.4073593,
          31.7837711
        ]
      }
    },
    {
      "type": "Feature",
      "properties": {
        "id": 13633526619,
        "kind": "poi",
        "crossing": "unmarked",
        "crossing:markings": "no",
        "highway": "crossing"
      },
      "geometry": {
        "type": "Point",
        "coordinates": [
          -106.4054755,
          31.7862288
        ]
      }
    },
    {
      "type": "Feature",
      "properties": {
        "id": 13633526622,
        "kind": "poi",
        "crossing": "unmarked",
        "crossing:markings": "no",
        "highway": "crossing"
      },
      "geometry": {
        "type": "Point",
        "coordinates": [
          -106.4083017,
          31.7858179
        ]
      }
    },
    {
      "type": "Feature",
      "properties": {
        "id": 13633526623,
        "kind": "poi",
        "crossing": "unmarked",
        "crossing:markings": "no",
        "highway": "crossing"
      },
      "geometry": {
        "type": "Point",
        "coordinates": [
          -106.4083875,
          31.7858049
        ]
      }
    },
    {
      "type": "Feature",
      "properties": {
        "id": 13633526624,
        "kind": "poi",
        "crossing": "unmarked",
        "crossing:markings": "no",
        "highway": "crossing"
      },
      "geometry": {
        "type": "Point",
        "coordinates": [
          -106.4082453,
          31.7859476
        ]
      }
    },
    {
      "type": "Feature",
      "properties": {
        "id": 13633526625,
        "kind": "poi",
        "crossing": "unmarked",
        "crossing:markings": "no",
        "highway": "crossing"
      },
      "geometry": {
        "type": "Point",
        "coordinates": [
          -106.4082357,
          31.7859
        ]
      }
    },
    {
      "type": "Feature",
      "properties": {
        "id": 13633526629,
        "kind": "poi",
        "crossing": "unmarked",
        "crossing:markings": "no",
        "highway": "crossing"
      },
      "geometry": {
        "type": "Point",
        "coordinates": [
          -106.4084421,
          31.7859951
        ]
      }
    },
    {
      "type": "Feature",
      "properties": {
        "id": 13633526630,
        "kind": "poi",
        "crossing": "unmarked",
        "crossing:markings": "no",
        "highway": "crossing"
      },
      "geometry": {
        "type": "Point",
        "coordinates": [
          -106.4083613,
          31.7860077
        ]
      }
    },
    {
      "type": "Feature",
      "properties": {
        "id": 13633526633,
        "kind": "poi",
        "highway": "crossing"
      },
      "geometry": {
        "type": "Point",
        "coordinates": [
          -106.4086731,
          31.7868259
        ]
      }
    },
    {
      "type": "Feature",
      "properties": {
        "id": 13633526666,
        "kind": "poi",
        "crossing": "unmarked",
        "crossing:markings": "no",
        "highway": "crossing"
      },
      "geometry": {
        "type": "Point",
        "coordinates": [
          -106.4127063,
          31.7854721
        ]
      }
    },
    {
      "type": "Feature",
      "properties": {
        "id": 13633526667,
        "kind": "poi",
        "crossing": "unmarked",
        "crossing:markings": "no",
        "highway": "crossing"
      },
      "geometry": {
        "type": "Point",
        "coordinates": [
          -106.4125142,
          31.7852831
        ]
      }
    },
    {
      "type": "Feature",
      "properties": {
        "id": 13633526668,
        "kind": "poi",
        "crossing": "unmarked",
        "crossing:markings": "no",
        "highway": "crossing"
      },
      "geometry": {
        "type": "Point",
        "coordinates": [
          -106.409245,
          31.7845734
        ]
      }
    },
    {
      "type": "Feature",
      "properties": {
        "id": 13633526676,
        "kind": "poi",
        "crossing": "traffic_signals",
        "crossing:markings": "lines",
        "crossing:signals": "yes",
        "highway": "crossing"
      },
      "geometry": {
        "type": "Point",
        "coordinates": [
          -106.4072036,
          31.7835461
        ]
      }
    },
    {
      "type": "Feature",
      "properties": {
        "id": 13633526678,
        "kind": "poi",
        "crossing": "traffic_signals",
        "crossing:markings": "lines",
        "crossing:signals": "yes",
        "highway": "crossing"
      },
      "geometry": {
        "type": "Point",
        "coordinates": [
          -106.4073748,
          31.7836195
        ]
      }
    },
    {
      "type": "Feature",
      "properties": {
        "id": 13633526679,
        "kind": "poi",
        "crossing": "traffic_signals",
        "crossing:markings": "lines",
        "crossing:signals": "yes",
        "highway": "crossing"
      },
      "geometry": {
        "type": "Point",
        "coordinates": [
          -106.4074922,
          31.7835807
        ]
      }
    },
    {
      "type": "Feature",
      "properties": {
        "id": 13633526680,
        "kind": "poi",
        "crossing": "traffic_signals",
        "crossing:markings": "lines",
        "crossing:signals": "yes",
        "highway": "crossing"
      },
      "geometry": {
        "type": "Point",
        "coordinates": [
          -106.4075541,
          31.7834565
        ]
      }
    },
    {
      "type": "Feature",
      "properties": {
        "id": 13633526681,
        "kind": "poi",
        "crossing": "traffic_signals",
        "crossing:markings": "lines",
        "crossing:signals": "yes",
        "highway": "crossing"
      },
      "geometry": {
        "type": "Point",
        "coordinates": [
          -106.4072929,
          31.7833835
        ]
      }
    },
    {
      "type": "Feature",
      "properties": {
        "id": 13633526682,
        "kind": "poi",
        "crossing": "traffic_signals",
        "crossing:markings": "lines",
        "crossing:signals": "yes",
        "highway": "crossing"
      },
      "geometry": {
        "type": "Point",
        "coordinates": [
          -106.4074102,
          31.783361
        ]
      }
    },
    {
      "type": "Feature",
      "properties": {
        "id": 13633526693,
        "kind": "poi",
        "highway": "crossing"
      },
      "geometry": {
        "type": "Point",
        "coordinates": [
          -106.4071415,
          31.788122
        ]
      }
    },
    {
      "type": "Feature",
      "properties": {
        "id": 13633526694,
        "kind": "poi",
        "highway": "crossing"
      },
      "geometry": {
        "type": "Point",
        "coordinates": [
          -106.4077413,
          31.7880449
        ]
      }
    },
    {
      "type": "Feature",
      "properties": {
        "id": 13633526695,
        "kind": "poi",
        "highway": "crossing"
      },
      "geometry": {
        "type": "Point",
        "coordinates": [
          -106.4085434,
          31.7879063
        ]
      }
    },
    {
      "type": "Feature",
      "properties": {
        "id": 13633561941,
        "kind": "poi",
        "crossing": "uncontrolled",
        "crossing:markings": "lines",
        "crossing:signals": "no",
        "highway": "crossing"
      },
      "geometry": {
        "type": "Point",
        "coordinates": [
          -106.4255553,
          31.7708155
        ]
      }
    },
    {
      "type": "Feature",
      "properties": {
        "id": 13633561945,
        "kind": "poi",
        "crossing": "traffic_signals",
        "crossing:markings": "zebra",
        "crossing:signals": "yes",
        "highway": "crossing"
      },
      "geometry": {
        "type": "Point",
        "coordinates": [
          -106.4253487,
          31.7708829
        ]
      }
    },
    {
      "type": "Feature",
      "properties": {
        "id": 13633561946,
        "kind": "poi",
        "crossing": "traffic_signals",
        "crossing:markings": "zebra",
        "crossing:signals": "yes",
        "highway": "crossing"
      },
      "geometry": {
        "type": "Point",
        "coordinates": [
          -106.4253418,
          31.7708855
        ]
      }
    },
    {
      "type": "Feature",
      "properties": {
        "id": 13633561948,
        "kind": "poi",
        "crossing": "traffic_signals",
        "crossing:markings": "zebra",
        "crossing:signals": "yes",
        "highway": "crossing"
      },
      "geometry": {
        "type": "Point",
        "coordinates": [
          -106.4251784,
          31.7709118
        ]
      }
    },
    {
      "type": "Feature",
      "properties": {
        "id": 13633561949,
        "kind": "poi",
        "highway": "crossing"
      },
      "geometry": {
        "type": "Point",
        "coordinates": [
          -106.4258328,
          31.7700299
        ]
      }
    },
    {
      "type": "Feature",
      "properties": {
        "id": 13633561950,
        "kind": "poi",
        "highway": "crossing"
      },
      "geometry": {
        "type": "Point",
        "coordinates": [
          -106.4259627,
          31.7697504
        ]
      }
    },
    {
      "type": "Feature",
      "properties": {
        "id": 13633566753,
        "kind": "poi",
        "crossing": "traffic_signals",
        "crossing:markings": "zebra",
        "crossing:signals": "yes",
        "highway": "crossing"
      },
      "geometry": {
        "type": "Point",
        "coordinates": [
          -106.412623,
          31.7856301
        ]
      }
    },
    {
      "type": "Feature",
      "properties": {
        "id": 13633566754,
        "kind": "poi",
        "crossing": "traffic_signals",
        "crossing:markings": "zebra",
        "crossing:signals": "yes",
        "highway": "crossing"
      },
      "geometry": {
        "type": "Point",
        "coordinates": [
          -106.4127239,
          31.7855541
        ]
      }
    },
    {
      "type": "Feature",
      "properties": {
        "id": 13633566755,
        "kind": "poi",
        "crossing": "traffic_signals",
        "crossing:markings": "zebra",
        "crossing:signals": "yes",
        "highway": "crossing"
      },
      "geometry": {
        "type": "Point",
        "coordinates": [
          -106.4128552,
          31.785589
        ]
      }
    },
    {
      "type": "Feature",
      "properties": {
        "id": 13633566756,
        "kind": "poi",
        "crossing": "traffic_signals",
        "crossing:markings": "zebra",
        "crossing:signals": "yes",
        "highway": "crossing"
      },
      "geometry": {
        "type": "Point",
        "coordinates": [
          -106.4129553,
          31.7857043
        ]
      }
    },
    {
      "type": "Feature",
      "properties": {
        "id": 13633566757,
        "kind": "poi",
        "crossing": "traffic_signals",
        "crossing:markings": "zebra",
        "crossing:signals": "yes",
        "highway": "crossing"
      },
      "geometry": {
        "type": "Point",
        "coordinates": [
          -106.4128971,
          31.7858734
        ]
      }
    },
    {
      "type": "Feature",
      "properties": {
        "id": 13633566776,
        "kind": "poi",
        "highway": "crossing"
      },
      "geometry": {
        "type": "Point",
        "coordinates": [
          -106.413103,
          31.7856841
        ]
      }
    },
    {
      "type": "Feature",
      "properties": {
        "id": 13633566777,
        "kind": "poi",
        "highway": "crossing"
      },
      "geometry": {
        "type": "Point",
        "coordinates": [
          -106.4133467,
          31.7855343
        ]
      }
    },
    {
      "type": "Feature",
      "properties": {
        "id": 13633566778,
        "kind": "poi",
        "highway": "crossing"
      },
      "geometry": {
        "type": "Point",
        "coordinates": [
          -106.4135526,
          31.7854132
        ]
      }
    },
    {
      "type": "Feature",
      "properties": {
        "id": 13633566779,
        "kind": "poi",
        "highway": "crossing"
      },
      "geometry": {
        "type": "Point",
        "coordinates": [
          -106.4138301,
          31.7852589
        ]
      }
    },
    {
      "type": "Feature",
      "properties": {
        "id": 13633566780,
        "kind": "poi",
        "highway": "crossing"
      },
      "geometry": {
        "type": "Point",
        "coordinates": [
          -106.4139865,
          31.7851792
        ]
      }
    },
    {
      "type": "Feature",
      "properties": {
        "id": 13633566781,
        "kind": "poi",
        "highway": "crossing"
      },
      "geometry": {
        "type": "Point",
        "coordinates": [
          -106.4141355,
          31.7851032
        ]
      }
    },
    {
      "type": "Feature",
      "properties": {
        "id": 13633566782,
        "kind": "poi",
        "highway": "crossing"
      },
      "geometry": {
        "type": "Point",
        "coordinates": [
          -106.4143598,
          31.784999
        ]
      }
    },
    {
      "type": "Feature",
      "properties": {
        "id": 13633566783,
        "kind": "poi",
        "highway": "crossing"
      },
      "geometry": {
        "type": "Point",
        "coordinates": [
          -106.4145202,
          31.7849261
        ]
      }
    },
    {
      "type": "Feature",
      "properties": {
        "id": 13633566785,
        "kind": "poi",
        "crossing": "unmarked",
        "crossing:markings": "no",
        "highway": "crossing"
      },
      "geometry": {
        "type": "Point",
        "coordinates": [
          -106.4150641,
          31.7847203
        ]
      }
    },
    {
      "type": "Feature",
      "properties": {
        "id": 13633566786,
        "kind": "poi",
        "highway": "crossing"
      },
      "geometry": {
        "type": "Point",
        "coordinates": [
          -106.4133084,
          31.78524
        ]
      }
    },
    {
      "type": "Feature",
      "properties": {
        "id": 13633582180,
        "kind": "poi",
        "highway": "crossing"
      },
      "geometry": {
        "type": "Point",
        "coordinates": [
          -106.4106504,
          31.7872737
        ]
      }
    },
    {
      "type": "Feature",
      "properties": {
        "id": 13633582181,
        "kind": "poi",
        "highway": "crossing"
      },
      "geometry": {
        "type": "Point",
        "coordinates": [
          -106.4109386,
          31.7870849
        ]
      }
    },
    {
      "type": "Feature",
      "properties": {
        "id": 13633582182,
        "kind": "poi",
        "highway": "crossing"
      },
      "geometry": {
        "type": "Point",
        "coordinates": [
          -106.4112393,
          31.7868912
        ]
      }
    },
    {
      "type": "Feature",
      "properties": {
        "id": 13633582183,
        "kind": "poi",
        "highway": "crossing"
      },
      "geometry": {
        "type": "Point",
        "coordinates": [
          -106.4121955,
          31.7862735
        ]
      }
    },
    {
      "type": "Feature",
      "properties": {
        "id": 13633582184,
        "kind": "poi",
        "highway": "crossing"
      },
      "geometry": {
        "type": "Point",
        "coordinates": [
          -106.4124325,
          31.7861169
        ]
      }
    },
    {
      "type": "Feature",
      "properties": {
        "id": 13633583808,
        "kind": "poi",
        "highway": "crossing"
      },
      "geometry": {
        "type": "Point",
        "coordinates": [
          -106.4130688,
          31.7859434
        ]
      }
    },
    {
      "type": "Feature",
      "properties": {
        "id": 13633583809,
        "kind": "poi",
        "highway": "crossing"
      },
      "geometry": {
        "type": "Point",
        "coordinates": [
          -106.4129243,
          31.7860899
        ]
      }
    },
    {
      "type": "Feature",
      "properties": {
        "id": 13633583810,
        "kind": "poi",
        "highway": "crossing"
      },
      "geometry": {
        "type": "Point",
        "coordinates": [
          -106.413164,
          31.7861587
        ]
      }
    },
    {
      "type": "Feature",
      "properties": {
        "id": 13633583811,
        "kind": "poi",
        "highway": "crossing"
      },
      "geometry": {
        "type": "Point",
        "coordinates": [
          -106.4132277,
          31.7863963
        ]
      }
    },
    {
      "type": "Feature",
      "properties": {
        "id": 13633583812,
        "kind": "poi",
        "highway": "crossing"
      },
      "geometry": {
        "type": "Point",
        "coordinates": [
          -106.4132922,
          31.7866555
        ]
      }
    },
    {
      "type": "Feature",
      "properties": {
        "id": 13633583814,
        "kind": "poi",
        "crossing": "uncontrolled",
        "crossing:markings": "zebra",
        "crossing:signals": "no",
        "highway": "crossing"
      },
      "geometry": {
        "type": "Point",
        "coordinates": [
          -106.4135544,
          31.7876913
        ]
      }
    },
    {
      "type": "Feature",
      "properties": {
        "id": 13633583815,
        "kind": "poi",
        "highway": "crossing"
      },
      "geometry": {
        "type": "Point",
        "coordinates": [
          -106.4134469,
          31.788082
        ]
      }
    },
    {
      "type": "Feature",
      "properties": {
        "id": 13633583816,
        "kind": "poi",
        "highway": "crossing"
      },
      "geometry": {
        "type": "Point",
        "coordinates": [
          -106.4136382,
          31.7888797
        ]
      }
    },
    {
      "type": "Feature",
      "properties": {
        "id": 13633583818,
        "kind": "poi",
        "highway": "crossing"
      },
      "geometry": {
        "type": "Point",
        "coordinates": [
          -106.4138024,
          31.7887336
        ]
      }
    },
    {
      "type": "Feature",
      "properties": {
        "id": 13633583819,
        "kind": "poi",
        "highway": "crossing"
      },
      "geometry": {
        "type": "Point",
        "coordinates": [
          -106.4136665,
          31.7881492
        ]
      }
    },
    {
      "type": "Feature",
      "properties": {
        "id": 13633583826,
        "kind": "poi",
        "crossing": "traffic_signals",
        "crossing:markings": "zebra",
        "crossing:signals": "yes",
        "highway": "crossing"
      },
      "geometry": {
        "type": "Point",
        "coordinates": [
          -106.4163483,
          31.7840435
        ]
      }
    },
    {
      "type": "Feature",
      "properties": {
        "id": 13633583827,
        "kind": "poi",
        "crossing": "traffic_signals",
        "crossing:markings": "zebra",
        "crossing:signals": "yes",
        "highway": "crossing"
      },
      "geometry": {
        "type": "Point",
        "coordinates": [
          -106.4164183,
          31.7841992
        ]
      }
    },
    {
      "type": "Feature",
      "properties": {
        "id": 13633583830,
        "kind": "poi",
        "crossing": "unmarked",
        "crossing:markings": "no",
        "highway": "crossing"
      },
      "geometry": {
        "type": "Point",
        "coordinates": [
          -106.4158456,
          31.784157
        ]
      }
    },
    {
      "type": "Feature",
      "properties": {
        "id": 13633583831,
        "kind": "poi",
        "highway": "crossing"
      },
      "geometry": {
        "type": "Point",
        "coordinates": [
          -106.4157137,
          31.7844971
        ]
      }
    },
    {
      "type": "Feature",
      "properties": {
        "id": 13633584490,
        "kind": "poi",
        "crossing": "traffic_signals",
        "crossing:markings": "lines",
        "crossing:signals": "yes",
        "highway": "crossing"
      },
      "geometry": {
        "type": "Point",
        "coordinates": [
          -106.4614074,
          31.796715
        ]
      }
    },
    {
      "type": "Feature",
      "properties": {
        "id": 13633584493,
        "kind": "poi",
        "crossing": "traffic_signals",
        "crossing:markings": "lines",
        "crossing:signals": "yes",
        "highway": "crossing"
      },
      "geometry": {
        "type": "Point",
        "coordinates": [
          -106.4614065,
          31.7968862
        ]
      }
    },
    {
      "type": "Feature",
      "properties": {
        "id": 13633584496,
        "kind": "poi",
        "crossing": "unmarked",
        "crossing:markings": "no",
        "highway": "crossing"
      },
      "geometry": {
        "type": "Point",
        "coordinates": [
          -106.4599097,
          31.7968815
        ]
      }
    },
    {
      "type": "Feature",
      "properties": {
        "id": 13633597788,
        "kind": "poi",
        "highway": "crossing"
      },
      "geometry": {
        "type": "Point",
        "coordinates": [
          -106.4082696,
          31.7885769
        ]
      }
    },
    {
      "type": "Feature",
      "properties": {
        "id": 13633597789,
        "kind": "poi",
        "highway": "crossing"
      },
      "geometry": {
        "type": "Point",
        "coordinates": [
          -106.4078062,
          31.7888752
        ]
      }
    },
    {
      "type": "Feature",
      "properties": {
        "id": 13633597791,
        "kind": "poi",
        "highway": "crossing"
      },
      "geometry": {
        "type": "Point",
        "coordinates": [
          -106.4065689,
          31.7896785
        ]
      }
    },
    {
      "type": "Feature",
      "properties": {
        "id": 13633597792,
        "kind": "poi",
        "highway": "crossing"
      },
      "geometry": {
        "type": "Point",
        "coordinates": [
          -106.4068353,
          31.7895083
        ]
      }
    },
    {
      "type": "Feature",
      "properties": {
        "id": 13633597793,
        "kind": "poi",
        "highway": "crossing"
      },
      "geometry": {
        "type": "Point",
        "coordinates": [
          -106.4073483,
          31.7891805
        ]
      }
    },
    {
      "type": "Feature",
      "properties": {
        "id": 13633597794,
        "kind": "poi",
        "highway": "crossing"
      },
      "geometry": {
        "type": "Point",
        "coordinates": [
          -106.4080833,
          31.7882556
        ]
      }
    },
    {
      "type": "Feature",
      "properties": {
        "id": 13633597795,
        "kind": "poi",
        "highway": "crossing"
      },
      "geometry": {
        "type": "Point",
        "coordinates": [
          -106.4075262,
          31.7883291
        ]
      }
    },
    {
      "type": "Feature",
      "properties": {
        "id": 13633597796,
        "kind": "poi",
        "highway": "crossing"
      },
      "geometry": {
        "type": "Point",
        "coordinates": [
          -106.4068741,
          31.7884161
        ]
      }
    },
    {
      "type": "Feature",
      "properties": {
        "id": 13633597797,
        "kind": "poi",
        "highway": "crossing"
      },
      "geometry": {
        "type": "Point",
        "coordinates": [
          -106.4065665,
          31.7884572
        ]
      }
    },
    {
      "type": "Feature",
      "properties": {
        "id": 13633597798,
        "kind": "poi",
        "highway": "crossing"
      },
      "geometry": {
        "type": "Point",
        "coordinates": [
          -106.4062633,
          31.7884975
        ]
      }
    },
    {
      "type": "Feature",
      "properties": {
        "id": 13633597799,
        "kind": "poi",
        "highway": "crossing"
      },
      "geometry": {
        "type": "Point",
        "coordinates": [
          -106.4066389,
          31.7881868
        ]
      }
    },
    {
      "type": "Feature",
      "properties": {
        "id": 13633597800,
        "kind": "poi",
        "highway": "crossing"
      },
      "geometry": {
        "type": "Point",
        "coordinates": [
          -106.4056056,
          31.7883225
        ]
      }
    },
    {
      "type": "Feature",
      "properties": {
        "id": 13633608301,
        "kind": "poi",
        "highway": "crossing"
      },
      "geometry": {
        "type": "Point",
        "coordinates": [
          -106.4064679,
          31.7882094
        ]
      }
    },
    {
      "type": "Feature",
      "properties": {
        "id": 13633608304,
        "kind": "poi",
        "crossing": "unmarked",
        "crossing:markings": "no",
        "highway": "crossing"
      },
      "geometry": {
        "type": "Point",
        "coordinates": [
          -106.4057348,
          31.7885674
        ]
      }
    },
    {
      "type": "Feature",
      "properties": {
        "id": 13633608305,
        "kind": "poi",
        "highway": "crossing"
      },
      "geometry": {
        "type": "Point",
        "coordinates": [
          -106.4042316,
          31.7887664
        ]
      }
    },
    {
      "type": "Feature",
      "properties": {
        "id": 13633608306,
        "kind": "poi",
        "highway": "crossing"
      },
      "geometry": {
        "type": "Point",
        "coordinates": [
          -106.4041802,
          31.788505
        ]
      }
    },
    {
      "type": "Feature",
      "properties": {
        "id": 13633608307,
        "kind": "poi",
        "highway": "crossing"
      },
      "geometry": {
        "type": "Point",
        "coordinates": [
          -106.4035558,
          31.7885859
        ]
      }
    },
    {
      "type": "Feature",
      "properties": {
        "id": 13633608308,
        "kind": "poi",
        "highway": "crossing"
      },
      "geometry": {
        "type": "Point",
        "coordinates": [
          -106.4033038,
          31.7886185
        ]
      }
    },
    {
      "type": "Feature",
      "properties": {
        "id": 13633608309,
        "kind": "poi",
        "highway": "crossing"
      },
      "geometry": {
        "type": "Point",
        "coordinates": [
          -106.403365,
          31.7888818
        ]
      }
    },
    {
      "type": "Feature",
      "properties": {
        "id": 13633608311,
        "kind": "poi",
        "crossing": "traffic_signals",
        "crossing:markings": "lines",
        "crossing:signals": "yes",
        "highway": "crossing"
      },
      "geometry": {
        "type": "Point",
        "coordinates": [
          -106.4028773,
          31.7887388
        ]
      }
    },
    {
      "type": "Feature",
      "properties": {
        "id": 13633608312,
        "kind": "poi",
        "crossing": "traffic_signals",
        "crossing:markings": "lines",
        "crossing:signals": "yes",
        "highway": "crossing"
      },
      "geometry": {
        "type": "Point",
        "coordinates": [
          -106.4028971,
          31.7888811
        ]
      }
    },
    {
      "type": "Feature",
      "properties": {
        "id": 13633611705,
        "kind": "poi",
        "crossing": "unmarked",
        "crossing:markings": "no",
        "highway": "crossing"
      },
      "geometry": {
        "type": "Point",
        "coordinates": [
          -106.4568728,
          31.7968745
        ]
      }
    },
    {
      "type": "Feature",
      "properties": {
        "id": 13633611706,
        "kind": "poi",
        "crossing": "unmarked",
        "crossing:markings": "no",
        "highway": "crossing"
      },
      "geometry": {
        "type": "Point",
        "coordinates": [
          -106.4583767,
          31.7968748
        ]
      }
    },
    {
      "type": "Feature",
      "properties": {
        "id": 13633611714,
        "kind": "poi",
        "crossing": "unmarked",
        "crossing:markings": "no",
        "highway": "crossing"
      },
      "geometry": {
        "type": "Point",
        "coordinates": [
          -106.4599093,
          31.7966249
        ]
      }
    },
    {
      "type": "Feature",
      "properties": {
        "id": 13633611716,
        "kind": "poi",
        "crossing": "unmarked",
        "crossing:markings": "no",
        "highway": "crossing"
      },
      "geometry": {
        "type": "Point",
        "coordinates": [
          -106.4583787,
          31.7966195
        ]
      }
    },
    {
      "type": "Feature",
      "properties": {
        "id": 13633611726,
        "kind": "poi",
        "highway": "crossing"
      },
      "geometry": {
        "type": "Point",
        "coordinates": [
          -106.4542758,
          31.7966672
        ]
      }
    },
    {
      "type": "Feature",
      "properties": {
        "id": 13633611727,
        "kind": "poi",
        "highway": "crossing"
      },
      "geometry": {
        "type": "Point",
        "coordinates": [
          -106.4547392,
          31.7966095
        ]
      }
    },
    {
      "type": "Feature",
      "properties": {
        "id": 13633611729,
        "kind": "poi",
        "crossing": "unmarked",
        "crossing:markings": "no",
        "highway": "crossing"
      },
      "geometry": {
        "type": "Point",
        "coordinates": [
          -106.454125,
          31.7967291
        ]
      }
    },
    {
      "type": "Feature",
      "properties": {
        "id": 13633611733,
        "kind": "poi",
        "highway": "crossing"
      },
      "geometry": {
        "type": "Point",
        "coordinates": [
          -106.4542869,
          31.796798
        ]
      }
    },
    {
      "type": "Feature",
      "properties": {
        "id": 13633611738,
        "kind": "poi",
        "crossing": "unmarked",
        "crossing:markings": "no",
        "highway": "crossing"
      },
      "geometry": {
        "type": "Point",
        "coordinates": [
          -106.4600624,
          31.7967537
        ]
      }
    },
    {
      "type": "Feature",
      "properties": {
        "id": 13633611746,
        "kind": "poi",
        "crossing": "unmarked",
        "crossing:markings": "no",
        "highway": "crossing"
      },
      "geometry": {
        "type": "Point",
        "coordinates": [
          -106.4597249,
          31.7967529
        ]
      }
    },
    {
      "type": "Feature",
      "properties": {
        "id": 13633611752,
        "kind": "poi",
        "crossing": "unmarked",
        "crossing:markings": "no",
        "highway": "crossing"
      },
      "geometry": {
        "type": "Point",
        "coordinates": [
          -106.4570334,
          31.7967417
        ]
      }
    },
    {
      "type": "Feature",
      "properties": {
        "id": 13633611761,
        "kind": "poi",
        "crossing": "unmarked",
        "crossing:markings": "no",
        "highway": "crossing"
      },
      "geometry": {
        "type": "Point",
        "coordinates": [
          -106.4568728,
          31.7966018
        ]
      }
    },
    {
      "type": "Feature",
      "properties": {
        "id": 13633611769,
        "kind": "poi",
        "crossing": "unmarked",
        "crossing:markings": "no",
        "highway": "crossing"
      },
      "geometry": {
        "type": "Point",
        "coordinates": [
          -106.4567018,
          31.7967406
        ]
      }
    },
    {
      "type": "Feature",
      "properties": {
        "id": 13633614736,
        "kind": "poi",
        "crossing": "unmarked",
        "crossing:markings": "no",
        "highway": "crossing"
      },
      "geometry": {
        "type": "Point",
        "coordinates": [
          -106.4068502,
          31.7896976
        ]
      }
    },
    {
      "type": "Feature",
      "properties": {
        "id": 13633614738,
        "kind": "poi",
        "crossing": "unmarked",
        "crossing:markings": "no",
        "highway": "crossing"
      },
      "geometry": {
        "type": "Point",
        "coordinates": [
          -106.4077286,
          31.7891261
        ]
      }
    },
    {
      "type": "Feature",
      "properties": {
        "id": 13633614739,
        "kind": "poi",
        "highway": "crossing"
      },
      "geometry": {
        "type": "Point",
        "coordinates": [
          -106.4078987,
          31.7890083
        ]
      }
    },
    {
      "type": "Feature",
      "properties": {
        "id": 13633614740,
        "kind": "poi",
        "highway": "crossing"
      },
      "geometry": {
        "type": "Point",
        "coordinates": [
          -106.408443,
          31.7886683
        ]
      }
    },
    {
      "type": "Feature",
      "properties": {
        "id": 13633614741,
        "kind": "poi",
        "highway": "crossing"
      },
      "geometry": {
        "type": "Point",
        "coordinates": [
          -106.408919,
          31.7883615
        ]
      }
    },
    {
      "type": "Feature",
      "properties": {
        "id": 13633633084,
        "kind": "poi",
        "crossing": "unmarked",
        "crossing:markings": "no",
        "highway": "crossing"
      },
      "geometry": {
        "type": "Point",
        "coordinates": [
          -106.4800489,
          31.7573911
        ]
      }
    },
    {
      "type": "Feature",
      "properties": {
        "id": 13633633087,
        "kind": "poi",
        "crossing": "traffic_signals",
        "crossing:markings": "zebra",
        "crossing:signals": "yes",
        "highway": "crossing"
      },
      "geometry": {
        "type": "Point",
        "coordinates": [
          -106.4791558,
          31.7580176
        ]
      }
    },
    {
      "type": "Feature",
      "properties": {
        "id": 13633633099,
        "kind": "poi",
        "crossing": "traffic_signals",
        "crossing:markings": "zebra",
        "crossing:signals": "yes",
        "highway": "crossing"
      },
      "geometry": {
        "type": "Point",
        "coordinates": [
          -106.4789771,
          31.7578388
        ]
      }
    },
    {
      "type": "Feature",
      "properties": {
        "id": 13633633100,
        "kind": "poi",
        "crossing": "traffic_signals",
        "crossing:markings": "zebra",
        "crossing:signals": "yes",
        "highway": "crossing"
      },
      "geometry": {
        "type": "Point",
        "coordinates": [
          -106.4790099,
          31.7579865
        ]
      }
    },
    {
      "type": "Feature",
      "properties": {
        "id": 13633634110,
        "kind": "poi",
        "crossing": "uncontrolled",
        "crossing:markings": "lines",
        "crossing:signals": "no",
        "highway": "crossing"
      },
      "geometry": {
        "type": "Point",
        "coordinates": [
          -106.4918097,
          31.7749764
        ]
      }
    },
    {
      "type": "Feature",
      "properties": {
        "id": 13633634112,
        "kind": "poi",
        "highway": "crossing"
      },
      "geometry": {
        "type": "Point",
        "coordinates": [
          -106.4918875,
          31.7753038
        ]
      }
    },
    {
      "type": "Feature",
      "properties": {
        "id": 13633643191,
        "kind": "poi",
        "crossing": "traffic_signals",
        "crossing:markings": "zebra",
        "crossing:signals": "yes",
        "highway": "crossing"
      },
      "geometry": {
        "type": "Point",
        "coordinates": [
          -106.4810856,
          31.7568131
        ]
      }
    },
    {
      "type": "Feature",
      "properties": {
        "id": 13633643192,
        "kind": "poi",
        "crossing": "traffic_signals",
        "crossing:markings": "zebra",
        "crossing:signals": "yes",
        "highway": "crossing"
      },
      "geometry": {
        "type": "Point",
        "coordinates": [
          -106.4811411,
          31.7569778
        ]
      }
    },
    {
      "type": "Feature",
      "properties": {
        "id": 13633643193,
        "kind": "poi",
        "crossing": "traffic_signals",
        "crossing:markings": "zebra",
        "crossing:signals": "yes",
        "highway": "crossing"
      },
      "geometry": {
        "type": "Point",
        "coordinates": [
          -106.4810526,
          31.7570771
        ]
      }
    },
    {
      "type": "Feature",
      "properties": {
        "id": 13633643194,
        "kind": "poi",
        "crossing": "traffic_signals",
        "crossing:markings": "zebra",
        "crossing:signals": "yes",
        "highway": "crossing"
      },
      "geometry": {
        "type": "Point",
        "coordinates": [
          -106.4808857,
          31.7568646
        ]
      }
    },
    {
      "type": "Feature",
      "properties": {
        "id": 13633643195,
        "kind": "poi",
        "crossing": "traffic_signals",
        "crossing:markings": "zebra",
        "crossing:signals": "yes",
        "highway": "crossing"
      },
      "geometry": {
        "type": "Point",
        "coordinates": [
          -106.4809387,
          31.7570355
        ]
      }
    },
    {
      "type": "Feature",
      "properties": {
        "id": 13633643196,
        "kind": "poi",
        "crossing": "traffic_signals",
        "crossing:markings": "zebra",
        "crossing:signals": "yes",
        "highway": "crossing"
      },
      "geometry": {
        "type": "Point",
        "coordinates": [
          -106.480953,
          31.7567608
        ]
      }
    },
    {
      "type": "Feature",
      "properties": {
        "id": 13633644172,
        "kind": "poi",
        "crossing": "unmarked",
        "crossing:markings": "no",
        "highway": "crossing"
      },
      "geometry": {
        "type": "Point",
        "coordinates": [
          -106.4313975,
          31.7918634
        ]
      }
    },
    {
      "type": "Feature",
      "properties": {
        "id": 13633644174,
        "kind": "poi",
        "crossing": "unmarked",
        "crossing:markings": "no",
        "highway": "crossing"
      },
      "geometry": {
        "type": "Point",
        "coordinates": [
          -106.429237,
          31.7923922
        ]
      }
    },
    {
      "type": "Feature",
      "properties": {
        "id": 13633644175,
        "kind": "poi",
        "crossing": "unmarked",
        "crossing:markings": "no",
        "highway": "crossing"
      },
      "geometry": {
        "type": "Point",
        "coordinates": [
          -106.4266444,
          31.7915606
        ]
      }
    },
    {
      "type": "Feature",
      "properties": {
        "id": 13633644191,
        "kind": "poi",
        "crossing": "unmarked",
        "crossing:markings": "no",
        "highway": "crossing"
      },
      "geometry": {
        "type": "Point",
        "coordinates": [
          -106.4290712,
          31.7925298
        ]
      }
    },
    {
      "type": "Feature",
      "properties": {
        "id": 13633644192,
        "kind": "poi",
        "crossing": "unmarked",
        "crossing:markings": "no",
        "highway": "crossing"
      },
      "geometry": {
        "type": "Point",
        "coordinates": [
          -106.4290761,
          31.7925742
        ]
      }
    },
    {
      "type": "Feature",
      "properties": {
        "id": 13633644193,
        "kind": "poi",
        "crossing": "unmarked",
        "crossing:markings": "no",
        "highway": "crossing"
      },
      "geometry": {
        "type": "Point",
        "coordinates": [
          -106.4259654,
          31.7913276
        ]
      }
    },
    {
      "type": "Feature",
      "properties": {
        "id": 13633644975,
        "kind": "poi",
        "highway": "crossing"
      },
      "geometry": {
        "type": "Point",
        "coordinates": [
          -106.5067128,
          31.7780596
        ]
      }
    },
    {
      "type": "Feature",
      "properties": {
        "id": 13633644978,
        "kind": "poi",
        "crossing": "uncontrolled",
        "crossing:markings": "zebra",
        "crossing:signals": "no",
        "highway": "crossing"
      },
      "geometry": {
        "type": "Point",
        "coordinates": [
          -106.506575,
          31.7781526
        ]
      }
    },
    {
      "type": "Feature",
      "properties": {
        "id": 13633644984,
        "kind": "poi",
        "crossing": "uncontrolled",
        "crossing:markings": "zebra",
        "crossing:signals": "no",
        "highway": "crossing"
      },
      "geometry": {
        "type": "Point",
        "coordinates": [
          -106.509459,
          31.7734979
        ]
      }
    },
    {
      "type": "Feature",
      "properties": {
        "id": 13633644985,
        "kind": "poi",
        "highway": "crossing"
      },
      "geometry": {
        "type": "Point",
        "coordinates": [
          -106.5097935,
          31.7728057
        ]
      }
    },
    {
      "type": "Feature",
      "properties": {
        "id": 13633644986,
        "kind": "poi",
        "highway": "crossing"
      },
      "geometry": {
        "type": "Point",
        "coordinates": [
          -106.50986,
          31.7714097
        ]
      }
    },
    {
      "type": "Feature",
      "properties": {
        "id": 13633644987,
        "kind": "poi",
        "highway": "crossing"
      },
      "geometry": {
        "type": "Point",
        "coordinates": [
          -106.5095214,
          31.7708275
        ]
      }
    },
    {
      "type": "Feature",
      "properties": {
        "id": 13633644992,
        "kind": "poi",
        "crossing": "uncontrolled",
        "crossing:markings": "zebra",
        "crossing:signals": "no",
        "highway": "crossing"
      },
      "geometry": {
        "type": "Point",
        "coordinates": [
          -106.5093106,
          31.7708361
        ]
      }
    },
    {
      "type": "Feature",
      "properties": {
        "id": 13633644993,
        "kind": "poi",
        "crossing": "uncontrolled",
        "crossing:markings": "zebra",
        "crossing:signals": "no",
        "highway": "crossing"
      },
      "geometry": {
        "type": "Point",
        "coordinates": [
          -106.5094262,
          31.7707792
        ]
      }
    },
    {
      "type": "Feature",
      "properties": {
        "id": 13633644994,
        "kind": "poi",
        "crossing": "uncontrolled",
        "crossing:markings": "zebra",
        "crossing:signals": "no",
        "highway": "crossing"
      },
      "geometry": {
        "type": "Point",
        "coordinates": [
          -106.5092951,
          31.7709189
        ]
      }
    },
    {
      "type": "Feature",
      "properties": {
        "id": 13633648502,
        "kind": "poi",
        "crossing": "unmarked",
        "crossing:markings": "no",
        "highway": "crossing"
      },
      "geometry": {
        "type": "Point",
        "coordinates": [
          -106.4293502,
          31.7924757
        ]
      }
    },
    {
      "type": "Feature",
      "properties": {
        "id": 13633648503,
        "kind": "poi",
        "crossing": "unmarked",
        "crossing:markings": "no",
        "highway": "crossing"
      },
      "geometry": {
        "type": "Point",
        "coordinates": [
          -106.4293638,
          31.7925542
        ]
      }
    },
    {
      "type": "Feature",
      "properties": {
        "id": 13633671203,
        "kind": "poi",
        "crossing": "unmarked",
        "crossing:markings": "no",
        "highway": "crossing"
      },
      "geometry": {
        "type": "Point",
        "coordinates": [
          -106.481975,
          31.7565248
        ]
      }
    },
    {
      "type": "Feature",
      "properties": {
        "id": 13633671204,
        "kind": "poi",
        "crossing": "unmarked",
        "crossing:markings": "no",
        "highway": "crossing"
      },
      "geometry": {
        "type": "Point",
        "coordinates": [
          -106.4814707,
          31.756642
        ]
      }
    },
    {
      "type": "Feature",
      "properties": {
        "id": 13633671213,
        "kind": "poi",
        "crossing": "unmarked",
        "crossing:markings": "no",
        "highway": "crossing"
      },
      "geometry": {
        "type": "Point",
        "coordinates": [
          -106.4820577,
          31.7567831
        ]
      }
    },
    {
      "type": "Feature",
      "properties": {
        "id": 13633671215,
        "kind": "poi",
        "crossing": "traffic_signals",
        "crossing:markings": "zebra",
        "crossing:signals": "yes",
        "highway": "crossing"
      },
      "geometry": {
        "type": "Point",
        "coordinates": [
          -106.482913,
          31.7564804
        ]
      }
    },
    {
      "type": "Feature",
      "properties": {
        "id": 13633671216,
        "kind": "poi",
        "crossing": "traffic_signals",
        "crossing:markings": "zebra",
        "crossing:signals": "yes",
        "highway": "crossing"
      },
      "geometry": {
        "type": "Point",
        "coordinates": [
          -106.4828823,
          31.7563545
        ]
      }
    },
    {
      "type": "Feature",
      "properties": {
        "id": 13633673213,
        "kind": "poi",
        "crossing": "traffic_signals",
        "crossing:markings": "lines",
        "crossing:signals": "yes",
        "highway": "crossing"
      },
      "geometry": {
        "type": "Point",
        "coordinates": [
          -106.4018159,
          31.7602371
        ]
      }
    },
    {
      "type": "Feature",
      "properties": {
        "id": 13633673214,
        "kind": "poi",
        "crossing": "traffic_signals",
        "crossing:markings": "lines",
        "crossing:signals": "yes",
        "highway": "crossing"
      },
      "geometry": {
        "type": "Point",
        "coordinates": [
          -106.4016877,
          31.7602498
        ]
      }
    },
    {
      "type": "Feature",
      "properties": {
        "id": 13633673219,
        "kind": "poi",
        "crossing": "unmarked",
        "crossing:markings": "no",
        "highway": "crossing"
      },
      "geometry": {
        "type": "Point",
        "coordinates": [
          -106.4015464,
          31.7578118
        ]
      }
    },
    {
      "type": "Feature",
      "properties": {
        "id": 13633673220,
        "kind": "poi",
        "crossing": "unmarked",
        "crossing:markings": "no",
        "highway": "crossing"
      },
      "geometry": {
        "type": "Point",
        "coordinates": [
          -106.4015436,
          31.7578342
        ]
      }
    },
    {
      "type": "Feature",
      "properties": {
        "id": 13633673224,
        "kind": "poi",
        "crossing": "unmarked",
        "crossing:markings": "no",
        "highway": "crossing"
      },
      "geometry": {
        "type": "Point",
        "coordinates": [
          -106.4019151,
          31.7575528
        ]
      }
    },
    {
      "type": "Feature",
      "properties": {
        "id": 13633673225,
        "kind": "poi",
        "crossing": "unmarked",
        "crossing:markings": "no",
        "highway": "crossing"
      },
      "geometry": {
        "type": "Point",
        "coordinates": [
          -106.4017227,
          31.757559
        ]
      }
    },
    {
      "type": "Feature",
      "properties": {
        "id": 13633683201,
        "kind": "poi",
        "crossing": "traffic_signals",
        "crossing:markings": "zebra",
        "crossing:signals": "yes",
        "highway": "crossing"
      },
      "geometry": {
        "type": "Point",
        "coordinates": [
          -106.4790545,
          31.7576744
        ]
      }
    },
    {
      "type": "Feature",
      "properties": {
        "id": 13633683202,
        "kind": "poi",
        "crossing": "traffic_signals",
        "crossing:markings": "zebra",
        "crossing:signals": "yes",
        "highway": "crossing"
      },
      "geometry": {
        "type": "Point",
        "coordinates": [
          -106.4791958,
          31.7576844
        ]
      }
    },
    {
      "type": "Feature",
      "properties": {
        "id": 13633683203,
        "kind": "poi",
        "crossing": "traffic_signals",
        "crossing:markings": "zebra",
        "crossing:signals": "yes",
        "highway": "crossing"
      },
      "geometry": {
        "type": "Point",
        "coordinates": [
          -106.4792241,
          31.7578296
        ]
      }
    },
    {
      "type": "Feature",
      "properties": {
        "id": 13633684675,
        "kind": "poi",
        "crossing": "uncontrolled",
        "crossing:markings": "lines",
        "crossing:signals": "no",
        "highway": "crossing"
      },
      "geometry": {
        "type": "Point",
        "coordinates": [
          -106.4092071,
          31.7876745
        ]
      }
    },
    {
      "type": "Feature",
      "properties": {
        "id": 13633690509,
        "kind": "poi",
        "crossing": "unmarked",
        "crossing:markings": "no",
        "highway": "crossing"
      },
      "geometry": {
        "type": "Point",
        "coordinates": [
          -106.4804541,
          31.7568868
        ]
      }
    },
    {
      "type": "Feature",
      "properties": {
        "id": 13633690510,
        "kind": "poi",
        "crossing": "unmarked",
        "crossing:markings": "no",
        "highway": "crossing"
      },
      "geometry": {
        "type": "Point",
        "coordinates": [
          -106.4799444,
          31.7569968
        ]
      }
    },
    {
      "type": "Feature",
      "properties": {
        "id": 13633690517,
        "kind": "poi",
        "crossing": "unmarked",
        "crossing:markings": "no",
        "highway": "crossing"
      },
      "geometry": {
        "type": "Point",
        "coordinates": [
          -106.4788732,
          31.7572345
        ]
      }
    },
    {
      "type": "Feature",
      "properties": {
        "id": 13633690519,
        "kind": "poi",
        "crossing": "unmarked",
        "crossing:markings": "no",
        "highway": "crossing"
      },
      "geometry": {
        "type": "Point",
        "coordinates": [
          -106.4789559,
          31.7572191
        ]
      }
    },
    {
      "type": "Feature",
      "properties": {
        "id": 13633690520,
        "kind": "poi",
        "crossing": "unmarked",
        "crossing:markings": "no",
        "highway": "crossing"
      },
      "geometry": {
        "type": "Point",
        "coordinates": [
          -106.4778906,
          31.7574914
        ]
      }
    },
    {
      "type": "Feature",
      "properties": {
        "id": 13633690522,
        "kind": "poi",
        "crossing": "unmarked",
        "crossing:markings": "no",
        "highway": "crossing"
      },
      "geometry": {
        "type": "Point",
        "coordinates": [
          -106.4759638,
          31.7580239
        ]
      }
    },
    {
      "type": "Feature",
      "properties": {
        "id": 13633690523,
        "kind": "poi",
        "crossing": "unmarked",
        "crossing:markings": "no",
        "highway": "crossing"
      },
      "geometry": {
        "type": "Point",
        "coordinates": [
          -106.4768636,
          31.7577239
        ]
      }
    },
    {
      "type": "Feature",
      "properties": {
        "id": 13633690524,
        "kind": "poi",
        "crossing": "unmarked",
        "crossing:markings": "no",
        "highway": "crossing"
      },
      "geometry": {
        "type": "Point",
        "coordinates": [
          -106.4769131,
          31.7578842
        ]
      }
    },
    {
      "type": "Feature",
      "properties": {
        "id": 13633690525,
        "kind": "poi",
        "highway": "crossing"
      },
      "geometry": {
        "type": "Point",
        "coordinates": [
          -106.4764044,
          31.7580007
        ]
      }
    },
    {
      "type": "Feature",
      "properties": {
        "id": 13633690526,
        "kind": "poi",
        "highway": "crossing"
      },
      "geometry": {
        "type": "Point",
        "coordinates": [
          -106.4774232,
          31.7577547
        ]
      }
    },
    {
      "type": "Feature",
      "properties": {
        "id": 13633690527,
        "kind": "poi",
        "crossing": "unmarked",
        "crossing:markings": "no",
        "highway": "crossing"
      },
      "geometry": {
        "type": "Point",
        "coordinates": [
          -106.4779372,
          31.7576462
        ]
      }
    },
    {
      "type": "Feature",
      "properties": {
        "id": 13633690528,
        "kind": "poi",
        "highway": "crossing"
      },
      "geometry": {
        "type": "Point",
        "coordinates": [
          -106.4784602,
          31.7575284
        ]
      }
    },
    {
      "type": "Feature",
      "properties": {
        "id": 13633690529,
        "kind": "poi",
        "highway": "crossing"
      },
      "geometry": {
        "type": "Point",
        "coordinates": [
          -106.4787764,
          31.7574525
        ]
      }
    },
    {
      "type": "Feature",
      "properties": {
        "id": 13633690530,
        "kind": "poi",
        "crossing": "unmarked",
        "crossing:markings": "no",
        "highway": "crossing"
      },
      "geometry": {
        "type": "Point",
        "coordinates": [
          -106.4789741,
          31.7574062
        ]
      }
    },
    {
      "type": "Feature",
      "properties": {
        "id": 13633690531,
        "kind": "poi",
        "crossing": "uncontrolled",
        "crossing:markings": "lines",
        "crossing:signals": "no",
        "highway": "crossing"
      },
      "geometry": {
        "type": "Point",
        "coordinates": [
          -106.4790419,
          31.7573038
        ]
      }
    },
    {
      "type": "Feature",
      "properties": {
        "id": 13633690533,
        "kind": "poi",
        "crossing": "uncontrolled",
        "crossing:markings": "lines",
        "crossing:signals": "no",
        "highway": "crossing"
      },
      "geometry": {
        "type": "Point",
        "coordinates": [
          -106.4788451,
          31.7573487
        ]
      }
    },
    {
      "type": "Feature",
      "properties": {
        "id": 13633706021,
        "kind": "poi",
        "highway": "crossing"
      },
      "geometry": {
        "type": "Point",
        "coordinates": [
          -106.4003233,
          31.7892868
        ]
      }
    },
    {
      "type": "Feature",
      "properties": {
        "id": 13633706022,
        "kind": "poi",
        "highway": "crossing"
      },
      "geometry": {
        "type": "Point",
        "coordinates": [
          -106.4010574,
          31.7891881
        ]
      }
    },
    {
      "type": "Feature",
      "properties": {
        "id": 13633706023,
        "kind": "poi",
        "highway": "crossing"
      },
      "geometry": {
        "type": "Point",
        "coordinates": [
          -106.4015869,
          31.7891165
        ]
      }
    },
    {
      "type": "Feature",
      "properties": {
        "id": 13633706024,
        "kind": "poi",
        "highway": "crossing"
      },
      "geometry": {
        "type": "Point",
        "coordinates": [
          -106.4020933,
          31.7890505
        ]
      }
    },
    {
      "type": "Feature",
      "properties": {
        "id": 13633706025,
        "kind": "poi",
        "crossing": "traffic_signals",
        "crossing:markings": "lines",
        "crossing:signals": "yes",
        "highway": "crossing"
      },
      "geometry": {
        "type": "Point",
        "coordinates": [
          -106.4027938,
          31.7889593
        ]
      }
    },
    {
      "type": "Feature",
      "properties": {
        "id": 13633716426,
        "kind": "poi",
        "crossing": "unmarked",
        "crossing:markings": "no",
        "highway": "crossing"
      },
      "geometry": {
        "type": "Point",
        "coordinates": [
          -106.465847,
          31.818266
        ]
      }
    },
    {
      "type": "Feature",
      "properties": {
        "id": 13633716427,
        "kind": "poi",
        "highway": "crossing"
      },
      "geometry": {
        "type": "Point",
        "coordinates": [
          -106.4658447,
          31.8178248
        ]
      }
    },
    {
      "type": "Feature",
      "properties": {
        "id": 13633716428,
        "kind": "poi",
        "highway": "crossing"
      },
      "geometry": {
        "type": "Point",
        "coordinates": [
          -106.4658263,
          31.8168422
        ]
      }
    },
    {
      "type": "Feature",
      "properties": {
        "id": 13633716429,
        "kind": "poi",
        "highway": "crossing"
      },
      "geometry": {
        "type": "Point",
        "coordinates": [
          -106.4657916,
          31.8147121
        ]
      }
    },
    {
      "type": "Feature",
      "properties": {
        "id": 13633716430,
        "kind": "poi",
        "crossing": "traffic_signals",
        "crossing:markings": "zebra",
        "crossing:signals": "yes",
        "highway": "crossing"
      },
      "geometry": {
        "type": "Point",
        "coordinates": [
          -106.4658448,
          31.8140154
        ]
      }
    },
    {
      "type": "Feature",
      "properties": {
        "id": 13633716431,
        "kind": "poi",
        "crossing": "traffic_signals",
        "crossing:markings": "zebra",
        "crossing:signals": "yes",
        "highway": "crossing"
      },
      "geometry": {
        "type": "Point",
        "coordinates": [
          -106.4659889,
          31.8140131
        ]
      }
    },
    {
      "type": "Feature",
      "properties": {
        "id": 13633716432,
        "kind": "poi",
        "highway": "crossing"
      },
      "geometry": {
        "type": "Point",
        "coordinates": [
          -106.4660629,
          31.8143588
        ]
      }
    },
    {
      "type": "Feature",
      "properties": {
        "id": 13633716435,
        "kind": "poi",
        "highway": "crossing"
      },
      "geometry": {
        "type": "Point",
        "coordinates": [
          -106.4660583,
          31.8141108
        ]
      }
    },
    {
      "type": "Feature",
      "properties": {
        "id": 13633816118,
        "kind": "poi",
        "crossing": "uncontrolled",
        "crossing:markings": "zebra",
        "crossing:signals": "no",
        "highway": "crossing"
      },
      "geometry": {
        "type": "Point",
        "coordinates": [
          -106.4067422,
          31.7796539
        ]
      }
    },
    {
      "type": "Feature",
      "properties": {
        "id": 13633816119,
        "kind": "poi",
        "highway": "crossing"
      },
      "geometry": {
        "type": "Point",
        "coordinates": [
          -106.4071784,
          31.783307
        ]
      }
    },
    {
      "type": "Feature",
      "properties": {
        "id": 13633816120,
        "kind": "poi",
        "highway": "crossing"
      },
      "geometry": {
        "type": "Point",
        "coordinates": [
          -106.4071481,
          31.783164
        ]
      }
    },
    {
      "type": "Feature",
      "properties": {
        "id": 13633816121,
        "kind": "poi",
        "highway": "crossing"
      },
      "geometry": {
        "type": "Point",
        "coordinates": [
          -106.4071177,
          31.7830204
        ]
      }
    },
    {
      "type": "Feature",
      "properties": {
        "id": 13633816122,
        "kind": "poi",
        "highway": "crossing"
      },
      "geometry": {
        "type": "Point",
        "coordinates": [
          -106.4070926,
          31.7829015
        ]
      }
    },
    {
      "type": "Feature",
      "properties": {
        "id": 13633816123,
        "kind": "poi",
        "highway": "crossing"
      },
      "geometry": {
        "type": "Point",
        "coordinates": [
          -106.4073918,
          31.7828396
        ]
      }
    },
    {
      "type": "Feature",
      "properties": {
        "id": 13633816124,
        "kind": "poi",
        "highway": "crossing"
      },
      "geometry": {
        "type": "Point",
        "coordinates": [
          -106.4073723,
          31.7827381
        ]
      }
    },
    {
      "type": "Feature",
      "properties": {
        "id": 13633816125,
        "kind": "poi",
        "highway": "crossing"
      },
      "geometry": {
        "type": "Point",
        "coordinates": [
          -106.4070131,
          31.7824985
        ]
      }
    },
    {
      "type": "Feature",
      "properties": {
        "id": 13633816126,
        "kind": "poi",
        "crossing": "traffic_signals",
        "crossing:markings": "zebra",
        "crossing:signals": "yes",
        "highway": "crossing"
      },
      "geometry": {
        "type": "Point",
        "coordinates": [
          -106.4069081,
          31.7819425
        ]
      }
    },
    {
      "type": "Feature",
      "properties": {
        "id": 13633816131,
        "kind": "poi",
        "crossing": "traffic_signals",
        "crossing:markings": "zebra",
        "crossing:signals": "yes",
        "highway": "crossing"
      },
      "geometry": {
        "type": "Point",
        "coordinates": [
          -106.4071627,
          31.7820026
        ]
      }
    },
    {
      "type": "Feature",
      "properties": {
        "id": 13633816132,
        "kind": "poi",
        "crossing": "traffic_signals",
        "crossing:markings": "zebra",
        "crossing:signals": "yes",
        "highway": "crossing"
      },
      "geometry": {
        "type": "Point",
        "coordinates": [
          -106.4070053,
          31.7820308
        ]
      }
    },
    {
      "type": "Feature",
      "properties": {
        "id": 13633816135,
        "kind": "poi",
        "crossing": "uncontrolled",
        "crossing:markings": "zebra",
        "crossing:signals": "no",
        "highway": "crossing"
      },
      "geometry": {
        "type": "Point",
        "coordinates": [
          -106.4073057,
          31.7819846
        ]
      }
    },
    {
      "type": "Feature",
      "properties": {
        "id": 13633816137,
        "kind": "poi",
        "crossing": "traffic_signals",
        "crossing:markings": "zebra",
        "crossing:signals": "yes",
        "highway": "crossing"
      },
      "geometry": {
        "type": "Point",
        "coordinates": [
          -106.4071107,
          31.7812695
        ]
      }
    },
    {
      "type": "Feature",
      "properties": {
        "id": 13633816140,
        "kind": "poi",
        "crossing": "traffic_signals",
        "crossing:markings": "zebra",
        "crossing:signals": "yes",
        "highway": "crossing"
      },
      "geometry": {
        "type": "Point",
        "coordinates": [
          -106.4068208,
          31.7813085
        ]
      }
    },
    {
      "type": "Feature",
      "properties": {
        "id": 13633816143,
        "kind": "poi",
        "crossing": "traffic_signals",
        "crossing:markings": "zebra",
        "crossing:signals": "yes",
        "highway": "crossing"
      },
      "geometry": {
        "type": "Point",
        "coordinates": [
          -106.4068792,
          31.78123
        ]
      }
    },
    {
      "type": "Feature",
      "properties": {
        "id": 13633816144,
        "kind": "poi",
        "crossing": "traffic_signals",
        "crossing:markings": "zebra",
        "crossing:signals": "yes",
        "highway": "crossing"
      },
      "geometry": {
        "type": "Point",
        "coordinates": [
          -106.4070117,
          31.7812139
        ]
      }
    },
    {
      "type": "Feature",
      "properties": {
        "id": 13633816150,
        "kind": "poi",
        "highway": "crossing"
      },
      "geometry": {
        "type": "Point",
        "coordinates": [
          -106.4070672,
          31.7810934
        ]
      }
    },
    {
      "type": "Feature",
      "properties": {
        "id": 13633816151,
        "kind": "poi",
        "highway": "crossing"
      },
      "geometry": {
        "type": "Point",
        "coordinates": [
          -106.4067989,
          31.7811448
        ]
      }
    },
    {
      "type": "Feature",
      "properties": {
        "id": 13633816152,
        "kind": "poi",
        "highway": "crossing"
      },
      "geometry": {
        "type": "Point",
        "coordinates": [
          -106.4067524,
          31.7808882
        ]
      }
    },
    {
      "type": "Feature",
      "properties": {
        "id": 13633816153,
        "kind": "poi",
        "highway": "crossing"
      },
      "geometry": {
        "type": "Point",
        "coordinates": [
          -106.407021,
          31.780882
        ]
      }
    },
    {
      "type": "Feature",
      "properties": {
        "id": 13633816154,
        "kind": "poi",
        "highway": "crossing"
      },
      "geometry": {
        "type": "Point",
        "coordinates": [
          -106.4067289,
          31.780766
        ]
      }
    },
    {
      "type": "Feature",
      "properties": {
        "id": 13633816155,
        "kind": "poi",
        "crossing": "uncontrolled",
        "crossing:markings": "zebra",
        "crossing:signals": "no",
        "highway": "crossing"
      },
      "geometry": {
        "type": "Point",
        "coordinates": [
          -106.4069285,
          31.7804085
        ]
      }
    },
    {
      "type": "Feature",
      "properties": {
        "id": 13633816158,
        "kind": "poi",
        "crossing": "unmarked",
        "crossing:markings": "no",
        "highway": "crossing"
      },
      "geometry": {
        "type": "Point",
        "coordinates": [
          -106.406677,
          31.7804434
        ]
      }
    },
    {
      "type": "Feature",
      "properties": {
        "id": 13633816159,
        "kind": "poi",
        "highway": "crossing"
      },
      "geometry": {
        "type": "Point",
        "coordinates": [
          -106.4068514,
          31.7800124
        ]
      }
    },
    {
      "type": "Feature",
      "properties": {
        "id": 13633816161,
        "kind": "poi",
        "crossing": "uncontrolled",
        "crossing:markings": "zebra",
        "crossing:signals": "no",
        "highway": "crossing"
      },
      "geometry": {
        "type": "Point",
        "coordinates": [
          -106.406869,
          31.7796149
        ]
      }
    },
    {
      "type": "Feature",
      "properties": {
        "id": 13633816163,
        "kind": "poi",
        "crossing": "traffic_signals",
        "crossing:markings": "zebra",
        "crossing:signals": "yes",
        "highway": "crossing"
      },
      "geometry": {
        "type": "Point",
        "coordinates": [
          -106.4072428,
          31.7818913
        ]
      }
    },
    {
      "type": "Feature",
      "properties": {
        "id": 13633816172,
        "kind": "poi",
        "crossing": "unmarked",
        "crossing:markings": "no",
        "highway": "crossing"
      },
      "geometry": {
        "type": "Point",
        "coordinates": [
          -106.4061573,
          31.7821392
        ]
      }
    },
    {
      "type": "Feature",
      "properties": {
        "id": 13633816173,
        "kind": "poi",
        "highway": "crossing"
      },
      "geometry": {
        "type": "Point",
        "coordinates": [
          -106.404619,
          31.7823656
        ]
      }
    },
    {
      "type": "Feature",
      "properties": {
        "id": 13633816174,
        "kind": "poi",
        "highway": "crossing"
      },
      "geometry": {
        "type": "Point",
        "coordinates": [
          -106.4045634,
          31.7823751
        ]
      }
    },
    {
      "type": "Feature",
      "properties": {
        "id": 13636474249,
        "kind": "poi",
        "crossing": "traffic_signals",
        "crossing:markings": "no",
        "crossing:signals": "yes",
        "highway": "crossing"
      },
      "geometry": {
        "type": "Point",
        "coordinates": [
          -106.4657798,
          31.8139494
        ]
      }
    },
    {
      "type": "Feature",
      "properties": {
        "id": 13636474250,
        "kind": "poi",
        "crossing": "unmarked",
        "crossing:markings": "no",
        "highway": "crossing"
      },
      "geometry": {
        "type": "Point",
        "coordinates": [
          -106.4660791,
          31.8139433
        ]
      }
    },
    {
      "type": "Feature",
      "properties": {
        "id": 13636474254,
        "kind": "poi",
        "crossing": "uncontrolled",
        "crossing:markings": "lines",
        "crossing:signals": "no",
        "highway": "crossing"
      },
      "geometry": {
        "type": "Point",
        "coordinates": [
          -106.466053,
          31.8119961
        ]
      }
    },
    {
      "type": "Feature",
      "properties": {
        "id": 13636474255,
        "kind": "poi",
        "crossing": "uncontrolled",
        "crossing:markings": "lines",
        "crossing:signals": "no",
        "highway": "crossing"
      },
      "geometry": {
        "type": "Point",
        "coordinates": [
          -106.4660477,
          31.8118719
        ]
      }
    },
    {
      "type": "Feature",
      "properties": {
        "id": 13636474264,
        "kind": "poi",
        "crossing": "unmarked",
        "crossing:markings": "no",
        "highway": "crossing"
      },
      "geometry": {
        "type": "Point",
        "coordinates": [
          -106.4659891,
          31.8105507
        ]
      }
    },
    {
      "type": "Feature",
      "properties": {
        "id": 13636474266,
        "kind": "poi",
        "crossing": "unmarked",
        "crossing:markings": "no",
        "highway": "crossing"
      },
      "geometry": {
        "type": "Point",
        "coordinates": [
          -106.4657969,
          31.8105498
        ]
      }
    },
    {
      "type": "Feature",
      "properties": {
        "id": 13636474267,
        "kind": "poi",
        "highway": "crossing"
      },
      "geometry": {
        "type": "Point",
        "coordinates": [
          -106.4657959,
          31.8101047
        ]
      }
    },
    {
      "type": "Feature",
      "properties": {
        "id": 13636474268,
        "kind": "poi",
        "highway": "crossing"
      },
      "geometry": {
        "type": "Point",
        "coordinates": [
          -106.4659879,
          31.8101057
        ]
      }
    },
    {
      "type": "Feature",
      "properties": {
        "id": 13636474271,
        "kind": "poi",
        "crossing": "traffic_signals",
        "crossing:markings": "lines",
        "crossing:signals": "yes",
        "highway": "crossing"
      },
      "geometry": {
        "type": "Point",
        "coordinates": [
          -106.4658817,
          31.8097143
        ]
      }
    },
    {
      "type": "Feature",
      "properties": {
        "id": 13636474298,
        "kind": "poi",
        "crossing": "uncontrolled",
        "crossing:markings": "zebra",
        "crossing:signals": "no",
        "highway": "crossing"
      },
      "geometry": {
        "type": "Point",
        "coordinates": [
          -106.4645789,
          31.8139488
        ]
      }
    },
    {
      "type": "Feature",
      "properties": {
        "id": 13636587527,
        "kind": "poi",
        "highway": "crossing"
      },
      "geometry": {
        "type": "Point",
        "coordinates": [
          -106.4766297,
          31.7587326
        ]
      }
    },
    {
      "type": "Feature",
      "properties": {
        "id": 13636587528,
        "kind": "poi",
        "highway": "crossing"
      },
      "geometry": {
        "type": "Point",
        "coordinates": [
          -106.4776484,
          31.7584843
        ]
      }
    },
    {
      "type": "Feature",
      "properties": {
        "id": 13636587529,
        "kind": "poi",
        "highway": "crossing"
      },
      "geometry": {
        "type": "Point",
        "coordinates": [
          -106.4789198,
          31.7578337
        ]
      }
    },
    {
      "type": "Feature",
      "properties": {
        "id": 13636587530,
        "kind": "poi",
        "highway": "crossing"
      },
      "geometry": {
        "type": "Point",
        "coordinates": [
          -106.4787215,
          31.75798
        ]
      }
    },
    {
      "type": "Feature",
      "properties": {
        "id": 13636587531,
        "kind": "poi",
        "highway": "crossing"
      },
      "geometry": {
        "type": "Point",
        "coordinates": [
          -106.4786154,
          31.7580524
        ]
      }
    },
    {
      "type": "Feature",
      "properties": {
        "id": 13636587532,
        "kind": "poi",
        "crossing": "unmarked",
        "crossing:markings": "no",
        "highway": "crossing"
      },
      "geometry": {
        "type": "Point",
        "coordinates": [
          -106.4781519,
          31.7583226
        ]
      }
    },
    {
      "type": "Feature",
      "properties": {
        "id": 13636587533,
        "kind": "poi",
        "crossing": "unmarked",
        "crossing:markings": "no",
        "highway": "crossing"
      },
      "geometry": {
        "type": "Point",
        "coordinates": [
          -106.4771393,
          31.7586063
        ]
      }
    },
    {
      "type": "Feature",
      "properties": {
        "id": 13636587534,
        "kind": "poi",
        "crossing": "unmarked",
        "crossing:markings": "no",
        "highway": "crossing"
      },
      "geometry": {
        "type": "Point",
        "coordinates": [
          -106.4761293,
          31.7588523
        ]
      }
    },
    {
      "type": "Feature",
      "properties": {
        "id": 13636587535,
        "kind": "poi",
        "highway": "crossing"
      },
      "geometry": {
        "type": "Point",
        "coordinates": [
          -106.4756209,
          31.7589875
        ]
      }
    },
    {
      "type": "Feature",
      "properties": {
        "id": 13636587536,
        "kind": "poi",
        "crossing": "unmarked",
        "crossing:markings": "no",
        "highway": "crossing"
      },
      "geometry": {
        "type": "Point",
        "coordinates": [
          -106.4751047,
          31.7591255
        ]
      }
    },
    {
      "type": "Feature",
      "properties": {
        "id": 13636587549,
        "kind": "poi",
        "crossing": "unmarked",
        "crossing:markings": "no",
        "highway": "crossing"
      },
      "geometry": {
        "type": "Point",
        "coordinates": [
          -106.4016241,
          31.784543
        ]
      }
    },
    {
      "type": "Feature",
      "properties": {
        "id": 13636587550,
        "kind": "poi",
        "crossing": "unmarked",
        "crossing:markings": "no",
        "highway": "crossing"
      },
      "geometry": {
        "type": "Point",
        "coordinates": [
          -106.4014545,
          31.784555
        ]
      }
    },
    {
      "type": "Feature",
      "properties": {
        "id": 13636587551,
        "kind": "poi",
        "crossing": "traffic_signals",
        "crossing:markings": "lines",
        "crossing:signals": "yes",
        "highway": "crossing"
      },
      "geometry": {
        "type": "Point",
        "coordinates": [
          -106.4014557,
          31.7840938
        ]
      }
    },
    {
      "type": "Feature",
      "properties": {
        "id": 13636587571,
        "kind": "poi",
        "crossing": "unmarked",
        "crossing:markings": "no",
        "highway": "crossing"
      },
      "geometry": {
        "type": "Point",
        "coordinates": [
          -106.401887,
          31.7852573
        ]
      }
    },
    {
      "type": "Feature",
      "properties": {
        "id": 13636587572,
        "kind": "poi",
        "crossing": "unmarked",
        "crossing:markings": "no",
        "highway": "crossing"
      },
      "geometry": {
        "type": "Point",
        "coordinates": [
          -106.4017191,
          31.7852722
        ]
      }
    },
    {
      "type": "Feature",
      "properties": {
        "id": 13636587573,
        "kind": "poi",
        "crossing": "unmarked",
        "crossing:markings": "no",
        "highway": "crossing"
      },
      "geometry": {
        "type": "Point",
        "coordinates": [
          -106.4020659,
          31.7859662
        ]
      }
    },
    {
      "type": "Feature",
      "properties": {
        "id": 13636587574,
        "kind": "poi",
        "crossing": "unmarked",
        "crossing:markings": "no",
        "highway": "crossing"
      },
      "geometry": {
        "type": "Point",
        "coordinates": [
          -106.402249,
          31.7859534
        ]
      }
    },
    {
      "type": "Feature",
      "properties": {
        "id": 13636587575,
        "kind": "poi",
        "crossing": "unmarked",
        "crossing:markings": "no",
        "highway": "crossing"
      },
      "geometry": {
        "type": "Point",
        "coordinates": [
          -106.4023667,
          31.7865708
        ]
      }
    },
    {
      "type": "Feature",
      "properties": {
        "id": 13636587589,
        "kind": "poi",
        "crossing": "unmarked",
        "crossing:markings": "no",
        "highway": "crossing"
      },
      "geometry": {
        "type": "Point",
        "coordinates": [
          -106.4046207,
          31.7863358
        ]
      }
    },
    {
      "type": "Feature",
      "properties": {
        "id": 13636587590,
        "kind": "poi",
        "crossing": "unmarked",
        "crossing:markings": "no",
        "highway": "crossing"
      },
      "geometry": {
        "type": "Point",
        "coordinates": [
          -106.404643,
          31.7864616
        ]
      }
    },
    {
      "type": "Feature",
      "properties": {
        "id": 13636587591,
        "kind": "poi",
        "crossing": "unmarked",
        "crossing:markings": "no",
        "highway": "crossing"
      },
      "geometry": {
        "type": "Point",
        "coordinates": [
          -106.4026029,
          31.7866592
        ]
      }
    },
    {
      "type": "Feature",
      "properties": {
        "id": 13636604993,
        "kind": "poi",
        "crossing": "uncontrolled",
        "crossing:markings": "zebra",
        "crossing:signals": "no",
        "highway": "crossing"
      },
      "geometry": {
        "type": "Point",
        "coordinates": [
          -106.4070041,
          31.7789255
        ]
      }
    },
    {
      "type": "Feature",
      "properties": {
        "id": 13636604995,
        "kind": "poi",
        "crossing": "uncontrolled",
        "crossing:markings": "zebra",
        "crossing:signals": "no",
        "highway": "crossing"
      },
      "geometry": {
        "type": "Point",
        "coordinates": [
          -106.4071424,
          31.7788712
        ]
      }
    },
    {
      "type": "Feature",
      "properties": {
        "id": 13636605003,
        "kind": "poi",
        "crossing": "uncontrolled",
        "crossing:markings": "zebra",
        "crossing:signals": "no",
        "highway": "crossing"
      },
      "geometry": {
        "type": "Point",
        "coordinates": [
          -106.4640604,
          31.8139485
        ]
      }
    },
    {
      "type": "Feature",
      "properties": {
        "id": 13636605005,
        "kind": "poi",
        "crossing": "uncontrolled",
        "crossing:markings": "zebra",
        "crossing:signals": "no",
        "highway": "crossing"
      },
      "geometry": {
        "type": "Point",
        "coordinates": [
          -106.4629067,
          31.8139479
        ]
      }
    },
    {
      "type": "Feature",
      "properties": {
        "id": 13636605308,
        "kind": "poi",
        "crossing": "traffic_signals",
        "crossing:markings": "lines",
        "crossing:signals": "yes",
        "highway": "crossing"
      },
      "geometry": {
        "type": "Point",
        "coordinates": [
          -106.4027551,
          31.7886907
        ]
      }
    },
    {
      "type": "Feature",
      "properties": {
        "id": 13636605312,
        "kind": "poi",
        "crossing": "unmarked",
        "crossing:markings": "no",
        "highway": "crossing"
      },
      "geometry": {
        "type": "Point",
        "coordinates": [
          -106.4028292,
          31.7885945
        ]
      }
    },
    {
      "type": "Feature",
      "properties": {
        "id": 13636605313,
        "kind": "poi",
        "crossing": "unmarked",
        "crossing:markings": "no",
        "highway": "crossing"
      },
      "geometry": {
        "type": "Point",
        "coordinates": [
          -106.4027988,
          31.7884238
        ]
      }
    },
    {
      "type": "Feature",
      "properties": {
        "id": 13636605314,
        "kind": "poi",
        "crossing": "unmarked",
        "crossing:markings": "no",
        "highway": "crossing"
      },
      "geometry": {
        "type": "Point",
        "coordinates": [
          -106.4026188,
          31.7874147
        ]
      }
    },
    {
      "type": "Feature",
      "properties": {
        "id": 13636605326,
        "kind": "poi",
        "crossing": "unmarked",
        "crossing:markings": "no",
        "highway": "crossing"
      },
      "geometry": {
        "type": "Point",
        "coordinates": [
          -106.402221,
          31.7866824
        ]
      }
    },
    {
      "type": "Feature",
      "properties": {
        "id": 13636644420,
        "kind": "poi",
        "crossing": "traffic_signals",
        "crossing:markings": "zebra",
        "crossing:signals": "yes",
        "highway": "crossing"
      },
      "geometry": {
        "type": "Point",
        "coordinates": [
          -106.4702428,
          31.7606944
        ]
      }
    },
    {
      "type": "Feature",
      "properties": {
        "id": 13636644421,
        "kind": "poi",
        "crossing": "traffic_signals",
        "crossing:markings": "zebra",
        "crossing:signals": "yes",
        "highway": "crossing"
      },
      "geometry": {
        "type": "Point",
        "coordinates": [
          -106.4702426,
          31.7606014
        ]
      }
    },
    {
      "type": "Feature",
      "properties": {
        "id": 13636644422,
        "kind": "poi",
        "crossing": "traffic_signals",
        "crossing:markings": "zebra",
        "crossing:signals": "yes",
        "highway": "crossing"
      },
      "geometry": {
        "type": "Point",
        "coordinates": [
          -106.4703127,
          31.7605425
        ]
      }
    },
    {
      "type": "Feature",
      "properties": {
        "id": 13636644423,
        "kind": "poi",
        "crossing": "traffic_signals",
        "crossing:markings": "zebra",
        "crossing:signals": "yes",
        "highway": "crossing"
      },
      "geometry": {
        "type": "Point",
        "coordinates": [
          -106.4703554,
          31.7604624
        ]
      }
    },
    {
      "type": "Feature",
      "properties": {
        "id": 13636644425,
        "kind": "poi",
        "crossing": "unmarked",
        "crossing:markings": "no",
        "highway": "crossing"
      },
      "geometry": {
        "type": "Point",
        "coordinates": [
          -106.4710733,
          31.7600586
        ]
      }
    },
    {
      "type": "Feature",
      "properties": {
        "id": 13636644426,
        "kind": "poi",
        "crossing": "unmarked",
        "crossing:markings": "no",
        "highway": "crossing"
      },
      "geometry": {
        "type": "Point",
        "coordinates": [
          -106.4713317,
          31.7599746
        ]
      }
    },
    {
      "type": "Feature",
      "properties": {
        "id": 13636644427,
        "kind": "poi",
        "crossing": "unmarked",
        "crossing:markings": "no",
        "highway": "crossing"
      },
      "geometry": {
        "type": "Point",
        "coordinates": [
          -106.471558,
          31.7599163
        ]
      }
    },
    {
      "type": "Feature",
      "properties": {
        "id": 13636644428,
        "kind": "poi",
        "crossing": "unmarked",
        "crossing:markings": "no",
        "highway": "crossing"
      },
      "geometry": {
        "type": "Point",
        "coordinates": [
          -106.4719154,
          31.7598281
        ]
      }
    },
    {
      "type": "Feature",
      "properties": {
        "id": 13636644429,
        "kind": "poi",
        "crossing": "unmarked",
        "crossing:markings": "no",
        "highway": "crossing"
      },
      "geometry": {
        "type": "Point",
        "coordinates": [
          -106.4721533,
          31.759773
        ]
      }
    },
    {
      "type": "Feature",
      "properties": {
        "id": 13636644430,
        "kind": "poi",
        "crossing": "unmarked",
        "crossing:markings": "no",
        "highway": "crossing"
      },
      "geometry": {
        "type": "Point",
        "coordinates": [
          -106.472751,
          31.7596626
        ]
      }
    },
    {
      "type": "Feature",
      "properties": {
        "id": 13636644431,
        "kind": "poi",
        "crossing": "unmarked",
        "crossing:markings": "no",
        "highway": "crossing"
      },
      "geometry": {
        "type": "Point",
        "coordinates": [
          -106.4735307,
          31.7594752
        ]
      }
    },
    {
      "type": "Feature",
      "properties": {
        "id": 13636644432,
        "kind": "poi",
        "crossing": "unmarked",
        "crossing:markings": "no",
        "highway": "crossing"
      },
      "geometry": {
        "type": "Point",
        "coordinates": [
          -106.4739726,
          31.7593662
        ]
      }
    },
    {
      "type": "Feature",
      "properties": {
        "id": 13636644433,
        "kind": "poi",
        "crossing": "unmarked",
        "crossing:markings": "no",
        "highway": "crossing"
      },
      "geometry": {
        "type": "Point",
        "coordinates": [
          -106.4742665,
          31.7593022
        ]
      }
    },
    {
      "type": "Feature",
      "properties": {
        "id": 13636644434,
        "kind": "poi",
        "highway": "crossing"
      },
      "geometry": {
        "type": "Point",
        "coordinates": [
          -106.4745891,
          31.7592399
        ]
      }
    },
    {
      "type": "Feature",
      "properties": {
        "id": 13636644435,
        "kind": "poi",
        "crossing": "traffic_signals",
        "crossing:markings": "zebra",
        "crossing:signals": "yes",
        "highway": "crossing"
      },
      "geometry": {
        "type": "Point",
        "coordinates": [
          -106.4704162,
          31.7608578
        ]
      }
    },
    {
      "type": "Feature",
      "properties": {
        "id": 13636729483,
        "kind": "poi",
        "crossing": "traffic_signals",
        "crossing:markings": "lines",
        "crossing:signals": "yes",
        "highway": "crossing"
      },
      "geometry": {
        "type": "Point",
        "coordinates": [
          -106.4026708,
          31.7889106
        ]
      }
    },
    {
      "type": "Feature",
      "properties": {
        "id": 13636729484,
        "kind": "poi",
        "crossing": "traffic_signals",
        "crossing:markings": "lines",
        "crossing:signals": "yes",
        "highway": "crossing"
      },
      "geometry": {
        "type": "Point",
        "coordinates": [
          -106.4026338,
          31.7887712
        ]
      }
    },
    {
      "type": "Feature",
      "properties": {
        "id": 13636729485,
        "kind": "poi",
        "crossing": "unmarked",
        "crossing:markings": "no",
        "highway": "crossing"
      },
      "geometry": {
        "type": "Point",
        "coordinates": [
          -106.4015389,
          31.7888633
        ]
      }
    },
    {
      "type": "Feature",
      "properties": {
        "id": 13636729486,
        "kind": "poi",
        "crossing": "unmarked",
        "crossing:markings": "no",
        "highway": "crossing"
      },
      "geometry": {
        "type": "Point",
        "coordinates": [
          -106.4009529,
          31.7889362
        ]
      }
    },
    {
      "type": "Feature",
      "properties": {
        "id": 13636729487,
        "kind": "poi",
        "crossing": "unmarked",
        "crossing:markings": "no",
        "highway": "crossing"
      },
      "geometry": {
        "type": "Point",
        "coordinates": [
          -106.4003142,
          31.7890164
        ]
      }
    },
    {
      "type": "Feature",
      "properties": {
        "id": 13636764567,
        "kind": "poi",
        "crossing": "traffic_signals",
        "crossing:markings": "lines",
        "crossing:signals": "yes",
        "highway": "crossing"
      },
      "geometry": {
        "type": "Point",
        "coordinates": [
          -106.4013243,
          31.7840148
        ]
      }
    },
    {
      "type": "Feature",
      "properties": {
        "id": 13636764568,
        "kind": "poi",
        "highway": "crossing"
      },
      "geometry": {
        "type": "Point",
        "coordinates": [
          -106.4017713,
          31.7838876
        ]
      }
    },
    {
      "type": "Feature",
      "properties": {
        "id": 13636764569,
        "kind": "poi",
        "highway": "crossing"
      },
      "geometry": {
        "type": "Point",
        "coordinates": [
          -106.4025898,
          31.7838199
        ]
      }
    },
    {
      "type": "Feature",
      "properties": {
        "id": 13636764570,
        "kind": "poi",
        "highway": "crossing"
      },
      "geometry": {
        "type": "Point",
        "coordinates": [
          -106.4026408,
          31.7838159
        ]
      }
    },
    {
      "type": "Feature",
      "properties": {
        "id": 13636764571,
        "kind": "poi",
        "highway": "crossing"
      },
      "geometry": {
        "type": "Point",
        "coordinates": [
          -106.4038924,
          31.783656
        ]
      }
    },
    {
      "type": "Feature",
      "properties": {
        "id": 13636764572,
        "kind": "poi",
        "highway": "crossing"
      },
      "geometry": {
        "type": "Point",
        "coordinates": [
          -106.4044449,
          31.7835963
        ]
      }
    },
    {
      "type": "Feature",
      "properties": {
        "id": 13636764573,
        "kind": "poi",
        "highway": "crossing"
      },
      "geometry": {
        "type": "Point",
        "coordinates": [
          -106.4054002,
          31.7837062
        ]
      }
    },
    {
      "type": "Feature",
      "properties": {
        "id": 13636764574,
        "kind": "poi",
        "highway": "crossing"
      },
      "geometry": {
        "type": "Point",
        "coordinates": [
          -106.4055526,
          31.7837158
        ]
      }
    },
    {
      "type": "Feature",
      "properties": {
        "id": 13636764575,
        "kind": "poi",
        "highway": "crossing"
      },
      "geometry": {
        "type": "Point",
        "coordinates": [
          -106.4057261,
          31.783888
        ]
      }
    },
    {
      "type": "Feature",
      "properties": {
        "id": 13636764576,
        "kind": "poi",
        "highway": "crossing"
      },
      "geometry": {
        "type": "Point",
        "coordinates": [
          -106.4061373,
          31.7838484
        ]
      }
    },
    {
      "type": "Feature",
      "properties": {
        "id": 13636764577,
        "kind": "poi",
        "highway": "crossing"
      },
      "geometry": {
        "type": "Point",
        "coordinates": [
          -106.4062443,
          31.7836577
        ]
      }
    },
    {
      "type": "Feature",
      "properties": {
        "id": 13636764578,
        "kind": "poi",
        "highway": "crossing"
      },
      "geometry": {
        "type": "Point",
        "coordinates": [
          -106.4066486,
          31.7837761
        ]
      }
    },
    {
      "type": "Feature",
      "properties": {
        "id": 13636764579,
        "kind": "poi",
        "highway": "crossing"
      },
      "geometry": {
        "type": "Point",
        "coordinates": [
          -106.4066549,
          31.7835934
        ]
      }
    },
    {
      "type": "Feature",
      "properties": {
        "id": 13636764580,
        "kind": "poi",
        "highway": "crossing"
      },
      "geometry": {
        "type": "Point",
        "coordinates": [
          -106.4067944,
          31.7835637
        ]
      }
    },
    {
      "type": "Feature",
      "properties": {
        "id": 13636764581,
        "kind": "poi",
        "highway": "crossing"
      },
      "geometry": {
        "type": "Point",
        "coordinates": [
          -106.4070613,
          31.7834997
        ]
      }
    },
    {
      "type": "Feature",
      "properties": {
        "id": 13636764582,
        "kind": "poi",
        "highway": "crossing"
      },
      "geometry": {
        "type": "Point",
        "coordinates": [
          -106.4068599,
          31.783744
        ]
      }
    },
    {
      "type": "Feature",
      "properties": {
        "id": 13636786645,
        "kind": "poi",
        "crossing": "unmarked",
        "crossing:markings": "no",
        "highway": "crossing"
      },
      "geometry": {
        "type": "Point",
        "coordinates": [
          -106.5144445,
          31.8083506
        ]
      }
    },
    {
      "type": "Feature",
      "properties": {
        "id": 13636786676,
        "kind": "poi",
        "crossing": "traffic_signals",
        "crossing:markings": "zebra",
        "crossing:signals": "yes",
        "highway": "crossing"
      },
      "geometry": {
        "type": "Point",
        "coordinates": [
          -106.509419,
          31.8068281
        ]
      }
    },
    {
      "type": "Feature",
      "properties": {
        "id": 13636786679,
        "kind": "poi",
        "crossing": "traffic_signals",
        "crossing:markings": "zebra",
        "crossing:signals": "yes",
        "highway": "crossing"
      },
      "geometry": {
        "type": "Point",
        "coordinates": [
          -106.5092368,
          31.8068749
        ]
      }
    },
    {
      "type": "Feature",
      "properties": {
        "id": 13636786683,
        "kind": "poi",
        "crossing": "traffic_signals",
        "crossing:markings": "zebra",
        "crossing:signals": "yes",
        "highway": "crossing"
      },
      "geometry": {
        "type": "Point",
        "coordinates": [
          -106.5091525,
          31.8069989
        ]
      }
    },
    {
      "type": "Feature",
      "properties": {
        "id": 13636786687,
        "kind": "poi",
        "crossing": "traffic_signals",
        "crossing:markings": "zebra",
        "crossing:signals": "yes",
        "highway": "crossing"
      },
      "geometry": {
        "type": "Point",
        "coordinates": [
          -106.5093035,
          31.8070758
        ]
      }
    },
    {
      "type": "Feature",
      "properties": {
        "id": 13636786690,
        "kind": "poi",
        "crossing": "traffic_signals",
        "crossing:markings": "zebra",
        "crossing:signals": "yes",
        "highway": "crossing"
      },
      "geometry": {
        "type": "Point",
        "coordinates": [
          -106.5094916,
          31.8070316
        ]
      }
    },
    {
      "type": "Feature",
      "properties": {
        "id": 13636786694,
        "kind": "poi",
        "crossing": "traffic_signals",
        "crossing:markings": "zebra",
        "crossing:signals": "yes",
        "highway": "crossing"
      },
      "geometry": {
        "type": "Point",
        "coordinates": [
          -106.5095343,
          31.8069046
        ]
      }
    },
    {
      "type": "Feature",
      "properties": {
        "id": 13636786697,
        "kind": "poi",
        "crossing": "uncontrolled",
        "crossing:markings": "zebra",
        "crossing:signals": "no",
        "highway": "crossing"
      },
      "geometry": {
        "type": "Point",
        "coordinates": [
          -106.5096356,
          31.8070297
        ]
      }
    },
    {
      "type": "Feature",
      "properties": {
        "id": 13636824099,
        "kind": "poi",
        "crossing": "unmarked",
        "crossing:markings": "no",
        "highway": "crossing"
      },
      "geometry": {
        "type": "Point",
        "coordinates": [
          -106.493572,
          31.7441963
        ]
      }
    },
    {
      "type": "Feature",
      "properties": {
        "id": 13636824100,
        "kind": "poi",
        "highway": "crossing"
      },
      "geometry": {
        "type": "Point",
        "coordinates": [
          -106.4929803,
          31.7468563
        ]
      }
    },
    {
      "type": "Feature",
      "properties": {
        "id": 13636825637,
        "kind": "poi",
        "highway": "crossing"
      },
      "geometry": {
        "type": "Point",
        "coordinates": [
          -106.5103415,
          31.8070366
        ]
      }
    },
    {
      "type": "Feature",
      "properties": {
        "id": 13636825638,
        "kind": "poi",
        "highway": "crossing"
      },
      "geometry": {
        "type": "Point",
        "coordinates": [
          -106.5110296,
          31.8073741
        ]
      }
    },
    {
      "type": "Feature",
      "properties": {
        "id": 13636825639,
        "kind": "poi",
        "highway": "crossing"
      },
      "geometry": {
        "type": "Point",
        "coordinates": [
          -106.5115413,
          31.8076272
        ]
      }
    },
    {
      "type": "Feature",
      "properties": {
        "id": 13636825640,
        "kind": "poi",
        "highway": "crossing"
      },
      "geometry": {
        "type": "Point",
        "coordinates": [
          -106.5100595,
          31.8067649
        ]
      }
    },
    {
      "type": "Feature",
      "properties": {
        "id": 13636825641,
        "kind": "poi",
        "highway": "crossing"
      },
      "geometry": {
        "type": "Point",
        "coordinates": [
          -106.5109204,
          31.8071293
        ]
      }
    },
    {
      "type": "Feature",
      "properties": {
        "id": 13636825642,
        "kind": "poi",
        "highway": "crossing"
      },
      "geometry": {
        "type": "Point",
        "coordinates": [
          -106.5113693,
          31.8073706
        ]
      }
    },
    {
      "type": "Feature",
      "properties": {
        "id": 13636825643,
        "kind": "poi",
        "highway": "crossing"
      },
      "geometry": {
        "type": "Point",
        "coordinates": [
          -106.5117721,
          31.8075684
        ]
      }
    },
    {
      "type": "Feature",
      "properties": {
        "id": 13636825644,
        "kind": "poi",
        "crossing": "unmarked",
        "crossing:markings": "no",
        "highway": "crossing"
      },
      "geometry": {
        "type": "Point",
        "coordinates": [
          -106.5121481,
          31.8077533
        ]
      }
    },
    {
      "type": "Feature",
      "properties": {
        "id": 13636825645,
        "kind": "poi",
        "crossing": "unmarked",
        "crossing:markings": "no",
        "highway": "crossing"
      },
      "geometry": {
        "type": "Point",
        "coordinates": [
          -106.5137706,
          31.8081326
        ]
      }
    },
    {
      "type": "Feature",
      "properties": {
        "id": 13636825649,
        "kind": "poi",
        "crossing": "uncontrolled",
        "crossing:markings": "zebra",
        "crossing:signals": "no",
        "highway": "crossing"
      },
      "geometry": {
        "type": "Point",
        "coordinates": [
          -106.5092001,
          31.8071075
        ]
      }
    },
    {
      "type": "Feature",
      "properties": {
        "id": 13636825650,
        "kind": "poi",
        "crossing": "unmarked",
        "crossing:markings": "no",
        "highway": "crossing"
      },
      "geometry": {
        "type": "Point",
        "coordinates": [
          -106.5137316,
          31.8082912
        ]
      }
    },
    {
      "type": "Feature",
      "properties": {
        "id": 13636825651,
        "kind": "poi",
        "crossing": "unmarked",
        "crossing:markings": "no",
        "highway": "crossing"
      },
      "geometry": {
        "type": "Point",
        "coordinates": [
          -106.5127763,
          31.8081413
        ]
      }
    },
    {
      "type": "Feature",
      "properties": {
        "id": 13636827401,
        "kind": "poi",
        "highway": "crossing"
      },
      "geometry": {
        "type": "Point",
        "coordinates": [
          -106.493445,
          31.7469923
        ]
      }
    },
    {
      "type": "Feature",
      "properties": {
        "id": 13636827402,
        "kind": "poi",
        "highway": "crossing"
      },
      "geometry": {
        "type": "Point",
        "coordinates": [
          -106.4939008,
          31.7471256
        ]
      }
    },
    {
      "type": "Feature",
      "properties": {
        "id": 13636827403,
        "kind": "poi",
        "highway": "crossing"
      },
      "geometry": {
        "type": "Point",
        "coordinates": [
          -106.4943421,
          31.7472547
        ]
      }
    },
    {
      "type": "Feature",
      "properties": {
        "id": 13636827404,
        "kind": "poi",
        "highway": "crossing"
      },
      "geometry": {
        "type": "Point",
        "coordinates": [
          -106.4928875,
          31.7460609
        ]
      }
    },
    {
      "type": "Feature",
      "properties": {
        "id": 13636827405,
        "kind": "poi",
        "highway": "crossing"
      },
      "geometry": {
        "type": "Point",
        "coordinates": [
          -106.493018,
          31.7467691
        ]
      }
    },
    {
      "type": "Feature",
      "properties": {
        "id": 13636827406,
        "kind": "poi",
        "highway": "crossing"
      },
      "geometry": {
        "type": "Point",
        "coordinates": [
          -106.4931463,
          31.7454237
        ]
      }
    },
    {
      "type": "Feature",
      "properties": {
        "id": 13636827407,
        "kind": "poi",
        "highway": "crossing"
      },
      "geometry": {
        "type": "Point",
        "coordinates": [
          -106.4934031,
          31.7447911
        ]
      }
    },
    {
      "type": "Feature",
      "properties": {
        "id": 13636827408,
        "kind": "poi",
        "highway": "crossing"
      },
      "geometry": {
        "type": "Point",
        "coordinates": [
          -106.4934825,
          31.7469036
        ]
      }
    },
    {
      "type": "Feature",
      "properties": {
        "id": 13636827409,
        "kind": "poi",
        "highway": "crossing"
      },
      "geometry": {
        "type": "Point",
        "coordinates": [
          -106.4939391,
          31.7470358
        ]
      }
    },
    {
      "type": "Feature",
      "properties": {
        "id": 13636827410,
        "kind": "poi",
        "highway": "crossing"
      },
      "geometry": {
        "type": "Point",
        "coordinates": [
          -106.4943784,
          31.747163
        ]
      }
    },
    {
      "type": "Feature",
      "properties": {
        "id": 13636827411,
        "kind": "poi",
        "highway": "crossing"
      },
      "geometry": {
        "type": "Point",
        "coordinates": [
          -106.491991,
          31.7479304
        ]
      }
    },
    {
      "type": "Feature",
      "properties": {
        "id": 13636827412,
        "kind": "poi",
        "highway": "crossing"
      },
      "geometry": {
        "type": "Point",
        "coordinates": [
          -106.4922445,
          31.7472938
        ]
      }
    },
    {
      "type": "Feature",
      "properties": {
        "id": 13636827413,
        "kind": "poi",
        "highway": "crossing"
      },
      "geometry": {
        "type": "Point",
        "coordinates": [
          -106.4930154,
          31.7453848
        ]
      }
    },
    {
      "type": "Feature",
      "properties": {
        "id": 13636827414,
        "kind": "poi",
        "highway": "crossing"
      },
      "geometry": {
        "type": "Point",
        "coordinates": [
          -106.4927594,
          31.746021
        ]
      }
    },
    {
      "type": "Feature",
      "properties": {
        "id": 13636827417,
        "kind": "poi",
        "highway": "crossing"
      },
      "geometry": {
        "type": "Point",
        "coordinates": [
          -106.4923708,
          31.7473322
        ]
      }
    },
    {
      "type": "Feature",
      "properties": {
        "id": 13636827418,
        "kind": "poi",
        "highway": "crossing"
      },
      "geometry": {
        "type": "Point",
        "coordinates": [
          -106.4921132,
          31.7479655
        ]
      }
    },
    {
      "type": "Feature",
      "properties": {
        "id": 13636827420,
        "kind": "poi",
        "highway": "crossing"
      },
      "geometry": {
        "type": "Point",
        "coordinates": [
          -106.4932699,
          31.7447526
        ]
      }
    },
    {
      "type": "Feature",
      "properties": {
        "id": 13636827421,
        "kind": "poi",
        "crossing": "unmarked",
        "crossing:markings": "no",
        "highway": "crossing"
      },
      "geometry": {
        "type": "Point",
        "coordinates": [
          -106.4918136,
          31.7485398
        ]
      }
    },
    {
      "type": "Feature",
      "properties": {
        "id": 13636828301,
        "kind": "poi",
        "highway": "crossing"
      },
      "geometry": {
        "type": "Point",
        "coordinates": [
          -106.4076494,
          31.7802329
        ]
      }
    },
    {
      "type": "Feature",
      "properties": {
        "id": 13636828302,
        "kind": "poi",
        "highway": "crossing"
      },
      "geometry": {
        "type": "Point",
        "coordinates": [
          -106.4081507,
          31.7798867
        ]
      }
    },
    {
      "type": "Feature",
      "properties": {
        "id": 13636828303,
        "kind": "poi",
        "highway": "crossing"
      },
      "geometry": {
        "type": "Point",
        "coordinates": [
          -106.4088938,
          31.7792728
        ]
      }
    },
    {
      "type": "Feature",
      "properties": {
        "id": 13636828304,
        "kind": "poi",
        "crossing": "unmarked",
        "crossing:markings": "no",
        "highway": "crossing"
      },
      "geometry": {
        "type": "Point",
        "coordinates": [
          -106.4092065,
          31.7790854
        ]
      }
    },
    {
      "type": "Feature",
      "properties": {
        "id": 13636829409,
        "kind": "poi",
        "crossing": "unmarked",
        "crossing:markings": "no",
        "highway": "crossing"
      },
      "geometry": {
        "type": "Point",
        "coordinates": [
          -106.4751856,
          31.7593808
        ]
      }
    },
    {
      "type": "Feature",
      "properties": {
        "id": 13636829410,
        "kind": "poi",
        "crossing": "unmarked",
        "crossing:markings": "no",
        "highway": "crossing"
      },
      "geometry": {
        "type": "Point",
        "coordinates": [
          -106.4745142,
          31.7596049
        ]
      }
    },
    {
      "type": "Feature",
      "properties": {
        "id": 13636829411,
        "kind": "poi",
        "crossing": "unmarked",
        "crossing:markings": "no",
        "highway": "crossing"
      },
      "geometry": {
        "type": "Point",
        "coordinates": [
          -106.4720509,
          31.7602838
        ]
      }
    },
    {
      "type": "Feature",
      "properties": {
        "id": 13636829412,
        "kind": "poi",
        "crossing": "unmarked",
        "crossing:markings": "no",
        "highway": "crossing"
      },
      "geometry": {
        "type": "Point",
        "coordinates": [
          -106.4715166,
          31.7604467
        ]
      }
    },
    {
      "type": "Feature",
      "properties": {
        "id": 13636829413,
        "kind": "poi",
        "crossing": "unmarked",
        "crossing:markings": "no",
        "highway": "crossing"
      },
      "geometry": {
        "type": "Point",
        "coordinates": [
          -106.471003,
          31.7606228
        ]
      }
    },
    {
      "type": "Feature",
      "properties": {
        "id": 13636829414,
        "kind": "poi",
        "crossing": "unmarked",
        "crossing:markings": "no",
        "highway": "crossing"
      },
      "geometry": {
        "type": "Point",
        "coordinates": [
          -106.4705766,
          31.7608477
        ]
      }
    },
    {
      "type": "Feature",
      "properties": {
        "id": 13636968963,
        "kind": "poi",
        "crossing": "traffic_signals",
        "crossing:markings": "zebra",
        "crossing:signals": "yes",
        "highway": "crossing"
      },
      "geometry": {
        "type": "Point",
        "coordinates": [
          -106.5105802,
          31.8085128
        ]
      }
    },
    {
      "type": "Feature",
      "properties": {
        "id": 13636968964,
        "kind": "poi",
        "crossing": "traffic_signals",
        "crossing:markings": "zebra",
        "crossing:signals": "yes",
        "highway": "crossing"
      },
      "geometry": {
        "type": "Point",
        "coordinates": [
          -106.5105388,
          31.8085335
        ]
      }
    },
    {
      "type": "Feature",
      "properties": {
        "id": 13636968967,
        "kind": "poi",
        "crossing": "traffic_signals",
        "crossing:markings": "zebra",
        "crossing:signals": "yes",
        "highway": "crossing"
      },
      "geometry": {
        "type": "Point",
        "coordinates": [
          -106.5103691,
          31.8086275
        ]
      }
    },
    {
      "type": "Feature",
      "properties": {
        "id": 13636968991,
        "kind": "poi",
        "crossing": "traffic_signals",
        "crossing:markings": "zebra",
        "crossing:signals": "yes",
        "highway": "crossing"
      },
      "geometry": {
        "type": "Point",
        "coordinates": [
          -106.5106495,
          31.8086787
        ]
      }
    },
    {
      "type": "Feature",
      "properties": {
        "id": 13636968994,
        "kind": "poi",
        "crossing": "traffic_signals",
        "crossing:markings": "zebra",
        "crossing:signals": "yes",
        "highway": "crossing"
      },
      "geometry": {
        "type": "Point",
        "coordinates": [
          -106.5104867,
          31.8087724
        ]
      }
    },
    {
      "type": "Feature",
      "properties": {
        "id": 13636968999,
        "kind": "poi",
        "crossing": "traffic_signals",
        "crossing:markings": "zebra",
        "crossing:signals": "yes",
        "highway": "crossing"
      },
      "geometry": {
        "type": "Point",
        "coordinates": [
          -106.5103513,
          31.8087117
        ]
      }
    },
    {
      "type": "Feature",
      "properties": {
        "id": 13636984474,
        "kind": "poi",
        "highway": "crossing"
      },
      "geometry": {
        "type": "Point",
        "coordinates": [
          -106.4884712,
          31.7464965
        ]
      }
    },
    {
      "type": "Feature",
      "properties": {
        "id": 13636984475,
        "kind": "poi",
        "highway": "crossing"
      },
      "geometry": {
        "type": "Point",
        "coordinates": [
          -106.4855871,
          31.7458738
        ]
      }
    },
    {
      "type": "Feature",
      "properties": {
        "id": 13636984477,
        "kind": "poi",
        "highway": "crossing"
      },
      "geometry": {
        "type": "Point",
        "coordinates": [
          -106.4868683,
          31.7460725
        ]
      }
    },
    {
      "type": "Feature",
      "properties": {
        "id": 13636984478,
        "kind": "poi",
        "highway": "crossing"
      },
      "geometry": {
        "type": "Point",
        "coordinates": [
          -106.487724,
          31.7461594
        ]
      }
    },
    {
      "type": "Feature",
      "properties": {
        "id": 13636984479,
        "kind": "poi",
        "highway": "crossing"
      },
      "geometry": {
        "type": "Point",
        "coordinates": [
          -106.4873676,
          31.7457938
        ]
      }
    },
    {
      "type": "Feature",
      "properties": {
        "id": 13636984480,
        "kind": "poi",
        "highway": "crossing"
      },
      "geometry": {
        "type": "Point",
        "coordinates": [
          -106.4878141,
          31.7459241
        ]
      }
    },
    {
      "type": "Feature",
      "properties": {
        "id": 13636984481,
        "kind": "poi",
        "highway": "crossing"
      },
      "geometry": {
        "type": "Point",
        "coordinates": [
          -106.4882676,
          31.7460586
        ]
      }
    },
    {
      "type": "Feature",
      "properties": {
        "id": 13636984485,
        "kind": "poi",
        "highway": "crossing"
      },
      "geometry": {
        "type": "Point",
        "coordinates": [
          -106.4887222,
          31.7461926
        ]
      }
    },
    {
      "type": "Feature",
      "properties": {
        "id": 13636984486,
        "kind": "poi",
        "crossing": "uncontrolled",
        "crossing:markings": "zebra",
        "crossing:signals": "no",
        "highway": "crossing"
      },
      "geometry": {
        "type": "Point",
        "coordinates": [
          -106.4887676,
          31.7462774
        ]
      }
    },
    {
      "type": "Feature",
      "properties": {
        "id": 13636984487,
        "kind": "poi",
        "crossing": "uncontrolled",
        "crossing:markings": "zebra",
        "crossing:signals": "no",
        "highway": "crossing"
      },
      "geometry": {
        "type": "Point",
        "coordinates": [
          -106.4869238,
          31.7459765
        ]
      }
    },
    {
      "type": "Feature",
      "properties": {
        "id": 13636984488,
        "kind": "poi",
        "crossing": "uncontrolled",
        "crossing:markings": "zebra",
        "crossing:signals": "no",
        "highway": "crossing"
      },
      "geometry": {
        "type": "Point",
        "coordinates": [
          -106.486919,
          31.7458599
        ]
      }
    },
    {
      "type": "Feature",
      "properties": {
        "id": 13637041719,
        "kind": "poi",
        "crossing": "unmarked",
        "crossing:markings": "no",
        "highway": "crossing"
      },
      "geometry": {
        "type": "Point",
        "coordinates": [
          -106.5106697,
          31.8091843
        ]
      }
    },
    {
      "type": "Feature",
      "properties": {
        "id": 13637041722,
        "kind": "poi",
        "highway": "crossing"
      },
      "geometry": {
        "type": "Point",
        "coordinates": [
          -106.5096062,
          31.8077833
        ]
      }
    },
    {
      "type": "Feature",
      "properties": {
        "id": 13637041723,
        "kind": "poi",
        "highway": "crossing"
      },
      "geometry": {
        "type": "Point",
        "coordinates": [
          -106.5100904,
          31.8084028
        ]
      }
    },
    {
      "type": "Feature",
      "properties": {
        "id": 13637052376,
        "kind": "poi",
        "crossing": "traffic_signals",
        "crossing:markings": "zebra",
        "crossing:signals": "yes",
        "highway": "crossing"
      },
      "geometry": {
        "type": "Point",
        "coordinates": [
          -106.5112126,
          31.7954191
        ]
      }
    },
    {
      "type": "Feature",
      "properties": {
        "id": 13637052379,
        "kind": "poi",
        "crossing": "traffic_signals",
        "crossing:markings": "zebra",
        "crossing:signals": "yes",
        "highway": "crossing"
      },
      "geometry": {
        "type": "Point",
        "coordinates": [
          -106.5110191,
          31.7954254
        ]
      }
    },
    {
      "type": "Feature",
      "properties": {
        "id": 13637052446,
        "kind": "poi",
        "crossing": "unmarked",
        "crossing:markings": "no",
        "highway": "crossing"
      },
      "geometry": {
        "type": "Point",
        "coordinates": [
          -106.5090803,
          31.8052117
        ]
      }
    },
    {
      "type": "Feature",
      "properties": {
        "id": 13637052447,
        "kind": "poi",
        "highway": "crossing"
      },
      "geometry": {
        "type": "Point",
        "coordinates": [
          -106.5091669,
          31.8036806
        ]
      }
    },
    {
      "type": "Feature",
      "properties": {
        "id": 13637052448,
        "kind": "poi",
        "highway": "crossing"
      },
      "geometry": {
        "type": "Point",
        "coordinates": [
          -106.5091507,
          31.8038504
        ]
      }
    },
    {
      "type": "Feature",
      "properties": {
        "id": 13637052449,
        "kind": "poi",
        "highway": "crossing"
      },
      "geometry": {
        "type": "Point",
        "coordinates": [
          -106.5093987,
          31.8027513
        ]
      }
    },
    {
      "type": "Feature",
      "properties": {
        "id": 13637052450,
        "kind": "poi",
        "highway": "crossing"
      },
      "geometry": {
        "type": "Point",
        "coordinates": [
          -106.5093515,
          31.8029251
        ]
      }
    },
    {
      "type": "Feature",
      "properties": {
        "id": 13637052451,
        "kind": "poi",
        "highway": "crossing"
      },
      "geometry": {
        "type": "Point",
        "coordinates": [
          -106.5096167,
          31.8021376
        ]
      }
    },
    {
      "type": "Feature",
      "properties": {
        "id": 13637052452,
        "kind": "poi",
        "highway": "crossing"
      },
      "geometry": {
        "type": "Point",
        "coordinates": [
          -106.5097769,
          31.8017697
        ]
      }
    },
    {
      "type": "Feature",
      "properties": {
        "id": 13637052453,
        "kind": "poi",
        "crossing": "unmarked",
        "crossing:markings": "no",
        "highway": "crossing"
      },
      "geometry": {
        "type": "Point",
        "coordinates": [
          -106.5101613,
          31.8006571
        ]
      }
    },
    {
      "type": "Feature",
      "properties": {
        "id": 13637052454,
        "kind": "poi",
        "crossing": "unmarked",
        "crossing:markings": "no",
        "highway": "crossing"
      },
      "geometry": {
        "type": "Point",
        "coordinates": [
          -106.5103717,
          31.8000989
        ]
      }
    },
    {
      "type": "Feature",
      "properties": {
        "id": 13637052455,
        "kind": "poi",
        "highway": "crossing"
      },
      "geometry": {
        "type": "Point",
        "coordinates": [
          -106.5106295,
          31.79946
        ]
      }
    },
    {
      "type": "Feature",
      "properties": {
        "id": 13637052456,
        "kind": "poi",
        "highway": "crossing"
      },
      "geometry": {
        "type": "Point",
        "coordinates": [
          -106.5107689,
          31.7990039
        ]
      }
    },
    {
      "type": "Feature",
      "properties": {
        "id": 13637052457,
        "kind": "poi",
        "highway": "crossing"
      },
      "geometry": {
        "type": "Point",
        "coordinates": [
          -106.5106844,
          31.7992773
        ]
      }
    },
    {
      "type": "Feature",
      "properties": {
        "id": 13637052458,
        "kind": "poi",
        "highway": "crossing"
      },
      "geometry": {
        "type": "Point",
        "coordinates": [
          -106.5108455,
          31.7986567
        ]
      }
    },
    {
      "type": "Feature",
      "properties": {
        "id": 13637052459,
        "kind": "poi",
        "highway": "crossing"
      },
      "geometry": {
        "type": "Point",
        "coordinates": [
          -106.5108544,
          31.7955433
        ]
      }
    },
    {
      "type": "Feature",
      "properties": {
        "id": 13637052460,
        "kind": "poi",
        "highway": "crossing"
      },
      "geometry": {
        "type": "Point",
        "coordinates": [
          -106.5108657,
          31.7958959
        ]
      }
    },
    {
      "type": "Feature",
      "properties": {
        "id": 13637052461,
        "kind": "poi",
        "highway": "crossing"
      },
      "geometry": {
        "type": "Point",
        "coordinates": [
          -106.5108724,
          31.7965529
        ]
      }
    },
    {
      "type": "Feature",
      "properties": {
        "id": 13637052462,
        "kind": "poi",
        "highway": "crossing"
      },
      "geometry": {
        "type": "Point",
        "coordinates": [
          -106.5108709,
          31.7966715
        ]
      }
    },
    {
      "type": "Feature",
      "properties": {
        "id": 13637052463,
        "kind": "poi",
        "highway": "crossing"
      },
      "geometry": {
        "type": "Point",
        "coordinates": [
          -106.5108756,
          31.797043
        ]
      }
    },
    {
      "type": "Feature",
      "properties": {
        "id": 13637052464,
        "kind": "poi",
        "highway": "crossing"
      },
      "geometry": {
        "type": "Point",
        "coordinates": [
          -106.5108804,
          31.7975915
        ]
      }
    },
    {
      "type": "Feature",
      "properties": {
        "id": 13637052465,
        "kind": "poi",
        "highway": "crossing"
      },
      "geometry": {
        "type": "Point",
        "coordinates": [
          -106.5108834,
          31.7980463
        ]
      }
    },
    {
      "type": "Feature",
      "properties": {
        "id": 13637052466,
        "kind": "poi",
        "crossing": "unmarked",
        "crossing:markings": "no",
        "highway": "crossing"
      },
      "geometry": {
        "type": "Point",
        "coordinates": [
          -106.5094413,
          31.8059658
        ]
      }
    },
    {
      "type": "Feature",
      "properties": {
        "id": 13637052467,
        "kind": "poi",
        "crossing": "unmarked",
        "crossing:markings": "no",
        "highway": "crossing"
      },
      "geometry": {
        "type": "Point",
        "coordinates": [
          -106.5095984,
          31.8040483
        ]
      }
    },
    {
      "type": "Feature",
      "properties": {
        "id": 13637052468,
        "kind": "poi",
        "crossing": "unmarked",
        "crossing:markings": "no",
        "highway": "crossing"
      },
      "geometry": {
        "type": "Point",
        "coordinates": [
          -106.5096443,
          31.8045457
        ]
      }
    },
    {
      "type": "Feature",
      "properties": {
        "id": 13637052469,
        "kind": "poi",
        "crossing": "unmarked",
        "crossing:markings": "no",
        "highway": "crossing"
      },
      "geometry": {
        "type": "Point",
        "coordinates": [
          -106.5096397,
          31.804619
        ]
      }
    },
    {
      "type": "Feature",
      "properties": {
        "id": 13637052470,
        "kind": "poi",
        "highway": "crossing"
      },
      "geometry": {
        "type": "Point",
        "coordinates": [
          -106.5098061,
          31.8030266
        ]
      }
    },
    {
      "type": "Feature",
      "properties": {
        "id": 13637052472,
        "kind": "poi",
        "highway": "crossing"
      },
      "geometry": {
        "type": "Point",
        "coordinates": [
          -106.5104085,
          31.8012763
        ]
      }
    },
    {
      "type": "Feature",
      "properties": {
        "id": 13637052473,
        "kind": "poi",
        "highway": "crossing"
      },
      "geometry": {
        "type": "Point",
        "coordinates": [
          -106.5106559,
          31.8007008
        ]
      }
    },
    {
      "type": "Feature",
      "properties": {
        "id": 13637052474,
        "kind": "poi",
        "highway": "crossing"
      },
      "geometry": {
        "type": "Point",
        "coordinates": [
          -106.5109367,
          31.7999314
        ]
      }
    },
    {
      "type": "Feature",
      "properties": {
        "id": 13637052475,
        "kind": "poi",
        "highway": "crossing"
      },
      "geometry": {
        "type": "Point",
        "coordinates": [
          -106.5113184,
          31.7955552
        ]
      }
    },
    {
      "type": "Feature",
      "properties": {
        "id": 13637052476,
        "kind": "poi",
        "highway": "crossing"
      },
      "geometry": {
        "type": "Point",
        "coordinates": [
          -106.5113174,
          31.7957233
        ]
      }
    },
    {
      "type": "Feature",
      "properties": {
        "id": 13637052477,
        "kind": "poi",
        "crossing": "unmarked",
        "crossing:markings": "no",
        "highway": "crossing"
      },
      "geometry": {
        "type": "Point",
        "coordinates": [
          -106.5113442,
          31.7964493
        ]
      }
    },
    {
      "type": "Feature",
      "properties": {
        "id": 13637052478,
        "kind": "poi",
        "highway": "crossing"
      },
      "geometry": {
        "type": "Point",
        "coordinates": [
          -106.5113156,
          31.7987092
        ]
      }
    },
    {
      "type": "Feature",
      "properties": {
        "id": 13637052479,
        "kind": "poi",
        "crossing": "unmarked",
        "crossing:markings": "no",
        "highway": "crossing"
      },
      "geometry": {
        "type": "Point",
        "coordinates": [
          -106.5113642,
          31.7974991
        ]
      }
    },
    {
      "type": "Feature",
      "properties": {
        "id": 13637052480,
        "kind": "poi",
        "highway": "crossing"
      },
      "geometry": {
        "type": "Point",
        "coordinates": [
          -106.5113668,
          31.7979091
        ]
      }
    },
    {
      "type": "Feature",
      "properties": {
        "id": 13637052481,
        "kind": "poi",
        "highway": "crossing"
      },
      "geometry": {
        "type": "Point",
        "coordinates": [
          -106.5113546,
          31.7982619
        ]
      }
    },
    {
      "type": "Feature",
      "properties": {
        "id": 13637054580,
        "kind": "poi",
        "highway": "crossing"
      },
      "geometry": {
        "type": "Point",
        "coordinates": [
          -106.5087173,
          31.807035
        ]
      }
    },
    {
      "type": "Feature",
      "properties": {
        "id": 13637054582,
        "kind": "poi",
        "highway": "crossing"
      },
      "geometry": {
        "type": "Point",
        "coordinates": [
          -106.5082947,
          31.8075895
        ]
      }
    },
    {
      "type": "Feature",
      "properties": {
        "id": 13637054583,
        "kind": "poi",
        "highway": "crossing"
      },
      "geometry": {
        "type": "Point",
        "coordinates": [
          -106.5086055,
          31.8072689
        ]
      }
    },
    {
      "type": "Feature",
      "properties": {
        "id": 13637059255,
        "kind": "poi",
        "crossing": "unmarked",
        "crossing:markings": "no",
        "highway": "crossing"
      },
      "geometry": {
        "type": "Point",
        "coordinates": [
          -106.4196499,
          31.778208
        ]
      }
    },
    {
      "type": "Feature",
      "properties": {
        "id": 13637059256,
        "kind": "poi",
        "highway": "crossing"
      },
      "geometry": {
        "type": "Point",
        "coordinates": [
          -106.4191506,
          31.7785142
        ]
      }
    },
    {
      "type": "Feature",
      "properties": {
        "id": 13637059259,
        "kind": "poi",
        "crossing": "unmarked",
        "crossing:markings": "no",
        "highway": "crossing"
      },
      "geometry": {
        "type": "Point",
        "coordinates": [
          -106.4186689,
          31.7788084
        ]
      }
    },
    {
      "type": "Feature",
      "properties": {
        "id": 13637059260,
        "kind": "poi",
        "highway": "crossing"
      },
      "geometry": {
        "type": "Point",
        "coordinates": [
          -106.4182499,
          31.7790623
        ]
      }
    },
    {
      "type": "Feature",
      "properties": {
        "id": 13637059263,
        "kind": "poi",
        "crossing": "unmarked",
        "crossing:markings": "no",
        "highway": "crossing"
      },
      "geometry": {
        "type": "Point",
        "coordinates": [
          -106.4178136,
          31.7793376
        ]
      }
    },
    {
      "type": "Feature",
      "properties": {
        "id": 13637063202,
        "kind": "poi",
        "crossing": "unmarked",
        "crossing:markings": "no",
        "highway": "crossing"
      },
      "geometry": {
        "type": "Point",
        "coordinates": [
          -106.423032,
          31.7752981
        ]
      }
    },
    {
      "type": "Feature",
      "properties": {
        "id": 13637063204,
        "kind": "poi",
        "crossing": "unmarked",
        "crossing:markings": "no",
        "highway": "crossing"
      },
      "geometry": {
        "type": "Point",
        "coordinates": [
          -106.4233534,
          31.7753
        ]
      }
    },
    {
      "type": "Feature",
      "properties": {
        "id": 13637063205,
        "kind": "poi",
        "highway": "crossing"
      },
      "geometry": {
        "type": "Point",
        "coordinates": [
          -106.4231577,
          31.7757109
        ]
      }
    },
    {
      "type": "Feature",
      "properties": {
        "id": 13637063206,
        "kind": "poi",
        "highway": "crossing"
      },
      "geometry": {
        "type": "Point",
        "coordinates": [
          -106.4228357,
          31.7757145
        ]
      }
    },
    {
      "type": "Feature",
      "properties": {
        "id": 13637063208,
        "kind": "poi",
        "crossing": "unmarked",
        "crossing:markings": "no",
        "highway": "crossing"
      },
      "geometry": {
        "type": "Point",
        "coordinates": [
          -106.4226383,
          31.7761376
        ]
      }
    },
    {
      "type": "Feature",
      "properties": {
        "id": 13637063211,
        "kind": "poi",
        "crossing": "unmarked",
        "crossing:markings": "no",
        "highway": "crossing"
      },
      "geometry": {
        "type": "Point",
        "coordinates": [
          -106.4229516,
          31.7761431
        ]
      }
    },
    {
      "type": "Feature",
      "properties": {
        "id": 13637063212,
        "kind": "poi",
        "highway": "crossing"
      },
      "geometry": {
        "type": "Point",
        "coordinates": [
          -106.4224433,
          31.7765579
        ]
      }
    },
    {
      "type": "Feature",
      "properties": {
        "id": 13637063213,
        "kind": "poi",
        "highway": "crossing"
      },
      "geometry": {
        "type": "Point",
        "coordinates": [
          -106.4227585,
          31.7765592
        ]
      }
    },
    {
      "type": "Feature",
      "properties": {
        "id": 13637063214,
        "kind": "poi",
        "highway": "crossing"
      },
      "geometry": {
        "type": "Point",
        "coordinates": [
          -106.422735,
          31.7766123
        ]
      }
    },
    {
      "type": "Feature",
      "properties": {
        "id": 13637063215,
        "kind": "poi",
        "highway": "crossing"
      },
      "geometry": {
        "type": "Point",
        "coordinates": [
          -106.4223919,
          31.7766687
        ]
      }
    },
    {
      "type": "Feature",
      "properties": {
        "id": 13637063218,
        "kind": "poi",
        "crossing": "uncontrolled",
        "crossing:markings": "lines",
        "crossing:signals": "no",
        "highway": "crossing"
      },
      "geometry": {
        "type": "Point",
        "coordinates": [
          -106.4225803,
          31.7769611
        ]
      }
    },
    {
      "type": "Feature",
      "properties": {
        "id": 13637063221,
        "kind": "poi",
        "crossing": "unmarked",
        "crossing:markings": "no",
        "highway": "crossing"
      },
      "geometry": {
        "type": "Point",
        "coordinates": [
          -106.4222442,
          31.7769796
        ]
      }
    },
    {
      "type": "Feature",
      "properties": {
        "id": 13637063226,
        "kind": "poi",
        "crossing": "traffic_signals",
        "crossing:markings": "zebra",
        "crossing:signals": "yes",
        "highway": "crossing"
      },
      "geometry": {
        "type": "Point",
        "coordinates": [
          -106.4222232,
          31.7771578
        ]
      }
    },
    {
      "type": "Feature",
      "properties": {
        "id": 13637063227,
        "kind": "poi",
        "crossing": "traffic_signals",
        "crossing:markings": "zebra",
        "crossing:signals": "yes",
        "highway": "crossing"
      },
      "geometry": {
        "type": "Point",
        "coordinates": [
          -106.4224007,
          31.7771386
        ]
      }
    },
    {
      "type": "Feature",
      "properties": {
        "id": 13637063231,
        "kind": "poi",
        "crossing": "traffic_signals",
        "crossing:markings": "zebra",
        "crossing:signals": "yes",
        "highway": "crossing"
      },
      "geometry": {
        "type": "Point",
        "coordinates": [
          -106.4225096,
          31.7771661
        ]
      }
    },
    {
      "type": "Feature",
      "properties": {
        "id": 13637063232,
        "kind": "poi",
        "crossing": "traffic_signals",
        "crossing:markings": "zebra",
        "crossing:signals": "yes",
        "highway": "crossing"
      },
      "geometry": {
        "type": "Point",
        "coordinates": [
          -106.4220738,
          31.7772697
        ]
      }
    },
    {
      "type": "Feature",
      "properties": {
        "id": 13637063237,
        "kind": "poi",
        "crossing": "traffic_signals",
        "crossing:markings": "zebra",
        "crossing:signals": "yes",
        "highway": "crossing"
      },
      "geometry": {
        "type": "Point",
        "coordinates": [
          -106.4217644,
          31.7781245
        ]
      }
    },
    {
      "type": "Feature",
      "properties": {
        "id": 13637063238,
        "kind": "poi",
        "crossing": "traffic_signals",
        "crossing:markings": "zebra",
        "crossing:signals": "yes",
        "highway": "crossing"
      },
      "geometry": {
        "type": "Point",
        "coordinates": [
          -106.421957,
          31.7780747
        ]
      }
    },
    {
      "type": "Feature",
      "properties": {
        "id": 13637063244,
        "kind": "poi",
        "crossing": "traffic_signals",
        "crossing:markings": "zebra",
        "crossing:signals": "yes",
        "highway": "crossing"
      },
      "geometry": {
        "type": "Point",
        "coordinates": [
          -106.4217079,
          31.778067
        ]
      }
    },
    {
      "type": "Feature",
      "properties": {
        "id": 13637063245,
        "kind": "poi",
        "crossing": "traffic_signals",
        "crossing:markings": "zebra",
        "crossing:signals": "yes",
        "highway": "crossing"
      },
      "geometry": {
        "type": "Point",
        "coordinates": [
          -106.4221275,
          31.7779605
        ]
      }
    },
    {
      "type": "Feature",
      "properties": {
        "id": 13637063246,
        "kind": "poi",
        "highway": "crossing"
      },
      "geometry": {
        "type": "Point",
        "coordinates": [
          -106.421582,
          31.7783904
        ]
      }
    },
    {
      "type": "Feature",
      "properties": {
        "id": 13637063247,
        "kind": "poi",
        "highway": "crossing"
      },
      "geometry": {
        "type": "Point",
        "coordinates": [
          -106.4219023,
          31.7783843
        ]
      }
    },
    {
      "type": "Feature",
      "properties": {
        "id": 13637063250,
        "kind": "poi",
        "highway": "crossing"
      },
      "geometry": {
        "type": "Point",
        "coordinates": [
          -106.4212562,
          31.7790863
        ]
      }
    },
    {
      "type": "Feature",
      "properties": {
        "id": 13637063253,
        "kind": "poi",
        "crossing": "unmarked",
        "crossing:markings": "no",
        "highway": "crossing"
      },
      "geometry": {
        "type": "Point",
        "coordinates": [
          -106.4211208,
          31.779372
        ]
      }
    },
    {
      "type": "Feature",
      "properties": {
        "id": 13637063254,
        "kind": "poi",
        "highway": "crossing"
      },
      "geometry": {
        "type": "Point",
        "coordinates": [
          -106.4209456,
          31.7797417
        ]
      }
    },
    {
      "type": "Feature",
      "properties": {
        "id": 13637063260,
        "kind": "poi",
        "crossing": "traffic_signals",
        "crossing:markings": "zebra",
        "crossing:signals": "yes",
        "highway": "crossing"
      },
      "geometry": {
        "type": "Point",
        "coordinates": [
          -106.4209896,
          31.7801104
        ]
      }
    },
    {
      "type": "Feature",
      "properties": {
        "id": 13637063261,
        "kind": "poi",
        "crossing": "traffic_signals",
        "crossing:markings": "zebra",
        "crossing:signals": "yes",
        "highway": "crossing"
      },
      "geometry": {
        "type": "Point",
        "coordinates": [
          -106.4208596,
          31.7800457
        ]
      }
    },
    {
      "type": "Feature",
      "properties": {
        "id": 13637063262,
        "kind": "poi",
        "highway": "crossing"
      },
      "geometry": {
        "type": "Point",
        "coordinates": [
          -106.4232259,
          31.7748801
        ]
      }
    },
    {
      "type": "Feature",
      "properties": {
        "id": 13637063263,
        "kind": "poi",
        "highway": "crossing"
      },
      "geometry": {
        "type": "Point",
        "coordinates": [
          -106.4235541,
          31.774873
        ]
      }
    },
    {
      "type": "Feature",
      "properties": {
        "id": 13637063280,
        "kind": "poi",
        "crossing": "unmarked",
        "crossing:markings": "no",
        "highway": "crossing"
      },
      "geometry": {
        "type": "Point",
        "coordinates": [
          -106.420492,
          31.7777631
        ]
      }
    },
    {
      "type": "Feature",
      "properties": {
        "id": 13637063284,
        "kind": "poi",
        "crossing": "unmarked",
        "crossing:markings": "no",
        "highway": "crossing"
      },
      "geometry": {
        "type": "Point",
        "coordinates": [
          -106.4207312,
          31.7776543
        ]
      }
    },
    {
      "type": "Feature",
      "properties": {
        "id": 13637063285,
        "kind": "poi",
        "highway": "crossing"
      },
      "geometry": {
        "type": "Point",
        "coordinates": [
          -106.4213175,
          31.7774378
        ]
      }
    },
    {
      "type": "Feature",
      "properties": {
        "id": 13637063286,
        "kind": "poi",
        "highway": "crossing"
      },
      "geometry": {
        "type": "Point",
        "coordinates": [
          -106.4218641,
          31.7772714
        ]
      }
    },
    {
      "type": "Feature",
      "properties": {
        "id": 13637063287,
        "kind": "poi",
        "highway": "crossing"
      },
      "geometry": {
        "type": "Point",
        "coordinates": [
          -106.4230564,
          31.7770008
        ]
      }
    },
    {
      "type": "Feature",
      "properties": {
        "id": 13637063290,
        "kind": "poi",
        "crossing": "unmarked",
        "crossing:markings": "no",
        "highway": "crossing"
      },
      "geometry": {
        "type": "Point",
        "coordinates": [
          -106.423585,
          31.7769685
        ]
      }
    },
    {
      "type": "Feature",
      "properties": {
        "id": 13637224151,
        "kind": "poi",
        "crossing": "unmarked",
        "crossing:markings": "no",
        "highway": "crossing"
      },
      "geometry": {
        "type": "Point",
        "coordinates": [
          -106.4208573,
          31.776127
        ]
      }
    },
    {
      "type": "Feature",
      "properties": {
        "id": 13637224152,
        "kind": "poi",
        "crossing": "unmarked",
        "crossing:markings": "no",
        "highway": "crossing"
      },
      "geometry": {
        "type": "Point",
        "coordinates": [
          -106.4206312,
          31.7757298
        ]
      }
    },
    {
      "type": "Feature",
      "properties": {
        "id": 13637224153,
        "kind": "poi",
        "highway": "crossing"
      },
      "geometry": {
        "type": "Point",
        "coordinates": [
          -106.4207086,
          31.7761256
        ]
      }
    },
    {
      "type": "Feature",
      "properties": {
        "id": 13637224154,
        "kind": "poi",
        "crossing": "unmarked",
        "crossing:markings": "no",
        "highway": "crossing"
      },
      "geometry": {
        "type": "Point",
        "coordinates": [
          -106.4207873,
          31.775286
        ]
      }
    },
    {
      "type": "Feature",
      "properties": {
        "id": 13637224155,
        "kind": "poi",
        "crossing": "unmarked",
        "crossing:markings": "no",
        "highway": "crossing"
      },
      "geometry": {
        "type": "Point",
        "coordinates": [
          -106.4206322,
          31.774958
        ]
      }
    },
    {
      "type": "Feature",
      "properties": {
        "id": 13637224156,
        "kind": "poi",
        "highway": "crossing"
      },
      "geometry": {
        "type": "Point",
        "coordinates": [
          -106.4206302,
          31.7745954
        ]
      }
    },
    {
      "type": "Feature",
      "properties": {
        "id": 13637224157,
        "kind": "poi",
        "crossing": "unmarked",
        "crossing:markings": "no",
        "highway": "crossing"
      },
      "geometry": {
        "type": "Point",
        "coordinates": [
          -106.4208025,
          31.7744601
        ]
      }
    },
    {
      "type": "Feature",
      "properties": {
        "id": 13637224158,
        "kind": "poi",
        "crossing": "unmarked",
        "crossing:markings": "no",
        "highway": "crossing"
      },
      "geometry": {
        "type": "Point",
        "coordinates": [
          -106.4206228,
          31.7742172
        ]
      }
    },
    {
      "type": "Feature",
      "properties": {
        "id": 13637224159,
        "kind": "poi",
        "highway": "crossing"
      },
      "geometry": {
        "type": "Point",
        "coordinates": [
          -106.4206327,
          31.7753497
        ]
      }
    },
    {
      "type": "Feature",
      "properties": {
        "id": 13637271286,
        "kind": "poi",
        "crossing": "traffic_signals",
        "crossing:markings": "lines",
        "crossing:signals": "yes",
        "highway": "crossing"
      },
      "geometry": {
        "type": "Point",
        "coordinates": [
          -106.4254101,
          31.7769818
        ]
      }
    },
    {
      "type": "Feature",
      "properties": {
        "id": 13637285722,
        "kind": "poi",
        "crossing": "uncontrolled",
        "crossing:markings": "lines",
        "crossing:signals": "no",
        "highway": "crossing"
      },
      "geometry": {
        "type": "Point",
        "coordinates": [
          -106.448221,
          31.7686027
        ]
      }
    },
    {
      "type": "Feature",
      "properties": {
        "id": 13637285723,
        "kind": "poi",
        "crossing": "traffic_signals",
        "crossing:markings": "zebra",
        "crossing:signals": "yes",
        "highway": "crossing"
      },
      "geometry": {
        "type": "Point",
        "coordinates": [
          -106.4476978,
          31.7683389
        ]
      }
    },
    {
      "type": "Feature",
      "properties": {
        "id": 13637285724,
        "kind": "poi",
        "crossing": "traffic_signals",
        "crossing:markings": "zebra",
        "crossing:signals": "yes",
        "highway": "crossing"
      },
      "geometry": {
        "type": "Point",
        "coordinates": [
          -106.4477923,
          31.7681443
        ]
      }
    },
    {
      "type": "Feature",
      "properties": {
        "id": 13637285725,
        "kind": "poi",
        "crossing": "traffic_signals",
        "crossing:markings": "zebra",
        "crossing:signals": "yes",
        "highway": "crossing"
      },
      "geometry": {
        "type": "Point",
        "coordinates": [
          -106.4477672,
          31.7681919
        ]
      }
    },
    {
      "type": "Feature",
      "properties": {
        "id": 13637285726,
        "kind": "poi",
        "crossing": "traffic_signals",
        "crossing:markings": "zebra",
        "crossing:signals": "yes",
        "highway": "crossing"
      },
      "geometry": {
        "type": "Point",
        "coordinates": [
          -106.4477156,
          31.7680552
        ]
      }
    },
    {
      "type": "Feature",
      "properties": {
        "id": 13637285727,
        "kind": "poi",
        "crossing": "traffic_signals",
        "crossing:markings": "zebra",
        "crossing:signals": "yes",
        "highway": "crossing"
      },
      "geometry": {
        "type": "Point",
        "coordinates": [
          -106.4475972,
          31.7680388
        ]
      }
    },
    {
      "type": "Feature",
      "properties": {
        "id": 13637285728,
        "kind": "poi",
        "crossing": "traffic_signals",
        "crossing:markings": "zebra",
        "crossing:signals": "yes",
        "highway": "crossing"
      },
      "geometry": {
        "type": "Point",
        "coordinates": [
          -106.4465186,
          31.7680198
        ]
      }
    },
    {
      "type": "Feature",
      "properties": {
        "id": 13637285729,
        "kind": "poi",
        "crossing": "traffic_signals",
        "crossing:markings": "zebra",
        "crossing:signals": "yes",
        "highway": "crossing"
      },
      "geometry": {
        "type": "Point",
        "coordinates": [
          -106.4464271,
          31.7678998
        ]
      }
    },
    {
      "type": "Feature",
      "properties": {
        "id": 13637285730,
        "kind": "poi",
        "crossing": "traffic_signals",
        "crossing:markings": "zebra",
        "crossing:signals": "yes",
        "highway": "crossing"
      },
      "geometry": {
        "type": "Point",
        "coordinates": [
          -106.4464171,
          31.7677394
        ]
      }
    },
    {
      "type": "Feature",
      "properties": {
        "id": 13637285731,
        "kind": "poi",
        "crossing": "traffic_signals",
        "crossing:markings": "zebra",
        "crossing:signals": "yes",
        "highway": "crossing"
      },
      "geometry": {
        "type": "Point",
        "coordinates": [
          -106.446515,
          31.7676612
        ]
      }
    },
    {
      "type": "Feature",
      "properties": {
        "id": 13637289955,
        "kind": "poi",
        "crossing": "traffic_signals",
        "crossing:markings": "zebra",
        "crossing:signals": "yes",
        "highway": "crossing"
      },
      "geometry": {
        "type": "Point",
        "coordinates": [
          -106.4253922,
          31.7778104
        ]
      }
    },
    {
      "type": "Feature",
      "properties": {
        "id": 13637290426,
        "kind": "poi",
        "crossing": "unmarked",
        "crossing:markings": "no",
        "highway": "crossing"
      },
      "geometry": {
        "type": "Point",
        "coordinates": [
          -106.4581244,
          31.740004
        ]
      }
    },
    {
      "type": "Feature",
      "properties": {
        "id": 13637290686,
        "kind": "poi",
        "crossing": "unmarked",
        "crossing:markings": "no",
        "highway": "crossing"
      },
      "geometry": {
        "type": "Point",
        "coordinates": [
          -106.418742,
          31.7798656
        ]
      }
    },
    {
      "type": "Feature",
      "properties": {
        "id": 13637290687,
        "kind": "poi",
        "crossing": "unmarked",
        "crossing:markings": "no",
        "highway": "crossing"
      },
      "geometry": {
        "type": "Point",
        "coordinates": [
          -106.4186621,
          31.7798975
        ]
      }
    },
    {
      "type": "Feature",
      "properties": {
        "id": 13637290688,
        "kind": "poi",
        "highway": "crossing"
      },
      "geometry": {
        "type": "Point",
        "coordinates": [
          -106.4191481,
          31.779645
        ]
      }
    },
    {
      "type": "Feature",
      "properties": {
        "id": 13637290689,
        "kind": "poi",
        "crossing": "unmarked",
        "crossing:markings": "no",
        "highway": "crossing"
      },
      "geometry": {
        "type": "Point",
        "coordinates": [
          -106.4196549,
          31.7793977
        ]
      }
    },
    {
      "type": "Feature",
      "properties": {
        "id": 13637290691,
        "kind": "poi",
        "crossing": "unmarked",
        "crossing:markings": "no",
        "highway": "crossing"
      },
      "geometry": {
        "type": "Point",
        "coordinates": [
          -106.4206491,
          31.7787616
        ]
      }
    },
    {
      "type": "Feature",
      "properties": {
        "id": 13637290693,
        "kind": "poi",
        "crossing": "unmarked",
        "crossing:markings": "no",
        "highway": "crossing"
      },
      "geometry": {
        "type": "Point",
        "coordinates": [
          -106.4207232,
          31.7786876
        ]
      }
    },
    {
      "type": "Feature",
      "properties": {
        "id": 13637290694,
        "kind": "poi",
        "highway": "crossing"
      },
      "geometry": {
        "type": "Point",
        "coordinates": [
          -106.421185,
          31.7783321
        ]
      }
    },
    {
      "type": "Feature",
      "properties": {
        "id": 13637298450,
        "kind": "poi",
        "crossing": "traffic_signals",
        "crossing:markings": "zebra",
        "crossing:signals": "yes",
        "highway": "crossing"
      },
      "geometry": {
        "type": "Point",
        "coordinates": [
          -106.4207426,
          31.7801169
        ]
      }
    },
    {
      "type": "Feature",
      "properties": {
        "id": 13637298451,
        "kind": "poi",
        "highway": "crossing"
      },
      "geometry": {
        "type": "Point",
        "coordinates": [
          -106.4198309,
          31.7794239
        ]
      }
    },
    {
      "type": "Feature",
      "properties": {
        "id": 13637298452,
        "kind": "poi",
        "highway": "crossing"
      },
      "geometry": {
        "type": "Point",
        "coordinates": [
          -106.420474,
          31.779858
        ]
      }
    },
    {
      "type": "Feature",
      "properties": {
        "id": 13637305389,
        "kind": "poi",
        "crossing": "unmarked",
        "crossing:markings": "no",
        "highway": "crossing"
      },
      "geometry": {
        "type": "Point",
        "coordinates": [
          -106.5131788,
          31.8103571
        ]
      }
    },
    {
      "type": "Feature",
      "properties": {
        "id": 13637305392,
        "kind": "poi",
        "crossing": "unmarked",
        "crossing:markings": "no",
        "highway": "crossing"
      },
      "geometry": {
        "type": "Point",
        "coordinates": [
          -106.513226,
          31.8103269
        ]
      }
    },
    {
      "type": "Feature",
      "properties": {
        "id": 13637305397,
        "kind": "poi",
        "crossing": "unmarked",
        "crossing:markings": "no",
        "highway": "crossing"
      },
      "geometry": {
        "type": "Point",
        "coordinates": [
          -106.5139716,
          31.8095495
        ]
      }
    },
    {
      "type": "Feature",
      "properties": {
        "id": 13637320101,
        "kind": "poi",
        "crossing": "unmarked",
        "crossing:markings": "no",
        "highway": "crossing"
      },
      "geometry": {
        "type": "Point",
        "coordinates": [
          -106.5142527,
          31.8088078
        ]
      }
    },
    {
      "type": "Feature",
      "properties": {
        "id": 13637426787,
        "kind": "poi",
        "crossing": "traffic_signals",
        "crossing:markings": "zebra",
        "crossing:signals": "yes",
        "highway": "crossing"
      },
      "geometry": {
        "type": "Point",
        "coordinates": [
          -106.4001941,
          31.7607994
        ]
      }
    },
    {
      "type": "Feature",
      "properties": {
        "id": 13637426788,
        "kind": "poi",
        "crossing": "traffic_signals",
        "crossing:markings": "zebra",
        "crossing:signals": "yes",
        "highway": "crossing"
      },
      "geometry": {
        "type": "Point",
        "coordinates": [
          -106.4002833,
          31.7609283
        ]
      }
    },
    {
      "type": "Feature",
      "properties": {
        "id": 13637456820,
        "kind": "poi",
        "crossing": "traffic_signals",
        "crossing:markings": "zebra",
        "crossing:signals": "yes",
        "highway": "crossing"
      },
      "geometry": {
        "type": "Point",
        "coordinates": [
          -106.5157966,
          31.8182319
        ]
      }
    },
    {
      "type": "Feature",
      "properties": {
        "id": 13637456821,
        "kind": "poi",
        "crossing": "traffic_signals",
        "crossing:markings": "zebra",
        "crossing:signals": "yes",
        "highway": "crossing"
      },
      "geometry": {
        "type": "Point",
        "coordinates": [
          -106.5159257,
          31.8181186
        ]
      }
    },
    {
      "type": "Feature",
      "properties": {
        "id": 13637456827,
        "kind": "poi",
        "highway": "crossing"
      },
      "geometry": {
        "type": "Point",
        "coordinates": [
          -106.5158316,
          31.818467
        ]
      }
    },
    {
      "type": "Feature",
      "properties": {
        "id": 13637456828,
        "kind": "poi",
        "highway": "crossing"
      },
      "geometry": {
        "type": "Point",
        "coordinates": [
          -106.5161754,
          31.8187727
        ]
      }
    },
    {
      "type": "Feature",
      "properties": {
        "id": 13637456829,
        "kind": "poi",
        "highway": "crossing"
      },
      "geometry": {
        "type": "Point",
        "coordinates": [
          -106.5163926,
          31.8189736
        ]
      }
    },
    {
      "type": "Feature",
      "properties": {
        "id": 13637456830,
        "kind": "poi",
        "highway": "crossing"
      },
      "geometry": {
        "type": "Point",
        "coordinates": [
          -106.5167089,
          31.8192585
        ]
      }
    },
    {
      "type": "Feature",
      "properties": {
        "id": 13637456831,
        "kind": "poi",
        "highway": "crossing"
      },
      "geometry": {
        "type": "Point",
        "coordinates": [
          -106.5168697,
          31.8194025
        ]
      }
    },
    {
      "type": "Feature",
      "properties": {
        "id": 13637456892,
        "kind": "poi",
        "highway": "crossing"
      },
      "geometry": {
        "type": "Point",
        "coordinates": [
          -106.5162714,
          31.8182935
        ]
      }
    },
    {
      "type": "Feature",
      "properties": {
        "id": 13637456893,
        "kind": "poi",
        "highway": "crossing"
      },
      "geometry": {
        "type": "Point",
        "coordinates": [
          -106.5165046,
          31.8184947
        ]
      }
    },
    {
      "type": "Feature",
      "properties": {
        "id": 13637456894,
        "kind": "poi",
        "highway": "crossing"
      },
      "geometry": {
        "type": "Point",
        "coordinates": [
          -106.5168438,
          31.8188033
        ]
      }
    },
    {
      "type": "Feature",
      "properties": {
        "id": 13637456895,
        "kind": "poi",
        "highway": "crossing"
      },
      "geometry": {
        "type": "Point",
        "coordinates": [
          -106.5171775,
          31.819094
        ]
      }
    },
    {
      "type": "Feature",
      "properties": {
        "id": 13637456896,
        "kind": "poi",
        "highway": "crossing"
      },
      "geometry": {
        "type": "Point",
        "coordinates": [
          -106.5175596,
          31.8194359
        ]
      }
    },
    {
      "type": "Feature",
      "properties": {
        "id": 13637456897,
        "kind": "poi",
        "highway": "crossing"
      },
      "geometry": {
        "type": "Point",
        "coordinates": [
          -106.5178916,
          31.8197284
        ]
      }
    },
    {
      "type": "Feature",
      "properties": {
        "id": 13637457985,
        "kind": "poi",
        "crossing": "uncontrolled",
        "crossing:markings": "zebra",
        "crossing:signals": "no",
        "highway": "crossing"
      },
      "geometry": {
        "type": "Point",
        "coordinates": [
          -106.4180845,
          31.7771211
        ]
      }
    },
    {
      "type": "Feature",
      "properties": {
        "id": 13637457986,
        "kind": "poi",
        "crossing": "uncontrolled",
        "crossing:markings": "zebra",
        "crossing:signals": "no",
        "highway": "crossing"
      },
      "geometry": {
        "type": "Point",
        "coordinates": [
          -106.4180047,
          31.7778615
        ]
      }
    },
    {
      "type": "Feature",
      "properties": {
        "id": 13637457987,
        "kind": "poi",
        "crossing": "uncontrolled",
        "crossing:markings": "zebra",
        "crossing:signals": "no",
        "highway": "crossing"
      },
      "geometry": {
        "type": "Point",
        "coordinates": [
          -106.4181779,
          31.7777594
        ]
      }
    },
    {
      "type": "Feature",
      "properties": {
        "id": 13637457988,
        "kind": "poi",
        "crossing": "uncontrolled",
        "crossing:markings": "zebra",
        "crossing:signals": "no",
        "highway": "crossing"
      },
      "geometry": {
        "type": "Point",
        "coordinates": [
          -106.418085,
          31.7776901
        ]
      }
    },
    {
      "type": "Feature",
      "properties": {
        "id": 13637457989,
        "kind": "poi",
        "crossing": "uncontrolled",
        "crossing:markings": "zebra",
        "crossing:signals": "no",
        "highway": "crossing"
      },
      "geometry": {
        "type": "Point",
        "coordinates": [
          -106.4177927,
          31.7782459
        ]
      }
    },
    {
      "type": "Feature",
      "properties": {
        "id": 13637458134,
        "kind": "poi",
        "highway": "crossing"
      },
      "geometry": {
        "type": "Point",
        "coordinates": [
          -106.4187849,
          31.7800308
        ]
      }
    },
    {
      "type": "Feature",
      "properties": {
        "id": 13637458135,
        "kind": "poi",
        "highway": "crossing"
      },
      "geometry": {
        "type": "Point",
        "coordinates": [
          -106.4189415,
          31.7801337
        ]
      }
    },
    {
      "type": "Feature",
      "properties": {
        "id": 13637458136,
        "kind": "poi",
        "highway": "crossing"
      },
      "geometry": {
        "type": "Point",
        "coordinates": [
          -106.4190913,
          31.7802294
        ]
      }
    },
    {
      "type": "Feature",
      "properties": {
        "id": 13637458137,
        "kind": "poi",
        "highway": "crossing"
      },
      "geometry": {
        "type": "Point",
        "coordinates": [
          -106.4193634,
          31.7804133
        ]
      }
    },
    {
      "type": "Feature",
      "properties": {
        "id": 13637458138,
        "kind": "poi",
        "highway": "crossing"
      },
      "geometry": {
        "type": "Point",
        "coordinates": [
          -106.4200115,
          31.7808324
        ]
      }
    },
    {
      "type": "Feature",
      "properties": {
        "id": 13637458139,
        "kind": "poi",
        "highway": "crossing"
      },
      "geometry": {
        "type": "Point",
        "coordinates": [
          -106.4167368,
          31.7791864
        ]
      }
    },
    {
      "type": "Feature",
      "properties": {
        "id": 13637458140,
        "kind": "poi",
        "crossing": "unmarked",
        "crossing:markings": "no",
        "highway": "crossing"
      },
      "geometry": {
        "type": "Point",
        "coordinates": [
          -106.4171869,
          31.7789351
        ]
      }
    },
    {
      "type": "Feature",
      "properties": {
        "id": 13637458141,
        "kind": "poi",
        "crossing": "unmarked",
        "crossing:markings": "no",
        "highway": "crossing"
      },
      "geometry": {
        "type": "Point",
        "coordinates": [
          -106.4170564,
          31.7789418
        ]
      }
    },
    {
      "type": "Feature",
      "properties": {
        "id": 13637458142,
        "kind": "poi",
        "crossing": "unmarked",
        "crossing:markings": "no",
        "highway": "crossing"
      },
      "geometry": {
        "type": "Point",
        "coordinates": [
          -106.4170423,
          31.7788424
        ]
      }
    },
    {
      "type": "Feature",
      "properties": {
        "id": 13637458143,
        "kind": "poi",
        "crossing": "unmarked",
        "crossing:markings": "no",
        "highway": "crossing"
      },
      "geometry": {
        "type": "Point",
        "coordinates": [
          -106.4171658,
          31.7788174
        ]
      }
    },
    {
      "type": "Feature",
      "properties": {
        "id": 13637458144,
        "kind": "poi",
        "highway": "crossing"
      },
      "geometry": {
        "type": "Point",
        "coordinates": [
          -106.4173487,
          31.7784828
        ]
      }
    },
    {
      "type": "Feature",
      "properties": {
        "id": 13637458145,
        "kind": "poi",
        "highway": "crossing"
      },
      "geometry": {
        "type": "Point",
        "coordinates": [
          -106.4174955,
          31.7785772
        ]
      }
    },
    {
      "type": "Feature",
      "properties": {
        "id": 13637458146,
        "kind": "poi",
        "crossing": "unmarked",
        "crossing:markings": "no",
        "highway": "crossing"
      },
      "geometry": {
        "type": "Point",
        "coordinates": [
          -106.4177769,
          31.7781108
        ]
      }
    },
    {
      "type": "Feature",
      "properties": {
        "id": 13637458147,
        "kind": "poi",
        "crossing": "unmarked",
        "crossing:markings": "no",
        "highway": "crossing"
      },
      "geometry": {
        "type": "Point",
        "coordinates": [
          -106.4176568,
          31.7782454
        ]
      }
    },
    {
      "type": "Feature",
      "properties": {
        "id": 13637458148,
        "kind": "poi",
        "crossing": "unmarked",
        "crossing:markings": "no",
        "highway": "crossing"
      },
      "geometry": {
        "type": "Point",
        "coordinates": [
          -106.4176391,
          31.77815
        ]
      }
    },
    {
      "type": "Feature",
      "properties": {
        "id": 13637466301,
        "kind": "poi",
        "crossing": "unmarked",
        "crossing:island": "no",
        "crossing:markings": "no",
        "highway": "crossing",
        "tactile_paving": "no"
      },
      "geometry": {
        "type": "Point",
        "coordinates": [
          -106.437916,
          31.8171608
        ]
      }
    },
    {
      "type": "Feature",
      "properties": {
        "id": 13637466302,
        "kind": "poi",
        "crossing": "unmarked",
        "crossing:island": "no",
        "crossing:markings": "no",
        "highway": "crossing",
        "tactile_paving": "no"
      },
      "geometry": {
        "type": "Point",
        "coordinates": [
          -106.437901,
          31.8165889
        ]
      }
    },
    {
      "type": "Feature",
      "properties": {
        "id": 13637466304,
        "kind": "poi",
        "crossing": "marked",
        "crossing:markings": "zebra",
        "highway": "crossing"
      },
      "geometry": {
        "type": "Point",
        "coordinates": [
          -106.4377853,
          31.816502
        ]
      }
    },
    {
      "type": "Feature",
      "properties": {
        "id": 13637466309,
        "kind": "poi",
        "crossing": "marked",
        "crossing:island": "no",
        "crossing:markings": "zebra",
        "highway": "crossing",
        "tactile_paving": "no"
      },
      "geometry": {
        "type": "Point",
        "coordinates": [
          -106.4378356,
          31.8182376
        ]
      }
    },
    {
      "type": "Feature",
      "properties": {
        "id": 13637466314,
        "kind": "poi",
        "crossing": "uncontrolled",
        "crossing:markings": "zebra",
        "crossing:signals": "no",
        "highway": "crossing"
      },
      "geometry": {
        "type": "Point",
        "coordinates": [
          -106.4378427,
          31.8185703
        ]
      }
    },
    {
      "type": "Feature",
      "properties": {
        "id": 13637466318,
        "kind": "poi",
        "crossing": "uncontrolled",
        "crossing:island": "no",
        "crossing:markings": "zebra",
        "crossing:signals": "no",
        "highway": "crossing",
        "tactile_paving": "no"
      },
      "geometry": {
        "type": "Point",
        "coordinates": [
          -106.4377284,
          31.8186918
        ]
      }
    },
    {
      "type": "Feature",
      "properties": {
        "id": 13637466328,
        "kind": "poi",
        "crossing": "unmarked",
        "crossing:markings": "no",
        "highway": "crossing"
      },
      "geometry": {
        "type": "Point",
        "coordinates": [
          -106.4377462,
          31.8182879
        ]
      }
    },
    {
      "type": "Feature",
      "properties": {
        "id": 13637466340,
        "kind": "poi",
        "crossing": "unmarked",
        "crossing:island": "no",
        "crossing:markings": "no",
        "highway": "crossing",
        "tactile_paving": "no"
      },
      "geometry": {
        "type": "Point",
        "coordinates": [
          -106.4369173,
          31.8186584
        ]
      }
    },
    {
      "type": "Feature",
      "properties": {
        "id": 13637468467,
        "kind": "poi",
        "crossing": "uncontrolled",
        "crossing:markings": "zebra",
        "crossing:signals": "no",
        "highway": "crossing"
      },
      "geometry": {
        "type": "Point",
        "coordinates": [
          -106.4701278,
          31.7606483
        ]
      }
    },
    {
      "type": "Feature",
      "properties": {
        "id": 13637476711,
        "kind": "poi",
        "highway": "crossing"
      },
      "geometry": {
        "type": "Point",
        "coordinates": [
          -106.4168984,
          31.7808641
        ]
      }
    },
    {
      "type": "Feature",
      "properties": {
        "id": 13637476739,
        "kind": "poi",
        "crossing": "traffic_signals",
        "crossing:markings": "zebra",
        "crossing:signals": "yes",
        "highway": "crossing"
      },
      "geometry": {
        "type": "Point",
        "coordinates": [
          -106.4177267,
          31.7803966
        ]
      }
    },
    {
      "type": "Feature",
      "properties": {
        "id": 13637476745,
        "kind": "poi",
        "crossing": "unmarked",
        "crossing:markings": "no",
        "highway": "crossing"
      },
      "geometry": {
        "type": "Point",
        "coordinates": [
          -106.4165314,
          31.7795149
        ]
      }
    },
    {
      "type": "Feature",
      "properties": {
        "id": 13637476748,
        "kind": "poi",
        "crossing": "uncontrolled",
        "crossing:markings": "zebra",
        "crossing:signals": "no",
        "highway": "crossing"
      },
      "geometry": {
        "type": "Point",
        "coordinates": [
          -106.4169211,
          31.7799
        ]
      }
    },
    {
      "type": "Feature",
      "properties": {
        "id": 13637476749,
        "kind": "poi",
        "crossing": "uncontrolled",
        "crossing:markings": "zebra",
        "crossing:signals": "no",
        "highway": "crossing"
      },
      "geometry": {
        "type": "Point",
        "coordinates": [
          -106.4169412,
          31.779885
        ]
      }
    },
    {
      "type": "Feature",
      "properties": {
        "id": 13637476751,
        "kind": "poi",
        "crossing": "uncontrolled",
        "crossing:markings": "zebra",
        "crossing:signals": "no",
        "highway": "crossing"
      },
      "geometry": {
        "type": "Point",
        "coordinates": [
          -106.4168896,
          31.780011
        ]
      }
    },
    {
      "type": "Feature",
      "properties": {
        "id": 13637476753,
        "kind": "poi",
        "crossing": "uncontrolled",
        "crossing:markings": "zebra",
        "crossing:signals": "no",
        "highway": "crossing"
      },
      "geometry": {
        "type": "Point",
        "coordinates": [
          -106.4171413,
          31.7798381
        ]
      }
    },
    {
      "type": "Feature",
      "properties": {
        "id": 13637476755,
        "kind": "poi",
        "highway": "crossing"
      },
      "geometry": {
        "type": "Point",
        "coordinates": [
          -106.4164788,
          31.7801733
        ]
      }
    },
    {
      "type": "Feature",
      "properties": {
        "id": 13637476758,
        "kind": "poi",
        "crossing": "unmarked",
        "crossing:markings": "no",
        "highway": "crossing"
      },
      "geometry": {
        "type": "Point",
        "coordinates": [
          -106.4159517,
          31.7804219
        ]
      }
    },
    {
      "type": "Feature",
      "properties": {
        "id": 13637476759,
        "kind": "poi",
        "highway": "crossing"
      },
      "geometry": {
        "type": "Point",
        "coordinates": [
          -106.413019,
          31.7812276
        ]
      }
    },
    {
      "type": "Feature",
      "properties": {
        "id": 13637476760,
        "kind": "poi",
        "highway": "crossing"
      },
      "geometry": {
        "type": "Point",
        "coordinates": [
          -106.4135124,
          31.7812182
        ]
      }
    },
    {
      "type": "Feature",
      "properties": {
        "id": 13637476761,
        "kind": "poi",
        "crossing": "unmarked",
        "crossing:markings": "no",
        "highway": "crossing"
      },
      "geometry": {
        "type": "Point",
        "coordinates": [
          -106.412227,
          31.7812347
        ]
      }
    },
    {
      "type": "Feature",
      "properties": {
        "id": 13637476764,
        "kind": "poi",
        "crossing": "unmarked",
        "crossing:markings": "no",
        "highway": "crossing"
      },
      "geometry": {
        "type": "Point",
        "coordinates": [
          -106.4115889,
          31.7811659
        ]
      }
    },
    {
      "type": "Feature",
      "properties": {
        "id": 13637476765,
        "kind": "poi",
        "highway": "crossing"
      },
      "geometry": {
        "type": "Point",
        "coordinates": [
          -106.4112018,
          31.7811299
        ]
      }
    },
    {
      "type": "Feature",
      "properties": {
        "id": 13637476766,
        "kind": "poi",
        "highway": "crossing"
      },
      "geometry": {
        "type": "Point",
        "coordinates": [
          -106.4107163,
          31.781087
        ]
      }
    },
    {
      "type": "Feature",
      "properties": {
        "id": 13637476767,
        "kind": "poi",
        "highway": "crossing"
      },
      "geometry": {
        "type": "Point",
        "coordinates": [
          -106.4099524,
          31.7810197
        ]
      }
    },
    {
      "type": "Feature",
      "properties": {
        "id": 13637476768,
        "kind": "poi",
        "crossing": "traffic_signals",
        "crossing:markings": "zebra",
        "crossing:signals": "yes",
        "highway": "crossing"
      },
      "geometry": {
        "type": "Point",
        "coordinates": [
          -106.4177619,
          31.7802577
        ]
      }
    },
    {
      "type": "Feature",
      "properties": {
        "id": 13637476769,
        "kind": "poi",
        "crossing": "traffic_signals",
        "crossing:markings": "zebra",
        "crossing:signals": "yes",
        "highway": "crossing"
      },
      "geometry": {
        "type": "Point",
        "coordinates": [
          -106.4174771,
          31.7804183
        ]
      }
    },
    {
      "type": "Feature",
      "properties": {
        "id": 13637476770,
        "kind": "poi",
        "highway": "crossing"
      },
      "geometry": {
        "type": "Point",
        "coordinates": [
          -106.4179016,
          31.7802677
        ]
      }
    },
    {
      "type": "Feature",
      "properties": {
        "id": 13637476771,
        "kind": "poi",
        "highway": "crossing"
      },
      "geometry": {
        "type": "Point",
        "coordinates": [
          -106.4181321,
          31.7807636
        ]
      }
    },
    {
      "type": "Feature",
      "properties": {
        "id": 13637476772,
        "kind": "poi",
        "highway": "crossing"
      },
      "geometry": {
        "type": "Point",
        "coordinates": [
          -106.418514,
          31.7807846
        ]
      }
    },
    {
      "type": "Feature",
      "properties": {
        "id": 13637476773,
        "kind": "poi",
        "highway": "crossing"
      },
      "geometry": {
        "type": "Point",
        "coordinates": [
          -106.4187625,
          31.780943
        ]
      }
    },
    {
      "type": "Feature",
      "properties": {
        "id": 13637476776,
        "kind": "poi",
        "crossing": "unmarked",
        "crossing:markings": "no",
        "highway": "crossing"
      },
      "geometry": {
        "type": "Point",
        "coordinates": [
          -106.4188569,
          31.7812278
        ]
      }
    },
    {
      "type": "Feature",
      "properties": {
        "id": 13637476777,
        "kind": "poi",
        "highway": "crossing"
      },
      "geometry": {
        "type": "Point",
        "coordinates": [
          -106.4182043,
          31.7801121
        ]
      }
    },
    {
      "type": "Feature",
      "properties": {
        "id": 13637476778,
        "kind": "poi",
        "highway": "crossing"
      },
      "geometry": {
        "type": "Point",
        "coordinates": [
          -106.4192531,
          31.7812556
        ]
      }
    },
    {
      "type": "Feature",
      "properties": {
        "id": 13637476779,
        "kind": "poi",
        "highway": "crossing"
      },
      "geometry": {
        "type": "Point",
        "coordinates": [
          -106.4193394,
          31.7813106
        ]
      }
    },
    {
      "type": "Feature",
      "properties": {
        "id": 13637476780,
        "kind": "poi",
        "highway": "crossing"
      },
      "geometry": {
        "type": "Point",
        "coordinates": [
          -106.4194973,
          31.7816404
        ]
      }
    },
    {
      "type": "Feature",
      "properties": {
        "id": 13637476783,
        "kind": "poi",
        "crossing": "traffic_signals",
        "crossing:markings": "zebra",
        "crossing:signals": "yes",
        "highway": "crossing"
      },
      "geometry": {
        "type": "Point",
        "coordinates": [
          -106.4198508,
          31.7817485
        ]
      }
    },
    {
      "type": "Feature",
      "properties": {
        "id": 13637476785,
        "kind": "poi",
        "crossing": "unmarked",
        "crossing:markings": "no",
        "highway": "crossing"
      },
      "geometry": {
        "type": "Point",
        "coordinates": [
          -106.4162147,
          31.7812813
        ]
      }
    },
    {
      "type": "Feature",
      "properties": {
        "id": 13637498217,
        "kind": "poi",
        "crossing": "traffic_signals",
        "crossing:markings": "zebra",
        "crossing:signals": "yes",
        "highway": "crossing"
      },
      "geometry": {
        "type": "Point",
        "coordinates": [
          -106.4637503,
          31.7654963
        ]
      }
    },
    {
      "type": "Feature",
      "properties": {
        "id": 13637522658,
        "kind": "poi",
        "crossing": "unmarked",
        "crossing:markings": "no",
        "highway": "crossing"
      },
      "geometry": {
        "type": "Point",
        "coordinates": [
          -106.4296647,
          31.7682044
        ]
      }
    },
    {
      "type": "Feature",
      "properties": {
        "id": 13637522659,
        "kind": "poi",
        "crossing": "unmarked",
        "crossing:markings": "no",
        "highway": "crossing"
      },
      "geometry": {
        "type": "Point",
        "coordinates": [
          -106.4297577,
          31.7681933
        ]
      }
    },
    {
      "type": "Feature",
      "properties": {
        "id": 13637523007,
        "kind": "poi",
        "crossing": "unmarked",
        "crossing:island": "no",
        "crossing:markings": "no",
        "highway": "crossing",
        "tactile_paving": "no"
      },
      "geometry": {
        "type": "Point",
        "coordinates": [
          -106.4378488,
          31.8149164
        ]
      }
    },
    {
      "type": "Feature",
      "properties": {
        "id": 13637523008,
        "kind": "poi",
        "crossing": "unmarked",
        "crossing:island": "no",
        "crossing:markings": "no",
        "highway": "crossing",
        "tactile_paving": "no"
      },
      "geometry": {
        "type": "Point",
        "coordinates": [
          -106.4378704,
          31.815607
        ]
      }
    },
    {
      "type": "Feature",
      "properties": {
        "id": 13637523009,
        "kind": "poi",
        "crossing": "unmarked",
        "crossing:island": "no",
        "crossing:markings": "no",
        "highway": "crossing"
      },
      "geometry": {
        "type": "Point",
        "coordinates": [
          -106.4378758,
          31.8159123
        ]
      }
    },
    {
      "type": "Feature",
      "properties": {
        "id": 13637523011,
        "kind": "poi",
        "crossing": "uncontrolled",
        "crossing:island": "no",
        "crossing:markings": "lines",
        "highway": "crossing",
        "tactile_paving": "no"
      },
      "geometry": {
        "type": "Point",
        "coordinates": [
          -106.4378014,
          31.8130242
        ]
      }
    },
    {
      "type": "Feature",
      "properties": {
        "id": 13637523013,
        "kind": "poi",
        "crossing": "unmarked",
        "crossing:island": "no",
        "crossing:markings": "no",
        "highway": "crossing",
        "tactile_paving": "no"
      },
      "geometry": {
        "type": "Point",
        "coordinates": [
          -106.437553,
          31.8137143
        ]
      }
    },
    {
      "type": "Feature",
      "properties": {
        "id": 13637523014,
        "kind": "poi",
        "crossing": "marked",
        "crossing:island": "no",
        "crossing:markings": "ladder",
        "highway": "crossing",
        "tactile_paving": "no"
      },
      "geometry": {
        "type": "Point",
        "coordinates": [
          -106.4376368,
          31.815914
        ]
      }
    },
    {
      "type": "Feature",
      "properties": {
        "id": 13637531970,
        "kind": "poi",
        "highway": "crossing"
      },
      "geometry": {
        "type": "Point",
        "coordinates": [
          -106.4293188,
          31.7701632
        ]
      }
    },
    {
      "type": "Feature",
      "properties": {
        "id": 13637531971,
        "kind": "poi",
        "highway": "crossing"
      },
      "geometry": {
        "type": "Point",
        "coordinates": [
          -106.4291034,
          31.7701992
        ]
      }
    },
    {
      "type": "Feature",
      "properties": {
        "id": 13637531985,
        "kind": "poi",
        "highway": "crossing"
      },
      "geometry": {
        "type": "Point",
        "coordinates": [
          -106.4285187,
          31.7704686
        ]
      }
    },
    {
      "type": "Feature",
      "properties": {
        "id": 13637531986,
        "kind": "poi",
        "highway": "crossing"
      },
      "geometry": {
        "type": "Point",
        "coordinates": [
          -106.4288949,
          31.7704049
        ]
      }
    },
    {
      "type": "Feature",
      "properties": {
        "id": 13637531987,
        "kind": "poi",
        "highway": "crossing"
      },
      "geometry": {
        "type": "Point",
        "coordinates": [
          -106.4294821,
          31.7702825
        ]
      }
    },
    {
      "type": "Feature",
      "properties": {
        "id": 13637531990,
        "kind": "poi",
        "crossing": "marked",
        "crossing:markings": "lines",
        "highway": "crossing"
      },
      "geometry": {
        "type": "Point",
        "coordinates": [
          -106.4257046,
          31.7709137
        ]
      }
    },
    {
      "type": "Feature",
      "properties": {
        "id": 13637531991,
        "kind": "poi",
        "crossing": "unmarked",
        "crossing:markings": "no",
        "highway": "crossing"
      },
      "geometry": {
        "type": "Point",
        "coordinates": [
          -106.4261128,
          31.770906
        ]
      }
    },
    {
      "type": "Feature",
      "properties": {
        "id": 13637531992,
        "kind": "poi",
        "crossing": "unmarked",
        "crossing:markings": "no",
        "highway": "crossing"
      },
      "geometry": {
        "type": "Point",
        "coordinates": [
          -106.4274703,
          31.7706551
        ]
      }
    },
    {
      "type": "Feature",
      "properties": {
        "id": 13637531994,
        "kind": "poi",
        "crossing": "unmarked",
        "crossing:markings": "no",
        "highway": "crossing"
      },
      "geometry": {
        "type": "Point",
        "coordinates": [
          -106.4283774,
          31.7704914
        ]
      }
    },
    {
      "type": "Feature",
      "properties": {
        "id": 13637531995,
        "kind": "poi",
        "highway": "crossing"
      },
      "geometry": {
        "type": "Point",
        "coordinates": [
          -106.4285398,
          31.7703213
        ]
      }
    },
    {
      "type": "Feature",
      "properties": {
        "id": 13637531996,
        "kind": "poi",
        "highway": "crossing"
      },
      "geometry": {
        "type": "Point",
        "coordinates": [
          -106.4288756,
          31.7702535
        ]
      }
    },
    {
      "type": "Feature",
      "properties": {
        "id": 13637531998,
        "kind": "poi",
        "crossing": "unmarked",
        "crossing:markings": "no",
        "highway": "crossing"
      },
      "geometry": {
        "type": "Point",
        "coordinates": [
          -106.4300253,
          31.7700322
        ]
      }
    },
    {
      "type": "Feature",
      "properties": {
        "id": 13637531999,
        "kind": "poi",
        "highway": "crossing"
      },
      "geometry": {
        "type": "Point",
        "coordinates": [
          -106.4297184,
          31.7700855
        ]
      }
    },
    {
      "type": "Feature",
      "properties": {
        "id": 13637532000,
        "kind": "poi",
        "highway": "crossing"
      },
      "geometry": {
        "type": "Point",
        "coordinates": [
          -106.4295403,
          31.7701194
        ]
      }
    },
    {
      "type": "Feature",
      "properties": {
        "id": 13637537843,
        "kind": "poi",
        "crossing": "traffic_signals",
        "crossing:markings": "lines",
        "crossing:signals": "yes",
        "highway": "crossing"
      },
      "geometry": {
        "type": "Point",
        "coordinates": [
          -106.4114221,
          31.759596
        ]
      }
    },
    {
      "type": "Feature",
      "properties": {
        "id": 13637537844,
        "kind": "poi",
        "crossing": "traffic_signals",
        "crossing:markings": "lines",
        "crossing:signals": "yes",
        "highway": "crossing"
      },
      "geometry": {
        "type": "Point",
        "coordinates": [
          -106.4116487,
          31.7597216
        ]
      }
    },
    {
      "type": "Feature",
      "properties": {
        "id": 13637537845,
        "kind": "poi",
        "crossing": "traffic_signals",
        "crossing:markings": "lines",
        "crossing:signals": "yes",
        "highway": "crossing"
      },
      "geometry": {
        "type": "Point",
        "coordinates": [
          -106.4118735,
          31.7596203
        ]
      }
    },
    {
      "type": "Feature",
      "properties": {
        "id": 13637537854,
        "kind": "poi",
        "crossing": "unmarked",
        "crossing:markings": "no",
        "highway": "crossing"
      },
      "geometry": {
        "type": "Point",
        "coordinates": [
          -106.4127972,
          31.7586821
        ]
      }
    },
    {
      "type": "Feature",
      "properties": {
        "id": 13637543372,
        "kind": "poi",
        "crossing": "traffic_signals",
        "crossing:markings": "lines",
        "crossing:signals": "yes",
        "highway": "crossing"
      },
      "geometry": {
        "type": "Point",
        "coordinates": [
          -106.488872,
          31.7573813
        ]
      }
    },
    {
      "type": "Feature",
      "properties": {
        "id": 13637549133,
        "kind": "poi",
        "crossing": "traffic_signals",
        "crossing:markings": "zebra",
        "crossing:signals": "yes",
        "highway": "crossing"
      },
      "geometry": {
        "type": "Point",
        "coordinates": [
          -106.4704029,
          31.7605495
        ]
      }
    },
    {
      "type": "Feature",
      "properties": {
        "id": 13637549134,
        "kind": "poi",
        "crossing": "traffic_signals",
        "crossing:markings": "zebra",
        "crossing:signals": "yes",
        "highway": "crossing"
      },
      "geometry": {
        "type": "Point",
        "coordinates": [
          -106.4706159,
          31.760737
        ]
      }
    },
    {
      "type": "Feature",
      "properties": {
        "id": 13637549136,
        "kind": "poi",
        "crossing": "uncontrolled",
        "crossing:markings": "lines",
        "crossing:signals": "no",
        "highway": "crossing"
      },
      "geometry": {
        "type": "Point",
        "coordinates": [
          -106.4696704,
          31.7602688
        ]
      }
    },
    {
      "type": "Feature",
      "properties": {
        "id": 13637549140,
        "kind": "poi",
        "crossing": "uncontrolled",
        "crossing:markings": "lines",
        "crossing:signals": "no",
        "highway": "crossing"
      },
      "geometry": {
        "type": "Point",
        "coordinates": [
          -106.4696543,
          31.7598173
        ]
      }
    },
    {
      "type": "Feature",
      "properties": {
        "id": 13637549141,
        "kind": "poi",
        "crossing": "uncontrolled",
        "crossing:markings": "lines",
        "crossing:signals": "no",
        "highway": "crossing"
      },
      "geometry": {
        "type": "Point",
        "coordinates": [
          -106.4695272,
          31.7598697
        ]
      }
    },
    {
      "type": "Feature",
      "properties": {
        "id": 13637549142,
        "kind": "poi",
        "crossing": "uncontrolled",
        "crossing:markings": "lines",
        "crossing:signals": "no",
        "highway": "crossing"
      },
      "geometry": {
        "type": "Point",
        "coordinates": [
          -106.4694543,
          31.7599448
        ]
      }
    },
    {
      "type": "Feature",
      "properties": {
        "id": 13637549165,
        "kind": "poi",
        "crossing": "unmarked",
        "crossing:markings": "no",
        "highway": "crossing"
      },
      "geometry": {
        "type": "Point",
        "coordinates": [
          -106.4707411,
          31.7593369
        ]
      }
    },
    {
      "type": "Feature",
      "properties": {
        "id": 13637549168,
        "kind": "poi",
        "crossing": "unmarked",
        "crossing:markings": "no",
        "highway": "crossing"
      },
      "geometry": {
        "type": "Point",
        "coordinates": [
          -106.4707411,
          31.7591632
        ]
      }
    },
    {
      "type": "Feature",
      "properties": {
        "id": 13637549169,
        "kind": "poi",
        "highway": "crossing"
      },
      "geometry": {
        "type": "Point",
        "coordinates": [
          -106.4725141,
          31.7589262
        ]
      }
    },
    {
      "type": "Feature",
      "properties": {
        "id": 13637549170,
        "kind": "poi",
        "highway": "crossing"
      },
      "geometry": {
        "type": "Point",
        "coordinates": [
          -106.4733804,
          31.7587234
        ]
      }
    },
    {
      "type": "Feature",
      "properties": {
        "id": 13637549182,
        "kind": "poi",
        "crossing": "traffic_signals",
        "crossing:markings": "lines",
        "crossing:signals": "yes",
        "highway": "crossing"
      },
      "geometry": {
        "type": "Point",
        "coordinates": [
          -106.4737,
          31.7587123
        ]
      }
    },
    {
      "type": "Feature",
      "properties": {
        "id": 13637549187,
        "kind": "poi",
        "crossing": "traffic_signals",
        "crossing:markings": "no",
        "crossing:signals": "yes",
        "highway": "crossing"
      },
      "geometry": {
        "type": "Point",
        "coordinates": [
          -106.4738315,
          31.7585238
        ]
      }
    },
    {
      "type": "Feature",
      "properties": {
        "id": 13637549188,
        "kind": "poi",
        "crossing": "traffic_signals",
        "crossing:markings": "no",
        "crossing:signals": "yes",
        "highway": "crossing"
      },
      "geometry": {
        "type": "Point",
        "coordinates": [
          -106.4736872,
          31.7584728
        ]
      }
    },
    {
      "type": "Feature",
      "properties": {
        "id": 13637549189,
        "kind": "poi",
        "crossing": "traffic_signals",
        "crossing:markings": "no",
        "crossing:signals": "yes",
        "highway": "crossing"
      },
      "geometry": {
        "type": "Point",
        "coordinates": [
          -106.4735592,
          31.7585875
        ]
      }
    },
    {
      "type": "Feature",
      "properties": {
        "id": 13637549190,
        "kind": "poi",
        "highway": "crossing"
      },
      "geometry": {
        "type": "Point",
        "coordinates": [
          -106.4743132,
          31.7583209
        ]
      }
    },
    {
      "type": "Feature",
      "properties": {
        "id": 13637549191,
        "kind": "poi",
        "highway": "crossing"
      },
      "geometry": {
        "type": "Point",
        "coordinates": [
          -106.4743651,
          31.7584921
        ]
      }
    },
    {
      "type": "Feature",
      "properties": {
        "id": 13637549194,
        "kind": "poi",
        "crossing": "unmarked",
        "crossing:markings": "no",
        "highway": "crossing"
      },
      "geometry": {
        "type": "Point",
        "coordinates": [
          -106.4748665,
          31.7583674
        ]
      }
    },
    {
      "type": "Feature",
      "properties": {
        "id": 13637549195,
        "kind": "poi",
        "crossing": "unmarked",
        "crossing:markings": "no",
        "highway": "crossing"
      },
      "geometry": {
        "type": "Point",
        "coordinates": [
          -106.4748161,
          31.7582002
        ]
      }
    },
    {
      "type": "Feature",
      "properties": {
        "id": 13637549196,
        "kind": "poi",
        "highway": "crossing"
      },
      "geometry": {
        "type": "Point",
        "coordinates": [
          -106.475383,
          31.7582461
        ]
      }
    },
    {
      "type": "Feature",
      "properties": {
        "id": 13637549200,
        "kind": "poi",
        "crossing": "unmarked",
        "crossing:markings": "no",
        "highway": "crossing"
      },
      "geometry": {
        "type": "Point",
        "coordinates": [
          -106.47589,
          31.7581269
        ]
      }
    },
    {
      "type": "Feature",
      "properties": {
        "id": 13637549201,
        "kind": "poi",
        "crossing": "unmarked",
        "crossing:markings": "no",
        "highway": "crossing"
      },
      "geometry": {
        "type": "Point",
        "coordinates": [
          -106.4758404,
          31.7579719
        ]
      }
    },
    {
      "type": "Feature",
      "properties": {
        "id": 13637549206,
        "kind": "poi",
        "crossing": "traffic_signals",
        "crossing:markings": "lines",
        "crossing:signals": "yes",
        "highway": "crossing"
      },
      "geometry": {
        "type": "Point",
        "coordinates": [
          -106.4695221,
          31.7596358
        ]
      }
    },
    {
      "type": "Feature",
      "properties": {
        "id": 13637549209,
        "kind": "poi",
        "crossing": "uncontrolled",
        "crossing:markings": "lines",
        "crossing:signals": "no",
        "highway": "crossing"
      },
      "geometry": {
        "type": "Point",
        "coordinates": [
          -106.4698873,
          31.760417
        ]
      }
    },
    {
      "type": "Feature",
      "properties": {
        "id": 13637549210,
        "kind": "poi",
        "crossing": "traffic_signals",
        "crossing:markings": "lines",
        "crossing:signals": "yes",
        "highway": "crossing"
      },
      "geometry": {
        "type": "Point",
        "coordinates": [
          -106.4695582,
          31.7597485
        ]
      }
    },
    {
      "type": "Feature",
      "properties": {
        "id": 13637549509,
        "kind": "poi",
        "crossing": "traffic_signals",
        "crossing:markings": "ladder",
        "crossing:signals": "yes",
        "highway": "crossing"
      },
      "geometry": {
        "type": "Point",
        "coordinates": [
          -106.4886159,
          31.7569323
        ]
      }
    },
    {
      "type": "Feature",
      "properties": {
        "id": 13637549514,
        "kind": "poi",
        "crossing": "traffic_signals",
        "crossing:markings": "ladder",
        "crossing:signals": "yes",
        "highway": "crossing"
      },
      "geometry": {
        "type": "Point",
        "coordinates": [
          -106.4886265,
          31.7566084
        ]
      }
    },
    {
      "type": "Feature",
      "properties": {
        "id": 13637549519,
        "kind": "poi",
        "crossing": "traffic_signals",
        "crossing:markings": "ladder",
        "crossing:signals": "yes",
        "highway": "crossing"
      },
      "geometry": {
        "type": "Point",
        "coordinates": [
          -106.488755,
          31.7566681
        ]
      }
    },
    {
      "type": "Feature",
      "properties": {
        "id": 13637549524,
        "kind": "poi",
        "crossing": "traffic_signals",
        "crossing:markings": "lines",
        "crossing:signals": "yes",
        "highway": "crossing"
      },
      "geometry": {
        "type": "Point",
        "coordinates": [
          -106.4889887,
          31.7574429
        ]
      }
    },
    {
      "type": "Feature",
      "properties": {
        "id": 13637549526,
        "kind": "poi",
        "crossing": "traffic_signals",
        "crossing:markings": "lines",
        "crossing:signals": "yes",
        "highway": "crossing"
      },
      "geometry": {
        "type": "Point",
        "coordinates": [
          -106.4898489,
          31.7572501
        ]
      }
    },
    {
      "type": "Feature",
      "properties": {
        "id": 13637549544,
        "kind": "poi",
        "highway": "crossing"
      },
      "geometry": {
        "type": "Point",
        "coordinates": [
          -106.4881814,
          31.7586027
        ]
      }
    },
    {
      "type": "Feature",
      "properties": {
        "id": 13637549545,
        "kind": "poi",
        "highway": "crossing"
      },
      "geometry": {
        "type": "Point",
        "coordinates": [
          -106.4884906,
          31.7579862
        ]
      }
    },
    {
      "type": "Feature",
      "properties": {
        "id": 13637549550,
        "kind": "poi",
        "crossing": "traffic_signals",
        "crossing:markings": "lines",
        "crossing:signals": "yes",
        "highway": "crossing"
      },
      "geometry": {
        "type": "Point",
        "coordinates": [
          -106.488039,
          31.7580123
        ]
      }
    },
    {
      "type": "Feature",
      "properties": {
        "id": 13637549552,
        "kind": "poi",
        "highway": "crossing"
      },
      "geometry": {
        "type": "Point",
        "coordinates": [
          -106.4894499,
          31.7572576
        ]
      }
    },
    {
      "type": "Feature",
      "properties": {
        "id": 13637549554,
        "kind": "poi",
        "crossing": "traffic_signals",
        "crossing:markings": "ladder",
        "crossing:signals": "yes",
        "highway": "crossing"
      },
      "geometry": {
        "type": "Point",
        "coordinates": [
          -106.4887478,
          31.7569899
        ]
      }
    },
    {
      "type": "Feature",
      "properties": {
        "id": 13637549558,
        "kind": "poi",
        "crossing": "traffic_signals",
        "crossing:markings": "lines",
        "crossing:signals": "yes",
        "highway": "crossing"
      },
      "geometry": {
        "type": "Point",
        "coordinates": [
          -106.4879675,
          31.7581086
        ]
      }
    },
    {
      "type": "Feature",
      "properties": {
        "id": 13637549559,
        "kind": "poi",
        "crossing": "traffic_signals",
        "crossing:markings": "lines",
        "crossing:signals": "yes",
        "highway": "crossing"
      },
      "geometry": {
        "type": "Point",
        "coordinates": [
          -106.4878465,
          31.7580562
        ]
      }
    },
    {
      "type": "Feature",
      "properties": {
        "id": 13637549560,
        "kind": "poi",
        "crossing": "traffic_signals",
        "crossing:markings": "lines",
        "crossing:signals": "yes",
        "highway": "crossing"
      },
      "geometry": {
        "type": "Point",
        "coordinates": [
          -106.487916,
          31.7579466
        ]
      }
    },
    {
      "type": "Feature",
      "properties": {
        "id": 13637551419,
        "kind": "poi",
        "crossing": "traffic_signals",
        "crossing:markings": "lines",
        "crossing:signals": "yes",
        "highway": "crossing"
      },
      "geometry": {
        "type": "Point",
        "coordinates": [
          -106.4879473,
          31.7583413
        ]
      }
    },
    {
      "type": "Feature",
      "properties": {
        "id": 13637551422,
        "kind": "poi",
        "crossing": "traffic_signals",
        "crossing:markings": "lines",
        "crossing:signals": "yes",
        "highway": "crossing"
      },
      "geometry": {
        "type": "Point",
        "coordinates": [
          -106.4880591,
          31.7584225
        ]
      }
    },
    {
      "type": "Feature",
      "properties": {
        "id": 13637559933,
        "kind": "poi",
        "crossing": "traffic_signals",
        "crossing:markings": "lines",
        "crossing:signals": "yes",
        "highway": "crossing"
      },
      "geometry": {
        "type": "Point",
        "coordinates": [
          -106.473648,
          31.7779161
        ]
      }
    },
    {
      "type": "Feature",
      "properties": {
        "id": 13637559934,
        "kind": "poi",
        "crossing": "traffic_signals",
        "crossing:markings": "lines",
        "crossing:signals": "yes",
        "highway": "crossing"
      },
      "geometry": {
        "type": "Point",
        "coordinates": [
          -106.4735448,
          31.7779423
        ]
      }
    },
    {
      "type": "Feature",
      "properties": {
        "id": 13637559935,
        "kind": "poi",
        "crossing": "traffic_signals",
        "crossing:markings": "lines",
        "crossing:signals": "yes",
        "highway": "crossing"
      },
      "geometry": {
        "type": "Point",
        "coordinates": [
          -106.4733843,
          31.7778949
        ]
      }
    },
    {
      "type": "Feature",
      "properties": {
        "id": 13637559936,
        "kind": "poi",
        "crossing": "traffic_signals",
        "crossing:markings": "lines",
        "crossing:signals": "yes",
        "highway": "crossing"
      },
      "geometry": {
        "type": "Point",
        "coordinates": [
          -106.4736302,
          31.7777495
        ]
      }
    },
    {
      "type": "Feature",
      "properties": {
        "id": 13637559937,
        "kind": "poi",
        "crossing": "traffic_signals",
        "crossing:markings": "lines",
        "crossing:signals": "yes",
        "highway": "crossing"
      },
      "geometry": {
        "type": "Point",
        "coordinates": [
          -106.4736528,
          31.7777898
        ]
      }
    },
    {
      "type": "Feature",
      "properties": {
        "id": 13637559938,
        "kind": "poi",
        "crossing": "traffic_signals",
        "crossing:markings": "lines",
        "crossing:signals": "yes",
        "highway": "crossing"
      },
      "geometry": {
        "type": "Point",
        "coordinates": [
          -106.4736777,
          31.7778343
        ]
      }
    },
    {
      "type": "Feature",
      "properties": {
        "id": 13637559939,
        "kind": "poi",
        "crossing": "traffic_signals",
        "crossing:markings": "lines",
        "crossing:signals": "yes",
        "highway": "crossing"
      },
      "geometry": {
        "type": "Point",
        "coordinates": [
          -106.4734779,
          31.7777385
        ]
      }
    },
    {
      "type": "Feature",
      "properties": {
        "id": 13637559963,
        "kind": "poi",
        "crossing": "uncontrolled",
        "crossing:markings": "zebra",
        "crossing:signals": "no",
        "highway": "crossing"
      },
      "geometry": {
        "type": "Point",
        "coordinates": [
          -106.4716791,
          31.7789772
        ]
      }
    },
    {
      "type": "Feature",
      "properties": {
        "id": 13637559964,
        "kind": "poi",
        "crossing": "unmarked",
        "crossing:markings": "no",
        "highway": "crossing"
      },
      "geometry": {
        "type": "Point",
        "coordinates": [
          -106.4716727,
          31.7788689
        ]
      }
    },
    {
      "type": "Feature",
      "properties": {
        "id": 13637559965,
        "kind": "poi",
        "crossing": "unmarked",
        "crossing:markings": "no",
        "highway": "crossing"
      },
      "geometry": {
        "type": "Point",
        "coordinates": [
          -106.4718275,
          31.7790077
        ]
      }
    },
    {
      "type": "Feature",
      "properties": {
        "id": 13637559966,
        "kind": "poi",
        "crossing": "unmarked",
        "crossing:markings": "no",
        "highway": "crossing"
      },
      "geometry": {
        "type": "Point",
        "coordinates": [
          -106.4727437,
          31.7781969
        ]
      }
    },
    {
      "type": "Feature",
      "properties": {
        "id": 13637562279,
        "kind": "poi",
        "crossing": "traffic_signals",
        "crossing:markings": "zebra",
        "crossing:signals": "yes",
        "highway": "crossing"
      },
      "geometry": {
        "type": "Point",
        "coordinates": [
          -106.4165665,
          31.7842482
        ]
      }
    },
    {
      "type": "Feature",
      "properties": {
        "id": 13637562280,
        "kind": "poi",
        "crossing": "unmarked",
        "crossing:markings": "no",
        "highway": "crossing"
      },
      "geometry": {
        "type": "Point",
        "coordinates": [
          -106.4177248,
          31.7839419
        ]
      }
    },
    {
      "type": "Feature",
      "properties": {
        "id": 13637562282,
        "kind": "poi",
        "crossing": "unmarked",
        "crossing:markings": "no",
        "highway": "crossing"
      },
      "geometry": {
        "type": "Point",
        "coordinates": [
          -106.4179984,
          31.783875
        ]
      }
    },
    {
      "type": "Feature",
      "properties": {
        "id": 13637562283,
        "kind": "poi",
        "crossing": "unmarked",
        "crossing:markings": "no",
        "highway": "crossing"
      },
      "geometry": {
        "type": "Point",
        "coordinates": [
          -106.4205212,
          31.7837604
        ]
      }
    },
    {
      "type": "Feature",
      "properties": {
        "id": 13637562284,
        "kind": "poi",
        "crossing": "unmarked",
        "crossing:markings": "no",
        "highway": "crossing"
      },
      "geometry": {
        "type": "Point",
        "coordinates": [
          -106.4213808,
          31.7837675
        ]
      }
    },
    {
      "type": "Feature",
      "properties": {
        "id": 13637562285,
        "kind": "poi",
        "crossing": "unmarked",
        "crossing:markings": "no",
        "highway": "crossing"
      },
      "geometry": {
        "type": "Point",
        "coordinates": [
          -106.4222434,
          31.7837708
        ]
      }
    },
    {
      "type": "Feature",
      "properties": {
        "id": 13637562286,
        "kind": "poi",
        "crossing": "unmarked",
        "crossing:markings": "no",
        "highway": "crossing"
      },
      "geometry": {
        "type": "Point",
        "coordinates": [
          -106.4234658,
          31.7841828
        ]
      }
    },
    {
      "type": "Feature",
      "properties": {
        "id": 13637562287,
        "kind": "poi",
        "crossing": "unmarked",
        "crossing:markings": "no",
        "highway": "crossing"
      },
      "geometry": {
        "type": "Point",
        "coordinates": [
          -106.4241571,
          31.7846258
        ]
      }
    },
    {
      "type": "Feature",
      "properties": {
        "id": 13637562288,
        "kind": "poi",
        "crossing": "unmarked",
        "crossing:markings": "no",
        "highway": "crossing"
      },
      "geometry": {
        "type": "Point",
        "coordinates": [
          -106.4248408,
          31.7850675
        ]
      }
    },
    {
      "type": "Feature",
      "properties": {
        "id": 13637562289,
        "kind": "poi",
        "crossing": "traffic_signals",
        "crossing:markings": "lines",
        "crossing:signals": "yes",
        "highway": "crossing"
      },
      "geometry": {
        "type": "Point",
        "coordinates": [
          -106.4253937,
          31.7853071
        ]
      }
    },
    {
      "type": "Feature",
      "properties": {
        "id": 13637562676,
        "kind": "poi",
        "crossing": "traffic_signals",
        "crossing:markings": "lines",
        "crossing:signals": "yes",
        "highway": "crossing"
      },
      "geometry": {
        "type": "Point",
        "coordinates": [
          -106.4615575,
          31.7847344
        ]
      }
    },
    {
      "type": "Feature",
      "properties": {
        "id": 13637562682,
        "kind": "poi",
        "crossing": "traffic_signals",
        "crossing:markings": "lines",
        "crossing:signals": "yes",
        "highway": "crossing"
      },
      "geometry": {
        "type": "Point",
        "coordinates": [
          -106.4613268,
          31.7848327
        ]
      }
    },
    {
      "type": "Feature",
      "properties": {
        "id": 13637562683,
        "kind": "poi",
        "crossing": "traffic_signals",
        "crossing:markings": "lines",
        "crossing:signals": "yes",
        "highway": "crossing"
      },
      "geometry": {
        "type": "Point",
        "coordinates": [
          -106.4613095,
          31.7846138
        ]
      }
    },
    {
      "type": "Feature",
      "properties": {
        "id": 13637562684,
        "kind": "poi",
        "crossing": "traffic_signals",
        "crossing:markings": "lines",
        "crossing:signals": "yes",
        "highway": "crossing"
      },
      "geometry": {
        "type": "Point",
        "coordinates": [
          -106.4615526,
          31.7844101
        ]
      }
    },
    {
      "type": "Feature",
      "properties": {
        "id": 13637562685,
        "kind": "poi",
        "highway": "crossing"
      },
      "geometry": {
        "type": "Point",
        "coordinates": [
          -106.4615591,
          31.7841074
        ]
      }
    },
    {
      "type": "Feature",
      "properties": {
        "id": 13637562686,
        "kind": "poi",
        "highway": "crossing"
      },
      "geometry": {
        "type": "Point",
        "coordinates": [
          -106.4615656,
          31.7834865
        ]
      }
    },
    {
      "type": "Feature",
      "properties": {
        "id": 13637562687,
        "kind": "poi",
        "highway": "crossing"
      },
      "geometry": {
        "type": "Point",
        "coordinates": [
          -106.4615639,
          31.7829493
        ]
      }
    },
    {
      "type": "Feature",
      "properties": {
        "id": 13637562689,
        "kind": "poi",
        "crossing": "traffic_signals",
        "crossing:markings": "zebra",
        "crossing:signals": "yes",
        "highway": "crossing"
      },
      "geometry": {
        "type": "Point",
        "coordinates": [
          -106.4615571,
          31.7826952
        ]
      }
    },
    {
      "type": "Feature",
      "properties": {
        "id": 13637562690,
        "kind": "poi",
        "crossing": "traffic_signals",
        "crossing:markings": "zebra",
        "crossing:signals": "yes",
        "highway": "crossing"
      },
      "geometry": {
        "type": "Point",
        "coordinates": [
          -106.4615568,
          31.782738
        ]
      }
    },
    {
      "type": "Feature",
      "properties": {
        "id": 13637562691,
        "kind": "poi",
        "crossing": "uncontrolled",
        "crossing:markings": "zebra",
        "crossing:signals": "no",
        "highway": "crossing"
      },
      "geometry": {
        "type": "Point",
        "coordinates": [
          -106.4615641,
          31.7821502
        ]
      }
    },
    {
      "type": "Feature",
      "properties": {
        "id": 13637562694,
        "kind": "poi",
        "crossing": "traffic_signals",
        "crossing:markings": "lines",
        "crossing:signals": "yes",
        "highway": "crossing"
      },
      "geometry": {
        "type": "Point",
        "coordinates": [
          -106.461458,
          31.7818135
        ]
      }
    },
    {
      "type": "Feature",
      "properties": {
        "id": 13637562695,
        "kind": "poi",
        "crossing": "traffic_signals",
        "crossing:markings": "lines",
        "crossing:signals": "yes",
        "highway": "crossing"
      },
      "geometry": {
        "type": "Point",
        "coordinates": [
          -106.4613083,
          31.7846294
        ]
      }
    },
    {
      "type": "Feature",
      "properties": {
        "id": 13637562696,
        "kind": "poi",
        "crossing": "traffic_signals",
        "crossing:markings": "lines",
        "crossing:signals": "yes",
        "highway": "crossing"
      },
      "geometry": {
        "type": "Point",
        "coordinates": [
          -106.4615461,
          31.7848649
        ]
      }
    },
    {
      "type": "Feature",
      "properties": {
        "id": 13637565320,
        "kind": "poi",
        "crossing": "uncontrolled",
        "crossing:markings": "zebra",
        "crossing:signals": "no",
        "highway": "crossing"
      },
      "geometry": {
        "type": "Point",
        "coordinates": [
          -106.4142445,
          31.7600624
        ]
      }
    },
    {
      "type": "Feature",
      "properties": {
        "id": 13637565321,
        "kind": "poi",
        "crossing": "unmarked",
        "crossing:markings": "no",
        "highway": "crossing"
      },
      "geometry": {
        "type": "Point",
        "coordinates": [
          -106.4129409,
          31.7596957
        ]
      }
    },
    {
      "type": "Feature",
      "properties": {
        "id": 13637565393,
        "kind": "poi",
        "crossing": "uncontrolled",
        "crossing:markings": "zebra",
        "crossing:signals": "no",
        "highway": "crossing"
      },
      "geometry": {
        "type": "Point",
        "coordinates": [
          -106.4086703,
          31.7599545
        ]
      }
    },
    {
      "type": "Feature",
      "properties": {
        "id": 13637565394,
        "kind": "poi",
        "crossing": "unmarked",
        "crossing:markings": "no",
        "highway": "crossing"
      },
      "geometry": {
        "type": "Point",
        "coordinates": [
          -106.408827,
          31.7600299
        ]
      }
    },
    {
      "type": "Feature",
      "properties": {
        "id": 13637565395,
        "kind": "poi",
        "crossing": "unmarked",
        "crossing:markings": "no",
        "highway": "crossing"
      },
      "geometry": {
        "type": "Point",
        "coordinates": [
          -106.4099939,
          31.7596348
        ]
      }
    },
    {
      "type": "Feature",
      "properties": {
        "id": 13637565396,
        "kind": "poi",
        "crossing": "unmarked",
        "crossing:markings": "no",
        "highway": "crossing"
      },
      "geometry": {
        "type": "Point",
        "coordinates": [
          -106.410105,
          31.7596163
        ]
      }
    },
    {
      "type": "Feature",
      "properties": {
        "id": 13637565397,
        "kind": "poi",
        "crossing": "unmarked",
        "crossing:markings": "no",
        "highway": "crossing"
      },
      "geometry": {
        "type": "Point",
        "coordinates": [
          -106.4106372,
          31.7597391
        ]
      }
    },
    {
      "type": "Feature",
      "properties": {
        "id": 13637565412,
        "kind": "poi",
        "highway": "crossing"
      },
      "geometry": {
        "type": "Point",
        "coordinates": [
          -106.4221482,
          31.7833312
        ]
      }
    },
    {
      "type": "Feature",
      "properties": {
        "id": 13637565413,
        "kind": "poi",
        "highway": "crossing"
      },
      "geometry": {
        "type": "Point",
        "coordinates": [
          -106.4215423,
          31.7829497
        ]
      }
    },
    {
      "type": "Feature",
      "properties": {
        "id": 13637565414,
        "kind": "poi",
        "highway": "crossing"
      },
      "geometry": {
        "type": "Point",
        "coordinates": [
          -106.420968,
          31.7825797
        ]
      }
    },
    {
      "type": "Feature",
      "properties": {
        "id": 13637565416,
        "kind": "poi",
        "crossing": "traffic_signals",
        "crossing:markings": "lines",
        "crossing:signals": "yes",
        "highway": "crossing"
      },
      "geometry": {
        "type": "Point",
        "coordinates": [
          -106.4201298,
          31.7819325
        ]
      }
    },
    {
      "type": "Feature",
      "properties": {
        "id": 13637565425,
        "kind": "poi",
        "crossing": "unmarked",
        "crossing:markings": "no",
        "highway": "crossing"
      },
      "geometry": {
        "type": "Point",
        "coordinates": [
          -106.4252696,
          31.7835415
        ]
      }
    },
    {
      "type": "Feature",
      "properties": {
        "id": 13637565426,
        "kind": "poi",
        "crossing": "unmarked",
        "crossing:markings": "no",
        "highway": "crossing"
      },
      "geometry": {
        "type": "Point",
        "coordinates": [
          -106.4248763,
          31.7835414
        ]
      }
    },
    {
      "type": "Feature",
      "properties": {
        "id": 13637565427,
        "kind": "poi",
        "crossing": "unmarked",
        "crossing:markings": "no",
        "highway": "crossing"
      },
      "geometry": {
        "type": "Point",
        "coordinates": [
          -106.424268,
          31.7835417
        ]
      }
    },
    {
      "type": "Feature",
      "properties": {
        "id": 13637565429,
        "kind": "poi",
        "crossing": "traffic_signals",
        "crossing:markings": "lines",
        "crossing:signals": "yes",
        "highway": "crossing"
      },
      "geometry": {
        "type": "Point",
        "coordinates": [
          -106.4254039,
          31.7836696
        ]
      }
    },
    {
      "type": "Feature",
      "properties": {
        "id": 13637565446,
        "kind": "poi",
        "crossing": "unmarked",
        "crossing:markings": "no",
        "highway": "crossing"
      },
      "geometry": {
        "type": "Point",
        "coordinates": [
          -106.4247752,
          31.7837687
        ]
      }
    },
    {
      "type": "Feature",
      "properties": {
        "id": 13637565447,
        "kind": "poi",
        "crossing": "unmarked",
        "crossing:markings": "no",
        "highway": "crossing"
      },
      "geometry": {
        "type": "Point",
        "coordinates": [
          -106.424462,
          31.7837683
        ]
      }
    },
    {
      "type": "Feature",
      "properties": {
        "id": 13637565448,
        "kind": "poi",
        "crossing": "unmarked",
        "crossing:markings": "no",
        "highway": "crossing"
      },
      "geometry": {
        "type": "Point",
        "coordinates": [
          -106.4238532,
          31.7837647
        ]
      }
    },
    {
      "type": "Feature",
      "properties": {
        "id": 13637565449,
        "kind": "poi",
        "highway": "crossing"
      },
      "geometry": {
        "type": "Point",
        "coordinates": [
          -106.4242809,
          31.7844827
        ]
      }
    },
    {
      "type": "Feature",
      "properties": {
        "id": 13637565450,
        "kind": "poi",
        "highway": "crossing"
      },
      "geometry": {
        "type": "Point",
        "coordinates": [
          -106.4246438,
          31.784716
        ]
      }
    },
    {
      "type": "Feature",
      "properties": {
        "id": 13637565918,
        "kind": "poi",
        "crossing": "traffic_signals",
        "crossing:markings": "lines",
        "crossing:signals": "yes",
        "highway": "crossing"
      },
      "geometry": {
        "type": "Point",
        "coordinates": [
          -106.4898393,
          31.7564104
        ]
      }
    },
    {
      "type": "Feature",
      "properties": {
        "id": 13637565919,
        "kind": "poi",
        "crossing": "traffic_signals",
        "crossing:markings": "lines",
        "crossing:signals": "yes",
        "highway": "crossing"
      },
      "geometry": {
        "type": "Point",
        "coordinates": [
          -106.4897736,
          31.7565205
        ]
      }
    },
    {
      "type": "Feature",
      "properties": {
        "id": 13637565920,
        "kind": "poi",
        "crossing": "traffic_signals",
        "crossing:markings": "lines",
        "crossing:signals": "yes",
        "highway": "crossing"
      },
      "geometry": {
        "type": "Point",
        "coordinates": [
          -106.4896393,
          31.7564574
        ]
      }
    },
    {
      "type": "Feature",
      "properties": {
        "id": 13637565921,
        "kind": "poi",
        "crossing": "traffic_signals",
        "crossing:markings": "lines",
        "crossing:signals": "yes",
        "highway": "crossing"
      },
      "geometry": {
        "type": "Point",
        "coordinates": [
          -106.4897203,
          31.7563564
        ]
      }
    },
    {
      "type": "Feature",
      "properties": {
        "id": 13637565922,
        "kind": "poi",
        "crossing": "traffic_signals",
        "crossing:markings": "lines",
        "crossing:signals": "yes",
        "highway": "crossing"
      },
      "geometry": {
        "type": "Point",
        "coordinates": [
          -106.4900141,
          31.7572962
        ]
      }
    },
    {
      "type": "Feature",
      "properties": {
        "id": 13637565923,
        "kind": "poi",
        "crossing": "traffic_signals",
        "crossing:markings": "lines",
        "crossing:signals": "yes",
        "highway": "crossing"
      },
      "geometry": {
        "type": "Point",
        "coordinates": [
          -106.4901266,
          31.7571863
        ]
      }
    },
    {
      "type": "Feature",
      "properties": {
        "id": 13637565924,
        "kind": "poi",
        "crossing": "traffic_signals",
        "crossing:markings": "lines",
        "crossing:signals": "yes",
        "highway": "crossing"
      },
      "geometry": {
        "type": "Point",
        "coordinates": [
          -106.4899646,
          31.7571324
        ]
      }
    },
    {
      "type": "Feature",
      "properties": {
        "id": 13637565936,
        "kind": "poi",
        "crossing": "traffic_signals",
        "crossing:markings": "lines",
        "crossing:signals": "yes",
        "highway": "crossing"
      },
      "geometry": {
        "type": "Point",
        "coordinates": [
          -106.4906435,
          31.758051
        ]
      }
    },
    {
      "type": "Feature",
      "properties": {
        "id": 13637565937,
        "kind": "poi",
        "crossing": "traffic_signals",
        "crossing:markings": "lines",
        "crossing:signals": "yes",
        "highway": "crossing"
      },
      "geometry": {
        "type": "Point",
        "coordinates": [
          -106.4876947,
          31.757226
        ]
      }
    },
    {
      "type": "Feature",
      "properties": {
        "id": 13637565938,
        "kind": "poi",
        "crossing": "traffic_signals",
        "crossing:markings": "lines",
        "crossing:signals": "yes",
        "highway": "crossing"
      },
      "geometry": {
        "type": "Point",
        "coordinates": [
          -106.4875904,
          31.7571701
        ]
      }
    },
    {
      "type": "Feature",
      "properties": {
        "id": 13637565939,
        "kind": "poi",
        "crossing": "traffic_signals",
        "crossing:markings": "lines",
        "crossing:signals": "yes",
        "highway": "crossing"
      },
      "geometry": {
        "type": "Point",
        "coordinates": [
          -106.4876454,
          31.7570789
        ]
      }
    },
    {
      "type": "Feature",
      "properties": {
        "id": 13637565940,
        "kind": "poi",
        "crossing": "traffic_signals",
        "crossing:markings": "lines",
        "crossing:signals": "yes",
        "highway": "crossing"
      },
      "geometry": {
        "type": "Point",
        "coordinates": [
          -106.4877569,
          31.7571313
        ]
      }
    },
    {
      "type": "Feature",
      "properties": {
        "id": 13637566206,
        "kind": "poi",
        "crossing": "uncontrolled",
        "crossing:markings": "zebra",
        "crossing:signals": "no",
        "highway": "crossing"
      },
      "geometry": {
        "type": "Point",
        "coordinates": [
          -106.4706619,
          31.7799669
        ]
      }
    },
    {
      "type": "Feature",
      "properties": {
        "id": 13637567871,
        "kind": "poi",
        "crossing": "traffic_signals",
        "crossing:markings": "lines",
        "crossing:signals": "yes",
        "highway": "crossing"
      },
      "geometry": {
        "type": "Point",
        "coordinates": [
          -106.4250128,
          31.7710413
        ]
      }
    },
    {
      "type": "Feature",
      "properties": {
        "id": 13637567872,
        "kind": "poi",
        "crossing": "uncontrolled",
        "crossing:markings": "lines",
        "crossing:signals": "no",
        "highway": "crossing"
      },
      "geometry": {
        "type": "Point",
        "coordinates": [
          -106.4247755,
          31.7712211
        ]
      }
    },
    {
      "type": "Feature",
      "properties": {
        "id": 13637568207,
        "kind": "poi",
        "crossing": "uncontrolled",
        "crossing:markings": "zebra",
        "crossing:signals": "no",
        "highway": "crossing"
      },
      "geometry": {
        "type": "Point",
        "coordinates": [
          -106.4141642,
          31.760703
        ]
      }
    },
    {
      "type": "Feature",
      "properties": {
        "id": 13637568208,
        "kind": "poi",
        "crossing": "uncontrolled",
        "crossing:markings": "zebra",
        "crossing:signals": "no",
        "highway": "crossing"
      },
      "geometry": {
        "type": "Point",
        "coordinates": [
          -106.4143052,
          31.7601904
        ]
      }
    },
    {
      "type": "Feature",
      "properties": {
        "id": 13637574054,
        "kind": "poi",
        "crossing": "unmarked",
        "crossing:markings": "no",
        "highway": "crossing"
      },
      "geometry": {
        "type": "Point",
        "coordinates": [
          -106.4194872,
          31.7825764
        ]
      }
    },
    {
      "type": "Feature",
      "properties": {
        "id": 13637574055,
        "kind": "poi",
        "highway": "crossing"
      },
      "geometry": {
        "type": "Point",
        "coordinates": [
          -106.4191891,
          31.782836
        ]
      }
    },
    {
      "type": "Feature",
      "properties": {
        "id": 13637574056,
        "kind": "poi",
        "highway": "crossing"
      },
      "geometry": {
        "type": "Point",
        "coordinates": [
          -106.4194677,
          31.7834917
        ]
      }
    },
    {
      "type": "Feature",
      "properties": {
        "id": 13637574059,
        "kind": "poi",
        "crossing": "unmarked",
        "crossing:markings": "no",
        "highway": "crossing"
      },
      "geometry": {
        "type": "Point",
        "coordinates": [
          -106.4207502,
          31.7834996
        ]
      }
    },
    {
      "type": "Feature",
      "properties": {
        "id": 13637574062,
        "kind": "poi",
        "crossing": "unmarked",
        "crossing:markings": "no",
        "highway": "crossing"
      },
      "geometry": {
        "type": "Point",
        "coordinates": [
          -106.4213135,
          31.7835046
        ]
      }
    },
    {
      "type": "Feature",
      "properties": {
        "id": 13637574063,
        "kind": "poi",
        "highway": "crossing"
      },
      "geometry": {
        "type": "Point",
        "coordinates": [
          -106.4214872,
          31.7835062
        ]
      }
    },
    {
      "type": "Feature",
      "properties": {
        "id": 13637574064,
        "kind": "poi",
        "crossing": "unmarked",
        "crossing:markings": "no",
        "highway": "crossing"
      },
      "geometry": {
        "type": "Point",
        "coordinates": [
          -106.4220737,
          31.7835127
        ]
      }
    },
    {
      "type": "Feature",
      "properties": {
        "id": 13637579277,
        "kind": "poi",
        "crossing": "traffic_signals",
        "crossing:markings": "lines",
        "crossing:signals": "yes",
        "highway": "crossing"
      },
      "geometry": {
        "type": "Point",
        "coordinates": [
          -106.4734544,
          31.7768498
        ]
      }
    },
    {
      "type": "Feature",
      "properties": {
        "id": 13637579278,
        "kind": "poi",
        "highway": "crossing"
      },
      "geometry": {
        "type": "Point",
        "coordinates": [
          -106.4733542,
          31.7773888
        ]
      }
    },
    {
      "type": "Feature",
      "properties": {
        "id": 13637579279,
        "kind": "poi",
        "highway": "crossing"
      },
      "geometry": {
        "type": "Point",
        "coordinates": [
          -106.473555,
          31.7772623
        ]
      }
    },
    {
      "type": "Feature",
      "properties": {
        "id": 13637579344,
        "kind": "poi",
        "crossing": "unmarked",
        "crossing:markings": "no",
        "highway": "crossing"
      },
      "geometry": {
        "type": "Point",
        "coordinates": [
          -106.4738431,
          31.7777464
        ]
      }
    },
    {
      "type": "Feature",
      "properties": {
        "id": 13637579345,
        "kind": "poi",
        "crossing": "unmarked",
        "crossing:markings": "no",
        "highway": "crossing"
      },
      "geometry": {
        "type": "Point",
        "coordinates": [
          -106.4737397,
          31.777837
        ]
      }
    },
    {
      "type": "Feature",
      "properties": {
        "id": 13637579346,
        "kind": "poi",
        "crossing": "unmarked",
        "crossing:markings": "no",
        "highway": "crossing"
      },
      "geometry": {
        "type": "Point",
        "coordinates": [
          -106.4751853,
          31.776759
        ]
      }
    },
    {
      "type": "Feature",
      "properties": {
        "id": 13637580503,
        "kind": "poi",
        "crossing": "unmarked",
        "crossing:markings": "no",
        "highway": "crossing"
      },
      "geometry": {
        "type": "Point",
        "coordinates": [
          -106.4736767,
          31.7805299
        ]
      }
    },
    {
      "type": "Feature",
      "properties": {
        "id": 13637580504,
        "kind": "poi",
        "crossing": "unmarked",
        "crossing:markings": "no",
        "highway": "crossing"
      },
      "geometry": {
        "type": "Point",
        "coordinates": [
          -106.4735818,
          31.7804716
        ]
      }
    },
    {
      "type": "Feature",
      "properties": {
        "id": 13637580505,
        "kind": "poi",
        "crossing": "unmarked",
        "crossing:markings": "no",
        "highway": "crossing"
      },
      "geometry": {
        "type": "Point",
        "coordinates": [
          -106.4734877,
          31.7805286
        ]
      }
    },
    {
      "type": "Feature",
      "properties": {
        "id": 13637580506,
        "kind": "poi",
        "crossing": "uncontrolled",
        "crossing:markings": "zebra",
        "crossing:signals": "no",
        "highway": "crossing"
      },
      "geometry": {
        "type": "Point",
        "coordinates": [
          -106.4735799,
          31.7805974
        ]
      }
    },
    {
      "type": "Feature",
      "properties": {
        "id": 13637580507,
        "kind": "poi",
        "crossing": "unmarked",
        "crossing:markings": "no",
        "highway": "crossing"
      },
      "geometry": {
        "type": "Point",
        "coordinates": [
          -106.4736865,
          31.7796323
        ]
      }
    },
    {
      "type": "Feature",
      "properties": {
        "id": 13637580508,
        "kind": "poi",
        "highway": "crossing"
      },
      "geometry": {
        "type": "Point",
        "coordinates": [
          -106.4736871,
          31.7791707
        ]
      }
    },
    {
      "type": "Feature",
      "properties": {
        "id": 13637580510,
        "kind": "poi",
        "crossing": "unmarked",
        "crossing:markings": "no",
        "highway": "crossing"
      },
      "geometry": {
        "type": "Point",
        "coordinates": [
          -106.4736906,
          31.77872
        ]
      }
    },
    {
      "type": "Feature",
      "properties": {
        "id": 13637580511,
        "kind": "poi",
        "highway": "crossing"
      },
      "geometry": {
        "type": "Point",
        "coordinates": [
          -106.4734884,
          31.7783819
        ]
      }
    },
    {
      "type": "Feature",
      "properties": {
        "id": 13637580512,
        "kind": "poi",
        "highway": "crossing"
      },
      "geometry": {
        "type": "Point",
        "coordinates": [
          -106.4736957,
          31.778268
        ]
      }
    },
    {
      "type": "Feature",
      "properties": {
        "id": 13637580513,
        "kind": "poi",
        "highway": "crossing"
      },
      "geometry": {
        "type": "Point",
        "coordinates": [
          -106.4736878,
          31.7800783
        ]
      }
    },
    {
      "type": "Feature",
      "properties": {
        "id": 13637609382,
        "kind": "poi",
        "crossing": "unmarked",
        "crossing:markings": "no",
        "highway": "crossing"
      },
      "geometry": {
        "type": "Point",
        "coordinates": [
          -106.4736743,
          31.7814378
        ]
      }
    },
    {
      "type": "Feature",
      "properties": {
        "id": 13637609383,
        "kind": "poi",
        "highway": "crossing"
      },
      "geometry": {
        "type": "Point",
        "coordinates": [
          -106.4736773,
          31.781895
        ]
      }
    },
    {
      "type": "Feature",
      "properties": {
        "id": 13637609384,
        "kind": "poi",
        "crossing": "unmarked",
        "crossing:markings": "no",
        "highway": "crossing"
      },
      "geometry": {
        "type": "Point",
        "coordinates": [
          -106.4736742,
          31.7823485
        ]
      }
    },
    {
      "type": "Feature",
      "properties": {
        "id": 13637609385,
        "kind": "poi",
        "highway": "crossing"
      },
      "geometry": {
        "type": "Point",
        "coordinates": [
          -106.4736711,
          31.7828046
        ]
      }
    },
    {
      "type": "Feature",
      "properties": {
        "id": 13637609387,
        "kind": "poi",
        "crossing": "uncontrolled",
        "crossing:markings": "lines",
        "crossing:signals": "no",
        "highway": "crossing"
      },
      "geometry": {
        "type": "Point",
        "coordinates": [
          -106.4735544,
          31.7831746
        ]
      }
    },
    {
      "type": "Feature",
      "properties": {
        "id": 13637609388,
        "kind": "poi",
        "crossing": "unmarked",
        "crossing:markings": "no",
        "highway": "crossing"
      },
      "geometry": {
        "type": "Point",
        "coordinates": [
          -106.4734757,
          31.7814798
        ]
      }
    },
    {
      "type": "Feature",
      "properties": {
        "id": 13637617421,
        "kind": "poi",
        "crossing": "unmarked",
        "crossing:markings": "no",
        "highway": "crossing"
      },
      "geometry": {
        "type": "Point",
        "coordinates": [
          -106.4117398,
          31.7636924
        ]
      }
    },
    {
      "type": "Feature",
      "properties": {
        "id": 13637617422,
        "kind": "poi",
        "crossing": "unmarked",
        "crossing:markings": "no",
        "highway": "crossing"
      },
      "geometry": {
        "type": "Point",
        "coordinates": [
          -106.4117918,
          31.763631
        ]
      }
    },
    {
      "type": "Feature",
      "properties": {
        "id": 13637617423,
        "kind": "poi",
        "crossing": "unmarked",
        "crossing:markings": "no",
        "highway": "crossing"
      },
      "geometry": {
        "type": "Point",
        "coordinates": [
          -106.4117962,
          31.7637519
        ]
      }
    },
    {
      "type": "Feature",
      "properties": {
        "id": 13637617424,
        "kind": "poi",
        "crossing": "unmarked",
        "crossing:markings": "no",
        "highway": "crossing"
      },
      "geometry": {
        "type": "Point",
        "coordinates": [
          -106.4118896,
          31.7636939
        ]
      }
    },
    {
      "type": "Feature",
      "properties": {
        "id": 13637617429,
        "kind": "poi",
        "crossing": "unmarked",
        "crossing:markings": "no",
        "highway": "crossing"
      },
      "geometry": {
        "type": "Point",
        "coordinates": [
          -106.4118515,
          31.7624826
        ]
      }
    },
    {
      "type": "Feature",
      "properties": {
        "id": 13637620528,
        "kind": "poi",
        "crossing": "traffic_signals",
        "crossing:markings": "zebra",
        "crossing:signals": "yes",
        "highway": "crossing"
      },
      "geometry": {
        "type": "Point",
        "coordinates": [
          -106.4614496,
          31.7826586
        ]
      }
    },
    {
      "type": "Feature",
      "properties": {
        "id": 13637620529,
        "kind": "poi",
        "crossing": "traffic_signals",
        "crossing:markings": "zebra",
        "crossing:signals": "yes",
        "highway": "crossing"
      },
      "geometry": {
        "type": "Point",
        "coordinates": [
          -106.4614481,
          31.7828074
        ]
      }
    },
    {
      "type": "Feature",
      "properties": {
        "id": 13637620530,
        "kind": "poi",
        "crossing": "traffic_signals",
        "crossing:markings": "zebra",
        "crossing:signals": "yes",
        "highway": "crossing"
      },
      "geometry": {
        "type": "Point",
        "coordinates": [
          -106.4613449,
          31.7827319
        ]
      }
    },
    {
      "type": "Feature",
      "properties": {
        "id": 13637620536,
        "kind": "poi",
        "crossing": "traffic_signals",
        "crossing:markings": "zebra",
        "crossing:signals": "yes",
        "highway": "crossing"
      },
      "geometry": {
        "type": "Point",
        "coordinates": [
          -106.4613381,
          31.7837501
        ]
      }
    },
    {
      "type": "Feature",
      "properties": {
        "id": 13637620537,
        "kind": "poi",
        "crossing": "traffic_signals",
        "crossing:markings": "zebra",
        "crossing:signals": "yes",
        "highway": "crossing"
      },
      "geometry": {
        "type": "Point",
        "coordinates": [
          -106.4614439,
          31.7838232
        ]
      }
    },
    {
      "type": "Feature",
      "properties": {
        "id": 13637620538,
        "kind": "poi",
        "crossing": "traffic_signals",
        "crossing:markings": "zebra",
        "crossing:signals": "yes",
        "highway": "crossing"
      },
      "geometry": {
        "type": "Point",
        "coordinates": [
          -106.4614436,
          31.7836476
        ]
      }
    },
    {
      "type": "Feature",
      "properties": {
        "id": 13637620539,
        "kind": "poi",
        "highway": "crossing"
      },
      "geometry": {
        "type": "Point",
        "coordinates": [
          -106.4613345,
          31.7842663
        ]
      }
    },
    {
      "type": "Feature",
      "properties": {
        "id": 13637620540,
        "kind": "poi",
        "highway": "crossing"
      },
      "geometry": {
        "type": "Point",
        "coordinates": [
          -106.4613348,
          31.7840006
        ]
      }
    },
    {
      "type": "Feature",
      "properties": {
        "id": 13637620562,
        "kind": "poi",
        "highway": "crossing"
      },
      "geometry": {
        "type": "Point",
        "coordinates": [
          -106.4613542,
          31.7820313
        ]
      }
    },
    {
      "type": "Feature",
      "properties": {
        "id": 13637620563,
        "kind": "poi",
        "highway": "crossing"
      },
      "geometry": {
        "type": "Point",
        "coordinates": [
          -106.4613529,
          31.7822241
        ]
      }
    },
    {
      "type": "Feature",
      "properties": {
        "id": 13637629167,
        "kind": "poi",
        "crossing": "traffic_signals",
        "crossing:markings": "lines",
        "crossing:signals": "yes",
        "highway": "crossing"
      },
      "geometry": {
        "type": "Point",
        "coordinates": [
          -106.4614561,
          31.7861424
        ]
      }
    },
    {
      "type": "Feature",
      "properties": {
        "id": 13637629168,
        "kind": "poi",
        "crossing": "traffic_signals",
        "crossing:markings": "lines",
        "crossing:signals": "yes",
        "highway": "crossing"
      },
      "geometry": {
        "type": "Point",
        "coordinates": [
          -106.4615596,
          31.7861641
        ]
      }
    },
    {
      "type": "Feature",
      "properties": {
        "id": 13637629169,
        "kind": "poi",
        "crossing": "traffic_signals",
        "crossing:markings": "lines",
        "crossing:signals": "yes",
        "highway": "crossing"
      },
      "geometry": {
        "type": "Point",
        "coordinates": [
          -106.4614501,
          31.786317
        ]
      }
    },
    {
      "type": "Feature",
      "properties": {
        "id": 13637629170,
        "kind": "poi",
        "crossing": "traffic_signals",
        "crossing:markings": "lines",
        "crossing:signals": "yes",
        "highway": "crossing"
      },
      "geometry": {
        "type": "Point",
        "coordinates": [
          -106.4613508,
          31.7862843
        ]
      }
    },
    {
      "type": "Feature",
      "properties": {
        "id": 13637629190,
        "kind": "poi",
        "crossing": "unmarked",
        "crossing:markings": "no",
        "highway": "crossing"
      },
      "geometry": {
        "type": "Point",
        "coordinates": [
          -106.4615568,
          31.7868397
        ]
      }
    },
    {
      "type": "Feature",
      "properties": {
        "id": 13637629192,
        "kind": "poi",
        "highway": "crossing"
      },
      "geometry": {
        "type": "Point",
        "coordinates": [
          -106.4615459,
          31.7881933
        ]
      }
    },
    {
      "type": "Feature",
      "properties": {
        "id": 13637629193,
        "kind": "poi",
        "crossing": "unmarked",
        "crossing:markings": "no",
        "highway": "crossing"
      },
      "geometry": {
        "type": "Point",
        "coordinates": [
          -106.4615348,
          31.7895399
        ]
      }
    },
    {
      "type": "Feature",
      "properties": {
        "id": 13637629194,
        "kind": "poi",
        "crossing": "unmarked",
        "crossing:markings": "no",
        "highway": "crossing"
      },
      "geometry": {
        "type": "Point",
        "coordinates": [
          -106.4615428,
          31.7903671
        ]
      }
    },
    {
      "type": "Feature",
      "properties": {
        "id": 13637629195,
        "kind": "poi",
        "crossing": "unmarked",
        "crossing:markings": "no",
        "highway": "crossing"
      },
      "geometry": {
        "type": "Point",
        "coordinates": [
          -106.4615448,
          31.7912765
        ]
      }
    },
    {
      "type": "Feature",
      "properties": {
        "id": 13637630749,
        "kind": "poi",
        "crossing": "uncontrolled",
        "crossing:markings": "lines",
        "crossing:signals": "no",
        "highway": "crossing"
      },
      "geometry": {
        "type": "Point",
        "coordinates": [
          -106.4255647,
          31.7710468
        ]
      }
    },
    {
      "type": "Feature",
      "properties": {
        "id": 13637630754,
        "kind": "poi",
        "crossing": "uncontrolled",
        "crossing:markings": "lines",
        "crossing:signals": "no",
        "highway": "crossing"
      },
      "geometry": {
        "type": "Point",
        "coordinates": [
          -106.4254077,
          31.7710938
        ]
      }
    },
    {
      "type": "Feature",
      "properties": {
        "id": 13637630764,
        "kind": "poi",
        "crossing": "uncontrolled",
        "crossing:markings": "zebra",
        "crossing:signals": "no",
        "highway": "crossing"
      },
      "geometry": {
        "type": "Point",
        "coordinates": [
          -106.4237436,
          31.7744667
        ]
      }
    },
    {
      "type": "Feature",
      "properties": {
        "id": 13637630765,
        "kind": "poi",
        "crossing": "unmarked",
        "crossing:markings": "no",
        "highway": "crossing"
      },
      "geometry": {
        "type": "Point",
        "coordinates": [
          -106.4238172,
          31.7743023
        ]
      }
    },
    {
      "type": "Feature",
      "properties": {
        "id": 13637643516,
        "kind": "poi",
        "crossing": "unmarked",
        "crossing:markings": "no",
        "highway": "crossing"
      },
      "geometry": {
        "type": "Point",
        "coordinates": [
          -106.4059113,
          31.7602575
        ]
      }
    },
    {
      "type": "Feature",
      "properties": {
        "id": 13637643519,
        "kind": "poi",
        "crossing": "unmarked",
        "crossing:markings": "no",
        "highway": "crossing"
      },
      "geometry": {
        "type": "Point",
        "coordinates": [
          -106.4064642,
          31.7601778
        ]
      }
    },
    {
      "type": "Feature",
      "properties": {
        "id": 13637643522,
        "kind": "poi",
        "crossing": "unmarked",
        "crossing:markings": "no",
        "highway": "crossing"
      },
      "geometry": {
        "type": "Point",
        "coordinates": [
          -106.4076271,
          31.7599996
        ]
      }
    },
    {
      "type": "Feature",
      "properties": {
        "id": 13637643523,
        "kind": "poi",
        "highway": "crossing"
      },
      "geometry": {
        "type": "Point",
        "coordinates": [
          -106.4079069,
          31.7599645
        ]
      }
    },
    {
      "type": "Feature",
      "properties": {
        "id": 13637643524,
        "kind": "poi",
        "crossing": "unmarked",
        "crossing:markings": "no",
        "highway": "crossing"
      },
      "geometry": {
        "type": "Point",
        "coordinates": [
          -106.4066917,
          31.7603612
        ]
      }
    },
    {
      "type": "Feature",
      "properties": {
        "id": 13637643525,
        "kind": "poi",
        "crossing": "unmarked",
        "crossing:markings": "no",
        "highway": "crossing"
      },
      "geometry": {
        "type": "Point",
        "coordinates": [
          -106.4047604,
          31.7605533
        ]
      }
    },
    {
      "type": "Feature",
      "properties": {
        "id": 13637643526,
        "kind": "poi",
        "crossing": "unmarked",
        "crossing:markings": "no",
        "highway": "crossing"
      },
      "geometry": {
        "type": "Point",
        "coordinates": [
          -106.403705,
          31.7605543
        ]
      }
    },
    {
      "type": "Feature",
      "properties": {
        "id": 13637643534,
        "kind": "poi",
        "highway": "crossing"
      },
      "geometry": {
        "type": "Point",
        "coordinates": [
          -106.4006157,
          31.7605894
        ]
      }
    },
    {
      "type": "Feature",
      "properties": {
        "id": 13637643535,
        "kind": "poi",
        "highway": "crossing"
      },
      "geometry": {
        "type": "Point",
        "coordinates": [
          -106.4008764,
          31.7605041
        ]
      }
    },
    {
      "type": "Feature",
      "properties": {
        "id": 13637643536,
        "kind": "poi",
        "highway": "crossing"
      },
      "geometry": {
        "type": "Point",
        "coordinates": [
          -106.4011041,
          31.7604361
        ]
      }
    },
    {
      "type": "Feature",
      "properties": {
        "id": 13637643537,
        "kind": "poi",
        "crossing": "unmarked",
        "crossing:markings": "no",
        "highway": "crossing"
      },
      "geometry": {
        "type": "Point",
        "coordinates": [
          -106.4013596,
          31.7618234
        ]
      }
    },
    {
      "type": "Feature",
      "properties": {
        "id": 13637643538,
        "kind": "poi",
        "crossing": "unmarked",
        "crossing:markings": "no",
        "highway": "crossing"
      },
      "geometry": {
        "type": "Point",
        "coordinates": [
          -106.4015869,
          31.7621069
        ]
      }
    },
    {
      "type": "Feature",
      "properties": {
        "id": 13637647328,
        "kind": "poi",
        "crossing": "traffic_signals",
        "crossing:markings": "lines",
        "crossing:signals": "yes",
        "highway": "crossing"
      },
      "geometry": {
        "type": "Point",
        "coordinates": [
          -106.4866055,
          31.7537268
        ]
      }
    },
    {
      "type": "Feature",
      "properties": {
        "id": 13637647329,
        "kind": "poi",
        "crossing": "traffic_signals",
        "crossing:markings": "lines",
        "crossing:signals": "yes",
        "highway": "crossing"
      },
      "geometry": {
        "type": "Point",
        "coordinates": [
          -106.4864795,
          31.7536681
        ]
      }
    },
    {
      "type": "Feature",
      "properties": {
        "id": 13637647330,
        "kind": "poi",
        "crossing": "traffic_signals",
        "crossing:markings": "lines",
        "crossing:signals": "yes",
        "highway": "crossing"
      },
      "geometry": {
        "type": "Point",
        "coordinates": [
          -106.4865514,
          31.7535523
        ]
      }
    },
    {
      "type": "Feature",
      "properties": {
        "id": 13637647331,
        "kind": "poi",
        "crossing": "traffic_signals",
        "crossing:markings": "lines",
        "crossing:signals": "yes",
        "highway": "crossing"
      },
      "geometry": {
        "type": "Point",
        "coordinates": [
          -106.4866947,
          31.7536179
        ]
      }
    },
    {
      "type": "Feature",
      "properties": {
        "id": 13637647332,
        "kind": "poi",
        "crossing": "traffic_signals",
        "crossing:markings": "ladder",
        "crossing:signals": "yes",
        "highway": "crossing"
      },
      "geometry": {
        "type": "Point",
        "coordinates": [
          -106.4876737,
          31.7534926
        ]
      }
    },
    {
      "type": "Feature",
      "properties": {
        "id": 13637647333,
        "kind": "poi",
        "crossing": "traffic_signals",
        "crossing:markings": "ladder",
        "crossing:signals": "yes",
        "highway": "crossing"
      },
      "geometry": {
        "type": "Point",
        "coordinates": [
          -106.4877282,
          31.7533795
        ]
      }
    },
    {
      "type": "Feature",
      "properties": {
        "id": 13637647334,
        "kind": "poi",
        "crossing": "traffic_signals",
        "crossing:markings": "ladder",
        "crossing:signals": "yes",
        "highway": "crossing"
      },
      "geometry": {
        "type": "Point",
        "coordinates": [
          -106.4875221,
          31.753425
        ]
      }
    },
    {
      "type": "Feature",
      "properties": {
        "id": 13637647335,
        "kind": "poi",
        "crossing": "traffic_signals",
        "crossing:markings": "ladder",
        "crossing:signals": "yes",
        "highway": "crossing"
      },
      "geometry": {
        "type": "Point",
        "coordinates": [
          -106.4876177,
          31.7533319
        ]
      }
    },
    {
      "type": "Feature",
      "properties": {
        "id": 13637647338,
        "kind": "poi",
        "crossing": "uncontrolled",
        "crossing:markings": "lines",
        "crossing:signals": "no",
        "highway": "crossing"
      },
      "geometry": {
        "type": "Point",
        "coordinates": [
          -106.4864016,
          31.7527323
        ]
      }
    },
    {
      "type": "Feature",
      "properties": {
        "id": 13637647343,
        "kind": "poi",
        "crossing": "uncontrolled",
        "crossing:markings": "lines",
        "crossing:signals": "no",
        "highway": "crossing"
      },
      "geometry": {
        "type": "Point",
        "coordinates": [
          -106.4862817,
          31.7526816
        ]
      }
    },
    {
      "type": "Feature",
      "properties": {
        "id": 13637647350,
        "kind": "poi",
        "crossing": "uncontrolled",
        "crossing:markings": "lines",
        "crossing:signals": "no",
        "highway": "crossing"
      },
      "geometry": {
        "type": "Point",
        "coordinates": [
          -106.4862052,
          31.7527774
        ]
      }
    },
    {
      "type": "Feature",
      "properties": {
        "id": 13637647352,
        "kind": "poi",
        "crossing": "uncontrolled",
        "crossing:markings": "ladder",
        "crossing:signals": "no",
        "highway": "crossing"
      },
      "geometry": {
        "type": "Point",
        "coordinates": [
          -106.4874662,
          31.7524915
        ]
      }
    },
    {
      "type": "Feature",
      "properties": {
        "id": 13637647357,
        "kind": "poi",
        "crossing": "uncontrolled",
        "crossing:markings": "ladder",
        "crossing:signals": "no",
        "highway": "crossing"
      },
      "geometry": {
        "type": "Point",
        "coordinates": [
          -106.4873288,
          31.7524347
        ]
      }
    },
    {
      "type": "Feature",
      "properties": {
        "id": 13637647362,
        "kind": "poi",
        "crossing": "uncontrolled",
        "crossing:markings": "ladder",
        "crossing:signals": "no",
        "highway": "crossing"
      },
      "geometry": {
        "type": "Point",
        "coordinates": [
          -106.4872346,
          31.7525445
        ]
      }
    },
    {
      "type": "Feature",
      "properties": {
        "id": 13637647368,
        "kind": "poi",
        "crossing": "uncontrolled",
        "crossing:markings": "lines",
        "crossing:signals": "no",
        "highway": "crossing"
      },
      "geometry": {
        "type": "Point",
        "coordinates": [
          -106.485376,
          31.7529668
        ]
      }
    },
    {
      "type": "Feature",
      "properties": {
        "id": 13637647372,
        "kind": "poi",
        "crossing": "uncontrolled",
        "crossing:markings": "lines",
        "crossing:signals": "no",
        "highway": "crossing"
      },
      "geometry": {
        "type": "Point",
        "coordinates": [
          -106.4852546,
          31.7529088
        ]
      }
    },
    {
      "type": "Feature",
      "properties": {
        "id": 13637647377,
        "kind": "poi",
        "crossing": "uncontrolled",
        "crossing:markings": "lines",
        "crossing:signals": "no",
        "highway": "crossing"
      },
      "geometry": {
        "type": "Point",
        "coordinates": [
          -106.4851732,
          31.7530127
        ]
      }
    },
    {
      "type": "Feature",
      "properties": {
        "id": 13637663028,
        "kind": "poi",
        "crossing": "unmarked",
        "crossing:markings": "no",
        "highway": "crossing"
      },
      "geometry": {
        "type": "Point",
        "coordinates": [
          -106.4005417,
          31.7611874
        ]
      }
    },
    {
      "type": "Feature",
      "properties": {
        "id": 13637663029,
        "kind": "poi",
        "highway": "crossing"
      },
      "geometry": {
        "type": "Point",
        "coordinates": [
          -106.4006923,
          31.761377
        ]
      }
    },
    {
      "type": "Feature",
      "properties": {
        "id": 13637663051,
        "kind": "poi",
        "highway": "crossing"
      },
      "geometry": {
        "type": "Point",
        "coordinates": [
          -106.400333,
          31.7605365
        ]
      }
    },
    {
      "type": "Feature",
      "properties": {
        "id": 13637672706,
        "kind": "poi",
        "highway": "crossing"
      },
      "geometry": {
        "type": "Point",
        "coordinates": [
          -106.4613621,
          31.7899111
        ]
      }
    },
    {
      "type": "Feature",
      "properties": {
        "id": 13637672707,
        "kind": "poi",
        "crossing": "unmarked",
        "crossing:markings": "no",
        "highway": "crossing"
      },
      "geometry": {
        "type": "Point",
        "coordinates": [
          -106.4613661,
          31.7894574
        ]
      }
    },
    {
      "type": "Feature",
      "properties": {
        "id": 13637672709,
        "kind": "poi",
        "highway": "crossing"
      },
      "geometry": {
        "type": "Point",
        "coordinates": [
          -106.4613571,
          31.7879127
        ]
      }
    },
    {
      "type": "Feature",
      "properties": {
        "id": 13637672711,
        "kind": "poi",
        "crossing": "unmarked",
        "crossing:markings": "no",
        "highway": "crossing"
      },
      "geometry": {
        "type": "Point",
        "coordinates": [
          -106.4613602,
          31.7873581
        ]
      }
    },
    {
      "type": "Feature",
      "properties": {
        "id": 13637672712,
        "kind": "poi",
        "highway": "crossing"
      },
      "geometry": {
        "type": "Point",
        "coordinates": [
          -106.4613704,
          31.7868467
        ]
      }
    },
    {
      "type": "Feature",
      "properties": {
        "id": 13637672729,
        "kind": "poi",
        "highway": "crossing"
      },
      "geometry": {
        "type": "Point",
        "coordinates": [
          -106.4619191,
          31.7860534
        ]
      }
    },
    {
      "type": "Feature",
      "properties": {
        "id": 13637672730,
        "kind": "poi",
        "crossing": "uncontrolled",
        "crossing:markings": "zebra",
        "crossing:signals": "no",
        "highway": "crossing"
      },
      "geometry": {
        "type": "Point",
        "coordinates": [
          -106.4624213,
          31.785783
        ]
      }
    },
    {
      "type": "Feature",
      "properties": {
        "id": 13637672735,
        "kind": "poi",
        "crossing": "uncontrolled",
        "crossing:markings": "zebra",
        "crossing:signals": "no",
        "highway": "crossing"
      },
      "geometry": {
        "type": "Point",
        "coordinates": [
          -106.4624742,
          31.7856504
        ]
      }
    },
    {
      "type": "Feature",
      "properties": {
        "id": 13637672736,
        "kind": "poi",
        "crossing": "uncontrolled",
        "crossing:markings": "zebra",
        "crossing:signals": "no",
        "highway": "crossing"
      },
      "geometry": {
        "type": "Point",
        "coordinates": [
          -106.4635714,
          31.7850554
        ]
      }
    },
    {
      "type": "Feature",
      "properties": {
        "id": 13637672748,
        "kind": "poi",
        "highway": "crossing"
      },
      "geometry": {
        "type": "Point",
        "coordinates": [
          -106.4612279,
          31.7845689
        ]
      }
    },
    {
      "type": "Feature",
      "properties": {
        "id": 13637672750,
        "kind": "poi",
        "crossing": "unmarked",
        "crossing:markings": "no",
        "highway": "crossing"
      },
      "geometry": {
        "type": "Point",
        "coordinates": [
          -106.4605135,
          31.7846802
        ]
      }
    },
    {
      "type": "Feature",
      "properties": {
        "id": 13637672751,
        "kind": "poi",
        "highway": "crossing"
      },
      "geometry": {
        "type": "Point",
        "coordinates": [
          -106.4601058,
          31.7846772
        ]
      }
    },
    {
      "type": "Feature",
      "properties": {
        "id": 13637672752,
        "kind": "poi",
        "crossing": "uncontrolled",
        "crossing:markings": "lines",
        "crossing:signals": "no",
        "highway": "crossing"
      },
      "geometry": {
        "type": "Point",
        "coordinates": [
          -106.4600257,
          31.7847582
        ]
      }
    },
    {
      "type": "Feature",
      "properties": {
        "id": 13637672753,
        "kind": "poi",
        "crossing": "unmarked",
        "crossing:markings": "no",
        "highway": "crossing"
      },
      "geometry": {
        "type": "Point",
        "coordinates": [
          -106.4623021,
          31.7856535
        ]
      }
    },
    {
      "type": "Feature",
      "properties": {
        "id": 13637678543,
        "kind": "poi",
        "crossing": "traffic_signals",
        "crossing:markings": "zebra",
        "crossing:signals": "yes",
        "highway": "crossing"
      },
      "geometry": {
        "type": "Point",
        "coordinates": [
          -106.4005383,
          31.7606837
        ]
      }
    },
    {
      "type": "Feature",
      "properties": {
        "id": 13637678544,
        "kind": "poi",
        "crossing": "traffic_signals",
        "crossing:markings": "zebra",
        "crossing:signals": "yes",
        "highway": "crossing"
      },
      "geometry": {
        "type": "Point",
        "coordinates": [
          -106.4006406,
          31.7608107
        ]
      }
    },
    {
      "type": "Feature",
      "properties": {
        "id": 13637678547,
        "kind": "poi",
        "crossing": "traffic_signals",
        "crossing:markings": "zebra",
        "crossing:signals": "yes",
        "highway": "crossing"
      },
      "geometry": {
        "type": "Point",
        "coordinates": [
          -106.4002145,
          31.7607173
        ]
      }
    },
    {
      "type": "Feature",
      "properties": {
        "id": 13637678548,
        "kind": "poi",
        "crossing": "traffic_signals",
        "crossing:markings": "zebra",
        "crossing:signals": "yes",
        "highway": "crossing"
      },
      "geometry": {
        "type": "Point",
        "coordinates": [
          -106.4003459,
          31.7606518
        ]
      }
    },
    {
      "type": "Feature",
      "properties": {
        "id": 13637678553,
        "kind": "poi",
        "crossing": "traffic_signals",
        "crossing:markings": "zebra",
        "crossing:signals": "yes",
        "highway": "crossing"
      },
      "geometry": {
        "type": "Point",
        "coordinates": [
          -106.4004481,
          31.7610127
        ]
      }
    },
    {
      "type": "Feature",
      "properties": {
        "id": 13637678554,
        "kind": "poi",
        "crossing": "traffic_signals",
        "crossing:markings": "zebra",
        "crossing:signals": "yes",
        "highway": "crossing"
      },
      "geometry": {
        "type": "Point",
        "coordinates": [
          -106.4005747,
          31.7609402
        ]
      }
    },
    {
      "type": "Feature",
      "properties": {
        "id": 13637679472,
        "kind": "poi",
        "highway": "crossing"
      },
      "geometry": {
        "type": "Point",
        "coordinates": [
          -106.4617563,
          31.7843772
        ]
      }
    },
    {
      "type": "Feature",
      "properties": {
        "id": 13637679473,
        "kind": "poi",
        "crossing": "unmarked",
        "crossing:markings": "no",
        "highway": "crossing"
      },
      "geometry": {
        "type": "Point",
        "coordinates": [
          -106.4625907,
          31.7838365
        ]
      }
    },
    {
      "type": "Feature",
      "properties": {
        "id": 13637679475,
        "kind": "poi",
        "crossing": "unmarked",
        "crossing:markings": "no",
        "highway": "crossing"
      },
      "geometry": {
        "type": "Point",
        "coordinates": [
          -106.4637932,
          31.7830538
        ]
      }
    },
    {
      "type": "Feature",
      "properties": {
        "id": 13637679476,
        "kind": "poi",
        "crossing": "unmarked",
        "crossing:markings": "no",
        "highway": "crossing"
      },
      "geometry": {
        "type": "Point",
        "coordinates": [
          -106.464872,
          31.7822614
        ]
      }
    },
    {
      "type": "Feature",
      "properties": {
        "id": 13637679478,
        "kind": "poi",
        "crossing": "unmarked",
        "crossing:markings": "no",
        "highway": "crossing"
      },
      "geometry": {
        "type": "Point",
        "coordinates": [
          -106.4636763,
          31.7829204
        ]
      }
    },
    {
      "type": "Feature",
      "properties": {
        "id": 13637679479,
        "kind": "poi",
        "highway": "crossing"
      },
      "geometry": {
        "type": "Point",
        "coordinates": [
          -106.4629408,
          31.7833999
        ]
      }
    },
    {
      "type": "Feature",
      "properties": {
        "id": 13637679480,
        "kind": "poi",
        "highway": "crossing"
      },
      "geometry": {
        "type": "Point",
        "coordinates": [
          -106.4628131,
          31.7834776
        ]
      }
    },
    {
      "type": "Feature",
      "properties": {
        "id": 13637679481,
        "kind": "poi",
        "highway": "crossing"
      },
      "geometry": {
        "type": "Point",
        "coordinates": [
          -106.4626684,
          31.7835666
        ]
      }
    },
    {
      "type": "Feature",
      "properties": {
        "id": 13637679483,
        "kind": "poi",
        "crossing": "unmarked",
        "crossing:markings": "no",
        "highway": "crossing"
      },
      "geometry": {
        "type": "Point",
        "coordinates": [
          -106.4624719,
          31.7837019
        ]
      }
    },
    {
      "type": "Feature",
      "properties": {
        "id": 13637679485,
        "kind": "poi",
        "crossing": "unmarked",
        "crossing:markings": "no",
        "highway": "crossing"
      },
      "geometry": {
        "type": "Point",
        "coordinates": [
          -106.4620027,
          31.7840018
        ]
      }
    },
    {
      "type": "Feature",
      "properties": {
        "id": 13637683865,
        "kind": "poi",
        "crossing": "traffic_signals",
        "crossing:markings": "lines",
        "crossing:signals": "yes",
        "highway": "crossing"
      },
      "geometry": {
        "type": "Point",
        "coordinates": [
          -106.4406025,
          31.8008038
        ]
      }
    },
    {
      "type": "Feature",
      "properties": {
        "id": 13637683866,
        "kind": "poi",
        "crossing": "traffic_signals",
        "crossing:markings": "lines",
        "crossing:signals": "yes",
        "highway": "crossing"
      },
      "geometry": {
        "type": "Point",
        "coordinates": [
          -106.4406323,
          31.8006856
        ]
      }
    },
    {
      "type": "Feature",
      "properties": {
        "id": 13637683867,
        "kind": "poi",
        "crossing": "traffic_signals",
        "crossing:markings": "lines",
        "crossing:signals": "yes",
        "highway": "crossing"
      },
      "geometry": {
        "type": "Point",
        "coordinates": [
          -106.4407184,
          31.8008735
        ]
      }
    },
    {
      "type": "Feature",
      "properties": {
        "id": 13637683868,
        "kind": "poi",
        "crossing": "traffic_signals",
        "crossing:markings": "lines",
        "crossing:signals": "yes",
        "highway": "crossing"
      },
      "geometry": {
        "type": "Point",
        "coordinates": [
          -106.4407691,
          31.8007302
        ]
      }
    },
    {
      "type": "Feature",
      "properties": {
        "id": 13637683869,
        "kind": "poi",
        "crossing": "unmarked",
        "crossing:markings": "no",
        "highway": "crossing"
      },
      "geometry": {
        "type": "Point",
        "coordinates": [
          -106.4399232,
          31.8009111
        ]
      }
    },
    {
      "type": "Feature",
      "properties": {
        "id": 13637684599,
        "kind": "poi",
        "highway": "crossing"
      },
      "geometry": {
        "type": "Point",
        "coordinates": [
          -106.425447,
          31.7415789
        ]
      }
    },
    {
      "type": "Feature",
      "properties": {
        "id": 13637684600,
        "kind": "poi",
        "highway": "crossing"
      },
      "geometry": {
        "type": "Point",
        "coordinates": [
          -106.4255119,
          31.7412829
        ]
      }
    },
    {
      "type": "Feature",
      "properties": {
        "id": 13637704512,
        "kind": "poi",
        "crossing": "unmarked",
        "crossing:markings": "no",
        "highway": "crossing"
      },
      "geometry": {
        "type": "Point",
        "coordinates": [
          -106.4855745,
          31.7539592
        ]
      }
    },
    {
      "type": "Feature",
      "properties": {
        "id": 13637704513,
        "kind": "poi",
        "crossing": "unmarked",
        "crossing:markings": "no",
        "highway": "crossing"
      },
      "geometry": {
        "type": "Point",
        "coordinates": [
          -106.4856206,
          31.7538649
        ]
      }
    },
    {
      "type": "Feature",
      "properties": {
        "id": 13637704514,
        "kind": "poi",
        "crossing": "unmarked",
        "crossing:markings": "no",
        "highway": "crossing"
      },
      "geometry": {
        "type": "Point",
        "coordinates": [
          -106.4854503,
          31.7539039
        ]
      }
    },
    {
      "type": "Feature",
      "properties": {
        "id": 13637704515,
        "kind": "poi",
        "crossing": "unmarked",
        "crossing:markings": "no",
        "highway": "crossing"
      },
      "geometry": {
        "type": "Point",
        "coordinates": [
          -106.4855269,
          31.7538051
        ]
      }
    },
    {
      "type": "Feature",
      "properties": {
        "id": 13637704516,
        "kind": "poi",
        "crossing": "uncontrolled",
        "crossing:markings": "lines",
        "crossing:signals": "no",
        "highway": "crossing"
      },
      "geometry": {
        "type": "Point",
        "coordinates": [
          -106.485033,
          31.7522083
        ]
      }
    },
    {
      "type": "Feature",
      "properties": {
        "id": 13637704517,
        "kind": "poi",
        "crossing": "uncontrolled",
        "crossing:markings": "lines",
        "crossing:signals": "no",
        "highway": "crossing"
      },
      "geometry": {
        "type": "Point",
        "coordinates": [
          -106.4851012,
          31.7521011
        ]
      }
    },
    {
      "type": "Feature",
      "properties": {
        "id": 13637704518,
        "kind": "poi",
        "crossing": "uncontrolled",
        "crossing:markings": "lines",
        "crossing:signals": "no",
        "highway": "crossing"
      },
      "geometry": {
        "type": "Point",
        "coordinates": [
          -106.4849195,
          31.7521426
        ]
      }
    },
    {
      "type": "Feature",
      "properties": {
        "id": 13637704519,
        "kind": "poi",
        "crossing": "uncontrolled",
        "crossing:markings": "lines",
        "crossing:signals": "no",
        "highway": "crossing"
      },
      "geometry": {
        "type": "Point",
        "coordinates": [
          -106.484981,
          31.752044
        ]
      }
    },
    {
      "type": "Feature",
      "properties": {
        "id": 13637704520,
        "kind": "poi",
        "crossing": "uncontrolled",
        "crossing:markings": "lines",
        "crossing:signals": "no",
        "highway": "crossing"
      },
      "geometry": {
        "type": "Point",
        "coordinates": [
          -106.4860604,
          31.75198
        ]
      }
    },
    {
      "type": "Feature",
      "properties": {
        "id": 13637704521,
        "kind": "poi",
        "crossing": "uncontrolled",
        "crossing:markings": "lines",
        "crossing:signals": "no",
        "highway": "crossing"
      },
      "geometry": {
        "type": "Point",
        "coordinates": [
          -106.4859354,
          31.751909
        ]
      }
    },
    {
      "type": "Feature",
      "properties": {
        "id": 13637704522,
        "kind": "poi",
        "crossing": "uncontrolled",
        "crossing:markings": "lines",
        "crossing:signals": "no",
        "highway": "crossing"
      },
      "geometry": {
        "type": "Point",
        "coordinates": [
          -106.48601,
          31.7518185
        ]
      }
    },
    {
      "type": "Feature",
      "properties": {
        "id": 13637704523,
        "kind": "poi",
        "crossing": "uncontrolled",
        "crossing:markings": "lines",
        "crossing:signals": "no",
        "highway": "crossing"
      },
      "geometry": {
        "type": "Point",
        "coordinates": [
          -106.4861378,
          31.7518621
        ]
      }
    },
    {
      "type": "Feature",
      "properties": {
        "id": 13637704524,
        "kind": "poi",
        "highway": "crossing"
      },
      "geometry": {
        "type": "Point",
        "coordinates": [
          -106.4852664,
          31.7512106
        ]
      }
    },
    {
      "type": "Feature",
      "properties": {
        "id": 13637704525,
        "kind": "poi",
        "highway": "crossing"
      },
      "geometry": {
        "type": "Point",
        "coordinates": [
          -106.485217,
          31.7510578
        ]
      }
    },
    {
      "type": "Feature",
      "properties": {
        "id": 13637704526,
        "kind": "poi",
        "highway": "crossing"
      },
      "geometry": {
        "type": "Point",
        "coordinates": [
          -106.4858399,
          31.7509518
        ]
      }
    },
    {
      "type": "Feature",
      "properties": {
        "id": 13637704527,
        "kind": "poi",
        "crossing": "unmarked",
        "crossing:markings": "no",
        "highway": "crossing"
      },
      "geometry": {
        "type": "Point",
        "coordinates": [
          -106.4856628,
          31.7510342
        ]
      }
    },
    {
      "type": "Feature",
      "properties": {
        "id": 13637704528,
        "kind": "poi",
        "highway": "crossing"
      },
      "geometry": {
        "type": "Point",
        "coordinates": [
          -106.4849961,
          31.7503328
        ]
      }
    },
    {
      "type": "Feature",
      "properties": {
        "id": 13637704529,
        "kind": "poi",
        "highway": "crossing"
      },
      "geometry": {
        "type": "Point",
        "coordinates": [
          -106.4849461,
          31.7501719
        ]
      }
    },
    {
      "type": "Feature",
      "properties": {
        "id": 13637704530,
        "kind": "poi",
        "crossing": "uncontrolled",
        "crossing:markings": "ladder",
        "crossing:signals": "no",
        "highway": "crossing"
      },
      "geometry": {
        "type": "Point",
        "coordinates": [
          -106.4855605,
          31.7502075
        ]
      }
    },
    {
      "type": "Feature",
      "properties": {
        "id": 13637704531,
        "kind": "poi",
        "crossing": "uncontrolled",
        "crossing:markings": "ladder",
        "crossing:signals": "no",
        "highway": "crossing"
      },
      "geometry": {
        "type": "Point",
        "coordinates": [
          -106.4854769,
          31.7502307
        ]
      }
    },
    {
      "type": "Feature",
      "properties": {
        "id": 13637704532,
        "kind": "poi",
        "crossing": "uncontrolled",
        "crossing:markings": "zebra",
        "crossing:signals": "no",
        "highway": "crossing"
      },
      "geometry": {
        "type": "Point",
        "coordinates": [
          -106.4853909,
          31.7501549
        ]
      }
    },
    {
      "type": "Feature",
      "properties": {
        "id": 13637704533,
        "kind": "poi",
        "crossing": "uncontrolled",
        "crossing:markings": "zebra",
        "crossing:signals": "no",
        "highway": "crossing"
      },
      "geometry": {
        "type": "Point",
        "coordinates": [
          -106.4850845,
          31.7493131
        ]
      }
    },
    {
      "type": "Feature",
      "properties": {
        "id": 13637704534,
        "kind": "poi",
        "highway": "crossing"
      },
      "geometry": {
        "type": "Point",
        "coordinates": [
          -106.4852946,
          31.7492097
        ]
      }
    },
    {
      "type": "Feature",
      "properties": {
        "id": 13637704535,
        "kind": "poi",
        "crossing": "uncontrolled",
        "crossing:markings": "lines",
        "crossing:signals": "no",
        "highway": "crossing"
      },
      "geometry": {
        "type": "Point",
        "coordinates": [
          -106.4872051,
          31.7516505
        ]
      }
    },
    {
      "type": "Feature",
      "properties": {
        "id": 13637704540,
        "kind": "poi",
        "crossing": "uncontrolled",
        "crossing:markings": "zebra",
        "crossing:signals": "no",
        "highway": "crossing"
      },
      "geometry": {
        "type": "Point",
        "coordinates": [
          -106.4871075,
          31.7517333
        ]
      }
    },
    {
      "type": "Feature",
      "properties": {
        "id": 13637704555,
        "kind": "poi",
        "crossing": "uncontrolled",
        "crossing:markings": "lines",
        "crossing:signals": "no",
        "highway": "crossing"
      },
      "geometry": {
        "type": "Point",
        "coordinates": [
          -106.4868037,
          31.7516534
        ]
      }
    },
    {
      "type": "Feature",
      "properties": {
        "id": 13637704563,
        "kind": "poi",
        "crossing": "uncontrolled",
        "crossing:markings": "lines",
        "crossing:signals": "no",
        "highway": "crossing"
      },
      "geometry": {
        "type": "Point",
        "coordinates": [
          -106.4870959,
          31.7513709
        ]
      }
    },
    {
      "type": "Feature",
      "properties": {
        "id": 13637704570,
        "kind": "poi",
        "crossing": "uncontrolled",
        "crossing:markings": "lines",
        "crossing:signals": "no",
        "highway": "crossing"
      },
      "geometry": {
        "type": "Point",
        "coordinates": [
          -106.4868304,
          31.7513935
        ]
      }
    },
    {
      "type": "Feature",
      "properties": {
        "id": 13637706776,
        "kind": "poi",
        "crossing": "unmarked",
        "crossing:markings": "no",
        "highway": "crossing"
      },
      "geometry": {
        "type": "Point",
        "coordinates": [
          -106.461723,
          31.7837506
        ]
      }
    },
    {
      "type": "Feature",
      "properties": {
        "id": 13637706777,
        "kind": "poi",
        "crossing": "unmarked",
        "crossing:markings": "no",
        "highway": "crossing"
      },
      "geometry": {
        "type": "Point",
        "coordinates": [
          -106.4617718,
          31.7837213
        ]
      }
    },
    {
      "type": "Feature",
      "properties": {
        "id": 13637706778,
        "kind": "poi",
        "crossing": "uncontrolled",
        "crossing:markings": "lines",
        "crossing:signals": "no",
        "highway": "crossing"
      },
      "geometry": {
        "type": "Point",
        "coordinates": [
          -106.4621122,
          31.7832915
        ]
      }
    },
    {
      "type": "Feature",
      "properties": {
        "id": 13637706779,
        "kind": "poi",
        "highway": "crossing"
      },
      "geometry": {
        "type": "Point",
        "coordinates": [
          -106.4625679,
          31.7827295
        ]
      }
    },
    {
      "type": "Feature",
      "properties": {
        "id": 13637706780,
        "kind": "poi",
        "highway": "crossing"
      },
      "geometry": {
        "type": "Point",
        "coordinates": [
          -106.4627109,
          31.7826361
        ]
      }
    },
    {
      "type": "Feature",
      "properties": {
        "id": 13637706781,
        "kind": "poi",
        "highway": "crossing"
      },
      "geometry": {
        "type": "Point",
        "coordinates": [
          -106.4628514,
          31.7825464
        ]
      }
    },
    {
      "type": "Feature",
      "properties": {
        "id": 13637706783,
        "kind": "poi",
        "crossing": "marked",
        "crossing:markings": "zebra",
        "highway": "crossing"
      },
      "geometry": {
        "type": "Point",
        "coordinates": [
          -106.4621033,
          31.7827519
        ]
      }
    },
    {
      "type": "Feature",
      "properties": {
        "id": 13637706785,
        "kind": "poi",
        "crossing": "unmarked",
        "crossing:markings": "no",
        "highway": "crossing"
      },
      "geometry": {
        "type": "Point",
        "coordinates": [
          -106.461961,
          31.7831379
        ]
      }
    },
    {
      "type": "Feature",
      "properties": {
        "id": 13637706786,
        "kind": "poi",
        "highway": "crossing"
      },
      "geometry": {
        "type": "Point",
        "coordinates": [
          -106.4617275,
          31.7834966
        ]
      }
    },
    {
      "type": "Feature",
      "properties": {
        "id": 13637706787,
        "kind": "poi",
        "highway": "crossing"
      },
      "geometry": {
        "type": "Point",
        "coordinates": [
          -106.4618838,
          31.7833152
        ]
      }
    },
    {
      "type": "Feature",
      "properties": {
        "id": 13637706788,
        "kind": "poi",
        "crossing": "traffic_signals",
        "crossing:markings": "lines",
        "crossing:signals": "yes",
        "highway": "crossing"
      },
      "geometry": {
        "type": "Point",
        "coordinates": [
          -106.4630264,
          31.7823106
        ]
      }
    },
    {
      "type": "Feature",
      "properties": {
        "id": 13637709878,
        "kind": "poi",
        "crossing": "traffic_signals",
        "crossing:markings": "zebra",
        "crossing:signals": "yes",
        "highway": "crossing"
      },
      "geometry": {
        "type": "Point",
        "coordinates": [
          -106.4880919,
          31.7629074
        ]
      }
    },
    {
      "type": "Feature",
      "properties": {
        "id": 13637709879,
        "kind": "poi",
        "highway": "crossing"
      },
      "geometry": {
        "type": "Point",
        "coordinates": [
          -106.488089,
          31.7630374
        ]
      }
    },
    {
      "type": "Feature",
      "properties": {
        "id": 13637709880,
        "kind": "poi",
        "highway": "crossing"
      },
      "geometry": {
        "type": "Point",
        "coordinates": [
          -106.4881911,
          31.7631578
        ]
      }
    },
    {
      "type": "Feature",
      "properties": {
        "id": 13637709884,
        "kind": "poi",
        "crossing": "traffic_signals",
        "crossing:markings": "zebra",
        "crossing:signals": "yes",
        "highway": "crossing"
      },
      "geometry": {
        "type": "Point",
        "coordinates": [
          -106.4885723,
          31.7634526
        ]
      }
    },
    {
      "type": "Feature",
      "properties": {
        "id": 13637709887,
        "kind": "poi",
        "crossing": "traffic_signals",
        "crossing:markings": "zebra",
        "crossing:signals": "yes",
        "highway": "crossing"
      },
      "geometry": {
        "type": "Point",
        "coordinates": [
          -106.4879396,
          31.7628812
        ]
      }
    },
    {
      "type": "Feature",
      "properties": {
        "id": 13637709888,
        "kind": "poi",
        "crossing": "traffic_signals",
        "crossing:markings": "zebra",
        "crossing:signals": "yes",
        "highway": "crossing"
      },
      "geometry": {
        "type": "Point",
        "coordinates": [
          -106.4881062,
          31.7627744
        ]
      }
    },
    {
      "type": "Feature",
      "properties": {
        "id": 13637720745,
        "kind": "poi",
        "highway": "crossing"
      },
      "geometry": {
        "type": "Point",
        "coordinates": [
          -106.4246841,
          31.7407524
        ]
      }
    },
    {
      "type": "Feature",
      "properties": {
        "id": 13637720747,
        "kind": "poi",
        "crossing": "unmarked",
        "crossing:markings": "no",
        "highway": "crossing"
      },
      "geometry": {
        "type": "Point",
        "coordinates": [
          -106.4247424,
          31.7411076
        ]
      }
    },
    {
      "type": "Feature",
      "properties": {
        "id": 13637720749,
        "kind": "poi",
        "highway": "crossing"
      },
      "geometry": {
        "type": "Point",
        "coordinates": [
          -106.424809,
          31.7414957
        ]
      }
    },
    {
      "type": "Feature",
      "properties": {
        "id": 13637720750,
        "kind": "poi",
        "highway": "crossing"
      },
      "geometry": {
        "type": "Point",
        "coordinates": [
          -106.4248316,
          31.7416329
        ]
      }
    },
    {
      "type": "Feature",
      "properties": {
        "id": 13637720751,
        "kind": "poi",
        "highway": "crossing"
      },
      "geometry": {
        "type": "Point",
        "coordinates": [
          -106.4248578,
          31.7417915
        ]
      }
    },
    {
      "type": "Feature",
      "properties": {
        "id": 13637720752,
        "kind": "poi",
        "highway": "crossing"
      },
      "geometry": {
        "type": "Point",
        "coordinates": [
          -106.4248909,
          31.7419923
        ]
      }
    },
    {
      "type": "Feature",
      "properties": {
        "id": 13637720753,
        "kind": "poi",
        "highway": "crossing"
      },
      "geometry": {
        "type": "Point",
        "coordinates": [
          -106.4249473,
          31.7423343
        ]
      }
    },
    {
      "type": "Feature",
      "properties": {
        "id": 13637727356,
        "kind": "poi",
        "highway": "crossing"
      },
      "geometry": {
        "type": "Point",
        "coordinates": [
          -106.4243511,
          31.7404748
        ]
      }
    },
    {
      "type": "Feature",
      "properties": {
        "id": 13637727357,
        "kind": "poi",
        "highway": "crossing"
      },
      "geometry": {
        "type": "Point",
        "coordinates": [
          -106.4241381,
          31.7404544
        ]
      }
    },
    {
      "type": "Feature",
      "properties": {
        "id": 13637727358,
        "kind": "poi",
        "crossing": "unmarked",
        "crossing:markings": "no",
        "highway": "crossing"
      },
      "geometry": {
        "type": "Point",
        "coordinates": [
          -106.4240096,
          31.740424
        ]
      }
    },
    {
      "type": "Feature",
      "properties": {
        "id": 13637727359,
        "kind": "poi",
        "crossing": "unmarked",
        "crossing:markings": "no",
        "highway": "crossing"
      },
      "geometry": {
        "type": "Point",
        "coordinates": [
          -106.4230003,
          31.7401109
        ]
      }
    },
    {
      "type": "Feature",
      "properties": {
        "id": 13637727957,
        "kind": "poi",
        "highway": "crossing"
      },
      "geometry": {
        "type": "Point",
        "coordinates": [
          -106.4607282,
          31.7838319
        ]
      }
    },
    {
      "type": "Feature",
      "properties": {
        "id": 13637727958,
        "kind": "poi",
        "highway": "crossing"
      },
      "geometry": {
        "type": "Point",
        "coordinates": [
          -106.4604015,
          31.783831
        ]
      }
    },
    {
      "type": "Feature",
      "properties": {
        "id": 13637727959,
        "kind": "poi",
        "highway": "crossing"
      },
      "geometry": {
        "type": "Point",
        "coordinates": [
          -106.4605897,
          31.7838305
        ]
      }
    },
    {
      "type": "Feature",
      "properties": {
        "id": 13637727960,
        "kind": "poi",
        "crossing": "traffic_signals",
        "crossing:markings": "lines",
        "crossing:signals": "yes",
        "highway": "crossing"
      },
      "geometry": {
        "type": "Point",
        "coordinates": [
          -106.4600254,
          31.7837435
        ]
      }
    },
    {
      "type": "Feature",
      "properties": {
        "id": 13637727961,
        "kind": "poi",
        "highway": "crossing"
      },
      "geometry": {
        "type": "Point",
        "coordinates": [
          -106.4601795,
          31.7836663
        ]
      }
    },
    {
      "type": "Feature",
      "properties": {
        "id": 13637727977,
        "kind": "poi",
        "highway": "crossing"
      },
      "geometry": {
        "type": "Point",
        "coordinates": [
          -106.4618952,
          31.7820211
        ]
      }
    },
    {
      "type": "Feature",
      "properties": {
        "id": 13637727978,
        "kind": "poi",
        "highway": "crossing"
      },
      "geometry": {
        "type": "Point",
        "coordinates": [
          -106.4620444,
          31.7819296
        ]
      }
    },
    {
      "type": "Feature",
      "properties": {
        "id": 13637727980,
        "kind": "poi",
        "crossing": "unmarked",
        "crossing:markings": "no",
        "highway": "crossing"
      },
      "geometry": {
        "type": "Point",
        "coordinates": [
          -106.4625323,
          31.7816227
        ]
      }
    },
    {
      "type": "Feature",
      "properties": {
        "id": 13637727982,
        "kind": "poi",
        "crossing": "unmarked",
        "crossing:markings": "no",
        "highway": "crossing"
      },
      "geometry": {
        "type": "Point",
        "coordinates": [
          -106.4636126,
          31.7807993
        ]
      }
    },
    {
      "type": "Feature",
      "properties": {
        "id": 13637727983,
        "kind": "poi",
        "crossing": "unmarked",
        "crossing:markings": "no",
        "highway": "crossing"
      },
      "geometry": {
        "type": "Point",
        "coordinates": [
          -106.4624106,
          31.7814871
        ]
      }
    },
    {
      "type": "Feature",
      "properties": {
        "id": 13637727984,
        "kind": "poi",
        "crossing": "traffic_signals",
        "crossing:markings": "lines",
        "crossing:signals": "yes",
        "highway": "crossing"
      },
      "geometry": {
        "type": "Point",
        "coordinates": [
          -106.4615709,
          31.7817193
        ]
      }
    },
    {
      "type": "Feature",
      "properties": {
        "id": 13637732526,
        "kind": "poi",
        "crossing": "unmarked",
        "crossing:markings": "no",
        "highway": "crossing"
      },
      "geometry": {
        "type": "Point",
        "coordinates": [
          -106.4335362,
          31.8026445
        ]
      }
    },
    {
      "type": "Feature",
      "properties": {
        "id": 13637732527,
        "kind": "poi",
        "crossing": "unmarked",
        "crossing:island": "no",
        "crossing:markings": "no",
        "highway": "crossing",
        "tactile_paving": "no"
      },
      "geometry": {
        "type": "Point",
        "coordinates": [
          -106.433986,
          31.8030525
        ]
      }
    },
    {
      "type": "Feature",
      "properties": {
        "id": 13637732528,
        "kind": "poi",
        "crossing": "unmarked",
        "crossing:island": "no",
        "crossing:markings": "no",
        "highway": "crossing",
        "tactile_paving": "no"
      },
      "geometry": {
        "type": "Point",
        "coordinates": [
          -106.4338107,
          31.8028861
        ]
      }
    },
    {
      "type": "Feature",
      "properties": {
        "id": 13637732529,
        "kind": "poi",
        "crossing": "unmarked",
        "crossing:island": "no",
        "crossing:markings": "no",
        "highway": "crossing",
        "tactile_paving": "no"
      },
      "geometry": {
        "type": "Point",
        "coordinates": [
          -106.4343344,
          31.8034328
        ]
      }
    },
    {
      "type": "Feature",
      "properties": {
        "id": 13637732530,
        "kind": "poi",
        "crossing": "unmarked",
        "crossing:island": "no",
        "crossing:markings": "no",
        "highway": "crossing",
        "tactile_paving": "no"
      },
      "geometry": {
        "type": "Point",
        "coordinates": [
          -106.4346418,
          31.8038343
        ]
      }
    },
    {
      "type": "Feature",
      "properties": {
        "id": 13637732531,
        "kind": "poi",
        "crossing": "unmarked",
        "crossing:island": "no",
        "crossing:markings": "no",
        "highway": "crossing",
        "tactile_paving": "no"
      },
      "geometry": {
        "type": "Point",
        "coordinates": [
          -106.4347603,
          31.8040256
        ]
      }
    },
    {
      "type": "Feature",
      "properties": {
        "id": 13637732533,
        "kind": "poi",
        "crossing": "unmarked",
        "crossing:island": "no",
        "crossing:markings": "no",
        "highway": "crossing",
        "tactile_paving": "no"
      },
      "geometry": {
        "type": "Point",
        "coordinates": [
          -106.4332883,
          31.8024222
        ]
      }
    },
    {
      "type": "Feature",
      "properties": {
        "id": 13637732534,
        "kind": "poi",
        "crossing": "unmarked",
        "crossing:island": "no",
        "crossing:markings": "no",
        "highway": "crossing",
        "tactile_paving": "no"
      },
      "geometry": {
        "type": "Point",
        "coordinates": [
          -106.4339144,
          31.8050146
        ]
      }
    },
    {
      "type": "Feature",
      "properties": {
        "id": 13637732535,
        "kind": "poi",
        "crossing": "unmarked",
        "crossing:island": "no",
        "crossing:markings": "no",
        "highway": "crossing",
        "tactile_paving": "no"
      },
      "geometry": {
        "type": "Point",
        "coordinates": [
          -106.434684,
          31.8047227
        ]
      }
    },
    {
      "type": "Feature",
      "properties": {
        "id": 13637735176,
        "kind": "poi",
        "crossing": "unmarked",
        "crossing:island": "no",
        "crossing:markings": "no",
        "highway": "crossing",
        "tactile_paving": "no"
      },
      "geometry": {
        "type": "Point",
        "coordinates": [
          -106.4344111,
          31.8049353
        ]
      }
    },
    {
      "type": "Feature",
      "properties": {
        "id": 13637735177,
        "kind": "poi",
        "crossing": "unmarked",
        "crossing:island": "no",
        "crossing:markings": "no",
        "highway": "crossing",
        "tactile_paving": "yes"
      },
      "geometry": {
        "type": "Point",
        "coordinates": [
          -106.434797,
          31.8047856
        ]
      }
    },
    {
      "type": "Feature",
      "properties": {
        "id": 13637735178,
        "kind": "poi",
        "crossing": "uncontrolled",
        "crossing:island": "no",
        "crossing:markings": "lines",
        "crossing:signals": "no",
        "highway": "crossing",
        "tactile_paving": "no"
      },
      "geometry": {
        "type": "Point",
        "coordinates": [
          -106.4351454,
          31.8046756
        ]
      }
    },
    {
      "type": "Feature",
      "properties": {
        "id": 13637735182,
        "kind": "poi",
        "crossing": "unmarked",
        "crossing:island": "no",
        "crossing:markings": "no",
        "highway": "crossing",
        "tactile_paving": "no"
      },
      "geometry": {
        "type": "Point",
        "coordinates": [
          -106.4354621,
          31.8052158
        ]
      }
    },
    {
      "type": "Feature",
      "properties": {
        "id": 13637735183,
        "kind": "poi",
        "crossing": "unmarked",
        "crossing:island": "no",
        "crossing:markings": "no",
        "highway": "crossing",
        "tactile_paving": "no"
      },
      "geometry": {
        "type": "Point",
        "coordinates": [
          -106.4355221,
          31.8053461
        ]
      }
    },
    {
      "type": "Feature",
      "properties": {
        "id": 13637742154,
        "kind": "poi",
        "crossing": "unmarked",
        "crossing:island": "no",
        "crossing:markings": "no",
        "highway": "crossing",
        "tactile_paving": "no"
      },
      "geometry": {
        "type": "Point",
        "coordinates": [
          -106.4346309,
          31.8035741
        ]
      }
    },
    {
      "type": "Feature",
      "properties": {
        "id": 13637742725,
        "kind": "poi",
        "crossing": "unmarked",
        "crossing:markings": "no",
        "highway": "crossing"
      },
      "geometry": {
        "type": "Point",
        "coordinates": [
          -106.4630508,
          31.7736037
        ]
      }
    },
    {
      "type": "Feature",
      "properties": {
        "id": 13637742726,
        "kind": "poi",
        "highway": "crossing"
      },
      "geometry": {
        "type": "Point",
        "coordinates": [
          -106.4620821,
          31.7735868
        ]
      }
    },
    {
      "type": "Feature",
      "properties": {
        "id": 13637750406,
        "kind": "poi",
        "crossing": "traffic_signals",
        "crossing:markings": "zebra",
        "crossing:signals": "yes",
        "highway": "crossing"
      },
      "geometry": {
        "type": "Point",
        "coordinates": [
          -106.4617185,
          31.7734194
        ]
      }
    },
    {
      "type": "Feature",
      "properties": {
        "id": 13637750407,
        "kind": "poi",
        "crossing": "traffic_signals",
        "crossing:markings": "zebra",
        "crossing:signals": "yes",
        "highway": "crossing"
      },
      "geometry": {
        "type": "Point",
        "coordinates": [
          -106.4617355,
          31.7735215
        ]
      }
    },
    {
      "type": "Feature",
      "properties": {
        "id": 13637750408,
        "kind": "poi",
        "crossing": "traffic_signals",
        "crossing:markings": "zebra",
        "crossing:signals": "yes",
        "highway": "crossing"
      },
      "geometry": {
        "type": "Point",
        "coordinates": [
          -106.4615162,
          31.7735951
        ]
      }
    },
    {
      "type": "Feature",
      "properties": {
        "id": 13637750409,
        "kind": "poi",
        "crossing": "traffic_signals",
        "crossing:markings": "zebra",
        "crossing:signals": "yes",
        "highway": "crossing"
      },
      "geometry": {
        "type": "Point",
        "coordinates": [
          -106.4615326,
          31.7735955
        ]
      }
    },
    {
      "type": "Feature",
      "properties": {
        "id": 13637750410,
        "kind": "poi",
        "crossing": "traffic_signals",
        "crossing:markings": "zebra",
        "crossing:signals": "yes",
        "highway": "crossing"
      },
      "geometry": {
        "type": "Point",
        "coordinates": [
          -106.4616305,
          31.773598
        ]
      }
    },
    {
      "type": "Feature",
      "properties": {
        "id": 13637750411,
        "kind": "poi",
        "crossing": "traffic_signals",
        "crossing:markings": "zebra",
        "crossing:signals": "yes",
        "highway": "crossing"
      },
      "geometry": {
        "type": "Point",
        "coordinates": [
          -106.461382,
          31.7734106
        ]
      }
    },
    {
      "type": "Feature",
      "properties": {
        "id": 13637750412,
        "kind": "poi",
        "crossing": "traffic_signals",
        "crossing:markings": "zebra",
        "crossing:signals": "yes",
        "highway": "crossing"
      },
      "geometry": {
        "type": "Point",
        "coordinates": [
          -106.4613911,
          31.7735166
        ]
      }
    },
    {
      "type": "Feature",
      "properties": {
        "id": 13637750413,
        "kind": "poi",
        "crossing": "traffic_signals",
        "crossing:markings": "zebra",
        "crossing:signals": "yes",
        "highway": "crossing"
      },
      "geometry": {
        "type": "Point",
        "coordinates": [
          -106.4615232,
          31.7733386
        ]
      }
    },
    {
      "type": "Feature",
      "properties": {
        "id": 13637750414,
        "kind": "poi",
        "crossing": "traffic_signals",
        "crossing:markings": "zebra",
        "crossing:signals": "yes",
        "highway": "crossing"
      },
      "geometry": {
        "type": "Point",
        "coordinates": [
          -106.4615909,
          31.7733386
        ]
      }
    },
    {
      "type": "Feature",
      "properties": {
        "id": 13637750426,
        "kind": "poi",
        "highway": "crossing"
      },
      "geometry": {
        "type": "Point",
        "coordinates": [
          -106.4614127,
          31.7740073
        ]
      }
    },
    {
      "type": "Feature",
      "properties": {
        "id": 13637750427,
        "kind": "poi",
        "crossing": "unmarked",
        "crossing:markings": "no",
        "highway": "crossing"
      },
      "geometry": {
        "type": "Point",
        "coordinates": [
          -106.4614092,
          31.7745197
        ]
      }
    },
    {
      "type": "Feature",
      "properties": {
        "id": 13637751990,
        "kind": "poi",
        "crossing": "unmarked",
        "crossing:markings": "no",
        "highway": "crossing"
      },
      "geometry": {
        "type": "Point",
        "coordinates": [
          -106.4616295,
          31.772986
        ]
      }
    },
    {
      "type": "Feature",
      "properties": {
        "id": 13637751991,
        "kind": "poi",
        "highway": "crossing"
      },
      "geometry": {
        "type": "Point",
        "coordinates": [
          -106.4614179,
          31.7729008
        ]
      }
    },
    {
      "type": "Feature",
      "properties": {
        "id": 13637751992,
        "kind": "poi",
        "highway": "crossing"
      },
      "geometry": {
        "type": "Point",
        "coordinates": [
          -106.461621,
          31.7724108
        ]
      }
    },
    {
      "type": "Feature",
      "properties": {
        "id": 13637751993,
        "kind": "poi",
        "crossing": "unmarked",
        "crossing:markings": "no",
        "highway": "crossing"
      },
      "geometry": {
        "type": "Point",
        "coordinates": [
          -106.4614229,
          31.7724014
        ]
      }
    },
    {
      "type": "Feature",
      "properties": {
        "id": 13637751997,
        "kind": "poi",
        "crossing": "traffic_signals",
        "crossing:markings": "lines",
        "crossing:signals": "yes",
        "highway": "crossing"
      },
      "geometry": {
        "type": "Point",
        "coordinates": [
          -106.4615267,
          31.7720705
        ]
      }
    },
    {
      "type": "Feature",
      "properties": {
        "id": 13637820128,
        "kind": "poi",
        "crossing": "unmarked",
        "crossing:markings": "no",
        "highway": "crossing"
      },
      "geometry": {
        "type": "Point",
        "coordinates": [
          -106.4600027,
          31.7733212
        ]
      }
    },
    {
      "type": "Feature",
      "properties": {
        "id": 13637820129,
        "kind": "poi",
        "crossing": "unmarked",
        "crossing:markings": "no",
        "highway": "crossing"
      },
      "geometry": {
        "type": "Point",
        "coordinates": [
          -106.4601035,
          31.7734024
        ]
      }
    },
    {
      "type": "Feature",
      "properties": {
        "id": 13637820130,
        "kind": "poi",
        "crossing": "unmarked",
        "crossing:markings": "no",
        "highway": "crossing"
      },
      "geometry": {
        "type": "Point",
        "coordinates": [
          -106.4599033,
          31.7734014
        ]
      }
    },
    {
      "type": "Feature",
      "properties": {
        "id": 13637820131,
        "kind": "poi",
        "crossing": "unmarked",
        "crossing:markings": "no",
        "highway": "crossing"
      },
      "geometry": {
        "type": "Point",
        "coordinates": [
          -106.4601052,
          31.7735121
        ]
      }
    },
    {
      "type": "Feature",
      "properties": {
        "id": 13637820132,
        "kind": "poi",
        "crossing": "unmarked",
        "crossing:markings": "no",
        "highway": "crossing"
      },
      "geometry": {
        "type": "Point",
        "coordinates": [
          -106.4598979,
          31.773509
        ]
      }
    },
    {
      "type": "Feature",
      "properties": {
        "id": 13637820144,
        "kind": "poi",
        "crossing": "unmarked",
        "crossing:markings": "no",
        "highway": "crossing"
      },
      "geometry": {
        "type": "Point",
        "coordinates": [
          -106.4629284,
          31.7733044
        ]
      }
    }
  ],
  "attribution": "© OpenStreetMap contributors"
}
